video_id,split,label,abs_path,source
real_id0_0000,train,real,/workspace/data/raw/celebdf/Celeb-real/id0_0000.mp4,celebdf
real_id0_0002,train,real,/workspace/data/raw/celebdf/Celeb-real/id0_0002.mp4,celebdf
real_id0_0003,train,real,/workspace/data/raw/celebdf/Celeb-real/id0_0003.mp4,celebdf
real_id0_0004,train,real,/workspace/data/raw/celebdf/Celeb-real/id0_0004.mp4,celebdf
real_id0_0005,train,real,/workspace/data/raw/celebdf/Celeb-real/id0_0005.mp4,celebdf
real_id0_0006,train,real,/workspace/data/raw/celebdf/Celeb-real/id0_0006.mp4,celebdf
real_id0_0007,train,real,/workspace/data/raw/celebdf/Celeb-real/id0_0007.mp4,celebdf
real_id0_0008,train,real,/workspace/data/raw/celebdf/Celeb-real/id0_0008.mp4,celebdf
real_id0_0009,train,real,/workspace/data/raw/celebdf/Celeb-real/id0_0009.mp4,celebdf
real_id10_0000,val,real,/workspace/data/raw/celebdf/Celeb-real/id10_0000.mp4,celebdf
real_id10_0002,val,real,/workspace/data/raw/celebdf/Celeb-real/id10_0002.mp4,celebdf
real_id10_0003,val,real,/workspace/data/raw/celebdf/Celeb-real/id10_0003.mp4,celebdf
real_id10_0004,val,real,/workspace/data/raw/celebdf/Celeb-real/id10_0004.mp4,celebdf
real_id10_0005,val,real,/workspace/data/raw/celebdf/Celeb-real/id10_0005.mp4,celebdf
real_id10_0006,val,real,/workspace/data/raw/celebdf/Celeb-real/id10_0006.mp4,celebdf
real_id10_0008,val,real,/workspace/data/raw/celebdf/Celeb-real/id10_0008.mp4,celebdf
real_id10_0009,val,real,/workspace/data/raw/celebdf/Celeb-real/id10_0009.mp4,celebdf
real_id11_0000,train,real,/workspace/data/raw/celebdf/Celeb-real/id11_0000.mp4,celebdf
real_id11_0001,train,real,/workspace/data/raw/celebdf/Celeb-real/id11_0001.mp4,celebdf
real_id11_0002,train,real,/workspace/data/raw/celebdf/Celeb-real/id11_0002.mp4,celebdf
real_id11_0003,train,real,/workspace/data/raw/celebdf/Celeb-real/id11_0003.mp4,celebdf
real_id11_0004,train,real,/workspace/data/raw/celebdf/Celeb-real/id11_0004.mp4,celebdf
real_id11_0005,train,real,/workspace/data/raw/celebdf/Celeb-real/id11_0005.mp4,celebdf
real_id11_0007,train,real,/workspace/data/raw/celebdf/Celeb-real/id11_0007.mp4,celebdf
real_id11_0009,train,real,/workspace/data/raw/celebdf/Celeb-real/id11_0009.mp4,celebdf
real_id11_0010,train,real,/workspace/data/raw/celebdf/Celeb-real/id11_0010.mp4,celebdf
real_id12_0001,train,real,/workspace/data/raw/celebdf/Celeb-real/id12_0001.mp4,celebdf
real_id12_0002,train,real,/workspace/data/raw/celebdf/Celeb-real/id12_0002.mp4,celebdf
real_id12_0003,train,real,/workspace/data/raw/celebdf/Celeb-real/id12_0003.mp4,celebdf
real_id12_0004,train,real,/workspace/data/raw/celebdf/Celeb-real/id12_0004.mp4,celebdf
real_id12_0006,train,real,/workspace/data/raw/celebdf/Celeb-real/id12_0006.mp4,celebdf
real_id13_0000,train,real,/workspace/data/raw/celebdf/Celeb-real/id13_0000.mp4,celebdf
real_id13_0001,train,real,/workspace/data/raw/celebdf/Celeb-real/id13_0001.mp4,celebdf
real_id13_0002,train,real,/workspace/data/raw/celebdf/Celeb-real/id13_0002.mp4,celebdf
real_id13_0003,train,real,/workspace/data/raw/celebdf/Celeb-real/id13_0003.mp4,celebdf
real_id13_0005,train,real,/workspace/data/raw/celebdf/Celeb-real/id13_0005.mp4,celebdf
real_id13_0006,train,real,/workspace/data/raw/celebdf/Celeb-real/id13_0006.mp4,celebdf
real_id13_0007,train,real,/workspace/data/raw/celebdf/Celeb-real/id13_0007.mp4,celebdf
real_id13_0008,train,real,/workspace/data/raw/celebdf/Celeb-real/id13_0008.mp4,celebdf
real_id13_0009,train,real,/workspace/data/raw/celebdf/Celeb-real/id13_0009.mp4,celebdf
real_id13_0010,train,real,/workspace/data/raw/celebdf/Celeb-real/id13_0010.mp4,celebdf
real_id13_0012,train,real,/workspace/data/raw/celebdf/Celeb-real/id13_0012.mp4,celebdf
real_id13_0014,train,real,/workspace/data/raw/celebdf/Celeb-real/id13_0014.mp4,celebdf
real_id13_0015,train,real,/workspace/data/raw/celebdf/Celeb-real/id13_0015.mp4,celebdf
real_id16_0000,train,real,/workspace/data/raw/celebdf/Celeb-real/id16_0000.mp4,celebdf
real_id16_0001,train,real,/workspace/data/raw/celebdf/Celeb-real/id16_0001.mp4,celebdf
real_id16_0002,train,real,/workspace/data/raw/celebdf/Celeb-real/id16_0002.mp4,celebdf
real_id16_0003,train,real,/workspace/data/raw/celebdf/Celeb-real/id16_0003.mp4,celebdf
real_id16_0004,train,real,/workspace/data/raw/celebdf/Celeb-real/id16_0004.mp4,celebdf
real_id16_0005,train,real,/workspace/data/raw/celebdf/Celeb-real/id16_0005.mp4,celebdf
real_id16_0006,train,real,/workspace/data/raw/celebdf/Celeb-real/id16_0006.mp4,celebdf
real_id16_0008,train,real,/workspace/data/raw/celebdf/Celeb-real/id16_0008.mp4,celebdf
real_id16_0009,train,real,/workspace/data/raw/celebdf/Celeb-real/id16_0009.mp4,celebdf
real_id16_0012,train,real,/workspace/data/raw/celebdf/Celeb-real/id16_0012.mp4,celebdf
real_id16_0013,train,real,/workspace/data/raw/celebdf/Celeb-real/id16_0013.mp4,celebdf
real_id17_0001,train,real,/workspace/data/raw/celebdf/Celeb-real/id17_0001.mp4,celebdf
real_id17_0003,train,real,/workspace/data/raw/celebdf/Celeb-real/id17_0003.mp4,celebdf
real_id17_0004,train,real,/workspace/data/raw/celebdf/Celeb-real/id17_0004.mp4,celebdf
real_id17_0005,train,real,/workspace/data/raw/celebdf/Celeb-real/id17_0005.mp4,celebdf
real_id17_0006,train,real,/workspace/data/raw/celebdf/Celeb-real/id17_0006.mp4,celebdf
real_id17_0007,train,real,/workspace/data/raw/celebdf/Celeb-real/id17_0007.mp4,celebdf
real_id17_0008,train,real,/workspace/data/raw/celebdf/Celeb-real/id17_0008.mp4,celebdf
real_id17_0009,train,real,/workspace/data/raw/celebdf/Celeb-real/id17_0009.mp4,celebdf
real_id19_0000,train,real,/workspace/data/raw/celebdf/Celeb-real/id19_0000.mp4,celebdf
real_id19_0001,train,real,/workspace/data/raw/celebdf/Celeb-real/id19_0001.mp4,celebdf
real_id19_0002,train,real,/workspace/data/raw/celebdf/Celeb-real/id19_0002.mp4,celebdf
real_id19_0003,train,real,/workspace/data/raw/celebdf/Celeb-real/id19_0003.mp4,celebdf
real_id19_0004,train,real,/workspace/data/raw/celebdf/Celeb-real/id19_0004.mp4,celebdf
real_id19_0006,train,real,/workspace/data/raw/celebdf/Celeb-real/id19_0006.mp4,celebdf
real_id19_0008,train,real,/workspace/data/raw/celebdf/Celeb-real/id19_0008.mp4,celebdf
real_id19_0009,train,real,/workspace/data/raw/celebdf/Celeb-real/id19_0009.mp4,celebdf
real_id1_0000,train,real,/workspace/data/raw/celebdf/Celeb-real/id1_0000.mp4,celebdf
real_id1_0002,train,real,/workspace/data/raw/celebdf/Celeb-real/id1_0002.mp4,celebdf
real_id1_0003,train,real,/workspace/data/raw/celebdf/Celeb-real/id1_0003.mp4,celebdf
real_id1_0004,train,real,/workspace/data/raw/celebdf/Celeb-real/id1_0004.mp4,celebdf
real_id1_0005,train,real,/workspace/data/raw/celebdf/Celeb-real/id1_0005.mp4,celebdf
real_id1_0009,train,real,/workspace/data/raw/celebdf/Celeb-real/id1_0009.mp4,celebdf
real_id20_0000,train,real,/workspace/data/raw/celebdf/Celeb-real/id20_0000.mp4,celebdf
real_id20_0001,train,real,/workspace/data/raw/celebdf/Celeb-real/id20_0001.mp4,celebdf
real_id20_0002,train,real,/workspace/data/raw/celebdf/Celeb-real/id20_0002.mp4,celebdf
real_id20_0003,train,real,/workspace/data/raw/celebdf/Celeb-real/id20_0003.mp4,celebdf
real_id20_0004,train,real,/workspace/data/raw/celebdf/Celeb-real/id20_0004.mp4,celebdf
real_id20_0005,train,real,/workspace/data/raw/celebdf/Celeb-real/id20_0005.mp4,celebdf
real_id20_0006,train,real,/workspace/data/raw/celebdf/Celeb-real/id20_0006.mp4,celebdf
real_id20_0007,train,real,/workspace/data/raw/celebdf/Celeb-real/id20_0007.mp4,celebdf
real_id20_0009,train,real,/workspace/data/raw/celebdf/Celeb-real/id20_0009.mp4,celebdf
real_id21_0000,train,real,/workspace/data/raw/celebdf/Celeb-real/id21_0000.mp4,celebdf
real_id21_0001,train,real,/workspace/data/raw/celebdf/Celeb-real/id21_0001.mp4,celebdf
real_id21_0002,train,real,/workspace/data/raw/celebdf/Celeb-real/id21_0002.mp4,celebdf
real_id21_0003,train,real,/workspace/data/raw/celebdf/Celeb-real/id21_0003.mp4,celebdf
real_id21_0004,train,real,/workspace/data/raw/celebdf/Celeb-real/id21_0004.mp4,celebdf
real_id21_0005,train,real,/workspace/data/raw/celebdf/Celeb-real/id21_0005.mp4,celebdf
real_id21_0007,train,real,/workspace/data/raw/celebdf/Celeb-real/id21_0007.mp4,celebdf
real_id21_0008,train,real,/workspace/data/raw/celebdf/Celeb-real/id21_0008.mp4,celebdf
real_id22_0001,train,real,/workspace/data/raw/celebdf/Celeb-real/id22_0001.mp4,celebdf
real_id22_0002,train,real,/workspace/data/raw/celebdf/Celeb-real/id22_0002.mp4,celebdf
real_id22_0003,train,real,/workspace/data/raw/celebdf/Celeb-real/id22_0003.mp4,celebdf
real_id22_0004,train,real,/workspace/data/raw/celebdf/Celeb-real/id22_0004.mp4,celebdf
real_id22_0005,train,real,/workspace/data/raw/celebdf/Celeb-real/id22_0005.mp4,celebdf
real_id22_0006,train,real,/workspace/data/raw/celebdf/Celeb-real/id22_0006.mp4,celebdf
real_id22_0007,train,real,/workspace/data/raw/celebdf/Celeb-real/id22_0007.mp4,celebdf
real_id22_0008,train,real,/workspace/data/raw/celebdf/Celeb-real/id22_0008.mp4,celebdf
real_id23_0000,train,real,/workspace/data/raw/celebdf/Celeb-real/id23_0000.mp4,celebdf
real_id23_0002,train,real,/workspace/data/raw/celebdf/Celeb-real/id23_0002.mp4,celebdf
real_id23_0003,train,real,/workspace/data/raw/celebdf/Celeb-real/id23_0003.mp4,celebdf
real_id23_0004,train,real,/workspace/data/raw/celebdf/Celeb-real/id23_0004.mp4,celebdf
real_id23_0005,train,real,/workspace/data/raw/celebdf/Celeb-real/id23_0005.mp4,celebdf
real_id23_0006,train,real,/workspace/data/raw/celebdf/Celeb-real/id23_0006.mp4,celebdf
real_id23_0007,train,real,/workspace/data/raw/celebdf/Celeb-real/id23_0007.mp4,celebdf
real_id23_0008,train,real,/workspace/data/raw/celebdf/Celeb-real/id23_0008.mp4,celebdf
real_id23_0009,train,real,/workspace/data/raw/celebdf/Celeb-real/id23_0009.mp4,celebdf
real_id24_0000,train,real,/workspace/data/raw/celebdf/Celeb-real/id24_0000.mp4,celebdf
real_id24_0001,train,real,/workspace/data/raw/celebdf/Celeb-real/id24_0001.mp4,celebdf
real_id24_0002,train,real,/workspace/data/raw/celebdf/Celeb-real/id24_0002.mp4,celebdf
real_id24_0003,train,real,/workspace/data/raw/celebdf/Celeb-real/id24_0003.mp4,celebdf
real_id24_0004,train,real,/workspace/data/raw/celebdf/Celeb-real/id24_0004.mp4,celebdf
real_id24_0005,train,real,/workspace/data/raw/celebdf/Celeb-real/id24_0005.mp4,celebdf
real_id24_0006,train,real,/workspace/data/raw/celebdf/Celeb-real/id24_0006.mp4,celebdf
real_id24_0007,train,real,/workspace/data/raw/celebdf/Celeb-real/id24_0007.mp4,celebdf
real_id24_0008,train,real,/workspace/data/raw/celebdf/Celeb-real/id24_0008.mp4,celebdf
real_id25_0000,train,real,/workspace/data/raw/celebdf/Celeb-real/id25_0000.mp4,celebdf
real_id25_0001,train,real,/workspace/data/raw/celebdf/Celeb-real/id25_0001.mp4,celebdf
real_id25_0002,train,real,/workspace/data/raw/celebdf/Celeb-real/id25_0002.mp4,celebdf
real_id25_0003,train,real,/workspace/data/raw/celebdf/Celeb-real/id25_0003.mp4,celebdf
real_id25_0004,train,real,/workspace/data/raw/celebdf/Celeb-real/id25_0004.mp4,celebdf
real_id25_0005,train,real,/workspace/data/raw/celebdf/Celeb-real/id25_0005.mp4,celebdf
real_id25_0006,train,real,/workspace/data/raw/celebdf/Celeb-real/id25_0006.mp4,celebdf
real_id25_0007,train,real,/workspace/data/raw/celebdf/Celeb-real/id25_0007.mp4,celebdf
real_id25_0008,train,real,/workspace/data/raw/celebdf/Celeb-real/id25_0008.mp4,celebdf
real_id25_0009,train,real,/workspace/data/raw/celebdf/Celeb-real/id25_0009.mp4,celebdf
real_id26_0000,train,real,/workspace/data/raw/celebdf/Celeb-real/id26_0000.mp4,celebdf
real_id26_0001,train,real,/workspace/data/raw/celebdf/Celeb-real/id26_0001.mp4,celebdf
real_id26_0002,train,real,/workspace/data/raw/celebdf/Celeb-real/id26_0002.mp4,celebdf
real_id26_0003,train,real,/workspace/data/raw/celebdf/Celeb-real/id26_0003.mp4,celebdf
real_id26_0004,train,real,/workspace/data/raw/celebdf/Celeb-real/id26_0004.mp4,celebdf
real_id26_0005,train,real,/workspace/data/raw/celebdf/Celeb-real/id26_0005.mp4,celebdf
real_id26_0006,train,real,/workspace/data/raw/celebdf/Celeb-real/id26_0006.mp4,celebdf
real_id26_0007,train,real,/workspace/data/raw/celebdf/Celeb-real/id26_0007.mp4,celebdf
real_id26_0009,train,real,/workspace/data/raw/celebdf/Celeb-real/id26_0009.mp4,celebdf
real_id27_0000,train,real,/workspace/data/raw/celebdf/Celeb-real/id27_0000.mp4,celebdf
real_id27_0001,train,real,/workspace/data/raw/celebdf/Celeb-real/id27_0001.mp4,celebdf
real_id27_0002,train,real,/workspace/data/raw/celebdf/Celeb-real/id27_0002.mp4,celebdf
real_id27_0003,train,real,/workspace/data/raw/celebdf/Celeb-real/id27_0003.mp4,celebdf
real_id27_0004,train,real,/workspace/data/raw/celebdf/Celeb-real/id27_0004.mp4,celebdf
real_id27_0005,train,real,/workspace/data/raw/celebdf/Celeb-real/id27_0005.mp4,celebdf
real_id27_0006,train,real,/workspace/data/raw/celebdf/Celeb-real/id27_0006.mp4,celebdf
real_id27_0007,train,real,/workspace/data/raw/celebdf/Celeb-real/id27_0007.mp4,celebdf
real_id28_0000,train,real,/workspace/data/raw/celebdf/Celeb-real/id28_0000.mp4,celebdf
real_id28_0001,train,real,/workspace/data/raw/celebdf/Celeb-real/id28_0001.mp4,celebdf
real_id28_0002,train,real,/workspace/data/raw/celebdf/Celeb-real/id28_0002.mp4,celebdf
real_id28_0003,train,real,/workspace/data/raw/celebdf/Celeb-real/id28_0003.mp4,celebdf
real_id28_0005,train,real,/workspace/data/raw/celebdf/Celeb-real/id28_0005.mp4,celebdf
real_id28_0006,train,real,/workspace/data/raw/celebdf/Celeb-real/id28_0006.mp4,celebdf
real_id28_0008,train,real,/workspace/data/raw/celebdf/Celeb-real/id28_0008.mp4,celebdf
real_id29_0000,train,real,/workspace/data/raw/celebdf/Celeb-real/id29_0000.mp4,celebdf
real_id29_0001,train,real,/workspace/data/raw/celebdf/Celeb-real/id29_0001.mp4,celebdf
real_id29_0002,train,real,/workspace/data/raw/celebdf/Celeb-real/id29_0002.mp4,celebdf
real_id29_0003,train,real,/workspace/data/raw/celebdf/Celeb-real/id29_0003.mp4,celebdf
real_id29_0004,train,real,/workspace/data/raw/celebdf/Celeb-real/id29_0004.mp4,celebdf
real_id29_0005,train,real,/workspace/data/raw/celebdf/Celeb-real/id29_0005.mp4,celebdf
real_id29_0006,train,real,/workspace/data/raw/celebdf/Celeb-real/id29_0006.mp4,celebdf
real_id29_0007,train,real,/workspace/data/raw/celebdf/Celeb-real/id29_0007.mp4,celebdf
real_id2_0000,train,real,/workspace/data/raw/celebdf/Celeb-real/id2_0000.mp4,celebdf
real_id2_0005,train,real,/workspace/data/raw/celebdf/Celeb-real/id2_0005.mp4,celebdf
real_id2_0006,train,real,/workspace/data/raw/celebdf/Celeb-real/id2_0006.mp4,celebdf
real_id2_0007,train,real,/workspace/data/raw/celebdf/Celeb-real/id2_0007.mp4,celebdf
real_id2_0009,train,real,/workspace/data/raw/celebdf/Celeb-real/id2_0009.mp4,celebdf
real_id30_0000,train,real,/workspace/data/raw/celebdf/Celeb-real/id30_0000.mp4,celebdf
real_id30_0001,train,real,/workspace/data/raw/celebdf/Celeb-real/id30_0001.mp4,celebdf
real_id30_0002,train,real,/workspace/data/raw/celebdf/Celeb-real/id30_0002.mp4,celebdf
real_id30_0003,train,real,/workspace/data/raw/celebdf/Celeb-real/id30_0003.mp4,celebdf
real_id30_0004,train,real,/workspace/data/raw/celebdf/Celeb-real/id30_0004.mp4,celebdf
real_id30_0005,train,real,/workspace/data/raw/celebdf/Celeb-real/id30_0005.mp4,celebdf
real_id30_0006,train,real,/workspace/data/raw/celebdf/Celeb-real/id30_0006.mp4,celebdf
real_id30_0008,train,real,/workspace/data/raw/celebdf/Celeb-real/id30_0008.mp4,celebdf
real_id30_0009,train,real,/workspace/data/raw/celebdf/Celeb-real/id30_0009.mp4,celebdf
real_id31_0000,train,real,/workspace/data/raw/celebdf/Celeb-real/id31_0000.mp4,celebdf
real_id31_0001,train,real,/workspace/data/raw/celebdf/Celeb-real/id31_0001.mp4,celebdf
real_id31_0002,train,real,/workspace/data/raw/celebdf/Celeb-real/id31_0002.mp4,celebdf
real_id31_0005,train,real,/workspace/data/raw/celebdf/Celeb-real/id31_0005.mp4,celebdf
real_id31_0006,train,real,/workspace/data/raw/celebdf/Celeb-real/id31_0006.mp4,celebdf
real_id31_0008,train,real,/workspace/data/raw/celebdf/Celeb-real/id31_0008.mp4,celebdf
real_id31_0009,train,real,/workspace/data/raw/celebdf/Celeb-real/id31_0009.mp4,celebdf
real_id32_0000,train,real,/workspace/data/raw/celebdf/Celeb-real/id32_0000.mp4,celebdf
real_id32_0001,train,real,/workspace/data/raw/celebdf/Celeb-real/id32_0001.mp4,celebdf
real_id32_0004,train,real,/workspace/data/raw/celebdf/Celeb-real/id32_0004.mp4,celebdf
real_id32_0005,train,real,/workspace/data/raw/celebdf/Celeb-real/id32_0005.mp4,celebdf
real_id32_0007,train,real,/workspace/data/raw/celebdf/Celeb-real/id32_0007.mp4,celebdf
real_id32_0009,train,real,/workspace/data/raw/celebdf/Celeb-real/id32_0009.mp4,celebdf
real_id33_0000,train,real,/workspace/data/raw/celebdf/Celeb-real/id33_0000.mp4,celebdf
real_id33_0001,train,real,/workspace/data/raw/celebdf/Celeb-real/id33_0001.mp4,celebdf
real_id33_0003,train,real,/workspace/data/raw/celebdf/Celeb-real/id33_0003.mp4,celebdf
real_id33_0004,train,real,/workspace/data/raw/celebdf/Celeb-real/id33_0004.mp4,celebdf
real_id33_0006,train,real,/workspace/data/raw/celebdf/Celeb-real/id33_0006.mp4,celebdf
real_id33_0007,train,real,/workspace/data/raw/celebdf/Celeb-real/id33_0007.mp4,celebdf
real_id33_0009,train,real,/workspace/data/raw/celebdf/Celeb-real/id33_0009.mp4,celebdf
real_id34_0000,train,real,/workspace/data/raw/celebdf/Celeb-real/id34_0000.mp4,celebdf
real_id34_0001,train,real,/workspace/data/raw/celebdf/Celeb-real/id34_0001.mp4,celebdf
real_id34_0002,train,real,/workspace/data/raw/celebdf/Celeb-real/id34_0002.mp4,celebdf
real_id34_0003,train,real,/workspace/data/raw/celebdf/Celeb-real/id34_0003.mp4,celebdf
real_id34_0004,train,real,/workspace/data/raw/celebdf/Celeb-real/id34_0004.mp4,celebdf
real_id34_0005,train,real,/workspace/data/raw/celebdf/Celeb-real/id34_0005.mp4,celebdf
real_id34_0007,train,real,/workspace/data/raw/celebdf/Celeb-real/id34_0007.mp4,celebdf
real_id34_0008,train,real,/workspace/data/raw/celebdf/Celeb-real/id34_0008.mp4,celebdf
real_id34_0009,train,real,/workspace/data/raw/celebdf/Celeb-real/id34_0009.mp4,celebdf
real_id35_0001,train,real,/workspace/data/raw/celebdf/Celeb-real/id35_0001.mp4,celebdf
real_id35_0002,train,real,/workspace/data/raw/celebdf/Celeb-real/id35_0002.mp4,celebdf
real_id35_0004,train,real,/workspace/data/raw/celebdf/Celeb-real/id35_0004.mp4,celebdf
real_id35_0005,train,real,/workspace/data/raw/celebdf/Celeb-real/id35_0005.mp4,celebdf
real_id35_0006,train,real,/workspace/data/raw/celebdf/Celeb-real/id35_0006.mp4,celebdf
real_id35_0007,train,real,/workspace/data/raw/celebdf/Celeb-real/id35_0007.mp4,celebdf
real_id35_0009,train,real,/workspace/data/raw/celebdf/Celeb-real/id35_0009.mp4,celebdf
real_id36_0003,train,real,/workspace/data/raw/celebdf/Celeb-real/id36_0003.mp4,celebdf
real_id36_0004,train,real,/workspace/data/raw/celebdf/Celeb-real/id36_0004.mp4,celebdf
real_id36_0005,train,real,/workspace/data/raw/celebdf/Celeb-real/id36_0005.mp4,celebdf
real_id36_0007,train,real,/workspace/data/raw/celebdf/Celeb-real/id36_0007.mp4,celebdf
real_id36_0009,train,real,/workspace/data/raw/celebdf/Celeb-real/id36_0009.mp4,celebdf
real_id37_0000,train,real,/workspace/data/raw/celebdf/Celeb-real/id37_0000.mp4,celebdf
real_id37_0001,train,real,/workspace/data/raw/celebdf/Celeb-real/id37_0001.mp4,celebdf
real_id37_0002,train,real,/workspace/data/raw/celebdf/Celeb-real/id37_0002.mp4,celebdf
real_id37_0003,train,real,/workspace/data/raw/celebdf/Celeb-real/id37_0003.mp4,celebdf
real_id37_0006,train,real,/workspace/data/raw/celebdf/Celeb-real/id37_0006.mp4,celebdf
real_id37_0007,train,real,/workspace/data/raw/celebdf/Celeb-real/id37_0007.mp4,celebdf
real_id37_0008,train,real,/workspace/data/raw/celebdf/Celeb-real/id37_0008.mp4,celebdf
real_id38_0000,train,real,/workspace/data/raw/celebdf/Celeb-real/id38_0000.mp4,celebdf
real_id38_0001,train,real,/workspace/data/raw/celebdf/Celeb-real/id38_0001.mp4,celebdf
real_id38_0002,train,real,/workspace/data/raw/celebdf/Celeb-real/id38_0002.mp4,celebdf
real_id38_0003,train,real,/workspace/data/raw/celebdf/Celeb-real/id38_0003.mp4,celebdf
real_id38_0004,train,real,/workspace/data/raw/celebdf/Celeb-real/id38_0004.mp4,celebdf
real_id38_0005,train,real,/workspace/data/raw/celebdf/Celeb-real/id38_0005.mp4,celebdf
real_id38_0006,train,real,/workspace/data/raw/celebdf/Celeb-real/id38_0006.mp4,celebdf
real_id38_0007,train,real,/workspace/data/raw/celebdf/Celeb-real/id38_0007.mp4,celebdf
real_id38_0008,train,real,/workspace/data/raw/celebdf/Celeb-real/id38_0008.mp4,celebdf
real_id38_0009,train,real,/workspace/data/raw/celebdf/Celeb-real/id38_0009.mp4,celebdf
real_id39_0000,val,real,/workspace/data/raw/celebdf/Celeb-real/id39_0000.mp4,celebdf
real_id39_0001,val,real,/workspace/data/raw/celebdf/Celeb-real/id39_0001.mp4,celebdf
real_id39_0002,val,real,/workspace/data/raw/celebdf/Celeb-real/id39_0002.mp4,celebdf
real_id39_0003,val,real,/workspace/data/raw/celebdf/Celeb-real/id39_0003.mp4,celebdf
real_id39_0006,val,real,/workspace/data/raw/celebdf/Celeb-real/id39_0006.mp4,celebdf
real_id39_0007,val,real,/workspace/data/raw/celebdf/Celeb-real/id39_0007.mp4,celebdf
real_id39_0008,val,real,/workspace/data/raw/celebdf/Celeb-real/id39_0008.mp4,celebdf
real_id39_0009,val,real,/workspace/data/raw/celebdf/Celeb-real/id39_0009.mp4,celebdf
real_id3_0000,train,real,/workspace/data/raw/celebdf/Celeb-real/id3_0000.mp4,celebdf
real_id3_0003,train,real,/workspace/data/raw/celebdf/Celeb-real/id3_0003.mp4,celebdf
real_id3_0004,train,real,/workspace/data/raw/celebdf/Celeb-real/id3_0004.mp4,celebdf
real_id3_0005,train,real,/workspace/data/raw/celebdf/Celeb-real/id3_0005.mp4,celebdf
real_id3_0006,train,real,/workspace/data/raw/celebdf/Celeb-real/id3_0006.mp4,celebdf
real_id3_0007,train,real,/workspace/data/raw/celebdf/Celeb-real/id3_0007.mp4,celebdf
real_id3_0009,train,real,/workspace/data/raw/celebdf/Celeb-real/id3_0009.mp4,celebdf
real_id40_0000,train,real,/workspace/data/raw/celebdf/Celeb-real/id40_0000.mp4,celebdf
real_id40_0001,train,real,/workspace/data/raw/celebdf/Celeb-real/id40_0001.mp4,celebdf
real_id40_0002,train,real,/workspace/data/raw/celebdf/Celeb-real/id40_0002.mp4,celebdf
real_id40_0004,train,real,/workspace/data/raw/celebdf/Celeb-real/id40_0004.mp4,celebdf
real_id40_0005,train,real,/workspace/data/raw/celebdf/Celeb-real/id40_0005.mp4,celebdf
real_id40_0006,train,real,/workspace/data/raw/celebdf/Celeb-real/id40_0006.mp4,celebdf
real_id40_0007,train,real,/workspace/data/raw/celebdf/Celeb-real/id40_0007.mp4,celebdf
real_id40_0008,train,real,/workspace/data/raw/celebdf/Celeb-real/id40_0008.mp4,celebdf
real_id41_0000,train,real,/workspace/data/raw/celebdf/Celeb-real/id41_0000.mp4,celebdf
real_id41_0001,train,real,/workspace/data/raw/celebdf/Celeb-real/id41_0001.mp4,celebdf
real_id41_0002,train,real,/workspace/data/raw/celebdf/Celeb-real/id41_0002.mp4,celebdf
real_id41_0003,train,real,/workspace/data/raw/celebdf/Celeb-real/id41_0003.mp4,celebdf
real_id41_0004,train,real,/workspace/data/raw/celebdf/Celeb-real/id41_0004.mp4,celebdf
real_id41_0005,train,real,/workspace/data/raw/celebdf/Celeb-real/id41_0005.mp4,celebdf
real_id41_0006,train,real,/workspace/data/raw/celebdf/Celeb-real/id41_0006.mp4,celebdf
real_id41_0007,train,real,/workspace/data/raw/celebdf/Celeb-real/id41_0007.mp4,celebdf
real_id41_0008,train,real,/workspace/data/raw/celebdf/Celeb-real/id41_0008.mp4,celebdf
real_id41_0009,train,real,/workspace/data/raw/celebdf/Celeb-real/id41_0009.mp4,celebdf
real_id42_0000,train,real,/workspace/data/raw/celebdf/Celeb-real/id42_0000.mp4,celebdf
real_id42_0001,train,real,/workspace/data/raw/celebdf/Celeb-real/id42_0001.mp4,celebdf
real_id42_0003,train,real,/workspace/data/raw/celebdf/Celeb-real/id42_0003.mp4,celebdf
real_id42_0004,train,real,/workspace/data/raw/celebdf/Celeb-real/id42_0004.mp4,celebdf
real_id43_0000,train,real,/workspace/data/raw/celebdf/Celeb-real/id43_0000.mp4,celebdf
real_id43_0003,train,real,/workspace/data/raw/celebdf/Celeb-real/id43_0003.mp4,celebdf
real_id43_0004,train,real,/workspace/data/raw/celebdf/Celeb-real/id43_0004.mp4,celebdf
real_id43_0005,train,real,/workspace/data/raw/celebdf/Celeb-real/id43_0005.mp4,celebdf
real_id43_0007,train,real,/workspace/data/raw/celebdf/Celeb-real/id43_0007.mp4,celebdf
real_id43_0008,train,real,/workspace/data/raw/celebdf/Celeb-real/id43_0008.mp4,celebdf
real_id43_0009,train,real,/workspace/data/raw/celebdf/Celeb-real/id43_0009.mp4,celebdf
real_id44_0000,train,real,/workspace/data/raw/celebdf/Celeb-real/id44_0000.mp4,celebdf
real_id44_0002,train,real,/workspace/data/raw/celebdf/Celeb-real/id44_0002.mp4,celebdf
real_id44_0004,train,real,/workspace/data/raw/celebdf/Celeb-real/id44_0004.mp4,celebdf
real_id44_0005,train,real,/workspace/data/raw/celebdf/Celeb-real/id44_0005.mp4,celebdf
real_id45_0000,train,real,/workspace/data/raw/celebdf/Celeb-real/id45_0000.mp4,celebdf
real_id45_0001,train,real,/workspace/data/raw/celebdf/Celeb-real/id45_0001.mp4,celebdf
real_id45_0002,train,real,/workspace/data/raw/celebdf/Celeb-real/id45_0002.mp4,celebdf
real_id45_0004,train,real,/workspace/data/raw/celebdf/Celeb-real/id45_0004.mp4,celebdf
real_id45_0005,train,real,/workspace/data/raw/celebdf/Celeb-real/id45_0005.mp4,celebdf
real_id45_0006,train,real,/workspace/data/raw/celebdf/Celeb-real/id45_0006.mp4,celebdf
real_id45_0007,train,real,/workspace/data/raw/celebdf/Celeb-real/id45_0007.mp4,celebdf
real_id45_0008,train,real,/workspace/data/raw/celebdf/Celeb-real/id45_0008.mp4,celebdf
real_id45_0009,train,real,/workspace/data/raw/celebdf/Celeb-real/id45_0009.mp4,celebdf
real_id46_0001,train,real,/workspace/data/raw/celebdf/Celeb-real/id46_0001.mp4,celebdf
real_id46_0002,train,real,/workspace/data/raw/celebdf/Celeb-real/id46_0002.mp4,celebdf
real_id46_0003,train,real,/workspace/data/raw/celebdf/Celeb-real/id46_0003.mp4,celebdf
real_id46_0004,train,real,/workspace/data/raw/celebdf/Celeb-real/id46_0004.mp4,celebdf
real_id46_0005,train,real,/workspace/data/raw/celebdf/Celeb-real/id46_0005.mp4,celebdf
real_id46_0006,train,real,/workspace/data/raw/celebdf/Celeb-real/id46_0006.mp4,celebdf
real_id46_0007,train,real,/workspace/data/raw/celebdf/Celeb-real/id46_0007.mp4,celebdf
real_id46_0008,train,real,/workspace/data/raw/celebdf/Celeb-real/id46_0008.mp4,celebdf
real_id46_0009,train,real,/workspace/data/raw/celebdf/Celeb-real/id46_0009.mp4,celebdf
real_id47_0000,train,real,/workspace/data/raw/celebdf/Celeb-real/id47_0000.mp4,celebdf
real_id47_0001,train,real,/workspace/data/raw/celebdf/Celeb-real/id47_0001.mp4,celebdf
real_id47_0002,train,real,/workspace/data/raw/celebdf/Celeb-real/id47_0002.mp4,celebdf
real_id47_0003,train,real,/workspace/data/raw/celebdf/Celeb-real/id47_0003.mp4,celebdf
real_id47_0004,train,real,/workspace/data/raw/celebdf/Celeb-real/id47_0004.mp4,celebdf
real_id47_0005,train,real,/workspace/data/raw/celebdf/Celeb-real/id47_0005.mp4,celebdf
real_id47_0006,train,real,/workspace/data/raw/celebdf/Celeb-real/id47_0006.mp4,celebdf
real_id47_0007,train,real,/workspace/data/raw/celebdf/Celeb-real/id47_0007.mp4,celebdf
real_id47_0008,train,real,/workspace/data/raw/celebdf/Celeb-real/id47_0008.mp4,celebdf
real_id47_0009,train,real,/workspace/data/raw/celebdf/Celeb-real/id47_0009.mp4,celebdf
real_id48_0001,train,real,/workspace/data/raw/celebdf/Celeb-real/id48_0001.mp4,celebdf
real_id48_0002,train,real,/workspace/data/raw/celebdf/Celeb-real/id48_0002.mp4,celebdf
real_id48_0004,train,real,/workspace/data/raw/celebdf/Celeb-real/id48_0004.mp4,celebdf
real_id48_0005,train,real,/workspace/data/raw/celebdf/Celeb-real/id48_0005.mp4,celebdf
real_id48_0006,train,real,/workspace/data/raw/celebdf/Celeb-real/id48_0006.mp4,celebdf
real_id48_0007,train,real,/workspace/data/raw/celebdf/Celeb-real/id48_0007.mp4,celebdf
real_id48_0008,train,real,/workspace/data/raw/celebdf/Celeb-real/id48_0008.mp4,celebdf
real_id48_0009,train,real,/workspace/data/raw/celebdf/Celeb-real/id48_0009.mp4,celebdf
real_id49_0000,train,real,/workspace/data/raw/celebdf/Celeb-real/id49_0000.mp4,celebdf
real_id49_0001,train,real,/workspace/data/raw/celebdf/Celeb-real/id49_0001.mp4,celebdf
real_id49_0002,train,real,/workspace/data/raw/celebdf/Celeb-real/id49_0002.mp4,celebdf
real_id49_0003,train,real,/workspace/data/raw/celebdf/Celeb-real/id49_0003.mp4,celebdf
real_id49_0005,train,real,/workspace/data/raw/celebdf/Celeb-real/id49_0005.mp4,celebdf
real_id49_0006,train,real,/workspace/data/raw/celebdf/Celeb-real/id49_0006.mp4,celebdf
real_id49_0007,train,real,/workspace/data/raw/celebdf/Celeb-real/id49_0007.mp4,celebdf
real_id49_0008,train,real,/workspace/data/raw/celebdf/Celeb-real/id49_0008.mp4,celebdf
real_id49_0009,train,real,/workspace/data/raw/celebdf/Celeb-real/id49_0009.mp4,celebdf
real_id4_0000,train,real,/workspace/data/raw/celebdf/Celeb-real/id4_0000.mp4,celebdf
real_id4_0001,train,real,/workspace/data/raw/celebdf/Celeb-real/id4_0001.mp4,celebdf
real_id4_0002,train,real,/workspace/data/raw/celebdf/Celeb-real/id4_0002.mp4,celebdf
real_id4_0003,train,real,/workspace/data/raw/celebdf/Celeb-real/id4_0003.mp4,celebdf
real_id4_0005,train,real,/workspace/data/raw/celebdf/Celeb-real/id4_0005.mp4,celebdf
real_id4_0006,train,real,/workspace/data/raw/celebdf/Celeb-real/id4_0006.mp4,celebdf
real_id4_0007,train,real,/workspace/data/raw/celebdf/Celeb-real/id4_0007.mp4,celebdf
real_id4_0008,train,real,/workspace/data/raw/celebdf/Celeb-real/id4_0008.mp4,celebdf
real_id4_0009,train,real,/workspace/data/raw/celebdf/Celeb-real/id4_0009.mp4,celebdf
real_id50_0001,train,real,/workspace/data/raw/celebdf/Celeb-real/id50_0001.mp4,celebdf
real_id50_0002,train,real,/workspace/data/raw/celebdf/Celeb-real/id50_0002.mp4,celebdf
real_id50_0004,train,real,/workspace/data/raw/celebdf/Celeb-real/id50_0004.mp4,celebdf
real_id50_0005,train,real,/workspace/data/raw/celebdf/Celeb-real/id50_0005.mp4,celebdf
real_id50_0007,train,real,/workspace/data/raw/celebdf/Celeb-real/id50_0007.mp4,celebdf
real_id50_0008,train,real,/workspace/data/raw/celebdf/Celeb-real/id50_0008.mp4,celebdf
real_id50_0009,train,real,/workspace/data/raw/celebdf/Celeb-real/id50_0009.mp4,celebdf
real_id51_0000,val,real,/workspace/data/raw/celebdf/Celeb-real/id51_0000.mp4,celebdf
real_id51_0002,val,real,/workspace/data/raw/celebdf/Celeb-real/id51_0002.mp4,celebdf
real_id51_0003,val,real,/workspace/data/raw/celebdf/Celeb-real/id51_0003.mp4,celebdf
real_id51_0004,val,real,/workspace/data/raw/celebdf/Celeb-real/id51_0004.mp4,celebdf
real_id51_0007,val,real,/workspace/data/raw/celebdf/Celeb-real/id51_0007.mp4,celebdf
real_id51_0008,val,real,/workspace/data/raw/celebdf/Celeb-real/id51_0008.mp4,celebdf
real_id51_0009,val,real,/workspace/data/raw/celebdf/Celeb-real/id51_0009.mp4,celebdf
real_id52_0000,train,real,/workspace/data/raw/celebdf/Celeb-real/id52_0000.mp4,celebdf
real_id52_0003,train,real,/workspace/data/raw/celebdf/Celeb-real/id52_0003.mp4,celebdf
real_id52_0004,train,real,/workspace/data/raw/celebdf/Celeb-real/id52_0004.mp4,celebdf
real_id52_0005,train,real,/workspace/data/raw/celebdf/Celeb-real/id52_0005.mp4,celebdf
real_id52_0006,train,real,/workspace/data/raw/celebdf/Celeb-real/id52_0006.mp4,celebdf
real_id52_0007,train,real,/workspace/data/raw/celebdf/Celeb-real/id52_0007.mp4,celebdf
real_id52_0008,train,real,/workspace/data/raw/celebdf/Celeb-real/id52_0008.mp4,celebdf
real_id52_0009,train,real,/workspace/data/raw/celebdf/Celeb-real/id52_0009.mp4,celebdf
real_id53_0001,train,real,/workspace/data/raw/celebdf/Celeb-real/id53_0001.mp4,celebdf
real_id53_0002,train,real,/workspace/data/raw/celebdf/Celeb-real/id53_0002.mp4,celebdf
real_id53_0004,train,real,/workspace/data/raw/celebdf/Celeb-real/id53_0004.mp4,celebdf
real_id53_0005,train,real,/workspace/data/raw/celebdf/Celeb-real/id53_0005.mp4,celebdf
real_id53_0006,train,real,/workspace/data/raw/celebdf/Celeb-real/id53_0006.mp4,celebdf
real_id53_0008,train,real,/workspace/data/raw/celebdf/Celeb-real/id53_0008.mp4,celebdf
real_id53_0009,train,real,/workspace/data/raw/celebdf/Celeb-real/id53_0009.mp4,celebdf
real_id54_0000,train,real,/workspace/data/raw/celebdf/Celeb-real/id54_0000.mp4,celebdf
real_id54_0001,train,real,/workspace/data/raw/celebdf/Celeb-real/id54_0001.mp4,celebdf
real_id54_0002,train,real,/workspace/data/raw/celebdf/Celeb-real/id54_0002.mp4,celebdf
real_id54_0003,train,real,/workspace/data/raw/celebdf/Celeb-real/id54_0003.mp4,celebdf
real_id54_0004,train,real,/workspace/data/raw/celebdf/Celeb-real/id54_0004.mp4,celebdf
real_id54_0005,train,real,/workspace/data/raw/celebdf/Celeb-real/id54_0005.mp4,celebdf
real_id54_0006,train,real,/workspace/data/raw/celebdf/Celeb-real/id54_0006.mp4,celebdf
real_id54_0008,train,real,/workspace/data/raw/celebdf/Celeb-real/id54_0008.mp4,celebdf
real_id54_0009,train,real,/workspace/data/raw/celebdf/Celeb-real/id54_0009.mp4,celebdf
real_id55_0000,train,real,/workspace/data/raw/celebdf/Celeb-real/id55_0000.mp4,celebdf
real_id55_0001,train,real,/workspace/data/raw/celebdf/Celeb-real/id55_0001.mp4,celebdf
real_id55_0002,train,real,/workspace/data/raw/celebdf/Celeb-real/id55_0002.mp4,celebdf
real_id55_0003,train,real,/workspace/data/raw/celebdf/Celeb-real/id55_0003.mp4,celebdf
real_id55_0004,train,real,/workspace/data/raw/celebdf/Celeb-real/id55_0004.mp4,celebdf
real_id55_0005,train,real,/workspace/data/raw/celebdf/Celeb-real/id55_0005.mp4,celebdf
real_id55_0006,train,real,/workspace/data/raw/celebdf/Celeb-real/id55_0006.mp4,celebdf
real_id55_0007,train,real,/workspace/data/raw/celebdf/Celeb-real/id55_0007.mp4,celebdf
real_id55_0008,train,real,/workspace/data/raw/celebdf/Celeb-real/id55_0008.mp4,celebdf
real_id55_0009,train,real,/workspace/data/raw/celebdf/Celeb-real/id55_0009.mp4,celebdf
real_id56_0001,train,real,/workspace/data/raw/celebdf/Celeb-real/id56_0001.mp4,celebdf
real_id56_0003,train,real,/workspace/data/raw/celebdf/Celeb-real/id56_0003.mp4,celebdf
real_id56_0004,train,real,/workspace/data/raw/celebdf/Celeb-real/id56_0004.mp4,celebdf
real_id56_0005,train,real,/workspace/data/raw/celebdf/Celeb-real/id56_0005.mp4,celebdf
real_id56_0006,train,real,/workspace/data/raw/celebdf/Celeb-real/id56_0006.mp4,celebdf
real_id56_0007,train,real,/workspace/data/raw/celebdf/Celeb-real/id56_0007.mp4,celebdf
real_id56_0008,train,real,/workspace/data/raw/celebdf/Celeb-real/id56_0008.mp4,celebdf
real_id57_0000,train,real,/workspace/data/raw/celebdf/Celeb-real/id57_0000.mp4,celebdf
real_id57_0001,train,real,/workspace/data/raw/celebdf/Celeb-real/id57_0001.mp4,celebdf
real_id57_0002,train,real,/workspace/data/raw/celebdf/Celeb-real/id57_0002.mp4,celebdf
real_id57_0004,train,real,/workspace/data/raw/celebdf/Celeb-real/id57_0004.mp4,celebdf
real_id57_0005,train,real,/workspace/data/raw/celebdf/Celeb-real/id57_0005.mp4,celebdf
real_id57_0006,train,real,/workspace/data/raw/celebdf/Celeb-real/id57_0006.mp4,celebdf
real_id57_0008,train,real,/workspace/data/raw/celebdf/Celeb-real/id57_0008.mp4,celebdf
real_id57_0009,train,real,/workspace/data/raw/celebdf/Celeb-real/id57_0009.mp4,celebdf
real_id58_0000,val,real,/workspace/data/raw/celebdf/Celeb-real/id58_0000.mp4,celebdf
real_id58_0001,val,real,/workspace/data/raw/celebdf/Celeb-real/id58_0001.mp4,celebdf
real_id58_0003,val,real,/workspace/data/raw/celebdf/Celeb-real/id58_0003.mp4,celebdf
real_id58_0004,val,real,/workspace/data/raw/celebdf/Celeb-real/id58_0004.mp4,celebdf
real_id58_0005,val,real,/workspace/data/raw/celebdf/Celeb-real/id58_0005.mp4,celebdf
real_id58_0006,val,real,/workspace/data/raw/celebdf/Celeb-real/id58_0006.mp4,celebdf
real_id58_0007,val,real,/workspace/data/raw/celebdf/Celeb-real/id58_0007.mp4,celebdf
real_id58_0008,val,real,/workspace/data/raw/celebdf/Celeb-real/id58_0008.mp4,celebdf
real_id58_0009,val,real,/workspace/data/raw/celebdf/Celeb-real/id58_0009.mp4,celebdf
real_id59_0000,train,real,/workspace/data/raw/celebdf/Celeb-real/id59_0000.mp4,celebdf
real_id59_0001,train,real,/workspace/data/raw/celebdf/Celeb-real/id59_0001.mp4,celebdf
real_id59_0002,train,real,/workspace/data/raw/celebdf/Celeb-real/id59_0002.mp4,celebdf
real_id59_0003,train,real,/workspace/data/raw/celebdf/Celeb-real/id59_0003.mp4,celebdf
real_id59_0004,train,real,/workspace/data/raw/celebdf/Celeb-real/id59_0004.mp4,celebdf
real_id59_0005,train,real,/workspace/data/raw/celebdf/Celeb-real/id59_0005.mp4,celebdf
real_id59_0006,train,real,/workspace/data/raw/celebdf/Celeb-real/id59_0006.mp4,celebdf
real_id59_0007,train,real,/workspace/data/raw/celebdf/Celeb-real/id59_0007.mp4,celebdf
real_id59_0008,train,real,/workspace/data/raw/celebdf/Celeb-real/id59_0008.mp4,celebdf
real_id59_0009,train,real,/workspace/data/raw/celebdf/Celeb-real/id59_0009.mp4,celebdf
real_id5_0000,train,real,/workspace/data/raw/celebdf/Celeb-real/id5_0000.mp4,celebdf
real_id5_0001,train,real,/workspace/data/raw/celebdf/Celeb-real/id5_0001.mp4,celebdf
real_id5_0002,train,real,/workspace/data/raw/celebdf/Celeb-real/id5_0002.mp4,celebdf
real_id5_0003,train,real,/workspace/data/raw/celebdf/Celeb-real/id5_0003.mp4,celebdf
real_id5_0004,train,real,/workspace/data/raw/celebdf/Celeb-real/id5_0004.mp4,celebdf
real_id5_0005,train,real,/workspace/data/raw/celebdf/Celeb-real/id5_0005.mp4,celebdf
real_id5_0006,train,real,/workspace/data/raw/celebdf/Celeb-real/id5_0006.mp4,celebdf
real_id5_0007,train,real,/workspace/data/raw/celebdf/Celeb-real/id5_0007.mp4,celebdf
real_id5_0008,train,real,/workspace/data/raw/celebdf/Celeb-real/id5_0008.mp4,celebdf
real_id5_0009,train,real,/workspace/data/raw/celebdf/Celeb-real/id5_0009.mp4,celebdf
real_id60_0000,val,real,/workspace/data/raw/celebdf/Celeb-real/id60_0000.mp4,celebdf
real_id60_0001,val,real,/workspace/data/raw/celebdf/Celeb-real/id60_0001.mp4,celebdf
real_id60_0002,val,real,/workspace/data/raw/celebdf/Celeb-real/id60_0002.mp4,celebdf
real_id60_0003,val,real,/workspace/data/raw/celebdf/Celeb-real/id60_0003.mp4,celebdf
real_id60_0004,val,real,/workspace/data/raw/celebdf/Celeb-real/id60_0004.mp4,celebdf
real_id60_0005,val,real,/workspace/data/raw/celebdf/Celeb-real/id60_0005.mp4,celebdf
real_id60_0006,val,real,/workspace/data/raw/celebdf/Celeb-real/id60_0006.mp4,celebdf
real_id60_0007,val,real,/workspace/data/raw/celebdf/Celeb-real/id60_0007.mp4,celebdf
real_id60_0008,val,real,/workspace/data/raw/celebdf/Celeb-real/id60_0008.mp4,celebdf
real_id60_0009,val,real,/workspace/data/raw/celebdf/Celeb-real/id60_0009.mp4,celebdf
real_id61_0000,val,real,/workspace/data/raw/celebdf/Celeb-real/id61_0000.mp4,celebdf
real_id61_0001,val,real,/workspace/data/raw/celebdf/Celeb-real/id61_0001.mp4,celebdf
real_id61_0002,val,real,/workspace/data/raw/celebdf/Celeb-real/id61_0002.mp4,celebdf
real_id61_0003,val,real,/workspace/data/raw/celebdf/Celeb-real/id61_0003.mp4,celebdf
real_id61_0004,val,real,/workspace/data/raw/celebdf/Celeb-real/id61_0004.mp4,celebdf
real_id61_0005,val,real,/workspace/data/raw/celebdf/Celeb-real/id61_0005.mp4,celebdf
real_id61_0006,val,real,/workspace/data/raw/celebdf/Celeb-real/id61_0006.mp4,celebdf
real_id61_0007,val,real,/workspace/data/raw/celebdf/Celeb-real/id61_0007.mp4,celebdf
real_id61_0008,val,real,/workspace/data/raw/celebdf/Celeb-real/id61_0008.mp4,celebdf
real_id61_0009,val,real,/workspace/data/raw/celebdf/Celeb-real/id61_0009.mp4,celebdf
real_id6_0000,train,real,/workspace/data/raw/celebdf/Celeb-real/id6_0000.mp4,celebdf
real_id6_0001,train,real,/workspace/data/raw/celebdf/Celeb-real/id6_0001.mp4,celebdf
real_id6_0003,train,real,/workspace/data/raw/celebdf/Celeb-real/id6_0003.mp4,celebdf
real_id6_0004,train,real,/workspace/data/raw/celebdf/Celeb-real/id6_0004.mp4,celebdf
real_id6_0006,train,real,/workspace/data/raw/celebdf/Celeb-real/id6_0006.mp4,celebdf
real_id6_0007,train,real,/workspace/data/raw/celebdf/Celeb-real/id6_0007.mp4,celebdf
real_id6_0008,train,real,/workspace/data/raw/celebdf/Celeb-real/id6_0008.mp4,celebdf
real_id6_0009,train,real,/workspace/data/raw/celebdf/Celeb-real/id6_0009.mp4,celebdf
real_id7_0000,train,real,/workspace/data/raw/celebdf/Celeb-real/id7_0000.mp4,celebdf
real_id7_0001,train,real,/workspace/data/raw/celebdf/Celeb-real/id7_0001.mp4,celebdf
real_id7_0002,train,real,/workspace/data/raw/celebdf/Celeb-real/id7_0002.mp4,celebdf
real_id7_0003,train,real,/workspace/data/raw/celebdf/Celeb-real/id7_0003.mp4,celebdf
real_id7_0004,train,real,/workspace/data/raw/celebdf/Celeb-real/id7_0004.mp4,celebdf
real_id7_0005,train,real,/workspace/data/raw/celebdf/Celeb-real/id7_0005.mp4,celebdf
real_id7_0007,train,real,/workspace/data/raw/celebdf/Celeb-real/id7_0007.mp4,celebdf
real_id7_0008,train,real,/workspace/data/raw/celebdf/Celeb-real/id7_0008.mp4,celebdf
real_id7_0009,train,real,/workspace/data/raw/celebdf/Celeb-real/id7_0009.mp4,celebdf
real_id8_0001,train,real,/workspace/data/raw/celebdf/Celeb-real/id8_0001.mp4,celebdf
real_id8_0002,train,real,/workspace/data/raw/celebdf/Celeb-real/id8_0002.mp4,celebdf
real_id8_0003,train,real,/workspace/data/raw/celebdf/Celeb-real/id8_0003.mp4,celebdf
real_id8_0004,train,real,/workspace/data/raw/celebdf/Celeb-real/id8_0004.mp4,celebdf
real_id8_0005,train,real,/workspace/data/raw/celebdf/Celeb-real/id8_0005.mp4,celebdf
real_id8_0006,train,real,/workspace/data/raw/celebdf/Celeb-real/id8_0006.mp4,celebdf
real_id8_0007,train,real,/workspace/data/raw/celebdf/Celeb-real/id8_0007.mp4,celebdf
real_id8_0008,train,real,/workspace/data/raw/celebdf/Celeb-real/id8_0008.mp4,celebdf
real_id9_0001,train,real,/workspace/data/raw/celebdf/Celeb-real/id9_0001.mp4,celebdf
real_id9_0002,train,real,/workspace/data/raw/celebdf/Celeb-real/id9_0002.mp4,celebdf
real_id9_0003,train,real,/workspace/data/raw/celebdf/Celeb-real/id9_0003.mp4,celebdf
real_id9_0004,train,real,/workspace/data/raw/celebdf/Celeb-real/id9_0004.mp4,celebdf
real_id9_0005,train,real,/workspace/data/raw/celebdf/Celeb-real/id9_0005.mp4,celebdf
real_id9_0006,train,real,/workspace/data/raw/celebdf/Celeb-real/id9_0006.mp4,celebdf
real_id9_0007,train,real,/workspace/data/raw/celebdf/Celeb-real/id9_0007.mp4,celebdf
real_id9_0008,train,real,/workspace/data/raw/celebdf/Celeb-real/id9_0008.mp4,celebdf
real_id9_0009,train,real,/workspace/data/raw/celebdf/Celeb-real/id9_0009.mp4,celebdf
real_00000,val,real,/workspace/data/raw/celebdf/YouTube-real/00000.mp4,celebdf
real_00001,train,real,/workspace/data/raw/celebdf/YouTube-real/00001.mp4,celebdf
real_00002,val,real,/workspace/data/raw/celebdf/YouTube-real/00002.mp4,celebdf
real_00003,train,real,/workspace/data/raw/celebdf/YouTube-real/00003.mp4,celebdf
real_00004,train,real,/workspace/data/raw/celebdf/YouTube-real/00004.mp4,celebdf
real_00005,train,real,/workspace/data/raw/celebdf/YouTube-real/00005.mp4,celebdf
real_00006,val,real,/workspace/data/raw/celebdf/YouTube-real/00006.mp4,celebdf
real_00007,train,real,/workspace/data/raw/celebdf/YouTube-real/00007.mp4,celebdf
real_00008,train,real,/workspace/data/raw/celebdf/YouTube-real/00008.mp4,celebdf
real_00009,train,real,/workspace/data/raw/celebdf/YouTube-real/00009.mp4,celebdf
real_00010,train,real,/workspace/data/raw/celebdf/YouTube-real/00010.mp4,celebdf
real_00012,train,real,/workspace/data/raw/celebdf/YouTube-real/00012.mp4,celebdf
real_00013,train,real,/workspace/data/raw/celebdf/YouTube-real/00013.mp4,celebdf
real_00014,train,real,/workspace/data/raw/celebdf/YouTube-real/00014.mp4,celebdf
real_00015,train,real,/workspace/data/raw/celebdf/YouTube-real/00015.mp4,celebdf
real_00016,train,real,/workspace/data/raw/celebdf/YouTube-real/00016.mp4,celebdf
real_00017,train,real,/workspace/data/raw/celebdf/YouTube-real/00017.mp4,celebdf
real_00018,val,real,/workspace/data/raw/celebdf/YouTube-real/00018.mp4,celebdf
real_00019,train,real,/workspace/data/raw/celebdf/YouTube-real/00019.mp4,celebdf
real_00020,train,real,/workspace/data/raw/celebdf/YouTube-real/00020.mp4,celebdf
real_00022,train,real,/workspace/data/raw/celebdf/YouTube-real/00022.mp4,celebdf
real_00025,val,real,/workspace/data/raw/celebdf/YouTube-real/00025.mp4,celebdf
real_00026,train,real,/workspace/data/raw/celebdf/YouTube-real/00026.mp4,celebdf
real_00027,val,real,/workspace/data/raw/celebdf/YouTube-real/00027.mp4,celebdf
real_00028,train,real,/workspace/data/raw/celebdf/YouTube-real/00028.mp4,celebdf
real_00029,val,real,/workspace/data/raw/celebdf/YouTube-real/00029.mp4,celebdf
real_00030,train,real,/workspace/data/raw/celebdf/YouTube-real/00030.mp4,celebdf
real_00031,train,real,/workspace/data/raw/celebdf/YouTube-real/00031.mp4,celebdf
real_00032,train,real,/workspace/data/raw/celebdf/YouTube-real/00032.mp4,celebdf
real_00033,train,real,/workspace/data/raw/celebdf/YouTube-real/00033.mp4,celebdf
real_00034,train,real,/workspace/data/raw/celebdf/YouTube-real/00034.mp4,celebdf
real_00035,train,real,/workspace/data/raw/celebdf/YouTube-real/00035.mp4,celebdf
real_00037,train,real,/workspace/data/raw/celebdf/YouTube-real/00037.mp4,celebdf
real_00038,train,real,/workspace/data/raw/celebdf/YouTube-real/00038.mp4,celebdf
real_00039,train,real,/workspace/data/raw/celebdf/YouTube-real/00039.mp4,celebdf
real_00040,train,real,/workspace/data/raw/celebdf/YouTube-real/00040.mp4,celebdf
real_00041,train,real,/workspace/data/raw/celebdf/YouTube-real/00041.mp4,celebdf
real_00042,train,real,/workspace/data/raw/celebdf/YouTube-real/00042.mp4,celebdf
real_00043,train,real,/workspace/data/raw/celebdf/YouTube-real/00043.mp4,celebdf
real_00044,train,real,/workspace/data/raw/celebdf/YouTube-real/00044.mp4,celebdf
real_00045,train,real,/workspace/data/raw/celebdf/YouTube-real/00045.mp4,celebdf
real_00046,train,real,/workspace/data/raw/celebdf/YouTube-real/00046.mp4,celebdf
real_00049,train,real,/workspace/data/raw/celebdf/YouTube-real/00049.mp4,celebdf
real_00050,train,real,/workspace/data/raw/celebdf/YouTube-real/00050.mp4,celebdf
real_00051,train,real,/workspace/data/raw/celebdf/YouTube-real/00051.mp4,celebdf
real_00052,train,real,/workspace/data/raw/celebdf/YouTube-real/00052.mp4,celebdf
real_00053,train,real,/workspace/data/raw/celebdf/YouTube-real/00053.mp4,celebdf
real_00054,train,real,/workspace/data/raw/celebdf/YouTube-real/00054.mp4,celebdf
real_00055,train,real,/workspace/data/raw/celebdf/YouTube-real/00055.mp4,celebdf
real_00056,train,real,/workspace/data/raw/celebdf/YouTube-real/00056.mp4,celebdf
real_00057,train,real,/workspace/data/raw/celebdf/YouTube-real/00057.mp4,celebdf
real_00058,train,real,/workspace/data/raw/celebdf/YouTube-real/00058.mp4,celebdf
real_00059,train,real,/workspace/data/raw/celebdf/YouTube-real/00059.mp4,celebdf
real_00060,train,real,/workspace/data/raw/celebdf/YouTube-real/00060.mp4,celebdf
real_00062,train,real,/workspace/data/raw/celebdf/YouTube-real/00062.mp4,celebdf
real_00064,train,real,/workspace/data/raw/celebdf/YouTube-real/00064.mp4,celebdf
real_00065,train,real,/workspace/data/raw/celebdf/YouTube-real/00065.mp4,celebdf
real_00066,val,real,/workspace/data/raw/celebdf/YouTube-real/00066.mp4,celebdf
real_00067,train,real,/workspace/data/raw/celebdf/YouTube-real/00067.mp4,celebdf
real_00068,train,real,/workspace/data/raw/celebdf/YouTube-real/00068.mp4,celebdf
real_00069,train,real,/workspace/data/raw/celebdf/YouTube-real/00069.mp4,celebdf
real_00070,train,real,/workspace/data/raw/celebdf/YouTube-real/00070.mp4,celebdf
real_00071,train,real,/workspace/data/raw/celebdf/YouTube-real/00071.mp4,celebdf
real_00072,train,real,/workspace/data/raw/celebdf/YouTube-real/00072.mp4,celebdf
real_00073,train,real,/workspace/data/raw/celebdf/YouTube-real/00073.mp4,celebdf
real_00074,train,real,/workspace/data/raw/celebdf/YouTube-real/00074.mp4,celebdf
real_00075,train,real,/workspace/data/raw/celebdf/YouTube-real/00075.mp4,celebdf
real_00077,train,real,/workspace/data/raw/celebdf/YouTube-real/00077.mp4,celebdf
real_00078,train,real,/workspace/data/raw/celebdf/YouTube-real/00078.mp4,celebdf
real_00079,train,real,/workspace/data/raw/celebdf/YouTube-real/00079.mp4,celebdf
real_00080,train,real,/workspace/data/raw/celebdf/YouTube-real/00080.mp4,celebdf
real_00081,val,real,/workspace/data/raw/celebdf/YouTube-real/00081.mp4,celebdf
real_00083,train,real,/workspace/data/raw/celebdf/YouTube-real/00083.mp4,celebdf
real_00084,val,real,/workspace/data/raw/celebdf/YouTube-real/00084.mp4,celebdf
real_00085,train,real,/workspace/data/raw/celebdf/YouTube-real/00085.mp4,celebdf
real_00086,train,real,/workspace/data/raw/celebdf/YouTube-real/00086.mp4,celebdf
real_00087,val,real,/workspace/data/raw/celebdf/YouTube-real/00087.mp4,celebdf
real_00088,train,real,/workspace/data/raw/celebdf/YouTube-real/00088.mp4,celebdf
real_00089,train,real,/workspace/data/raw/celebdf/YouTube-real/00089.mp4,celebdf
real_00090,train,real,/workspace/data/raw/celebdf/YouTube-real/00090.mp4,celebdf
real_00091,train,real,/workspace/data/raw/celebdf/YouTube-real/00091.mp4,celebdf
real_00093,val,real,/workspace/data/raw/celebdf/YouTube-real/00093.mp4,celebdf
real_00094,train,real,/workspace/data/raw/celebdf/YouTube-real/00094.mp4,celebdf
real_00096,train,real,/workspace/data/raw/celebdf/YouTube-real/00096.mp4,celebdf
real_00097,train,real,/workspace/data/raw/celebdf/YouTube-real/00097.mp4,celebdf
real_00098,train,real,/workspace/data/raw/celebdf/YouTube-real/00098.mp4,celebdf
real_00099,train,real,/workspace/data/raw/celebdf/YouTube-real/00099.mp4,celebdf
real_00100,train,real,/workspace/data/raw/celebdf/YouTube-real/00100.mp4,celebdf
real_00101,train,real,/workspace/data/raw/celebdf/YouTube-real/00101.mp4,celebdf
real_00102,train,real,/workspace/data/raw/celebdf/YouTube-real/00102.mp4,celebdf
real_00103,train,real,/workspace/data/raw/celebdf/YouTube-real/00103.mp4,celebdf
real_00104,train,real,/workspace/data/raw/celebdf/YouTube-real/00104.mp4,celebdf
real_00105,train,real,/workspace/data/raw/celebdf/YouTube-real/00105.mp4,celebdf
real_00107,train,real,/workspace/data/raw/celebdf/YouTube-real/00107.mp4,celebdf
real_00108,train,real,/workspace/data/raw/celebdf/YouTube-real/00108.mp4,celebdf
real_00109,train,real,/workspace/data/raw/celebdf/YouTube-real/00109.mp4,celebdf
real_00110,train,real,/workspace/data/raw/celebdf/YouTube-real/00110.mp4,celebdf
real_00111,train,real,/workspace/data/raw/celebdf/YouTube-real/00111.mp4,celebdf
real_00112,train,real,/workspace/data/raw/celebdf/YouTube-real/00112.mp4,celebdf
real_00113,train,real,/workspace/data/raw/celebdf/YouTube-real/00113.mp4,celebdf
real_00114,train,real,/workspace/data/raw/celebdf/YouTube-real/00114.mp4,celebdf
real_00115,train,real,/workspace/data/raw/celebdf/YouTube-real/00115.mp4,celebdf
real_00116,train,real,/workspace/data/raw/celebdf/YouTube-real/00116.mp4,celebdf
real_00117,val,real,/workspace/data/raw/celebdf/YouTube-real/00117.mp4,celebdf
real_00118,train,real,/workspace/data/raw/celebdf/YouTube-real/00118.mp4,celebdf
real_00120,train,real,/workspace/data/raw/celebdf/YouTube-real/00120.mp4,celebdf
real_00121,train,real,/workspace/data/raw/celebdf/YouTube-real/00121.mp4,celebdf
real_00122,train,real,/workspace/data/raw/celebdf/YouTube-real/00122.mp4,celebdf
real_00123,train,real,/workspace/data/raw/celebdf/YouTube-real/00123.mp4,celebdf
real_00124,train,real,/workspace/data/raw/celebdf/YouTube-real/00124.mp4,celebdf
real_00125,train,real,/workspace/data/raw/celebdf/YouTube-real/00125.mp4,celebdf
real_00126,val,real,/workspace/data/raw/celebdf/YouTube-real/00126.mp4,celebdf
real_00127,train,real,/workspace/data/raw/celebdf/YouTube-real/00127.mp4,celebdf
real_00128,train,real,/workspace/data/raw/celebdf/YouTube-real/00128.mp4,celebdf
real_00129,train,real,/workspace/data/raw/celebdf/YouTube-real/00129.mp4,celebdf
real_00130,train,real,/workspace/data/raw/celebdf/YouTube-real/00130.mp4,celebdf
real_00131,train,real,/workspace/data/raw/celebdf/YouTube-real/00131.mp4,celebdf
real_00132,train,real,/workspace/data/raw/celebdf/YouTube-real/00132.mp4,celebdf
real_00134,train,real,/workspace/data/raw/celebdf/YouTube-real/00134.mp4,celebdf
real_00135,train,real,/workspace/data/raw/celebdf/YouTube-real/00135.mp4,celebdf
real_00136,train,real,/workspace/data/raw/celebdf/YouTube-real/00136.mp4,celebdf
real_00137,train,real,/workspace/data/raw/celebdf/YouTube-real/00137.mp4,celebdf
real_00139,val,real,/workspace/data/raw/celebdf/YouTube-real/00139.mp4,celebdf
real_00140,train,real,/workspace/data/raw/celebdf/YouTube-real/00140.mp4,celebdf
real_00141,train,real,/workspace/data/raw/celebdf/YouTube-real/00141.mp4,celebdf
real_00142,train,real,/workspace/data/raw/celebdf/YouTube-real/00142.mp4,celebdf
real_00143,val,real,/workspace/data/raw/celebdf/YouTube-real/00143.mp4,celebdf
real_00144,train,real,/workspace/data/raw/celebdf/YouTube-real/00144.mp4,celebdf
real_00145,train,real,/workspace/data/raw/celebdf/YouTube-real/00145.mp4,celebdf
real_00146,train,real,/workspace/data/raw/celebdf/YouTube-real/00146.mp4,celebdf
real_00147,train,real,/workspace/data/raw/celebdf/YouTube-real/00147.mp4,celebdf
real_00148,train,real,/workspace/data/raw/celebdf/YouTube-real/00148.mp4,celebdf
real_00149,train,real,/workspace/data/raw/celebdf/YouTube-real/00149.mp4,celebdf
real_00150,train,real,/workspace/data/raw/celebdf/YouTube-real/00150.mp4,celebdf
real_00151,train,real,/workspace/data/raw/celebdf/YouTube-real/00151.mp4,celebdf
real_00152,train,real,/workspace/data/raw/celebdf/YouTube-real/00152.mp4,celebdf
real_00153,train,real,/workspace/data/raw/celebdf/YouTube-real/00153.mp4,celebdf
real_00154,train,real,/workspace/data/raw/celebdf/YouTube-real/00154.mp4,celebdf
real_00155,train,real,/workspace/data/raw/celebdf/YouTube-real/00155.mp4,celebdf
real_00156,train,real,/workspace/data/raw/celebdf/YouTube-real/00156.mp4,celebdf
real_00157,train,real,/workspace/data/raw/celebdf/YouTube-real/00157.mp4,celebdf
real_00158,train,real,/workspace/data/raw/celebdf/YouTube-real/00158.mp4,celebdf
real_00159,train,real,/workspace/data/raw/celebdf/YouTube-real/00159.mp4,celebdf
real_00160,train,real,/workspace/data/raw/celebdf/YouTube-real/00160.mp4,celebdf
real_00161,train,real,/workspace/data/raw/celebdf/YouTube-real/00161.mp4,celebdf
real_00162,train,real,/workspace/data/raw/celebdf/YouTube-real/00162.mp4,celebdf
real_00163,train,real,/workspace/data/raw/celebdf/YouTube-real/00163.mp4,celebdf
real_00164,train,real,/workspace/data/raw/celebdf/YouTube-real/00164.mp4,celebdf
real_00165,train,real,/workspace/data/raw/celebdf/YouTube-real/00165.mp4,celebdf
real_00166,train,real,/workspace/data/raw/celebdf/YouTube-real/00166.mp4,celebdf
real_00167,train,real,/workspace/data/raw/celebdf/YouTube-real/00167.mp4,celebdf
real_00169,train,real,/workspace/data/raw/celebdf/YouTube-real/00169.mp4,celebdf
real_00171,train,real,/workspace/data/raw/celebdf/YouTube-real/00171.mp4,celebdf
real_00172,train,real,/workspace/data/raw/celebdf/YouTube-real/00172.mp4,celebdf
real_00173,train,real,/workspace/data/raw/celebdf/YouTube-real/00173.mp4,celebdf
real_00174,val,real,/workspace/data/raw/celebdf/YouTube-real/00174.mp4,celebdf
real_00175,train,real,/workspace/data/raw/celebdf/YouTube-real/00175.mp4,celebdf
real_00176,train,real,/workspace/data/raw/celebdf/YouTube-real/00176.mp4,celebdf
real_00177,train,real,/workspace/data/raw/celebdf/YouTube-real/00177.mp4,celebdf
real_00178,train,real,/workspace/data/raw/celebdf/YouTube-real/00178.mp4,celebdf
real_00179,train,real,/workspace/data/raw/celebdf/YouTube-real/00179.mp4,celebdf
real_00180,train,real,/workspace/data/raw/celebdf/YouTube-real/00180.mp4,celebdf
real_00181,train,real,/workspace/data/raw/celebdf/YouTube-real/00181.mp4,celebdf
real_00182,train,real,/workspace/data/raw/celebdf/YouTube-real/00182.mp4,celebdf
real_00183,train,real,/workspace/data/raw/celebdf/YouTube-real/00183.mp4,celebdf
real_00184,train,real,/workspace/data/raw/celebdf/YouTube-real/00184.mp4,celebdf
real_00185,val,real,/workspace/data/raw/celebdf/YouTube-real/00185.mp4,celebdf
real_00186,train,real,/workspace/data/raw/celebdf/YouTube-real/00186.mp4,celebdf
real_00187,train,real,/workspace/data/raw/celebdf/YouTube-real/00187.mp4,celebdf
real_00189,train,real,/workspace/data/raw/celebdf/YouTube-real/00189.mp4,celebdf
real_00190,train,real,/workspace/data/raw/celebdf/YouTube-real/00190.mp4,celebdf
real_00191,train,real,/workspace/data/raw/celebdf/YouTube-real/00191.mp4,celebdf
real_00192,train,real,/workspace/data/raw/celebdf/YouTube-real/00192.mp4,celebdf
real_00195,train,real,/workspace/data/raw/celebdf/YouTube-real/00195.mp4,celebdf
real_00196,train,real,/workspace/data/raw/celebdf/YouTube-real/00196.mp4,celebdf
real_00198,train,real,/workspace/data/raw/celebdf/YouTube-real/00198.mp4,celebdf
real_00199,train,real,/workspace/data/raw/celebdf/YouTube-real/00199.mp4,celebdf
real_00200,train,real,/workspace/data/raw/celebdf/YouTube-real/00200.mp4,celebdf
real_00201,train,real,/workspace/data/raw/celebdf/YouTube-real/00201.mp4,celebdf
real_00203,train,real,/workspace/data/raw/celebdf/YouTube-real/00203.mp4,celebdf
real_00204,val,real,/workspace/data/raw/celebdf/YouTube-real/00204.mp4,celebdf
real_00205,train,real,/workspace/data/raw/celebdf/YouTube-real/00205.mp4,celebdf
real_00206,train,real,/workspace/data/raw/celebdf/YouTube-real/00206.mp4,celebdf
real_00209,train,real,/workspace/data/raw/celebdf/YouTube-real/00209.mp4,celebdf
real_00210,train,real,/workspace/data/raw/celebdf/YouTube-real/00210.mp4,celebdf
real_00211,train,real,/workspace/data/raw/celebdf/YouTube-real/00211.mp4,celebdf
real_00212,train,real,/workspace/data/raw/celebdf/YouTube-real/00212.mp4,celebdf
real_00214,train,real,/workspace/data/raw/celebdf/YouTube-real/00214.mp4,celebdf
real_00215,train,real,/workspace/data/raw/celebdf/YouTube-real/00215.mp4,celebdf
real_00216,val,real,/workspace/data/raw/celebdf/YouTube-real/00216.mp4,celebdf
real_00217,train,real,/workspace/data/raw/celebdf/YouTube-real/00217.mp4,celebdf
real_00218,train,real,/workspace/data/raw/celebdf/YouTube-real/00218.mp4,celebdf
real_00219,train,real,/workspace/data/raw/celebdf/YouTube-real/00219.mp4,celebdf
real_00220,train,real,/workspace/data/raw/celebdf/YouTube-real/00220.mp4,celebdf
real_00221,train,real,/workspace/data/raw/celebdf/YouTube-real/00221.mp4,celebdf
real_00222,train,real,/workspace/data/raw/celebdf/YouTube-real/00222.mp4,celebdf
real_00223,train,real,/workspace/data/raw/celebdf/YouTube-real/00223.mp4,celebdf
real_00224,train,real,/workspace/data/raw/celebdf/YouTube-real/00224.mp4,celebdf
real_00225,val,real,/workspace/data/raw/celebdf/YouTube-real/00225.mp4,celebdf
real_00226,val,real,/workspace/data/raw/celebdf/YouTube-real/00226.mp4,celebdf
real_00228,train,real,/workspace/data/raw/celebdf/YouTube-real/00228.mp4,celebdf
real_00229,train,real,/workspace/data/raw/celebdf/YouTube-real/00229.mp4,celebdf
real_00230,train,real,/workspace/data/raw/celebdf/YouTube-real/00230.mp4,celebdf
real_00231,val,real,/workspace/data/raw/celebdf/YouTube-real/00231.mp4,celebdf
real_00232,train,real,/workspace/data/raw/celebdf/YouTube-real/00232.mp4,celebdf
real_00233,train,real,/workspace/data/raw/celebdf/YouTube-real/00233.mp4,celebdf
real_00234,train,real,/workspace/data/raw/celebdf/YouTube-real/00234.mp4,celebdf
real_00235,train,real,/workspace/data/raw/celebdf/YouTube-real/00235.mp4,celebdf
real_00237,train,real,/workspace/data/raw/celebdf/YouTube-real/00237.mp4,celebdf
real_00238,train,real,/workspace/data/raw/celebdf/YouTube-real/00238.mp4,celebdf
real_00239,train,real,/workspace/data/raw/celebdf/YouTube-real/00239.mp4,celebdf
real_00240,train,real,/workspace/data/raw/celebdf/YouTube-real/00240.mp4,celebdf
real_00241,train,real,/workspace/data/raw/celebdf/YouTube-real/00241.mp4,celebdf
real_00242,train,real,/workspace/data/raw/celebdf/YouTube-real/00242.mp4,celebdf
real_00243,train,real,/workspace/data/raw/celebdf/YouTube-real/00243.mp4,celebdf
real_00245,val,real,/workspace/data/raw/celebdf/YouTube-real/00245.mp4,celebdf
real_00246,train,real,/workspace/data/raw/celebdf/YouTube-real/00246.mp4,celebdf
real_00247,train,real,/workspace/data/raw/celebdf/YouTube-real/00247.mp4,celebdf
real_00248,train,real,/workspace/data/raw/celebdf/YouTube-real/00248.mp4,celebdf
real_00249,val,real,/workspace/data/raw/celebdf/YouTube-real/00249.mp4,celebdf
real_00290,train,real,/workspace/data/raw/celebdf/YouTube-real/00290.mp4,celebdf
real_00291,train,real,/workspace/data/raw/celebdf/YouTube-real/00291.mp4,celebdf
real_00292,train,real,/workspace/data/raw/celebdf/YouTube-real/00292.mp4,celebdf
real_00293,train,real,/workspace/data/raw/celebdf/YouTube-real/00293.mp4,celebdf
real_00294,train,real,/workspace/data/raw/celebdf/YouTube-real/00294.mp4,celebdf
real_00295,train,real,/workspace/data/raw/celebdf/YouTube-real/00295.mp4,celebdf
real_00296,train,real,/workspace/data/raw/celebdf/YouTube-real/00296.mp4,celebdf
real_00297,train,real,/workspace/data/raw/celebdf/YouTube-real/00297.mp4,celebdf
real_00298,train,real,/workspace/data/raw/celebdf/YouTube-real/00298.mp4,celebdf
real_00299,val,real,/workspace/data/raw/celebdf/YouTube-real/00299.mp4,celebdf
fake_id0_id16_0000,train,fake,/workspace/data/raw/celebdf/Celeb-synthesis/id0_id16_0000.mp4,celebdf
fake_id0_id16_0001,train,fake,/workspace/data/raw/celebdf/Celeb-synthesis/id0_id16_0001.mp4,celebdf
fake_id0_id16_0002,train,fake,/workspace/data/raw/celebdf/Celeb-synthesis/id0_id16_0002.mp4,celebdf
fake_id0_id16_0005,train,fake,/workspace/data/raw/celebdf/Celeb-synthesis/id0_id16_0005.mp4,celebdf
fake_id0_id16_0006,train,fake,/workspace/data/raw/celebdf/Celeb-synthesis/id0_id16_0006.mp4,celebdf
fake_id0_id16_0008,train,fake,/workspace/data/raw/celebdf/Celeb-synthesis/id0_id16_0008.mp4,celebdf
fake_id0_id16_0009,train,fake,/workspace/data/raw/celebdf/Celeb-synthesis/id0_id16_0009.mp4,celebdf
fake_id0_id17_0000,train,fake,/workspace/data/raw/celebdf/Celeb-synthesis/id0_id17_0000.mp4,celebdf
fake_id0_id17_0001,train,fake,/workspace/data/raw/celebdf/Celeb-synthesis/id0_id17_0001.mp4,celebdf
fake_id0_id17_0002,train,fake,/workspace/data/raw/celebdf/Celeb-synthesis/id0_id17_0002.mp4,celebdf
fake_id0_id17_0003,train,fake,/workspace/data/raw/celebdf/Celeb-synthesis/id0_id17_0003.mp4,celebdf
fake_id0_id17_0005,train,fake,/workspace/data/raw/celebdf/Celeb-synthesis/id0_id17_0005.mp4,celebdf
fake_id0_id17_0006,train,fake,/workspace/data/raw/celebdf/Celeb-synthesis/id0_id17_0006.mp4,celebdf
fake_id0_id17_0007,train,fake,/workspace/data/raw/celebdf/Celeb-synthesis/id0_id17_0007.mp4,celebdf
fake_id0_id17_0009,train,fake,/workspace/data/raw/celebdf/Celeb-synthesis/id0_id17_0009.mp4,celebdf
fake_id0_id1_0002,train,fake,/workspace/data/raw/celebdf/Celeb-synthesis/id0_id1_0002.mp4,celebdf
fake_id0_id1_0003,train,fake,/workspace/data/raw/celebdf/Celeb-synthesis/id0_id1_0003.mp4,celebdf
fake_id0_id1_0006,train,fake,/workspace/data/raw/celebdf/Celeb-synthesis/id0_id1_0006.mp4,celebdf
fake_id0_id1_0007,train,fake,/workspace/data/raw/celebdf/Celeb-synthesis/id0_id1_0007.mp4,celebdf
fake_id0_id1_0009,train,fake,/workspace/data/raw/celebdf/Celeb-synthesis/id0_id1_0009.mp4,celebdf
fake_id0_id20_0000,train,fake,/workspace/data/raw/celebdf/Celeb-synthesis/id0_id20_0000.mp4,celebdf
fake_id0_id20_0001,train,fake,/workspace/data/raw/celebdf/Celeb-synthesis/id0_id20_0001.mp4,celebdf
fake_id0_id20_0002,train,fake,/workspace/data/raw/celebdf/Celeb-synthesis/id0_id20_0002.mp4,celebdf
fake_id0_id20_0003,train,fake,/workspace/data/raw/celebdf/Celeb-synthesis/id0_id20_0003.mp4,celebdf
fake_id0_id20_0004,train,fake,/workspace/data/raw/celebdf/Celeb-synthesis/id0_id20_0004.mp4,celebdf
fake_id0_id20_0005,train,fake,/workspace/data/raw/celebdf/Celeb-synthesis/id0_id20_0005.mp4,celebdf
fake_id0_id20_0006,train,fake,/workspace/data/raw/celebdf/Celeb-synthesis/id0_id20_0006.mp4,celebdf
fake_id0_id20_0007,train,fake,/workspace/data/raw/celebdf/Celeb-synthesis/id0_id20_0007.mp4,celebdf
fake_id0_id20_0009,train,fake,/workspace/data/raw/celebdf/Celeb-synthesis/id0_id20_0009.mp4,celebdf
fake_id0_id21_0001,train,fake,/workspace/data/raw/celebdf/Celeb-synthesis/id0_id21_0001.mp4,celebdf
fake_id0_id21_0002,train,fake,/workspace/data/raw/celebdf/Celeb-synthesis/id0_id21_0002.mp4,celebdf
fake_id0_id21_0003,train,fake,/workspace/data/raw/celebdf/Celeb-synthesis/id0_id21_0003.mp4,celebdf
fake_id0_id21_0004,train,fake,/workspace/data/raw/celebdf/Celeb-synthesis/id0_id21_0004.mp4,celebdf
fake_id0_id21_0005,train,fake,/workspace/data/raw/celebdf/Celeb-synthesis/id0_id21_0005.mp4,celebdf
fake_id0_id21_0006,train,fake,/workspace/data/raw/celebdf/Celeb-synthesis/id0_id21_0006.mp4,celebdf
fake_id0_id21_0007,train,fake,/workspace/data/raw/celebdf/Celeb-synthesis/id0_id21_0007.mp4,celebdf
fake_id0_id21_0009,train,fake,/workspace/data/raw/celebdf/Celeb-synthesis/id0_id21_0009.mp4,celebdf
fake_id0_id23_0000,train,fake,/workspace/data/raw/celebdf/Celeb-synthesis/id0_id23_0000.mp4,celebdf
fake_id0_id23_0001,train,fake,/workspace/data/raw/celebdf/Celeb-synthesis/id0_id23_0001.mp4,celebdf
fake_id0_id23_0002,train,fake,/workspace/data/raw/celebdf/Celeb-synthesis/id0_id23_0002.mp4,celebdf
fake_id0_id23_0004,train,fake,/workspace/data/raw/celebdf/Celeb-synthesis/id0_id23_0004.mp4,celebdf
fake_id0_id23_0005,train,fake,/workspace/data/raw/celebdf/Celeb-synthesis/id0_id23_0005.mp4,celebdf
fake_id0_id23_0007,train,fake,/workspace/data/raw/celebdf/Celeb-synthesis/id0_id23_0007.mp4,celebdf
fake_id0_id23_0009,train,fake,/workspace/data/raw/celebdf/Celeb-synthesis/id0_id23_0009.mp4,celebdf
fake_id0_id26_0000,train,fake,/workspace/data/raw/celebdf/Celeb-synthesis/id0_id26_0000.mp4,celebdf
fake_id0_id26_0001,train,fake,/workspace/data/raw/celebdf/Celeb-synthesis/id0_id26_0001.mp4,celebdf
fake_id0_id26_0002,train,fake,/workspace/data/raw/celebdf/Celeb-synthesis/id0_id26_0002.mp4,celebdf
fake_id0_id26_0003,train,fake,/workspace/data/raw/celebdf/Celeb-synthesis/id0_id26_0003.mp4,celebdf
fake_id0_id26_0004,train,fake,/workspace/data/raw/celebdf/Celeb-synthesis/id0_id26_0004.mp4,celebdf
fake_id0_id26_0005,train,fake,/workspace/data/raw/celebdf/Celeb-synthesis/id0_id26_0005.mp4,celebdf
fake_id0_id26_0006,train,fake,/workspace/data/raw/celebdf/Celeb-synthesis/id0_id26_0006.mp4,celebdf
fake_id0_id26_0007,train,fake,/workspace/data/raw/celebdf/Celeb-synthesis/id0_id26_0007.mp4,celebdf
fake_id0_id26_0008,train,fake,/workspace/data/raw/celebdf/Celeb-synthesis/id0_id26_0008.mp4,celebdf
fake_id0_id28_0000,train,fake,/workspace/data/raw/celebdf/Celeb-synthesis/id0_id28_0000.mp4,celebdf
fake_id0_id28_0001,train,fake,/workspace/data/raw/celebdf/Celeb-synthesis/id0_id28_0001.mp4,celebdf
fake_id0_id28_0002,train,fake,/workspace/data/raw/celebdf/Celeb-synthesis/id0_id28_0002.mp4,celebdf
fake_id0_id28_0003,train,fake,/workspace/data/raw/celebdf/Celeb-synthesis/id0_id28_0003.mp4,celebdf
fake_id0_id28_0004,train,fake,/workspace/data/raw/celebdf/Celeb-synthesis/id0_id28_0004.mp4,celebdf
fake_id0_id28_0005,train,fake,/workspace/data/raw/celebdf/Celeb-synthesis/id0_id28_0005.mp4,celebdf
fake_id0_id28_0006,train,fake,/workspace/data/raw/celebdf/Celeb-synthesis/id0_id28_0006.mp4,celebdf
fake_id0_id28_0007,train,fake,/workspace/data/raw/celebdf/Celeb-synthesis/id0_id28_0007.mp4,celebdf
fake_id0_id28_0008,train,fake,/workspace/data/raw/celebdf/Celeb-synthesis/id0_id28_0008.mp4,celebdf
fake_id0_id28_0009,train,fake,/workspace/data/raw/celebdf/Celeb-synthesis/id0_id28_0009.mp4,celebdf
fake_id0_id2_0000,train,fake,/workspace/data/raw/celebdf/Celeb-synthesis/id0_id2_0000.mp4,celebdf
fake_id0_id2_0001,train,fake,/workspace/data/raw/celebdf/Celeb-synthesis/id0_id2_0001.mp4,celebdf
fake_id0_id2_0002,train,fake,/workspace/data/raw/celebdf/Celeb-synthesis/id0_id2_0002.mp4,celebdf
fake_id0_id2_0003,train,fake,/workspace/data/raw/celebdf/Celeb-synthesis/id0_id2_0003.mp4,celebdf
fake_id0_id2_0004,train,fake,/workspace/data/raw/celebdf/Celeb-synthesis/id0_id2_0004.mp4,celebdf
fake_id0_id2_0005,train,fake,/workspace/data/raw/celebdf/Celeb-synthesis/id0_id2_0005.mp4,celebdf
fake_id0_id2_0006,train,fake,/workspace/data/raw/celebdf/Celeb-synthesis/id0_id2_0006.mp4,celebdf
fake_id0_id2_0007,train,fake,/workspace/data/raw/celebdf/Celeb-synthesis/id0_id2_0007.mp4,celebdf
fake_id0_id2_0008,train,fake,/workspace/data/raw/celebdf/Celeb-synthesis/id0_id2_0008.mp4,celebdf
fake_id0_id2_0009,train,fake,/workspace/data/raw/celebdf/Celeb-synthesis/id0_id2_0009.mp4,celebdf
fake_id0_id3_0000,train,fake,/workspace/data/raw/celebdf/Celeb-synthesis/id0_id3_0000.mp4,celebdf
fake_id0_id3_0001,train,fake,/workspace/data/raw/celebdf/Celeb-synthesis/id0_id3_0001.mp4,celebdf
fake_id0_id3_0002,train,fake,/workspace/data/raw/celebdf/Celeb-synthesis/id0_id3_0002.mp4,celebdf
fake_id0_id3_0003,train,fake,/workspace/data/raw/celebdf/Celeb-synthesis/id0_id3_0003.mp4,celebdf
fake_id0_id3_0004,train,fake,/workspace/data/raw/celebdf/Celeb-synthesis/id0_id3_0004.mp4,celebdf
fake_id0_id3_0005,train,fake,/workspace/data/raw/celebdf/Celeb-synthesis/id0_id3_0005.mp4,celebdf
fake_id0_id3_0006,train,fake,/workspace/data/raw/celebdf/Celeb-synthesis/id0_id3_0006.mp4,celebdf
fake_id0_id3_0008,train,fake,/workspace/data/raw/celebdf/Celeb-synthesis/id0_id3_0008.mp4,celebdf
fake_id0_id3_0009,train,fake,/workspace/data/raw/celebdf/Celeb-synthesis/id0_id3_0009.mp4,celebdf
fake_id0_id4_0000,train,fake,/workspace/data/raw/celebdf/Celeb-synthesis/id0_id4_0000.mp4,celebdf
fake_id0_id4_0001,train,fake,/workspace/data/raw/celebdf/Celeb-synthesis/id0_id4_0001.mp4,celebdf
fake_id0_id4_0002,train,fake,/workspace/data/raw/celebdf/Celeb-synthesis/id0_id4_0002.mp4,celebdf
fake_id0_id4_0003,train,fake,/workspace/data/raw/celebdf/Celeb-synthesis/id0_id4_0003.mp4,celebdf
fake_id0_id4_0004,train,fake,/workspace/data/raw/celebdf/Celeb-synthesis/id0_id4_0004.mp4,celebdf
fake_id0_id4_0005,train,fake,/workspace/data/raw/celebdf/Celeb-synthesis/id0_id4_0005.mp4,celebdf
fake_id0_id4_0006,train,fake,/workspace/data/raw/celebdf/Celeb-synthesis/id0_id4_0006.mp4,celebdf
fake_id0_id4_0009,train,fake,/workspace/data/raw/celebdf/Celeb-synthesis/id0_id4_0009.mp4,celebdf
fake_id0_id6_0000,train,fake,/workspace/data/raw/celebdf/Celeb-synthesis/id0_id6_0000.mp4,celebdf
fake_id0_id6_0001,train,fake,/workspace/data/raw/celebdf/Celeb-synthesis/id0_id6_0001.mp4,celebdf
fake_id0_id6_0002,train,fake,/workspace/data/raw/celebdf/Celeb-synthesis/id0_id6_0002.mp4,celebdf
fake_id0_id6_0006,train,fake,/workspace/data/raw/celebdf/Celeb-synthesis/id0_id6_0006.mp4,celebdf
fake_id0_id6_0009,train,fake,/workspace/data/raw/celebdf/Celeb-synthesis/id0_id6_0009.mp4,celebdf
fake_id0_id9_0000,train,fake,/workspace/data/raw/celebdf/Celeb-synthesis/id0_id9_0000.mp4,celebdf
fake_id0_id9_0001,train,fake,/workspace/data/raw/celebdf/Celeb-synthesis/id0_id9_0001.mp4,celebdf
fake_id0_id9_0002,train,fake,/workspace/data/raw/celebdf/Celeb-synthesis/id0_id9_0002.mp4,celebdf
fake_id0_id9_0003,train,fake,/workspace/data/raw/celebdf/Celeb-synthesis/id0_id9_0003.mp4,celebdf
fake_id0_id9_0005,train,fake,/workspace/data/raw/celebdf/Celeb-synthesis/id0_id9_0005.mp4,celebdf
fake_id0_id9_0006,train,fake,/workspace/data/raw/celebdf/Celeb-synthesis/id0_id9_0006.mp4,celebdf
fake_id0_id9_0007,train,fake,/workspace/data/raw/celebdf/Celeb-synthesis/id0_id9_0007.mp4,celebdf
fake_id0_id9_0008,train,fake,/workspace/data/raw/celebdf/Celeb-synthesis/id0_id9_0008.mp4,celebdf
fake_id0_id9_0009,train,fake,/workspace/data/raw/celebdf/Celeb-synthesis/id0_id9_0009.mp4,celebdf
fake_id10_id11_0002,val,fake,/workspace/data/raw/celebdf/Celeb-synthesis/id10_id11_0002.mp4,celebdf
fake_id10_id11_0003,val,fake,/workspace/data/raw/celebdf/Celeb-synthesis/id10_id11_0003.mp4,celebdf
fake_id10_id11_0005,val,fake,/workspace/data/raw/celebdf/Celeb-synthesis/id10_id11_0005.mp4,celebdf
fake_id10_id11_0006,val,fake,/workspace/data/raw/celebdf/Celeb-synthesis/id10_id11_0006.mp4,celebdf
fake_id10_id11_0007,val,fake,/workspace/data/raw/celebdf/Celeb-synthesis/id10_id11_0007.mp4,celebdf
fake_id10_id11_0008,val,fake,/workspace/data/raw/celebdf/Celeb-synthesis/id10_id11_0008.mp4,celebdf
fake_id10_id12_0002,val,fake,/workspace/data/raw/celebdf/Celeb-synthesis/id10_id12_0002.mp4,celebdf
fake_id10_id12_0003,val,fake,/workspace/data/raw/celebdf/Celeb-synthesis/id10_id12_0003.mp4,celebdf
fake_id10_id12_0005,val,fake,/workspace/data/raw/celebdf/Celeb-synthesis/id10_id12_0005.mp4,celebdf
fake_id10_id12_0006,val,fake,/workspace/data/raw/celebdf/Celeb-synthesis/id10_id12_0006.mp4,celebdf
fake_id10_id12_0007,val,fake,/workspace/data/raw/celebdf/Celeb-synthesis/id10_id12_0007.mp4,celebdf
fake_id10_id12_0008,val,fake,/workspace/data/raw/celebdf/Celeb-synthesis/id10_id12_0008.mp4,celebdf
fake_id10_id13_0002,val,fake,/workspace/data/raw/celebdf/Celeb-synthesis/id10_id13_0002.mp4,celebdf
fake_id10_id13_0003,val,fake,/workspace/data/raw/celebdf/Celeb-synthesis/id10_id13_0003.mp4,celebdf
fake_id10_id13_0005,val,fake,/workspace/data/raw/celebdf/Celeb-synthesis/id10_id13_0005.mp4,celebdf
fake_id10_id13_0006,val,fake,/workspace/data/raw/celebdf/Celeb-synthesis/id10_id13_0006.mp4,celebdf
fake_id10_id13_0008,val,fake,/workspace/data/raw/celebdf/Celeb-synthesis/id10_id13_0008.mp4,celebdf
fake_id10_id7_0002,val,fake,/workspace/data/raw/celebdf/Celeb-synthesis/id10_id7_0002.mp4,celebdf
fake_id10_id7_0003,val,fake,/workspace/data/raw/celebdf/Celeb-synthesis/id10_id7_0003.mp4,celebdf
fake_id10_id7_0006,val,fake,/workspace/data/raw/celebdf/Celeb-synthesis/id10_id7_0006.mp4,celebdf
fake_id10_id7_0007,val,fake,/workspace/data/raw/celebdf/Celeb-synthesis/id10_id7_0007.mp4,celebdf
fake_id10_id7_0009,val,fake,/workspace/data/raw/celebdf/Celeb-synthesis/id10_id7_0009.mp4,celebdf
fake_id11_id7_0000,train,fake,/workspace/data/raw/celebdf/Celeb-synthesis/id11_id7_0000.mp4,celebdf
fake_id11_id7_0001,train,fake,/workspace/data/raw/celebdf/Celeb-synthesis/id11_id7_0001.mp4,celebdf
fake_id11_id7_0002,train,fake,/workspace/data/raw/celebdf/Celeb-synthesis/id11_id7_0002.mp4,celebdf
fake_id11_id7_0003,train,fake,/workspace/data/raw/celebdf/Celeb-synthesis/id11_id7_0003.mp4,celebdf
fake_id11_id7_0004,train,fake,/workspace/data/raw/celebdf/Celeb-synthesis/id11_id7_0004.mp4,celebdf
fake_id11_id7_0005,train,fake,/workspace/data/raw/celebdf/Celeb-synthesis/id11_id7_0005.mp4,celebdf
fake_id11_id7_0006,train,fake,/workspace/data/raw/celebdf/Celeb-synthesis/id11_id7_0006.mp4,celebdf
fake_id11_id7_0007,train,fake,/workspace/data/raw/celebdf/Celeb-synthesis/id11_id7_0007.mp4,celebdf
fake_id11_id7_0009,train,fake,/workspace/data/raw/celebdf/Celeb-synthesis/id11_id7_0009.mp4,celebdf
fake_id11_id7_0010,train,fake,/workspace/data/raw/celebdf/Celeb-synthesis/id11_id7_0010.mp4,celebdf
fake_id12_id10_0001,train,fake,/workspace/data/raw/celebdf/Celeb-synthesis/id12_id10_0001.mp4,celebdf
fake_id12_id10_0004,train,fake,/workspace/data/raw/celebdf/Celeb-synthesis/id12_id10_0004.mp4,celebdf
fake_id12_id10_0006,train,fake,/workspace/data/raw/celebdf/Celeb-synthesis/id12_id10_0006.mp4,celebdf
fake_id12_id7_0000,train,fake,/workspace/data/raw/celebdf/Celeb-synthesis/id12_id7_0000.mp4,celebdf
fake_id12_id7_0001,train,fake,/workspace/data/raw/celebdf/Celeb-synthesis/id12_id7_0001.mp4,celebdf
fake_id12_id7_0002,train,fake,/workspace/data/raw/celebdf/Celeb-synthesis/id12_id7_0002.mp4,celebdf
fake_id12_id7_0004,train,fake,/workspace/data/raw/celebdf/Celeb-synthesis/id12_id7_0004.mp4,celebdf
fake_id12_id7_0005,train,fake,/workspace/data/raw/celebdf/Celeb-synthesis/id12_id7_0005.mp4,celebdf
fake_id13_id10_0000,train,fake,/workspace/data/raw/celebdf/Celeb-synthesis/id13_id10_0000.mp4,celebdf
fake_id13_id10_0001,train,fake,/workspace/data/raw/celebdf/Celeb-synthesis/id13_id10_0001.mp4,celebdf
fake_id13_id10_0003,train,fake,/workspace/data/raw/celebdf/Celeb-synthesis/id13_id10_0003.mp4,celebdf
fake_id13_id10_0004,train,fake,/workspace/data/raw/celebdf/Celeb-synthesis/id13_id10_0004.mp4,celebdf
fake_id13_id10_0007,train,fake,/workspace/data/raw/celebdf/Celeb-synthesis/id13_id10_0007.mp4,celebdf
fake_id13_id10_0011,train,fake,/workspace/data/raw/celebdf/Celeb-synthesis/id13_id10_0011.mp4,celebdf
fake_id13_id10_0012,train,fake,/workspace/data/raw/celebdf/Celeb-synthesis/id13_id10_0012.mp4,celebdf
fake_id13_id10_0014,train,fake,/workspace/data/raw/celebdf/Celeb-synthesis/id13_id10_0014.mp4,celebdf
fake_id13_id10_0015,train,fake,/workspace/data/raw/celebdf/Celeb-synthesis/id13_id10_0015.mp4,celebdf
fake_id13_id7_0001,train,fake,/workspace/data/raw/celebdf/Celeb-synthesis/id13_id7_0001.mp4,celebdf
fake_id13_id7_0002,train,fake,/workspace/data/raw/celebdf/Celeb-synthesis/id13_id7_0002.mp4,celebdf
fake_id13_id7_0003,train,fake,/workspace/data/raw/celebdf/Celeb-synthesis/id13_id7_0003.mp4,celebdf
fake_id13_id7_0004,train,fake,/workspace/data/raw/celebdf/Celeb-synthesis/id13_id7_0004.mp4,celebdf
fake_id13_id7_0005,train,fake,/workspace/data/raw/celebdf/Celeb-synthesis/id13_id7_0005.mp4,celebdf
fake_id13_id7_0007,train,fake,/workspace/data/raw/celebdf/Celeb-synthesis/id13_id7_0007.mp4,celebdf
fake_id13_id7_0008,train,fake,/workspace/data/raw/celebdf/Celeb-synthesis/id13_id7_0008.mp4,celebdf
fake_id13_id7_0009,train,fake,/workspace/data/raw/celebdf/Celeb-synthesis/id13_id7_0009.mp4,celebdf
fake_id13_id7_0011,train,fake,/workspace/data/raw/celebdf/Celeb-synthesis/id13_id7_0011.mp4,celebdf
fake_id13_id7_0015,train,fake,/workspace/data/raw/celebdf/Celeb-synthesis/id13_id7_0015.mp4,celebdf
fake_id16_id0_0000,train,fake,/workspace/data/raw/celebdf/Celeb-synthesis/id16_id0_0000.mp4,celebdf
fake_id16_id0_0001,train,fake,/workspace/data/raw/celebdf/Celeb-synthesis/id16_id0_0001.mp4,celebdf
fake_id16_id0_0002,train,fake,/workspace/data/raw/celebdf/Celeb-synthesis/id16_id0_0002.mp4,celebdf
fake_id16_id0_0003,train,fake,/workspace/data/raw/celebdf/Celeb-synthesis/id16_id0_0003.mp4,celebdf
fake_id16_id0_0004,train,fake,/workspace/data/raw/celebdf/Celeb-synthesis/id16_id0_0004.mp4,celebdf
fake_id16_id0_0005,train,fake,/workspace/data/raw/celebdf/Celeb-synthesis/id16_id0_0005.mp4,celebdf
fake_id16_id0_0006,train,fake,/workspace/data/raw/celebdf/Celeb-synthesis/id16_id0_0006.mp4,celebdf
fake_id16_id0_0007,train,fake,/workspace/data/raw/celebdf/Celeb-synthesis/id16_id0_0007.mp4,celebdf
fake_id16_id0_0009,train,fake,/workspace/data/raw/celebdf/Celeb-synthesis/id16_id0_0009.mp4,celebdf
fake_id16_id0_0010,train,fake,/workspace/data/raw/celebdf/Celeb-synthesis/id16_id0_0010.mp4,celebdf
fake_id16_id0_0012,train,fake,/workspace/data/raw/celebdf/Celeb-synthesis/id16_id0_0012.mp4,celebdf
fake_id16_id0_0013,train,fake,/workspace/data/raw/celebdf/Celeb-synthesis/id16_id0_0013.mp4,celebdf
fake_id16_id17_0000,train,fake,/workspace/data/raw/celebdf/Celeb-synthesis/id16_id17_0000.mp4,celebdf
fake_id16_id17_0001,train,fake,/workspace/data/raw/celebdf/Celeb-synthesis/id16_id17_0001.mp4,celebdf
fake_id16_id17_0002,train,fake,/workspace/data/raw/celebdf/Celeb-synthesis/id16_id17_0002.mp4,celebdf
fake_id16_id17_0003,train,fake,/workspace/data/raw/celebdf/Celeb-synthesis/id16_id17_0003.mp4,celebdf
fake_id16_id17_0004,train,fake,/workspace/data/raw/celebdf/Celeb-synthesis/id16_id17_0004.mp4,celebdf
fake_id16_id17_0005,train,fake,/workspace/data/raw/celebdf/Celeb-synthesis/id16_id17_0005.mp4,celebdf
fake_id16_id17_0006,train,fake,/workspace/data/raw/celebdf/Celeb-synthesis/id16_id17_0006.mp4,celebdf
fake_id16_id17_0007,train,fake,/workspace/data/raw/celebdf/Celeb-synthesis/id16_id17_0007.mp4,celebdf
fake_id16_id17_0009,train,fake,/workspace/data/raw/celebdf/Celeb-synthesis/id16_id17_0009.mp4,celebdf
fake_id16_id17_0010,train,fake,/workspace/data/raw/celebdf/Celeb-synthesis/id16_id17_0010.mp4,celebdf
fake_id16_id17_0011,train,fake,/workspace/data/raw/celebdf/Celeb-synthesis/id16_id17_0011.mp4,celebdf
fake_id16_id17_0012,train,fake,/workspace/data/raw/celebdf/Celeb-synthesis/id16_id17_0012.mp4,celebdf
fake_id16_id17_0013,train,fake,/workspace/data/raw/celebdf/Celeb-synthesis/id16_id17_0013.mp4,celebdf
fake_id16_id1_0000,train,fake,/workspace/data/raw/celebdf/Celeb-synthesis/id16_id1_0000.mp4,celebdf
fake_id16_id1_0001,train,fake,/workspace/data/raw/celebdf/Celeb-synthesis/id16_id1_0001.mp4,celebdf
fake_id16_id1_0002,train,fake,/workspace/data/raw/celebdf/Celeb-synthesis/id16_id1_0002.mp4,celebdf
fake_id16_id1_0003,train,fake,/workspace/data/raw/celebdf/Celeb-synthesis/id16_id1_0003.mp4,celebdf
fake_id16_id1_0004,train,fake,/workspace/data/raw/celebdf/Celeb-synthesis/id16_id1_0004.mp4,celebdf
fake_id16_id1_0005,train,fake,/workspace/data/raw/celebdf/Celeb-synthesis/id16_id1_0005.mp4,celebdf
fake_id16_id1_0006,train,fake,/workspace/data/raw/celebdf/Celeb-synthesis/id16_id1_0006.mp4,celebdf
fake_id16_id1_0007,train,fake,/workspace/data/raw/celebdf/Celeb-synthesis/id16_id1_0007.mp4,celebdf
fake_id16_id1_0009,train,fake,/workspace/data/raw/celebdf/Celeb-synthesis/id16_id1_0009.mp4,celebdf
fake_id16_id1_0010,train,fake,/workspace/data/raw/celebdf/Celeb-synthesis/id16_id1_0010.mp4,celebdf
fake_id16_id1_0012,train,fake,/workspace/data/raw/celebdf/Celeb-synthesis/id16_id1_0012.mp4,celebdf
fake_id16_id1_0013,train,fake,/workspace/data/raw/celebdf/Celeb-synthesis/id16_id1_0013.mp4,celebdf
fake_id16_id20_0001,train,fake,/workspace/data/raw/celebdf/Celeb-synthesis/id16_id20_0001.mp4,celebdf
fake_id16_id20_0002,train,fake,/workspace/data/raw/celebdf/Celeb-synthesis/id16_id20_0002.mp4,celebdf
fake_id16_id20_0003,train,fake,/workspace/data/raw/celebdf/Celeb-synthesis/id16_id20_0003.mp4,celebdf
fake_id16_id20_0004,train,fake,/workspace/data/raw/celebdf/Celeb-synthesis/id16_id20_0004.mp4,celebdf
fake_id16_id20_0005,train,fake,/workspace/data/raw/celebdf/Celeb-synthesis/id16_id20_0005.mp4,celebdf
fake_id16_id20_0007,train,fake,/workspace/data/raw/celebdf/Celeb-synthesis/id16_id20_0007.mp4,celebdf
fake_id16_id20_0009,train,fake,/workspace/data/raw/celebdf/Celeb-synthesis/id16_id20_0009.mp4,celebdf
fake_id16_id20_0010,train,fake,/workspace/data/raw/celebdf/Celeb-synthesis/id16_id20_0010.mp4,celebdf
fake_id16_id20_0011,train,fake,/workspace/data/raw/celebdf/Celeb-synthesis/id16_id20_0011.mp4,celebdf
fake_id16_id20_0013,train,fake,/workspace/data/raw/celebdf/Celeb-synthesis/id16_id20_0013.mp4,celebdf
fake_id16_id21_0000,train,fake,/workspace/data/raw/celebdf/Celeb-synthesis/id16_id21_0000.mp4,celebdf
fake_id16_id21_0001,train,fake,/workspace/data/raw/celebdf/Celeb-synthesis/id16_id21_0001.mp4,celebdf
fake_id16_id21_0003,train,fake,/workspace/data/raw/celebdf/Celeb-synthesis/id16_id21_0003.mp4,celebdf
fake_id16_id21_0004,train,fake,/workspace/data/raw/celebdf/Celeb-synthesis/id16_id21_0004.mp4,celebdf
fake_id16_id21_0005,train,fake,/workspace/data/raw/celebdf/Celeb-synthesis/id16_id21_0005.mp4,celebdf
fake_id16_id21_0006,train,fake,/workspace/data/raw/celebdf/Celeb-synthesis/id16_id21_0006.mp4,celebdf
fake_id16_id21_0007,train,fake,/workspace/data/raw/celebdf/Celeb-synthesis/id16_id21_0007.mp4,celebdf
fake_id16_id21_0009,train,fake,/workspace/data/raw/celebdf/Celeb-synthesis/id16_id21_0009.mp4,celebdf
fake_id16_id21_0010,train,fake,/workspace/data/raw/celebdf/Celeb-synthesis/id16_id21_0010.mp4,celebdf
fake_id16_id21_0011,train,fake,/workspace/data/raw/celebdf/Celeb-synthesis/id16_id21_0011.mp4,celebdf
fake_id16_id21_0012,train,fake,/workspace/data/raw/celebdf/Celeb-synthesis/id16_id21_0012.mp4,celebdf
fake_id16_id21_0013,train,fake,/workspace/data/raw/celebdf/Celeb-synthesis/id16_id21_0013.mp4,celebdf
fake_id16_id23_0000,train,fake,/workspace/data/raw/celebdf/Celeb-synthesis/id16_id23_0000.mp4,celebdf
fake_id16_id23_0001,train,fake,/workspace/data/raw/celebdf/Celeb-synthesis/id16_id23_0001.mp4,celebdf
fake_id16_id23_0002,train,fake,/workspace/data/raw/celebdf/Celeb-synthesis/id16_id23_0002.mp4,celebdf
fake_id16_id23_0003,train,fake,/workspace/data/raw/celebdf/Celeb-synthesis/id16_id23_0003.mp4,celebdf
fake_id16_id23_0004,train,fake,/workspace/data/raw/celebdf/Celeb-synthesis/id16_id23_0004.mp4,celebdf
fake_id16_id23_0005,train,fake,/workspace/data/raw/celebdf/Celeb-synthesis/id16_id23_0005.mp4,celebdf
fake_id16_id23_0006,train,fake,/workspace/data/raw/celebdf/Celeb-synthesis/id16_id23_0006.mp4,celebdf
fake_id16_id23_0009,train,fake,/workspace/data/raw/celebdf/Celeb-synthesis/id16_id23_0009.mp4,celebdf
fake_id16_id23_0010,train,fake,/workspace/data/raw/celebdf/Celeb-synthesis/id16_id23_0010.mp4,celebdf
fake_id16_id23_0012,train,fake,/workspace/data/raw/celebdf/Celeb-synthesis/id16_id23_0012.mp4,celebdf
fake_id16_id23_0013,train,fake,/workspace/data/raw/celebdf/Celeb-synthesis/id16_id23_0013.mp4,celebdf
fake_id16_id26_0000,train,fake,/workspace/data/raw/celebdf/Celeb-synthesis/id16_id26_0000.mp4,celebdf
fake_id16_id26_0001,train,fake,/workspace/data/raw/celebdf/Celeb-synthesis/id16_id26_0001.mp4,celebdf
fake_id16_id26_0002,train,fake,/workspace/data/raw/celebdf/Celeb-synthesis/id16_id26_0002.mp4,celebdf
fake_id16_id26_0003,train,fake,/workspace/data/raw/celebdf/Celeb-synthesis/id16_id26_0003.mp4,celebdf
fake_id16_id26_0004,train,fake,/workspace/data/raw/celebdf/Celeb-synthesis/id16_id26_0004.mp4,celebdf
fake_id16_id26_0005,train,fake,/workspace/data/raw/celebdf/Celeb-synthesis/id16_id26_0005.mp4,celebdf
fake_id16_id26_0006,train,fake,/workspace/data/raw/celebdf/Celeb-synthesis/id16_id26_0006.mp4,celebdf
fake_id16_id26_0007,train,fake,/workspace/data/raw/celebdf/Celeb-synthesis/id16_id26_0007.mp4,celebdf
fake_id16_id26_0009,train,fake,/workspace/data/raw/celebdf/Celeb-synthesis/id16_id26_0009.mp4,celebdf
fake_id16_id26_0010,train,fake,/workspace/data/raw/celebdf/Celeb-synthesis/id16_id26_0010.mp4,celebdf
fake_id16_id26_0011,train,fake,/workspace/data/raw/celebdf/Celeb-synthesis/id16_id26_0011.mp4,celebdf
fake_id16_id26_0012,train,fake,/workspace/data/raw/celebdf/Celeb-synthesis/id16_id26_0012.mp4,celebdf
fake_id16_id26_0013,train,fake,/workspace/data/raw/celebdf/Celeb-synthesis/id16_id26_0013.mp4,celebdf
fake_id16_id28_0000,train,fake,/workspace/data/raw/celebdf/Celeb-synthesis/id16_id28_0000.mp4,celebdf
fake_id16_id28_0001,train,fake,/workspace/data/raw/celebdf/Celeb-synthesis/id16_id28_0001.mp4,celebdf
fake_id16_id28_0002,train,fake,/workspace/data/raw/celebdf/Celeb-synthesis/id16_id28_0002.mp4,celebdf
fake_id16_id28_0003,train,fake,/workspace/data/raw/celebdf/Celeb-synthesis/id16_id28_0003.mp4,celebdf
fake_id16_id28_0004,train,fake,/workspace/data/raw/celebdf/Celeb-synthesis/id16_id28_0004.mp4,celebdf
fake_id16_id28_0006,train,fake,/workspace/data/raw/celebdf/Celeb-synthesis/id16_id28_0006.mp4,celebdf
fake_id16_id28_0007,train,fake,/workspace/data/raw/celebdf/Celeb-synthesis/id16_id28_0007.mp4,celebdf
fake_id16_id28_0009,train,fake,/workspace/data/raw/celebdf/Celeb-synthesis/id16_id28_0009.mp4,celebdf
fake_id16_id28_0010,train,fake,/workspace/data/raw/celebdf/Celeb-synthesis/id16_id28_0010.mp4,celebdf
fake_id16_id28_0011,train,fake,/workspace/data/raw/celebdf/Celeb-synthesis/id16_id28_0011.mp4,celebdf
fake_id16_id28_0012,train,fake,/workspace/data/raw/celebdf/Celeb-synthesis/id16_id28_0012.mp4,celebdf
fake_id16_id28_0013,train,fake,/workspace/data/raw/celebdf/Celeb-synthesis/id16_id28_0013.mp4,celebdf
fake_id16_id2_0000,train,fake,/workspace/data/raw/celebdf/Celeb-synthesis/id16_id2_0000.mp4,celebdf
fake_id16_id2_0002,train,fake,/workspace/data/raw/celebdf/Celeb-synthesis/id16_id2_0002.mp4,celebdf
fake_id16_id2_0003,train,fake,/workspace/data/raw/celebdf/Celeb-synthesis/id16_id2_0003.mp4,celebdf
fake_id16_id2_0004,train,fake,/workspace/data/raw/celebdf/Celeb-synthesis/id16_id2_0004.mp4,celebdf
fake_id16_id2_0005,train,fake,/workspace/data/raw/celebdf/Celeb-synthesis/id16_id2_0005.mp4,celebdf
fake_id16_id2_0007,train,fake,/workspace/data/raw/celebdf/Celeb-synthesis/id16_id2_0007.mp4,celebdf
fake_id16_id2_0009,train,fake,/workspace/data/raw/celebdf/Celeb-synthesis/id16_id2_0009.mp4,celebdf
fake_id16_id2_0010,train,fake,/workspace/data/raw/celebdf/Celeb-synthesis/id16_id2_0010.mp4,celebdf
fake_id16_id2_0012,train,fake,/workspace/data/raw/celebdf/Celeb-synthesis/id16_id2_0012.mp4,celebdf
fake_id16_id2_0013,train,fake,/workspace/data/raw/celebdf/Celeb-synthesis/id16_id2_0013.mp4,celebdf
fake_id16_id30_0000,train,fake,/workspace/data/raw/celebdf/Celeb-synthesis/id16_id30_0000.mp4,celebdf
fake_id16_id30_0001,train,fake,/workspace/data/raw/celebdf/Celeb-synthesis/id16_id30_0001.mp4,celebdf
fake_id16_id30_0002,train,fake,/workspace/data/raw/celebdf/Celeb-synthesis/id16_id30_0002.mp4,celebdf
fake_id16_id30_0003,train,fake,/workspace/data/raw/celebdf/Celeb-synthesis/id16_id30_0003.mp4,celebdf
fake_id16_id30_0005,train,fake,/workspace/data/raw/celebdf/Celeb-synthesis/id16_id30_0005.mp4,celebdf
fake_id16_id30_0006,train,fake,/workspace/data/raw/celebdf/Celeb-synthesis/id16_id30_0006.mp4,celebdf
fake_id16_id30_0007,train,fake,/workspace/data/raw/celebdf/Celeb-synthesis/id16_id30_0007.mp4,celebdf
fake_id16_id30_0009,train,fake,/workspace/data/raw/celebdf/Celeb-synthesis/id16_id30_0009.mp4,celebdf
fake_id16_id30_0010,train,fake,/workspace/data/raw/celebdf/Celeb-synthesis/id16_id30_0010.mp4,celebdf
fake_id16_id30_0011,train,fake,/workspace/data/raw/celebdf/Celeb-synthesis/id16_id30_0011.mp4,celebdf
fake_id16_id30_0012,train,fake,/workspace/data/raw/celebdf/Celeb-synthesis/id16_id30_0012.mp4,celebdf
fake_id16_id30_0013,train,fake,/workspace/data/raw/celebdf/Celeb-synthesis/id16_id30_0013.mp4,celebdf
fake_id16_id31_0000,train,fake,/workspace/data/raw/celebdf/Celeb-synthesis/id16_id31_0000.mp4,celebdf
fake_id16_id31_0001,train,fake,/workspace/data/raw/celebdf/Celeb-synthesis/id16_id31_0001.mp4,celebdf
fake_id16_id31_0002,train,fake,/workspace/data/raw/celebdf/Celeb-synthesis/id16_id31_0002.mp4,celebdf
fake_id16_id31_0003,train,fake,/workspace/data/raw/celebdf/Celeb-synthesis/id16_id31_0003.mp4,celebdf
fake_id16_id31_0006,train,fake,/workspace/data/raw/celebdf/Celeb-synthesis/id16_id31_0006.mp4,celebdf
fake_id16_id31_0007,train,fake,/workspace/data/raw/celebdf/Celeb-synthesis/id16_id31_0007.mp4,celebdf
fake_id16_id31_0008,train,fake,/workspace/data/raw/celebdf/Celeb-synthesis/id16_id31_0008.mp4,celebdf
fake_id16_id31_0009,train,fake,/workspace/data/raw/celebdf/Celeb-synthesis/id16_id31_0009.mp4,celebdf
fake_id16_id31_0010,train,fake,/workspace/data/raw/celebdf/Celeb-synthesis/id16_id31_0010.mp4,celebdf
fake_id16_id31_0011,train,fake,/workspace/data/raw/celebdf/Celeb-synthesis/id16_id31_0011.mp4,celebdf
fake_id16_id31_0012,train,fake,/workspace/data/raw/celebdf/Celeb-synthesis/id16_id31_0012.mp4,celebdf
fake_id16_id31_0013,train,fake,/workspace/data/raw/celebdf/Celeb-synthesis/id16_id31_0013.mp4,celebdf
fake_id16_id35_0000,train,fake,/workspace/data/raw/celebdf/Celeb-synthesis/id16_id35_0000.mp4,celebdf
fake_id16_id35_0001,train,fake,/workspace/data/raw/celebdf/Celeb-synthesis/id16_id35_0001.mp4,celebdf
fake_id16_id35_0002,train,fake,/workspace/data/raw/celebdf/Celeb-synthesis/id16_id35_0002.mp4,celebdf
fake_id16_id35_0003,train,fake,/workspace/data/raw/celebdf/Celeb-synthesis/id16_id35_0003.mp4,celebdf
fake_id16_id35_0005,train,fake,/workspace/data/raw/celebdf/Celeb-synthesis/id16_id35_0005.mp4,celebdf
fake_id16_id35_0006,train,fake,/workspace/data/raw/celebdf/Celeb-synthesis/id16_id35_0006.mp4,celebdf
fake_id16_id35_0007,train,fake,/workspace/data/raw/celebdf/Celeb-synthesis/id16_id35_0007.mp4,celebdf
fake_id16_id35_0008,train,fake,/workspace/data/raw/celebdf/Celeb-synthesis/id16_id35_0008.mp4,celebdf
fake_id16_id35_0009,train,fake,/workspace/data/raw/celebdf/Celeb-synthesis/id16_id35_0009.mp4,celebdf
fake_id16_id35_0010,train,fake,/workspace/data/raw/celebdf/Celeb-synthesis/id16_id35_0010.mp4,celebdf
fake_id16_id35_0011,train,fake,/workspace/data/raw/celebdf/Celeb-synthesis/id16_id35_0011.mp4,celebdf
fake_id16_id35_0012,train,fake,/workspace/data/raw/celebdf/Celeb-synthesis/id16_id35_0012.mp4,celebdf
fake_id16_id35_0013,train,fake,/workspace/data/raw/celebdf/Celeb-synthesis/id16_id35_0013.mp4,celebdf
fake_id16_id37_0000,train,fake,/workspace/data/raw/celebdf/Celeb-synthesis/id16_id37_0000.mp4,celebdf
fake_id16_id37_0001,train,fake,/workspace/data/raw/celebdf/Celeb-synthesis/id16_id37_0001.mp4,celebdf
fake_id16_id37_0002,train,fake,/workspace/data/raw/celebdf/Celeb-synthesis/id16_id37_0002.mp4,celebdf
fake_id16_id37_0003,train,fake,/workspace/data/raw/celebdf/Celeb-synthesis/id16_id37_0003.mp4,celebdf
fake_id16_id37_0004,train,fake,/workspace/data/raw/celebdf/Celeb-synthesis/id16_id37_0004.mp4,celebdf
fake_id16_id37_0006,train,fake,/workspace/data/raw/celebdf/Celeb-synthesis/id16_id37_0006.mp4,celebdf
fake_id16_id37_0009,train,fake,/workspace/data/raw/celebdf/Celeb-synthesis/id16_id37_0009.mp4,celebdf
fake_id16_id37_0010,train,fake,/workspace/data/raw/celebdf/Celeb-synthesis/id16_id37_0010.mp4,celebdf
fake_id16_id37_0011,train,fake,/workspace/data/raw/celebdf/Celeb-synthesis/id16_id37_0011.mp4,celebdf
fake_id16_id37_0012,train,fake,/workspace/data/raw/celebdf/Celeb-synthesis/id16_id37_0012.mp4,celebdf
fake_id16_id37_0013,train,fake,/workspace/data/raw/celebdf/Celeb-synthesis/id16_id37_0013.mp4,celebdf
fake_id16_id3_0000,train,fake,/workspace/data/raw/celebdf/Celeb-synthesis/id16_id3_0000.mp4,celebdf
fake_id16_id3_0001,train,fake,/workspace/data/raw/celebdf/Celeb-synthesis/id16_id3_0001.mp4,celebdf
fake_id16_id3_0002,train,fake,/workspace/data/raw/celebdf/Celeb-synthesis/id16_id3_0002.mp4,celebdf
fake_id16_id3_0003,train,fake,/workspace/data/raw/celebdf/Celeb-synthesis/id16_id3_0003.mp4,celebdf
fake_id16_id3_0004,train,fake,/workspace/data/raw/celebdf/Celeb-synthesis/id16_id3_0004.mp4,celebdf
fake_id16_id3_0005,train,fake,/workspace/data/raw/celebdf/Celeb-synthesis/id16_id3_0005.mp4,celebdf
fake_id16_id3_0006,train,fake,/workspace/data/raw/celebdf/Celeb-synthesis/id16_id3_0006.mp4,celebdf
fake_id16_id3_0007,train,fake,/workspace/data/raw/celebdf/Celeb-synthesis/id16_id3_0007.mp4,celebdf
fake_id16_id3_0012,train,fake,/workspace/data/raw/celebdf/Celeb-synthesis/id16_id3_0012.mp4,celebdf
fake_id16_id3_0013,train,fake,/workspace/data/raw/celebdf/Celeb-synthesis/id16_id3_0013.mp4,celebdf
fake_id16_id6_0000,train,fake,/workspace/data/raw/celebdf/Celeb-synthesis/id16_id6_0000.mp4,celebdf
fake_id16_id6_0002,train,fake,/workspace/data/raw/celebdf/Celeb-synthesis/id16_id6_0002.mp4,celebdf
fake_id16_id6_0003,train,fake,/workspace/data/raw/celebdf/Celeb-synthesis/id16_id6_0003.mp4,celebdf
fake_id16_id6_0004,train,fake,/workspace/data/raw/celebdf/Celeb-synthesis/id16_id6_0004.mp4,celebdf
fake_id16_id6_0005,train,fake,/workspace/data/raw/celebdf/Celeb-synthesis/id16_id6_0005.mp4,celebdf
fake_id16_id6_0006,train,fake,/workspace/data/raw/celebdf/Celeb-synthesis/id16_id6_0006.mp4,celebdf
fake_id16_id6_0007,train,fake,/workspace/data/raw/celebdf/Celeb-synthesis/id16_id6_0007.mp4,celebdf
fake_id16_id6_0009,train,fake,/workspace/data/raw/celebdf/Celeb-synthesis/id16_id6_0009.mp4,celebdf
fake_id16_id6_0010,train,fake,/workspace/data/raw/celebdf/Celeb-synthesis/id16_id6_0010.mp4,celebdf
fake_id16_id6_0012,train,fake,/workspace/data/raw/celebdf/Celeb-synthesis/id16_id6_0012.mp4,celebdf
fake_id16_id6_0013,train,fake,/workspace/data/raw/celebdf/Celeb-synthesis/id16_id6_0013.mp4,celebdf
fake_id16_id9_0000,train,fake,/workspace/data/raw/celebdf/Celeb-synthesis/id16_id9_0000.mp4,celebdf
fake_id16_id9_0001,train,fake,/workspace/data/raw/celebdf/Celeb-synthesis/id16_id9_0001.mp4,celebdf
fake_id16_id9_0002,train,fake,/workspace/data/raw/celebdf/Celeb-synthesis/id16_id9_0002.mp4,celebdf
fake_id16_id9_0003,train,fake,/workspace/data/raw/celebdf/Celeb-synthesis/id16_id9_0003.mp4,celebdf
fake_id16_id9_0004,train,fake,/workspace/data/raw/celebdf/Celeb-synthesis/id16_id9_0004.mp4,celebdf
fake_id16_id9_0005,train,fake,/workspace/data/raw/celebdf/Celeb-synthesis/id16_id9_0005.mp4,celebdf
fake_id16_id9_0006,train,fake,/workspace/data/raw/celebdf/Celeb-synthesis/id16_id9_0006.mp4,celebdf
fake_id16_id9_0007,train,fake,/workspace/data/raw/celebdf/Celeb-synthesis/id16_id9_0007.mp4,celebdf
fake_id16_id9_0009,train,fake,/workspace/data/raw/celebdf/Celeb-synthesis/id16_id9_0009.mp4,celebdf
fake_id16_id9_0010,train,fake,/workspace/data/raw/celebdf/Celeb-synthesis/id16_id9_0010.mp4,celebdf
fake_id16_id9_0011,train,fake,/workspace/data/raw/celebdf/Celeb-synthesis/id16_id9_0011.mp4,celebdf
fake_id16_id9_0012,train,fake,/workspace/data/raw/celebdf/Celeb-synthesis/id16_id9_0012.mp4,celebdf
fake_id16_id9_0013,train,fake,/workspace/data/raw/celebdf/Celeb-synthesis/id16_id9_0013.mp4,celebdf
fake_id17_id0_0001,train,fake,/workspace/data/raw/celebdf/Celeb-synthesis/id17_id0_0001.mp4,celebdf
fake_id17_id0_0002,train,fake,/workspace/data/raw/celebdf/Celeb-synthesis/id17_id0_0002.mp4,celebdf
fake_id17_id0_0003,train,fake,/workspace/data/raw/celebdf/Celeb-synthesis/id17_id0_0003.mp4,celebdf
fake_id17_id0_0004,train,fake,/workspace/data/raw/celebdf/Celeb-synthesis/id17_id0_0004.mp4,celebdf
fake_id17_id0_0005,train,fake,/workspace/data/raw/celebdf/Celeb-synthesis/id17_id0_0005.mp4,celebdf
fake_id17_id0_0006,train,fake,/workspace/data/raw/celebdf/Celeb-synthesis/id17_id0_0006.mp4,celebdf
fake_id17_id0_0007,train,fake,/workspace/data/raw/celebdf/Celeb-synthesis/id17_id0_0007.mp4,celebdf
fake_id17_id0_0009,train,fake,/workspace/data/raw/celebdf/Celeb-synthesis/id17_id0_0009.mp4,celebdf
fake_id17_id16_0001,train,fake,/workspace/data/raw/celebdf/Celeb-synthesis/id17_id16_0001.mp4,celebdf
fake_id17_id16_0002,train,fake,/workspace/data/raw/celebdf/Celeb-synthesis/id17_id16_0002.mp4,celebdf
fake_id17_id16_0003,train,fake,/workspace/data/raw/celebdf/Celeb-synthesis/id17_id16_0003.mp4,celebdf
fake_id17_id16_0004,train,fake,/workspace/data/raw/celebdf/Celeb-synthesis/id17_id16_0004.mp4,celebdf
fake_id17_id16_0005,train,fake,/workspace/data/raw/celebdf/Celeb-synthesis/id17_id16_0005.mp4,celebdf
fake_id17_id16_0006,train,fake,/workspace/data/raw/celebdf/Celeb-synthesis/id17_id16_0006.mp4,celebdf
fake_id17_id16_0009,train,fake,/workspace/data/raw/celebdf/Celeb-synthesis/id17_id16_0009.mp4,celebdf
fake_id17_id1_0001,train,fake,/workspace/data/raw/celebdf/Celeb-synthesis/id17_id1_0001.mp4,celebdf
fake_id17_id1_0002,train,fake,/workspace/data/raw/celebdf/Celeb-synthesis/id17_id1_0002.mp4,celebdf
fake_id17_id1_0003,train,fake,/workspace/data/raw/celebdf/Celeb-synthesis/id17_id1_0003.mp4,celebdf
fake_id17_id1_0004,train,fake,/workspace/data/raw/celebdf/Celeb-synthesis/id17_id1_0004.mp4,celebdf
fake_id17_id1_0005,train,fake,/workspace/data/raw/celebdf/Celeb-synthesis/id17_id1_0005.mp4,celebdf
fake_id17_id1_0006,train,fake,/workspace/data/raw/celebdf/Celeb-synthesis/id17_id1_0006.mp4,celebdf
fake_id17_id1_0007,train,fake,/workspace/data/raw/celebdf/Celeb-synthesis/id17_id1_0007.mp4,celebdf
fake_id17_id1_0009,train,fake,/workspace/data/raw/celebdf/Celeb-synthesis/id17_id1_0009.mp4,celebdf
fake_id17_id20_0000,train,fake,/workspace/data/raw/celebdf/Celeb-synthesis/id17_id20_0000.mp4,celebdf
fake_id17_id20_0001,train,fake,/workspace/data/raw/celebdf/Celeb-synthesis/id17_id20_0001.mp4,celebdf
fake_id17_id20_0002,train,fake,/workspace/data/raw/celebdf/Celeb-synthesis/id17_id20_0002.mp4,celebdf
fake_id17_id20_0003,train,fake,/workspace/data/raw/celebdf/Celeb-synthesis/id17_id20_0003.mp4,celebdf
fake_id17_id20_0004,train,fake,/workspace/data/raw/celebdf/Celeb-synthesis/id17_id20_0004.mp4,celebdf
fake_id17_id20_0005,train,fake,/workspace/data/raw/celebdf/Celeb-synthesis/id17_id20_0005.mp4,celebdf
fake_id17_id20_0006,train,fake,/workspace/data/raw/celebdf/Celeb-synthesis/id17_id20_0006.mp4,celebdf
fake_id17_id20_0007,train,fake,/workspace/data/raw/celebdf/Celeb-synthesis/id17_id20_0007.mp4,celebdf
fake_id17_id20_0009,train,fake,/workspace/data/raw/celebdf/Celeb-synthesis/id17_id20_0009.mp4,celebdf
fake_id17_id21_0001,train,fake,/workspace/data/raw/celebdf/Celeb-synthesis/id17_id21_0001.mp4,celebdf
fake_id17_id21_0002,train,fake,/workspace/data/raw/celebdf/Celeb-synthesis/id17_id21_0002.mp4,celebdf
fake_id17_id21_0003,train,fake,/workspace/data/raw/celebdf/Celeb-synthesis/id17_id21_0003.mp4,celebdf
fake_id17_id21_0004,train,fake,/workspace/data/raw/celebdf/Celeb-synthesis/id17_id21_0004.mp4,celebdf
fake_id17_id21_0005,train,fake,/workspace/data/raw/celebdf/Celeb-synthesis/id17_id21_0005.mp4,celebdf
fake_id17_id21_0006,train,fake,/workspace/data/raw/celebdf/Celeb-synthesis/id17_id21_0006.mp4,celebdf
fake_id17_id21_0007,train,fake,/workspace/data/raw/celebdf/Celeb-synthesis/id17_id21_0007.mp4,celebdf
fake_id17_id23_0001,train,fake,/workspace/data/raw/celebdf/Celeb-synthesis/id17_id23_0001.mp4,celebdf
fake_id17_id23_0002,train,fake,/workspace/data/raw/celebdf/Celeb-synthesis/id17_id23_0002.mp4,celebdf
fake_id17_id23_0003,train,fake,/workspace/data/raw/celebdf/Celeb-synthesis/id17_id23_0003.mp4,celebdf
fake_id17_id23_0004,train,fake,/workspace/data/raw/celebdf/Celeb-synthesis/id17_id23_0004.mp4,celebdf
fake_id17_id23_0005,train,fake,/workspace/data/raw/celebdf/Celeb-synthesis/id17_id23_0005.mp4,celebdf
fake_id17_id23_0006,train,fake,/workspace/data/raw/celebdf/Celeb-synthesis/id17_id23_0006.mp4,celebdf
fake_id17_id23_0007,train,fake,/workspace/data/raw/celebdf/Celeb-synthesis/id17_id23_0007.mp4,celebdf
fake_id17_id26_0000,train,fake,/workspace/data/raw/celebdf/Celeb-synthesis/id17_id26_0000.mp4,celebdf
fake_id17_id26_0001,train,fake,/workspace/data/raw/celebdf/Celeb-synthesis/id17_id26_0001.mp4,celebdf
fake_id17_id26_0002,train,fake,/workspace/data/raw/celebdf/Celeb-synthesis/id17_id26_0002.mp4,celebdf
fake_id17_id26_0003,train,fake,/workspace/data/raw/celebdf/Celeb-synthesis/id17_id26_0003.mp4,celebdf
fake_id17_id26_0004,train,fake,/workspace/data/raw/celebdf/Celeb-synthesis/id17_id26_0004.mp4,celebdf
fake_id17_id26_0005,train,fake,/workspace/data/raw/celebdf/Celeb-synthesis/id17_id26_0005.mp4,celebdf
fake_id17_id26_0007,train,fake,/workspace/data/raw/celebdf/Celeb-synthesis/id17_id26_0007.mp4,celebdf
fake_id17_id26_0009,train,fake,/workspace/data/raw/celebdf/Celeb-synthesis/id17_id26_0009.mp4,celebdf
fake_id17_id28_0000,train,fake,/workspace/data/raw/celebdf/Celeb-synthesis/id17_id28_0000.mp4,celebdf
fake_id17_id28_0002,train,fake,/workspace/data/raw/celebdf/Celeb-synthesis/id17_id28_0002.mp4,celebdf
fake_id17_id28_0003,train,fake,/workspace/data/raw/celebdf/Celeb-synthesis/id17_id28_0003.mp4,celebdf
fake_id17_id28_0004,train,fake,/workspace/data/raw/celebdf/Celeb-synthesis/id17_id28_0004.mp4,celebdf
fake_id17_id28_0005,train,fake,/workspace/data/raw/celebdf/Celeb-synthesis/id17_id28_0005.mp4,celebdf
fake_id17_id28_0006,train,fake,/workspace/data/raw/celebdf/Celeb-synthesis/id17_id28_0006.mp4,celebdf
fake_id17_id28_0007,train,fake,/workspace/data/raw/celebdf/Celeb-synthesis/id17_id28_0007.mp4,celebdf
fake_id17_id28_0009,train,fake,/workspace/data/raw/celebdf/Celeb-synthesis/id17_id28_0009.mp4,celebdf
fake_id17_id2_0001,train,fake,/workspace/data/raw/celebdf/Celeb-synthesis/id17_id2_0001.mp4,celebdf
fake_id17_id2_0002,train,fake,/workspace/data/raw/celebdf/Celeb-synthesis/id17_id2_0002.mp4,celebdf
fake_id17_id2_0004,train,fake,/workspace/data/raw/celebdf/Celeb-synthesis/id17_id2_0004.mp4,celebdf
fake_id17_id2_0005,train,fake,/workspace/data/raw/celebdf/Celeb-synthesis/id17_id2_0005.mp4,celebdf
fake_id17_id2_0006,train,fake,/workspace/data/raw/celebdf/Celeb-synthesis/id17_id2_0006.mp4,celebdf
fake_id17_id2_0009,train,fake,/workspace/data/raw/celebdf/Celeb-synthesis/id17_id2_0009.mp4,celebdf
fake_id17_id30_0000,train,fake,/workspace/data/raw/celebdf/Celeb-synthesis/id17_id30_0000.mp4,celebdf
fake_id17_id30_0001,train,fake,/workspace/data/raw/celebdf/Celeb-synthesis/id17_id30_0001.mp4,celebdf
fake_id17_id30_0002,train,fake,/workspace/data/raw/celebdf/Celeb-synthesis/id17_id30_0002.mp4,celebdf
fake_id17_id30_0003,train,fake,/workspace/data/raw/celebdf/Celeb-synthesis/id17_id30_0003.mp4,celebdf
fake_id17_id30_0004,train,fake,/workspace/data/raw/celebdf/Celeb-synthesis/id17_id30_0004.mp4,celebdf
fake_id17_id30_0005,train,fake,/workspace/data/raw/celebdf/Celeb-synthesis/id17_id30_0005.mp4,celebdf
fake_id17_id30_0006,train,fake,/workspace/data/raw/celebdf/Celeb-synthesis/id17_id30_0006.mp4,celebdf
fake_id17_id30_0007,train,fake,/workspace/data/raw/celebdf/Celeb-synthesis/id17_id30_0007.mp4,celebdf
fake_id17_id30_0009,train,fake,/workspace/data/raw/celebdf/Celeb-synthesis/id17_id30_0009.mp4,celebdf
fake_id17_id31_0000,train,fake,/workspace/data/raw/celebdf/Celeb-synthesis/id17_id31_0000.mp4,celebdf
fake_id17_id31_0001,train,fake,/workspace/data/raw/celebdf/Celeb-synthesis/id17_id31_0001.mp4,celebdf
fake_id17_id31_0002,train,fake,/workspace/data/raw/celebdf/Celeb-synthesis/id17_id31_0002.mp4,celebdf
fake_id17_id31_0003,train,fake,/workspace/data/raw/celebdf/Celeb-synthesis/id17_id31_0003.mp4,celebdf
fake_id17_id31_0004,train,fake,/workspace/data/raw/celebdf/Celeb-synthesis/id17_id31_0004.mp4,celebdf
fake_id17_id31_0005,train,fake,/workspace/data/raw/celebdf/Celeb-synthesis/id17_id31_0005.mp4,celebdf
fake_id17_id31_0006,train,fake,/workspace/data/raw/celebdf/Celeb-synthesis/id17_id31_0006.mp4,celebdf
fake_id17_id31_0007,train,fake,/workspace/data/raw/celebdf/Celeb-synthesis/id17_id31_0007.mp4,celebdf
fake_id17_id35_0000,train,fake,/workspace/data/raw/celebdf/Celeb-synthesis/id17_id35_0000.mp4,celebdf
fake_id17_id35_0001,train,fake,/workspace/data/raw/celebdf/Celeb-synthesis/id17_id35_0001.mp4,celebdf
fake_id17_id35_0002,train,fake,/workspace/data/raw/celebdf/Celeb-synthesis/id17_id35_0002.mp4,celebdf
fake_id17_id35_0003,train,fake,/workspace/data/raw/celebdf/Celeb-synthesis/id17_id35_0003.mp4,celebdf
fake_id17_id35_0004,train,fake,/workspace/data/raw/celebdf/Celeb-synthesis/id17_id35_0004.mp4,celebdf
fake_id17_id35_0005,train,fake,/workspace/data/raw/celebdf/Celeb-synthesis/id17_id35_0005.mp4,celebdf
fake_id17_id35_0006,train,fake,/workspace/data/raw/celebdf/Celeb-synthesis/id17_id35_0006.mp4,celebdf
fake_id17_id35_0007,train,fake,/workspace/data/raw/celebdf/Celeb-synthesis/id17_id35_0007.mp4,celebdf
fake_id17_id35_0009,train,fake,/workspace/data/raw/celebdf/Celeb-synthesis/id17_id35_0009.mp4,celebdf
fake_id17_id37_0000,train,fake,/workspace/data/raw/celebdf/Celeb-synthesis/id17_id37_0000.mp4,celebdf
fake_id17_id37_0001,train,fake,/workspace/data/raw/celebdf/Celeb-synthesis/id17_id37_0001.mp4,celebdf
fake_id17_id37_0002,train,fake,/workspace/data/raw/celebdf/Celeb-synthesis/id17_id37_0002.mp4,celebdf
fake_id17_id37_0003,train,fake,/workspace/data/raw/celebdf/Celeb-synthesis/id17_id37_0003.mp4,celebdf
fake_id17_id37_0004,train,fake,/workspace/data/raw/celebdf/Celeb-synthesis/id17_id37_0004.mp4,celebdf
fake_id17_id37_0005,train,fake,/workspace/data/raw/celebdf/Celeb-synthesis/id17_id37_0005.mp4,celebdf
fake_id17_id37_0006,train,fake,/workspace/data/raw/celebdf/Celeb-synthesis/id17_id37_0006.mp4,celebdf
fake_id17_id37_0007,train,fake,/workspace/data/raw/celebdf/Celeb-synthesis/id17_id37_0007.mp4,celebdf
fake_id17_id37_0009,train,fake,/workspace/data/raw/celebdf/Celeb-synthesis/id17_id37_0009.mp4,celebdf
fake_id17_id3_0001,train,fake,/workspace/data/raw/celebdf/Celeb-synthesis/id17_id3_0001.mp4,celebdf
fake_id17_id3_0002,train,fake,/workspace/data/raw/celebdf/Celeb-synthesis/id17_id3_0002.mp4,celebdf
fake_id17_id3_0003,train,fake,/workspace/data/raw/celebdf/Celeb-synthesis/id17_id3_0003.mp4,celebdf
fake_id17_id3_0004,train,fake,/workspace/data/raw/celebdf/Celeb-synthesis/id17_id3_0004.mp4,celebdf
fake_id17_id3_0005,train,fake,/workspace/data/raw/celebdf/Celeb-synthesis/id17_id3_0005.mp4,celebdf
fake_id17_id3_0006,train,fake,/workspace/data/raw/celebdf/Celeb-synthesis/id17_id3_0006.mp4,celebdf
fake_id17_id3_0009,train,fake,/workspace/data/raw/celebdf/Celeb-synthesis/id17_id3_0009.mp4,celebdf
fake_id17_id6_0001,train,fake,/workspace/data/raw/celebdf/Celeb-synthesis/id17_id6_0001.mp4,celebdf
fake_id17_id6_0002,train,fake,/workspace/data/raw/celebdf/Celeb-synthesis/id17_id6_0002.mp4,celebdf
fake_id17_id6_0003,train,fake,/workspace/data/raw/celebdf/Celeb-synthesis/id17_id6_0003.mp4,celebdf
fake_id17_id6_0004,train,fake,/workspace/data/raw/celebdf/Celeb-synthesis/id17_id6_0004.mp4,celebdf
fake_id17_id6_0005,train,fake,/workspace/data/raw/celebdf/Celeb-synthesis/id17_id6_0005.mp4,celebdf
fake_id17_id6_0006,train,fake,/workspace/data/raw/celebdf/Celeb-synthesis/id17_id6_0006.mp4,celebdf
fake_id17_id6_0007,train,fake,/workspace/data/raw/celebdf/Celeb-synthesis/id17_id6_0007.mp4,celebdf
fake_id17_id6_0009,train,fake,/workspace/data/raw/celebdf/Celeb-synthesis/id17_id6_0009.mp4,celebdf
fake_id17_id9_0001,train,fake,/workspace/data/raw/celebdf/Celeb-synthesis/id17_id9_0001.mp4,celebdf
fake_id17_id9_0002,train,fake,/workspace/data/raw/celebdf/Celeb-synthesis/id17_id9_0002.mp4,celebdf
fake_id17_id9_0003,train,fake,/workspace/data/raw/celebdf/Celeb-synthesis/id17_id9_0003.mp4,celebdf
fake_id17_id9_0004,train,fake,/workspace/data/raw/celebdf/Celeb-synthesis/id17_id9_0004.mp4,celebdf
fake_id17_id9_0005,train,fake,/workspace/data/raw/celebdf/Celeb-synthesis/id17_id9_0005.mp4,celebdf
fake_id17_id9_0006,train,fake,/workspace/data/raw/celebdf/Celeb-synthesis/id17_id9_0006.mp4,celebdf
fake_id17_id9_0007,train,fake,/workspace/data/raw/celebdf/Celeb-synthesis/id17_id9_0007.mp4,celebdf
fake_id17_id9_0009,train,fake,/workspace/data/raw/celebdf/Celeb-synthesis/id17_id9_0009.mp4,celebdf
fake_id19_id20_0001,train,fake,/workspace/data/raw/celebdf/Celeb-synthesis/id19_id20_0001.mp4,celebdf
fake_id19_id20_0002,train,fake,/workspace/data/raw/celebdf/Celeb-synthesis/id19_id20_0002.mp4,celebdf
fake_id19_id20_0006,train,fake,/workspace/data/raw/celebdf/Celeb-synthesis/id19_id20_0006.mp4,celebdf
fake_id19_id20_0007,train,fake,/workspace/data/raw/celebdf/Celeb-synthesis/id19_id20_0007.mp4,celebdf
fake_id19_id20_0008,train,fake,/workspace/data/raw/celebdf/Celeb-synthesis/id19_id20_0008.mp4,celebdf
fake_id19_id20_0009,train,fake,/workspace/data/raw/celebdf/Celeb-synthesis/id19_id20_0009.mp4,celebdf
fake_id19_id21_0000,train,fake,/workspace/data/raw/celebdf/Celeb-synthesis/id19_id21_0000.mp4,celebdf
fake_id19_id21_0001,train,fake,/workspace/data/raw/celebdf/Celeb-synthesis/id19_id21_0001.mp4,celebdf
fake_id19_id21_0002,train,fake,/workspace/data/raw/celebdf/Celeb-synthesis/id19_id21_0002.mp4,celebdf
fake_id19_id21_0004,train,fake,/workspace/data/raw/celebdf/Celeb-synthesis/id19_id21_0004.mp4,celebdf
fake_id19_id21_0006,train,fake,/workspace/data/raw/celebdf/Celeb-synthesis/id19_id21_0006.mp4,celebdf
fake_id19_id21_0007,train,fake,/workspace/data/raw/celebdf/Celeb-synthesis/id19_id21_0007.mp4,celebdf
fake_id19_id21_0008,train,fake,/workspace/data/raw/celebdf/Celeb-synthesis/id19_id21_0008.mp4,celebdf
fake_id19_id21_0009,train,fake,/workspace/data/raw/celebdf/Celeb-synthesis/id19_id21_0009.mp4,celebdf
fake_id19_id22_0000,train,fake,/workspace/data/raw/celebdf/Celeb-synthesis/id19_id22_0000.mp4,celebdf
fake_id19_id22_0001,train,fake,/workspace/data/raw/celebdf/Celeb-synthesis/id19_id22_0001.mp4,celebdf
fake_id19_id22_0002,train,fake,/workspace/data/raw/celebdf/Celeb-synthesis/id19_id22_0002.mp4,celebdf
fake_id19_id22_0004,train,fake,/workspace/data/raw/celebdf/Celeb-synthesis/id19_id22_0004.mp4,celebdf
fake_id19_id22_0005,train,fake,/workspace/data/raw/celebdf/Celeb-synthesis/id19_id22_0005.mp4,celebdf
fake_id19_id22_0006,train,fake,/workspace/data/raw/celebdf/Celeb-synthesis/id19_id22_0006.mp4,celebdf
fake_id19_id22_0007,train,fake,/workspace/data/raw/celebdf/Celeb-synthesis/id19_id22_0007.mp4,celebdf
fake_id19_id22_0008,train,fake,/workspace/data/raw/celebdf/Celeb-synthesis/id19_id22_0008.mp4,celebdf
fake_id19_id22_0009,train,fake,/workspace/data/raw/celebdf/Celeb-synthesis/id19_id22_0009.mp4,celebdf
fake_id19_id23_0000,train,fake,/workspace/data/raw/celebdf/Celeb-synthesis/id19_id23_0000.mp4,celebdf
fake_id19_id23_0002,train,fake,/workspace/data/raw/celebdf/Celeb-synthesis/id19_id23_0002.mp4,celebdf
fake_id19_id23_0004,train,fake,/workspace/data/raw/celebdf/Celeb-synthesis/id19_id23_0004.mp4,celebdf
fake_id19_id23_0005,train,fake,/workspace/data/raw/celebdf/Celeb-synthesis/id19_id23_0005.mp4,celebdf
fake_id19_id23_0006,train,fake,/workspace/data/raw/celebdf/Celeb-synthesis/id19_id23_0006.mp4,celebdf
fake_id19_id23_0007,train,fake,/workspace/data/raw/celebdf/Celeb-synthesis/id19_id23_0007.mp4,celebdf
fake_id19_id23_0008,train,fake,/workspace/data/raw/celebdf/Celeb-synthesis/id19_id23_0008.mp4,celebdf
fake_id19_id23_0009,train,fake,/workspace/data/raw/celebdf/Celeb-synthesis/id19_id23_0009.mp4,celebdf
fake_id19_id24_0000,train,fake,/workspace/data/raw/celebdf/Celeb-synthesis/id19_id24_0000.mp4,celebdf
fake_id19_id24_0002,train,fake,/workspace/data/raw/celebdf/Celeb-synthesis/id19_id24_0002.mp4,celebdf
fake_id19_id24_0004,train,fake,/workspace/data/raw/celebdf/Celeb-synthesis/id19_id24_0004.mp4,celebdf
fake_id19_id24_0007,train,fake,/workspace/data/raw/celebdf/Celeb-synthesis/id19_id24_0007.mp4,celebdf
fake_id19_id24_0008,train,fake,/workspace/data/raw/celebdf/Celeb-synthesis/id19_id24_0008.mp4,celebdf
fake_id19_id24_0009,train,fake,/workspace/data/raw/celebdf/Celeb-synthesis/id19_id24_0009.mp4,celebdf
fake_id19_id25_0000,train,fake,/workspace/data/raw/celebdf/Celeb-synthesis/id19_id25_0000.mp4,celebdf
fake_id19_id25_0001,train,fake,/workspace/data/raw/celebdf/Celeb-synthesis/id19_id25_0001.mp4,celebdf
fake_id19_id25_0002,train,fake,/workspace/data/raw/celebdf/Celeb-synthesis/id19_id25_0002.mp4,celebdf
fake_id19_id25_0004,train,fake,/workspace/data/raw/celebdf/Celeb-synthesis/id19_id25_0004.mp4,celebdf
fake_id19_id25_0005,train,fake,/workspace/data/raw/celebdf/Celeb-synthesis/id19_id25_0005.mp4,celebdf
fake_id19_id25_0006,train,fake,/workspace/data/raw/celebdf/Celeb-synthesis/id19_id25_0006.mp4,celebdf
fake_id19_id25_0007,train,fake,/workspace/data/raw/celebdf/Celeb-synthesis/id19_id25_0007.mp4,celebdf
fake_id19_id25_0008,train,fake,/workspace/data/raw/celebdf/Celeb-synthesis/id19_id25_0008.mp4,celebdf
fake_id19_id25_0009,train,fake,/workspace/data/raw/celebdf/Celeb-synthesis/id19_id25_0009.mp4,celebdf
fake_id19_id26_0001,train,fake,/workspace/data/raw/celebdf/Celeb-synthesis/id19_id26_0001.mp4,celebdf
fake_id19_id26_0002,train,fake,/workspace/data/raw/celebdf/Celeb-synthesis/id19_id26_0002.mp4,celebdf
fake_id19_id26_0004,train,fake,/workspace/data/raw/celebdf/Celeb-synthesis/id19_id26_0004.mp4,celebdf
fake_id19_id26_0006,train,fake,/workspace/data/raw/celebdf/Celeb-synthesis/id19_id26_0006.mp4,celebdf
fake_id19_id26_0007,train,fake,/workspace/data/raw/celebdf/Celeb-synthesis/id19_id26_0007.mp4,celebdf
fake_id19_id26_0008,train,fake,/workspace/data/raw/celebdf/Celeb-synthesis/id19_id26_0008.mp4,celebdf
fake_id19_id26_0009,train,fake,/workspace/data/raw/celebdf/Celeb-synthesis/id19_id26_0009.mp4,celebdf
fake_id19_id27_0001,train,fake,/workspace/data/raw/celebdf/Celeb-synthesis/id19_id27_0001.mp4,celebdf
fake_id19_id27_0002,train,fake,/workspace/data/raw/celebdf/Celeb-synthesis/id19_id27_0002.mp4,celebdf
fake_id19_id27_0004,train,fake,/workspace/data/raw/celebdf/Celeb-synthesis/id19_id27_0004.mp4,celebdf
fake_id19_id27_0006,train,fake,/workspace/data/raw/celebdf/Celeb-synthesis/id19_id27_0006.mp4,celebdf
fake_id19_id27_0007,train,fake,/workspace/data/raw/celebdf/Celeb-synthesis/id19_id27_0007.mp4,celebdf
fake_id19_id27_0008,train,fake,/workspace/data/raw/celebdf/Celeb-synthesis/id19_id27_0008.mp4,celebdf
fake_id19_id27_0009,train,fake,/workspace/data/raw/celebdf/Celeb-synthesis/id19_id27_0009.mp4,celebdf
fake_id19_id28_0000,train,fake,/workspace/data/raw/celebdf/Celeb-synthesis/id19_id28_0000.mp4,celebdf
fake_id19_id28_0001,train,fake,/workspace/data/raw/celebdf/Celeb-synthesis/id19_id28_0001.mp4,celebdf
fake_id19_id28_0002,train,fake,/workspace/data/raw/celebdf/Celeb-synthesis/id19_id28_0002.mp4,celebdf
fake_id19_id28_0004,train,fake,/workspace/data/raw/celebdf/Celeb-synthesis/id19_id28_0004.mp4,celebdf
fake_id19_id28_0005,train,fake,/workspace/data/raw/celebdf/Celeb-synthesis/id19_id28_0005.mp4,celebdf
fake_id19_id28_0006,train,fake,/workspace/data/raw/celebdf/Celeb-synthesis/id19_id28_0006.mp4,celebdf
fake_id19_id28_0007,train,fake,/workspace/data/raw/celebdf/Celeb-synthesis/id19_id28_0007.mp4,celebdf
fake_id19_id28_0008,train,fake,/workspace/data/raw/celebdf/Celeb-synthesis/id19_id28_0008.mp4,celebdf
fake_id19_id28_0009,train,fake,/workspace/data/raw/celebdf/Celeb-synthesis/id19_id28_0009.mp4,celebdf
fake_id1_id0_0000,train,fake,/workspace/data/raw/celebdf/Celeb-synthesis/id1_id0_0000.mp4,celebdf
fake_id1_id0_0001,train,fake,/workspace/data/raw/celebdf/Celeb-synthesis/id1_id0_0001.mp4,celebdf
fake_id1_id0_0002,train,fake,/workspace/data/raw/celebdf/Celeb-synthesis/id1_id0_0002.mp4,celebdf
fake_id1_id0_0003,train,fake,/workspace/data/raw/celebdf/Celeb-synthesis/id1_id0_0003.mp4,celebdf
fake_id1_id0_0004,train,fake,/workspace/data/raw/celebdf/Celeb-synthesis/id1_id0_0004.mp4,celebdf
fake_id1_id0_0005,train,fake,/workspace/data/raw/celebdf/Celeb-synthesis/id1_id0_0005.mp4,celebdf
fake_id1_id0_0006,train,fake,/workspace/data/raw/celebdf/Celeb-synthesis/id1_id0_0006.mp4,celebdf
fake_id1_id0_0009,train,fake,/workspace/data/raw/celebdf/Celeb-synthesis/id1_id0_0009.mp4,celebdf
fake_id1_id16_0000,train,fake,/workspace/data/raw/celebdf/Celeb-synthesis/id1_id16_0000.mp4,celebdf
fake_id1_id16_0001,train,fake,/workspace/data/raw/celebdf/Celeb-synthesis/id1_id16_0001.mp4,celebdf
fake_id1_id16_0002,train,fake,/workspace/data/raw/celebdf/Celeb-synthesis/id1_id16_0002.mp4,celebdf
fake_id1_id16_0003,train,fake,/workspace/data/raw/celebdf/Celeb-synthesis/id1_id16_0003.mp4,celebdf
fake_id1_id16_0005,train,fake,/workspace/data/raw/celebdf/Celeb-synthesis/id1_id16_0005.mp4,celebdf
fake_id1_id16_0006,train,fake,/workspace/data/raw/celebdf/Celeb-synthesis/id1_id16_0006.mp4,celebdf
fake_id1_id16_0009,train,fake,/workspace/data/raw/celebdf/Celeb-synthesis/id1_id16_0009.mp4,celebdf
fake_id1_id17_0000,train,fake,/workspace/data/raw/celebdf/Celeb-synthesis/id1_id17_0000.mp4,celebdf
fake_id1_id17_0001,train,fake,/workspace/data/raw/celebdf/Celeb-synthesis/id1_id17_0001.mp4,celebdf
fake_id1_id17_0002,train,fake,/workspace/data/raw/celebdf/Celeb-synthesis/id1_id17_0002.mp4,celebdf
fake_id1_id17_0003,train,fake,/workspace/data/raw/celebdf/Celeb-synthesis/id1_id17_0003.mp4,celebdf
fake_id1_id17_0004,train,fake,/workspace/data/raw/celebdf/Celeb-synthesis/id1_id17_0004.mp4,celebdf
fake_id1_id17_0005,train,fake,/workspace/data/raw/celebdf/Celeb-synthesis/id1_id17_0005.mp4,celebdf
fake_id1_id17_0006,train,fake,/workspace/data/raw/celebdf/Celeb-synthesis/id1_id17_0006.mp4,celebdf
fake_id1_id17_0009,train,fake,/workspace/data/raw/celebdf/Celeb-synthesis/id1_id17_0009.mp4,celebdf
fake_id1_id20_0000,train,fake,/workspace/data/raw/celebdf/Celeb-synthesis/id1_id20_0000.mp4,celebdf
fake_id1_id20_0003,train,fake,/workspace/data/raw/celebdf/Celeb-synthesis/id1_id20_0003.mp4,celebdf
fake_id1_id20_0004,train,fake,/workspace/data/raw/celebdf/Celeb-synthesis/id1_id20_0004.mp4,celebdf
fake_id1_id20_0005,train,fake,/workspace/data/raw/celebdf/Celeb-synthesis/id1_id20_0005.mp4,celebdf
fake_id1_id20_0006,train,fake,/workspace/data/raw/celebdf/Celeb-synthesis/id1_id20_0006.mp4,celebdf
fake_id1_id20_0007,train,fake,/workspace/data/raw/celebdf/Celeb-synthesis/id1_id20_0007.mp4,celebdf
fake_id1_id20_0009,train,fake,/workspace/data/raw/celebdf/Celeb-synthesis/id1_id20_0009.mp4,celebdf
fake_id1_id21_0000,train,fake,/workspace/data/raw/celebdf/Celeb-synthesis/id1_id21_0000.mp4,celebdf
fake_id1_id21_0001,train,fake,/workspace/data/raw/celebdf/Celeb-synthesis/id1_id21_0001.mp4,celebdf
fake_id1_id21_0002,train,fake,/workspace/data/raw/celebdf/Celeb-synthesis/id1_id21_0002.mp4,celebdf
fake_id1_id21_0003,train,fake,/workspace/data/raw/celebdf/Celeb-synthesis/id1_id21_0003.mp4,celebdf
fake_id1_id21_0004,train,fake,/workspace/data/raw/celebdf/Celeb-synthesis/id1_id21_0004.mp4,celebdf
fake_id1_id21_0005,train,fake,/workspace/data/raw/celebdf/Celeb-synthesis/id1_id21_0005.mp4,celebdf
fake_id1_id21_0006,train,fake,/workspace/data/raw/celebdf/Celeb-synthesis/id1_id21_0006.mp4,celebdf
fake_id1_id21_0007,train,fake,/workspace/data/raw/celebdf/Celeb-synthesis/id1_id21_0007.mp4,celebdf
fake_id1_id21_0009,train,fake,/workspace/data/raw/celebdf/Celeb-synthesis/id1_id21_0009.mp4,celebdf
fake_id1_id23_0001,train,fake,/workspace/data/raw/celebdf/Celeb-synthesis/id1_id23_0001.mp4,celebdf
fake_id1_id23_0002,train,fake,/workspace/data/raw/celebdf/Celeb-synthesis/id1_id23_0002.mp4,celebdf
fake_id1_id23_0003,train,fake,/workspace/data/raw/celebdf/Celeb-synthesis/id1_id23_0003.mp4,celebdf
fake_id1_id23_0004,train,fake,/workspace/data/raw/celebdf/Celeb-synthesis/id1_id23_0004.mp4,celebdf
fake_id1_id23_0005,train,fake,/workspace/data/raw/celebdf/Celeb-synthesis/id1_id23_0005.mp4,celebdf
fake_id1_id23_0007,train,fake,/workspace/data/raw/celebdf/Celeb-synthesis/id1_id23_0007.mp4,celebdf
fake_id1_id23_0009,train,fake,/workspace/data/raw/celebdf/Celeb-synthesis/id1_id23_0009.mp4,celebdf
fake_id1_id26_0000,train,fake,/workspace/data/raw/celebdf/Celeb-synthesis/id1_id26_0000.mp4,celebdf
fake_id1_id26_0001,train,fake,/workspace/data/raw/celebdf/Celeb-synthesis/id1_id26_0001.mp4,celebdf
fake_id1_id26_0002,train,fake,/workspace/data/raw/celebdf/Celeb-synthesis/id1_id26_0002.mp4,celebdf
fake_id1_id26_0003,train,fake,/workspace/data/raw/celebdf/Celeb-synthesis/id1_id26_0003.mp4,celebdf
fake_id1_id26_0004,train,fake,/workspace/data/raw/celebdf/Celeb-synthesis/id1_id26_0004.mp4,celebdf
fake_id1_id26_0005,train,fake,/workspace/data/raw/celebdf/Celeb-synthesis/id1_id26_0005.mp4,celebdf
fake_id1_id26_0006,train,fake,/workspace/data/raw/celebdf/Celeb-synthesis/id1_id26_0006.mp4,celebdf
fake_id1_id26_0007,train,fake,/workspace/data/raw/celebdf/Celeb-synthesis/id1_id26_0007.mp4,celebdf
fake_id1_id26_0008,train,fake,/workspace/data/raw/celebdf/Celeb-synthesis/id1_id26_0008.mp4,celebdf
fake_id1_id26_0009,train,fake,/workspace/data/raw/celebdf/Celeb-synthesis/id1_id26_0009.mp4,celebdf
fake_id1_id28_0000,train,fake,/workspace/data/raw/celebdf/Celeb-synthesis/id1_id28_0000.mp4,celebdf
fake_id1_id28_0001,train,fake,/workspace/data/raw/celebdf/Celeb-synthesis/id1_id28_0001.mp4,celebdf
fake_id1_id28_0002,train,fake,/workspace/data/raw/celebdf/Celeb-synthesis/id1_id28_0002.mp4,celebdf
fake_id1_id28_0003,train,fake,/workspace/data/raw/celebdf/Celeb-synthesis/id1_id28_0003.mp4,celebdf
fake_id1_id28_0004,train,fake,/workspace/data/raw/celebdf/Celeb-synthesis/id1_id28_0004.mp4,celebdf
fake_id1_id28_0005,train,fake,/workspace/data/raw/celebdf/Celeb-synthesis/id1_id28_0005.mp4,celebdf
fake_id1_id28_0006,train,fake,/workspace/data/raw/celebdf/Celeb-synthesis/id1_id28_0006.mp4,celebdf
fake_id1_id28_0007,train,fake,/workspace/data/raw/celebdf/Celeb-synthesis/id1_id28_0007.mp4,celebdf
fake_id1_id28_0009,train,fake,/workspace/data/raw/celebdf/Celeb-synthesis/id1_id28_0009.mp4,celebdf
fake_id1_id2_0000,train,fake,/workspace/data/raw/celebdf/Celeb-synthesis/id1_id2_0000.mp4,celebdf
fake_id1_id2_0001,train,fake,/workspace/data/raw/celebdf/Celeb-synthesis/id1_id2_0001.mp4,celebdf
fake_id1_id2_0003,train,fake,/workspace/data/raw/celebdf/Celeb-synthesis/id1_id2_0003.mp4,celebdf
fake_id1_id2_0004,train,fake,/workspace/data/raw/celebdf/Celeb-synthesis/id1_id2_0004.mp4,celebdf
fake_id1_id2_0005,train,fake,/workspace/data/raw/celebdf/Celeb-synthesis/id1_id2_0005.mp4,celebdf
fake_id1_id2_0006,train,fake,/workspace/data/raw/celebdf/Celeb-synthesis/id1_id2_0006.mp4,celebdf
fake_id1_id2_0009,train,fake,/workspace/data/raw/celebdf/Celeb-synthesis/id1_id2_0009.mp4,celebdf
fake_id1_id30_0000,train,fake,/workspace/data/raw/celebdf/Celeb-synthesis/id1_id30_0000.mp4,celebdf
fake_id1_id30_0001,train,fake,/workspace/data/raw/celebdf/Celeb-synthesis/id1_id30_0001.mp4,celebdf
fake_id1_id30_0002,train,fake,/workspace/data/raw/celebdf/Celeb-synthesis/id1_id30_0002.mp4,celebdf
fake_id1_id30_0003,train,fake,/workspace/data/raw/celebdf/Celeb-synthesis/id1_id30_0003.mp4,celebdf
fake_id1_id30_0004,train,fake,/workspace/data/raw/celebdf/Celeb-synthesis/id1_id30_0004.mp4,celebdf
fake_id1_id30_0005,train,fake,/workspace/data/raw/celebdf/Celeb-synthesis/id1_id30_0005.mp4,celebdf
fake_id1_id30_0006,train,fake,/workspace/data/raw/celebdf/Celeb-synthesis/id1_id30_0006.mp4,celebdf
fake_id1_id30_0007,train,fake,/workspace/data/raw/celebdf/Celeb-synthesis/id1_id30_0007.mp4,celebdf
fake_id1_id30_0009,train,fake,/workspace/data/raw/celebdf/Celeb-synthesis/id1_id30_0009.mp4,celebdf
fake_id1_id31_0000,train,fake,/workspace/data/raw/celebdf/Celeb-synthesis/id1_id31_0000.mp4,celebdf
fake_id1_id31_0001,train,fake,/workspace/data/raw/celebdf/Celeb-synthesis/id1_id31_0001.mp4,celebdf
fake_id1_id31_0002,train,fake,/workspace/data/raw/celebdf/Celeb-synthesis/id1_id31_0002.mp4,celebdf
fake_id1_id31_0003,train,fake,/workspace/data/raw/celebdf/Celeb-synthesis/id1_id31_0003.mp4,celebdf
fake_id1_id31_0004,train,fake,/workspace/data/raw/celebdf/Celeb-synthesis/id1_id31_0004.mp4,celebdf
fake_id1_id31_0005,train,fake,/workspace/data/raw/celebdf/Celeb-synthesis/id1_id31_0005.mp4,celebdf
fake_id1_id31_0006,train,fake,/workspace/data/raw/celebdf/Celeb-synthesis/id1_id31_0006.mp4,celebdf
fake_id1_id31_0007,train,fake,/workspace/data/raw/celebdf/Celeb-synthesis/id1_id31_0007.mp4,celebdf
fake_id1_id31_0009,train,fake,/workspace/data/raw/celebdf/Celeb-synthesis/id1_id31_0009.mp4,celebdf
fake_id1_id35_0000,train,fake,/workspace/data/raw/celebdf/Celeb-synthesis/id1_id35_0000.mp4,celebdf
fake_id1_id35_0001,train,fake,/workspace/data/raw/celebdf/Celeb-synthesis/id1_id35_0001.mp4,celebdf
fake_id1_id35_0002,train,fake,/workspace/data/raw/celebdf/Celeb-synthesis/id1_id35_0002.mp4,celebdf
fake_id1_id35_0003,train,fake,/workspace/data/raw/celebdf/Celeb-synthesis/id1_id35_0003.mp4,celebdf
fake_id1_id35_0004,train,fake,/workspace/data/raw/celebdf/Celeb-synthesis/id1_id35_0004.mp4,celebdf
fake_id1_id35_0005,train,fake,/workspace/data/raw/celebdf/Celeb-synthesis/id1_id35_0005.mp4,celebdf
fake_id1_id35_0006,train,fake,/workspace/data/raw/celebdf/Celeb-synthesis/id1_id35_0006.mp4,celebdf
fake_id1_id35_0007,train,fake,/workspace/data/raw/celebdf/Celeb-synthesis/id1_id35_0007.mp4,celebdf
fake_id1_id35_0009,train,fake,/workspace/data/raw/celebdf/Celeb-synthesis/id1_id35_0009.mp4,celebdf
fake_id1_id37_0000,train,fake,/workspace/data/raw/celebdf/Celeb-synthesis/id1_id37_0000.mp4,celebdf
fake_id1_id37_0001,train,fake,/workspace/data/raw/celebdf/Celeb-synthesis/id1_id37_0001.mp4,celebdf
fake_id1_id37_0002,train,fake,/workspace/data/raw/celebdf/Celeb-synthesis/id1_id37_0002.mp4,celebdf
fake_id1_id37_0003,train,fake,/workspace/data/raw/celebdf/Celeb-synthesis/id1_id37_0003.mp4,celebdf
fake_id1_id37_0004,train,fake,/workspace/data/raw/celebdf/Celeb-synthesis/id1_id37_0004.mp4,celebdf
fake_id1_id37_0005,train,fake,/workspace/data/raw/celebdf/Celeb-synthesis/id1_id37_0005.mp4,celebdf
fake_id1_id37_0006,train,fake,/workspace/data/raw/celebdf/Celeb-synthesis/id1_id37_0006.mp4,celebdf
fake_id1_id37_0007,train,fake,/workspace/data/raw/celebdf/Celeb-synthesis/id1_id37_0007.mp4,celebdf
fake_id1_id37_0009,train,fake,/workspace/data/raw/celebdf/Celeb-synthesis/id1_id37_0009.mp4,celebdf
fake_id1_id3_0000,train,fake,/workspace/data/raw/celebdf/Celeb-synthesis/id1_id3_0000.mp4,celebdf
fake_id1_id3_0001,train,fake,/workspace/data/raw/celebdf/Celeb-synthesis/id1_id3_0001.mp4,celebdf
fake_id1_id3_0004,train,fake,/workspace/data/raw/celebdf/Celeb-synthesis/id1_id3_0004.mp4,celebdf
fake_id1_id3_0005,train,fake,/workspace/data/raw/celebdf/Celeb-synthesis/id1_id3_0005.mp4,celebdf
fake_id1_id4_0000,train,fake,/workspace/data/raw/celebdf/Celeb-synthesis/id1_id4_0000.mp4,celebdf
fake_id1_id4_0001,train,fake,/workspace/data/raw/celebdf/Celeb-synthesis/id1_id4_0001.mp4,celebdf
fake_id1_id4_0002,train,fake,/workspace/data/raw/celebdf/Celeb-synthesis/id1_id4_0002.mp4,celebdf
fake_id1_id4_0003,train,fake,/workspace/data/raw/celebdf/Celeb-synthesis/id1_id4_0003.mp4,celebdf
fake_id1_id4_0004,train,fake,/workspace/data/raw/celebdf/Celeb-synthesis/id1_id4_0004.mp4,celebdf
fake_id1_id4_0005,train,fake,/workspace/data/raw/celebdf/Celeb-synthesis/id1_id4_0005.mp4,celebdf
fake_id1_id4_0006,train,fake,/workspace/data/raw/celebdf/Celeb-synthesis/id1_id4_0006.mp4,celebdf
fake_id1_id4_0009,train,fake,/workspace/data/raw/celebdf/Celeb-synthesis/id1_id4_0009.mp4,celebdf
fake_id1_id6_0000,train,fake,/workspace/data/raw/celebdf/Celeb-synthesis/id1_id6_0000.mp4,celebdf
fake_id1_id6_0001,train,fake,/workspace/data/raw/celebdf/Celeb-synthesis/id1_id6_0001.mp4,celebdf
fake_id1_id6_0002,train,fake,/workspace/data/raw/celebdf/Celeb-synthesis/id1_id6_0002.mp4,celebdf
fake_id1_id6_0003,train,fake,/workspace/data/raw/celebdf/Celeb-synthesis/id1_id6_0003.mp4,celebdf
fake_id1_id6_0004,train,fake,/workspace/data/raw/celebdf/Celeb-synthesis/id1_id6_0004.mp4,celebdf
fake_id1_id6_0005,train,fake,/workspace/data/raw/celebdf/Celeb-synthesis/id1_id6_0005.mp4,celebdf
fake_id1_id6_0006,train,fake,/workspace/data/raw/celebdf/Celeb-synthesis/id1_id6_0006.mp4,celebdf
fake_id1_id6_0007,train,fake,/workspace/data/raw/celebdf/Celeb-synthesis/id1_id6_0007.mp4,celebdf
fake_id1_id6_0009,train,fake,/workspace/data/raw/celebdf/Celeb-synthesis/id1_id6_0009.mp4,celebdf
fake_id1_id9_0000,train,fake,/workspace/data/raw/celebdf/Celeb-synthesis/id1_id9_0000.mp4,celebdf
fake_id1_id9_0001,train,fake,/workspace/data/raw/celebdf/Celeb-synthesis/id1_id9_0001.mp4,celebdf
fake_id1_id9_0002,train,fake,/workspace/data/raw/celebdf/Celeb-synthesis/id1_id9_0002.mp4,celebdf
fake_id1_id9_0003,train,fake,/workspace/data/raw/celebdf/Celeb-synthesis/id1_id9_0003.mp4,celebdf
fake_id1_id9_0004,train,fake,/workspace/data/raw/celebdf/Celeb-synthesis/id1_id9_0004.mp4,celebdf
fake_id1_id9_0005,train,fake,/workspace/data/raw/celebdf/Celeb-synthesis/id1_id9_0005.mp4,celebdf
fake_id1_id9_0006,train,fake,/workspace/data/raw/celebdf/Celeb-synthesis/id1_id9_0006.mp4,celebdf
fake_id1_id9_0009,train,fake,/workspace/data/raw/celebdf/Celeb-synthesis/id1_id9_0009.mp4,celebdf
fake_id20_id0_0000,train,fake,/workspace/data/raw/celebdf/Celeb-synthesis/id20_id0_0000.mp4,celebdf
fake_id20_id0_0001,train,fake,/workspace/data/raw/celebdf/Celeb-synthesis/id20_id0_0001.mp4,celebdf
fake_id20_id0_0002,train,fake,/workspace/data/raw/celebdf/Celeb-synthesis/id20_id0_0002.mp4,celebdf
fake_id20_id0_0003,train,fake,/workspace/data/raw/celebdf/Celeb-synthesis/id20_id0_0003.mp4,celebdf
fake_id20_id0_0005,train,fake,/workspace/data/raw/celebdf/Celeb-synthesis/id20_id0_0005.mp4,celebdf
fake_id20_id0_0008,train,fake,/workspace/data/raw/celebdf/Celeb-synthesis/id20_id0_0008.mp4,celebdf
fake_id20_id0_0009,train,fake,/workspace/data/raw/celebdf/Celeb-synthesis/id20_id0_0009.mp4,celebdf
fake_id20_id16_0000,train,fake,/workspace/data/raw/celebdf/Celeb-synthesis/id20_id16_0000.mp4,celebdf
fake_id20_id16_0001,train,fake,/workspace/data/raw/celebdf/Celeb-synthesis/id20_id16_0001.mp4,celebdf
fake_id20_id16_0002,train,fake,/workspace/data/raw/celebdf/Celeb-synthesis/id20_id16_0002.mp4,celebdf
fake_id20_id16_0003,train,fake,/workspace/data/raw/celebdf/Celeb-synthesis/id20_id16_0003.mp4,celebdf
fake_id20_id16_0005,train,fake,/workspace/data/raw/celebdf/Celeb-synthesis/id20_id16_0005.mp4,celebdf
fake_id20_id16_0006,train,fake,/workspace/data/raw/celebdf/Celeb-synthesis/id20_id16_0006.mp4,celebdf
fake_id20_id16_0007,train,fake,/workspace/data/raw/celebdf/Celeb-synthesis/id20_id16_0007.mp4,celebdf
fake_id20_id16_0008,train,fake,/workspace/data/raw/celebdf/Celeb-synthesis/id20_id16_0008.mp4,celebdf
fake_id20_id16_0009,train,fake,/workspace/data/raw/celebdf/Celeb-synthesis/id20_id16_0009.mp4,celebdf
fake_id20_id17_0000,train,fake,/workspace/data/raw/celebdf/Celeb-synthesis/id20_id17_0000.mp4,celebdf
fake_id20_id17_0001,train,fake,/workspace/data/raw/celebdf/Celeb-synthesis/id20_id17_0001.mp4,celebdf
fake_id20_id17_0002,train,fake,/workspace/data/raw/celebdf/Celeb-synthesis/id20_id17_0002.mp4,celebdf
fake_id20_id17_0004,train,fake,/workspace/data/raw/celebdf/Celeb-synthesis/id20_id17_0004.mp4,celebdf
fake_id20_id17_0005,train,fake,/workspace/data/raw/celebdf/Celeb-synthesis/id20_id17_0005.mp4,celebdf
fake_id20_id17_0006,train,fake,/workspace/data/raw/celebdf/Celeb-synthesis/id20_id17_0006.mp4,celebdf
fake_id20_id17_0008,train,fake,/workspace/data/raw/celebdf/Celeb-synthesis/id20_id17_0008.mp4,celebdf
fake_id20_id17_0009,train,fake,/workspace/data/raw/celebdf/Celeb-synthesis/id20_id17_0009.mp4,celebdf
fake_id20_id19_0000,train,fake,/workspace/data/raw/celebdf/Celeb-synthesis/id20_id19_0000.mp4,celebdf
fake_id20_id19_0005,train,fake,/workspace/data/raw/celebdf/Celeb-synthesis/id20_id19_0005.mp4,celebdf
fake_id20_id19_0006,train,fake,/workspace/data/raw/celebdf/Celeb-synthesis/id20_id19_0006.mp4,celebdf
fake_id20_id19_0008,train,fake,/workspace/data/raw/celebdf/Celeb-synthesis/id20_id19_0008.mp4,celebdf
fake_id20_id19_0009,train,fake,/workspace/data/raw/celebdf/Celeb-synthesis/id20_id19_0009.mp4,celebdf
fake_id20_id1_0000,train,fake,/workspace/data/raw/celebdf/Celeb-synthesis/id20_id1_0000.mp4,celebdf
fake_id20_id1_0001,train,fake,/workspace/data/raw/celebdf/Celeb-synthesis/id20_id1_0001.mp4,celebdf
fake_id20_id1_0002,train,fake,/workspace/data/raw/celebdf/Celeb-synthesis/id20_id1_0002.mp4,celebdf
fake_id20_id1_0004,train,fake,/workspace/data/raw/celebdf/Celeb-synthesis/id20_id1_0004.mp4,celebdf
fake_id20_id1_0005,train,fake,/workspace/data/raw/celebdf/Celeb-synthesis/id20_id1_0005.mp4,celebdf
fake_id20_id1_0006,train,fake,/workspace/data/raw/celebdf/Celeb-synthesis/id20_id1_0006.mp4,celebdf
fake_id20_id1_0008,train,fake,/workspace/data/raw/celebdf/Celeb-synthesis/id20_id1_0008.mp4,celebdf
fake_id20_id1_0009,train,fake,/workspace/data/raw/celebdf/Celeb-synthesis/id20_id1_0009.mp4,celebdf
fake_id20_id21_0000,train,fake,/workspace/data/raw/celebdf/Celeb-synthesis/id20_id21_0000.mp4,celebdf
fake_id20_id21_0001,train,fake,/workspace/data/raw/celebdf/Celeb-synthesis/id20_id21_0001.mp4,celebdf
fake_id20_id21_0002,train,fake,/workspace/data/raw/celebdf/Celeb-synthesis/id20_id21_0002.mp4,celebdf
fake_id20_id21_0003,train,fake,/workspace/data/raw/celebdf/Celeb-synthesis/id20_id21_0003.mp4,celebdf
fake_id20_id21_0005,train,fake,/workspace/data/raw/celebdf/Celeb-synthesis/id20_id21_0005.mp4,celebdf
fake_id20_id21_0006,train,fake,/workspace/data/raw/celebdf/Celeb-synthesis/id20_id21_0006.mp4,celebdf
fake_id20_id21_0008,train,fake,/workspace/data/raw/celebdf/Celeb-synthesis/id20_id21_0008.mp4,celebdf
fake_id20_id21_0009,train,fake,/workspace/data/raw/celebdf/Celeb-synthesis/id20_id21_0009.mp4,celebdf
fake_id20_id22_0001,train,fake,/workspace/data/raw/celebdf/Celeb-synthesis/id20_id22_0001.mp4,celebdf
fake_id20_id22_0002,train,fake,/workspace/data/raw/celebdf/Celeb-synthesis/id20_id22_0002.mp4,celebdf
fake_id20_id22_0003,train,fake,/workspace/data/raw/celebdf/Celeb-synthesis/id20_id22_0003.mp4,celebdf
fake_id20_id22_0005,train,fake,/workspace/data/raw/celebdf/Celeb-synthesis/id20_id22_0005.mp4,celebdf
fake_id20_id22_0006,train,fake,/workspace/data/raw/celebdf/Celeb-synthesis/id20_id22_0006.mp4,celebdf
fake_id20_id22_0008,train,fake,/workspace/data/raw/celebdf/Celeb-synthesis/id20_id22_0008.mp4,celebdf
fake_id20_id22_0009,train,fake,/workspace/data/raw/celebdf/Celeb-synthesis/id20_id22_0009.mp4,celebdf
fake_id20_id23_0000,train,fake,/workspace/data/raw/celebdf/Celeb-synthesis/id20_id23_0000.mp4,celebdf
fake_id20_id23_0002,train,fake,/workspace/data/raw/celebdf/Celeb-synthesis/id20_id23_0002.mp4,celebdf
fake_id20_id23_0003,train,fake,/workspace/data/raw/celebdf/Celeb-synthesis/id20_id23_0003.mp4,celebdf
fake_id20_id23_0005,train,fake,/workspace/data/raw/celebdf/Celeb-synthesis/id20_id23_0005.mp4,celebdf
fake_id20_id23_0006,train,fake,/workspace/data/raw/celebdf/Celeb-synthesis/id20_id23_0006.mp4,celebdf
fake_id20_id23_0007,train,fake,/workspace/data/raw/celebdf/Celeb-synthesis/id20_id23_0007.mp4,celebdf
fake_id20_id23_0008,train,fake,/workspace/data/raw/celebdf/Celeb-synthesis/id20_id23_0008.mp4,celebdf
fake_id20_id23_0009,train,fake,/workspace/data/raw/celebdf/Celeb-synthesis/id20_id23_0009.mp4,celebdf
fake_id20_id24_0000,train,fake,/workspace/data/raw/celebdf/Celeb-synthesis/id20_id24_0000.mp4,celebdf
fake_id20_id24_0001,train,fake,/workspace/data/raw/celebdf/Celeb-synthesis/id20_id24_0001.mp4,celebdf
fake_id20_id24_0002,train,fake,/workspace/data/raw/celebdf/Celeb-synthesis/id20_id24_0002.mp4,celebdf
fake_id20_id24_0003,train,fake,/workspace/data/raw/celebdf/Celeb-synthesis/id20_id24_0003.mp4,celebdf
fake_id20_id24_0005,train,fake,/workspace/data/raw/celebdf/Celeb-synthesis/id20_id24_0005.mp4,celebdf
fake_id20_id24_0006,train,fake,/workspace/data/raw/celebdf/Celeb-synthesis/id20_id24_0006.mp4,celebdf
fake_id20_id24_0008,train,fake,/workspace/data/raw/celebdf/Celeb-synthesis/id20_id24_0008.mp4,celebdf
fake_id20_id24_0009,train,fake,/workspace/data/raw/celebdf/Celeb-synthesis/id20_id24_0009.mp4,celebdf
fake_id20_id25_0000,train,fake,/workspace/data/raw/celebdf/Celeb-synthesis/id20_id25_0000.mp4,celebdf
fake_id20_id25_0001,train,fake,/workspace/data/raw/celebdf/Celeb-synthesis/id20_id25_0001.mp4,celebdf
fake_id20_id25_0002,train,fake,/workspace/data/raw/celebdf/Celeb-synthesis/id20_id25_0002.mp4,celebdf
fake_id20_id25_0003,train,fake,/workspace/data/raw/celebdf/Celeb-synthesis/id20_id25_0003.mp4,celebdf
fake_id20_id25_0005,train,fake,/workspace/data/raw/celebdf/Celeb-synthesis/id20_id25_0005.mp4,celebdf
fake_id20_id25_0006,train,fake,/workspace/data/raw/celebdf/Celeb-synthesis/id20_id25_0006.mp4,celebdf
fake_id20_id25_0008,train,fake,/workspace/data/raw/celebdf/Celeb-synthesis/id20_id25_0008.mp4,celebdf
fake_id20_id26_0002,train,fake,/workspace/data/raw/celebdf/Celeb-synthesis/id20_id26_0002.mp4,celebdf
fake_id20_id26_0008,train,fake,/workspace/data/raw/celebdf/Celeb-synthesis/id20_id26_0008.mp4,celebdf
fake_id20_id26_0009,train,fake,/workspace/data/raw/celebdf/Celeb-synthesis/id20_id26_0009.mp4,celebdf
fake_id20_id27_0000,train,fake,/workspace/data/raw/celebdf/Celeb-synthesis/id20_id27_0000.mp4,celebdf
fake_id20_id27_0001,train,fake,/workspace/data/raw/celebdf/Celeb-synthesis/id20_id27_0001.mp4,celebdf
fake_id20_id27_0002,train,fake,/workspace/data/raw/celebdf/Celeb-synthesis/id20_id27_0002.mp4,celebdf
fake_id20_id27_0005,train,fake,/workspace/data/raw/celebdf/Celeb-synthesis/id20_id27_0005.mp4,celebdf
fake_id20_id27_0008,train,fake,/workspace/data/raw/celebdf/Celeb-synthesis/id20_id27_0008.mp4,celebdf
fake_id20_id27_0009,train,fake,/workspace/data/raw/celebdf/Celeb-synthesis/id20_id27_0009.mp4,celebdf
fake_id20_id28_0000,train,fake,/workspace/data/raw/celebdf/Celeb-synthesis/id20_id28_0000.mp4,celebdf
fake_id20_id28_0001,train,fake,/workspace/data/raw/celebdf/Celeb-synthesis/id20_id28_0001.mp4,celebdf
fake_id20_id28_0002,train,fake,/workspace/data/raw/celebdf/Celeb-synthesis/id20_id28_0002.mp4,celebdf
fake_id20_id28_0003,train,fake,/workspace/data/raw/celebdf/Celeb-synthesis/id20_id28_0003.mp4,celebdf
fake_id20_id28_0005,train,fake,/workspace/data/raw/celebdf/Celeb-synthesis/id20_id28_0005.mp4,celebdf
fake_id20_id28_0006,train,fake,/workspace/data/raw/celebdf/Celeb-synthesis/id20_id28_0006.mp4,celebdf
fake_id20_id28_0008,train,fake,/workspace/data/raw/celebdf/Celeb-synthesis/id20_id28_0008.mp4,celebdf
fake_id20_id28_0009,train,fake,/workspace/data/raw/celebdf/Celeb-synthesis/id20_id28_0009.mp4,celebdf
fake_id20_id29_0000,train,fake,/workspace/data/raw/celebdf/Celeb-synthesis/id20_id29_0000.mp4,celebdf
fake_id20_id29_0002,train,fake,/workspace/data/raw/celebdf/Celeb-synthesis/id20_id29_0002.mp4,celebdf
fake_id20_id29_0003,train,fake,/workspace/data/raw/celebdf/Celeb-synthesis/id20_id29_0003.mp4,celebdf
fake_id20_id29_0005,train,fake,/workspace/data/raw/celebdf/Celeb-synthesis/id20_id29_0005.mp4,celebdf
fake_id20_id29_0006,train,fake,/workspace/data/raw/celebdf/Celeb-synthesis/id20_id29_0006.mp4,celebdf
fake_id20_id29_0008,train,fake,/workspace/data/raw/celebdf/Celeb-synthesis/id20_id29_0008.mp4,celebdf
fake_id20_id29_0009,train,fake,/workspace/data/raw/celebdf/Celeb-synthesis/id20_id29_0009.mp4,celebdf
fake_id20_id2_0000,train,fake,/workspace/data/raw/celebdf/Celeb-synthesis/id20_id2_0000.mp4,celebdf
fake_id20_id2_0001,train,fake,/workspace/data/raw/celebdf/Celeb-synthesis/id20_id2_0001.mp4,celebdf
fake_id20_id2_0002,train,fake,/workspace/data/raw/celebdf/Celeb-synthesis/id20_id2_0002.mp4,celebdf
fake_id20_id2_0003,train,fake,/workspace/data/raw/celebdf/Celeb-synthesis/id20_id2_0003.mp4,celebdf
fake_id20_id2_0005,train,fake,/workspace/data/raw/celebdf/Celeb-synthesis/id20_id2_0005.mp4,celebdf
fake_id20_id2_0006,train,fake,/workspace/data/raw/celebdf/Celeb-synthesis/id20_id2_0006.mp4,celebdf
fake_id20_id2_0007,train,fake,/workspace/data/raw/celebdf/Celeb-synthesis/id20_id2_0007.mp4,celebdf
fake_id20_id2_0008,train,fake,/workspace/data/raw/celebdf/Celeb-synthesis/id20_id2_0008.mp4,celebdf
fake_id20_id2_0009,train,fake,/workspace/data/raw/celebdf/Celeb-synthesis/id20_id2_0009.mp4,celebdf
fake_id20_id30_0000,train,fake,/workspace/data/raw/celebdf/Celeb-synthesis/id20_id30_0000.mp4,celebdf
fake_id20_id30_0001,train,fake,/workspace/data/raw/celebdf/Celeb-synthesis/id20_id30_0001.mp4,celebdf
fake_id20_id30_0002,train,fake,/workspace/data/raw/celebdf/Celeb-synthesis/id20_id30_0002.mp4,celebdf
fake_id20_id30_0003,train,fake,/workspace/data/raw/celebdf/Celeb-synthesis/id20_id30_0003.mp4,celebdf
fake_id20_id30_0005,train,fake,/workspace/data/raw/celebdf/Celeb-synthesis/id20_id30_0005.mp4,celebdf
fake_id20_id30_0006,train,fake,/workspace/data/raw/celebdf/Celeb-synthesis/id20_id30_0006.mp4,celebdf
fake_id20_id30_0008,train,fake,/workspace/data/raw/celebdf/Celeb-synthesis/id20_id30_0008.mp4,celebdf
fake_id20_id30_0009,train,fake,/workspace/data/raw/celebdf/Celeb-synthesis/id20_id30_0009.mp4,celebdf
fake_id20_id31_0000,train,fake,/workspace/data/raw/celebdf/Celeb-synthesis/id20_id31_0000.mp4,celebdf
fake_id20_id31_0001,train,fake,/workspace/data/raw/celebdf/Celeb-synthesis/id20_id31_0001.mp4,celebdf
fake_id20_id31_0002,train,fake,/workspace/data/raw/celebdf/Celeb-synthesis/id20_id31_0002.mp4,celebdf
fake_id20_id31_0003,train,fake,/workspace/data/raw/celebdf/Celeb-synthesis/id20_id31_0003.mp4,celebdf
fake_id20_id31_0005,train,fake,/workspace/data/raw/celebdf/Celeb-synthesis/id20_id31_0005.mp4,celebdf
fake_id20_id31_0007,train,fake,/workspace/data/raw/celebdf/Celeb-synthesis/id20_id31_0007.mp4,celebdf
fake_id20_id31_0009,train,fake,/workspace/data/raw/celebdf/Celeb-synthesis/id20_id31_0009.mp4,celebdf
fake_id20_id32_0000,train,fake,/workspace/data/raw/celebdf/Celeb-synthesis/id20_id32_0000.mp4,celebdf
fake_id20_id32_0001,train,fake,/workspace/data/raw/celebdf/Celeb-synthesis/id20_id32_0001.mp4,celebdf
fake_id20_id32_0002,train,fake,/workspace/data/raw/celebdf/Celeb-synthesis/id20_id32_0002.mp4,celebdf
fake_id20_id32_0003,train,fake,/workspace/data/raw/celebdf/Celeb-synthesis/id20_id32_0003.mp4,celebdf
fake_id20_id32_0005,train,fake,/workspace/data/raw/celebdf/Celeb-synthesis/id20_id32_0005.mp4,celebdf
fake_id20_id32_0006,train,fake,/workspace/data/raw/celebdf/Celeb-synthesis/id20_id32_0006.mp4,celebdf
fake_id20_id32_0007,train,fake,/workspace/data/raw/celebdf/Celeb-synthesis/id20_id32_0007.mp4,celebdf
fake_id20_id32_0008,train,fake,/workspace/data/raw/celebdf/Celeb-synthesis/id20_id32_0008.mp4,celebdf
fake_id20_id32_0009,train,fake,/workspace/data/raw/celebdf/Celeb-synthesis/id20_id32_0009.mp4,celebdf
fake_id20_id33_0000,train,fake,/workspace/data/raw/celebdf/Celeb-synthesis/id20_id33_0000.mp4,celebdf
fake_id20_id33_0001,train,fake,/workspace/data/raw/celebdf/Celeb-synthesis/id20_id33_0001.mp4,celebdf
fake_id20_id33_0002,train,fake,/workspace/data/raw/celebdf/Celeb-synthesis/id20_id33_0002.mp4,celebdf
fake_id20_id33_0003,train,fake,/workspace/data/raw/celebdf/Celeb-synthesis/id20_id33_0003.mp4,celebdf
fake_id20_id33_0005,train,fake,/workspace/data/raw/celebdf/Celeb-synthesis/id20_id33_0005.mp4,celebdf
fake_id20_id33_0006,train,fake,/workspace/data/raw/celebdf/Celeb-synthesis/id20_id33_0006.mp4,celebdf
fake_id20_id33_0007,train,fake,/workspace/data/raw/celebdf/Celeb-synthesis/id20_id33_0007.mp4,celebdf
fake_id20_id33_0008,train,fake,/workspace/data/raw/celebdf/Celeb-synthesis/id20_id33_0008.mp4,celebdf
fake_id20_id33_0009,train,fake,/workspace/data/raw/celebdf/Celeb-synthesis/id20_id33_0009.mp4,celebdf
fake_id20_id34_0000,train,fake,/workspace/data/raw/celebdf/Celeb-synthesis/id20_id34_0000.mp4,celebdf
fake_id20_id34_0002,train,fake,/workspace/data/raw/celebdf/Celeb-synthesis/id20_id34_0002.mp4,celebdf
fake_id20_id34_0003,train,fake,/workspace/data/raw/celebdf/Celeb-synthesis/id20_id34_0003.mp4,celebdf
fake_id20_id34_0006,train,fake,/workspace/data/raw/celebdf/Celeb-synthesis/id20_id34_0006.mp4,celebdf
fake_id20_id34_0008,train,fake,/workspace/data/raw/celebdf/Celeb-synthesis/id20_id34_0008.mp4,celebdf
fake_id20_id34_0009,train,fake,/workspace/data/raw/celebdf/Celeb-synthesis/id20_id34_0009.mp4,celebdf
fake_id20_id35_0000,train,fake,/workspace/data/raw/celebdf/Celeb-synthesis/id20_id35_0000.mp4,celebdf
fake_id20_id35_0001,train,fake,/workspace/data/raw/celebdf/Celeb-synthesis/id20_id35_0001.mp4,celebdf
fake_id20_id35_0002,train,fake,/workspace/data/raw/celebdf/Celeb-synthesis/id20_id35_0002.mp4,celebdf
fake_id20_id35_0003,train,fake,/workspace/data/raw/celebdf/Celeb-synthesis/id20_id35_0003.mp4,celebdf
fake_id20_id35_0004,train,fake,/workspace/data/raw/celebdf/Celeb-synthesis/id20_id35_0004.mp4,celebdf
fake_id20_id35_0005,train,fake,/workspace/data/raw/celebdf/Celeb-synthesis/id20_id35_0005.mp4,celebdf
fake_id20_id35_0006,train,fake,/workspace/data/raw/celebdf/Celeb-synthesis/id20_id35_0006.mp4,celebdf
fake_id20_id35_0007,train,fake,/workspace/data/raw/celebdf/Celeb-synthesis/id20_id35_0007.mp4,celebdf
fake_id20_id35_0008,train,fake,/workspace/data/raw/celebdf/Celeb-synthesis/id20_id35_0008.mp4,celebdf
fake_id20_id35_0009,train,fake,/workspace/data/raw/celebdf/Celeb-synthesis/id20_id35_0009.mp4,celebdf
fake_id20_id37_0000,train,fake,/workspace/data/raw/celebdf/Celeb-synthesis/id20_id37_0000.mp4,celebdf
fake_id20_id37_0002,train,fake,/workspace/data/raw/celebdf/Celeb-synthesis/id20_id37_0002.mp4,celebdf
fake_id20_id37_0003,train,fake,/workspace/data/raw/celebdf/Celeb-synthesis/id20_id37_0003.mp4,celebdf
fake_id20_id37_0005,train,fake,/workspace/data/raw/celebdf/Celeb-synthesis/id20_id37_0005.mp4,celebdf
fake_id20_id37_0006,train,fake,/workspace/data/raw/celebdf/Celeb-synthesis/id20_id37_0006.mp4,celebdf
fake_id20_id37_0007,train,fake,/workspace/data/raw/celebdf/Celeb-synthesis/id20_id37_0007.mp4,celebdf
fake_id20_id37_0008,train,fake,/workspace/data/raw/celebdf/Celeb-synthesis/id20_id37_0008.mp4,celebdf
fake_id20_id37_0009,train,fake,/workspace/data/raw/celebdf/Celeb-synthesis/id20_id37_0009.mp4,celebdf
fake_id20_id38_0000,train,fake,/workspace/data/raw/celebdf/Celeb-synthesis/id20_id38_0000.mp4,celebdf
fake_id20_id38_0002,train,fake,/workspace/data/raw/celebdf/Celeb-synthesis/id20_id38_0002.mp4,celebdf
fake_id20_id38_0006,train,fake,/workspace/data/raw/celebdf/Celeb-synthesis/id20_id38_0006.mp4,celebdf
fake_id20_id38_0008,train,fake,/workspace/data/raw/celebdf/Celeb-synthesis/id20_id38_0008.mp4,celebdf
fake_id20_id38_0009,train,fake,/workspace/data/raw/celebdf/Celeb-synthesis/id20_id38_0009.mp4,celebdf
fake_id20_id3_0000,train,fake,/workspace/data/raw/celebdf/Celeb-synthesis/id20_id3_0000.mp4,celebdf
fake_id20_id3_0001,train,fake,/workspace/data/raw/celebdf/Celeb-synthesis/id20_id3_0001.mp4,celebdf
fake_id20_id3_0002,train,fake,/workspace/data/raw/celebdf/Celeb-synthesis/id20_id3_0002.mp4,celebdf
fake_id20_id3_0003,train,fake,/workspace/data/raw/celebdf/Celeb-synthesis/id20_id3_0003.mp4,celebdf
fake_id20_id3_0004,train,fake,/workspace/data/raw/celebdf/Celeb-synthesis/id20_id3_0004.mp4,celebdf
fake_id20_id3_0005,train,fake,/workspace/data/raw/celebdf/Celeb-synthesis/id20_id3_0005.mp4,celebdf
fake_id20_id3_0006,train,fake,/workspace/data/raw/celebdf/Celeb-synthesis/id20_id3_0006.mp4,celebdf
fake_id20_id3_0007,train,fake,/workspace/data/raw/celebdf/Celeb-synthesis/id20_id3_0007.mp4,celebdf
fake_id20_id3_0008,train,fake,/workspace/data/raw/celebdf/Celeb-synthesis/id20_id3_0008.mp4,celebdf
fake_id20_id3_0009,train,fake,/workspace/data/raw/celebdf/Celeb-synthesis/id20_id3_0009.mp4,celebdf
fake_id20_id4_0000,train,fake,/workspace/data/raw/celebdf/Celeb-synthesis/id20_id4_0000.mp4,celebdf
fake_id20_id4_0001,train,fake,/workspace/data/raw/celebdf/Celeb-synthesis/id20_id4_0001.mp4,celebdf
fake_id20_id4_0002,train,fake,/workspace/data/raw/celebdf/Celeb-synthesis/id20_id4_0002.mp4,celebdf
fake_id20_id4_0003,train,fake,/workspace/data/raw/celebdf/Celeb-synthesis/id20_id4_0003.mp4,celebdf
fake_id20_id4_0004,train,fake,/workspace/data/raw/celebdf/Celeb-synthesis/id20_id4_0004.mp4,celebdf
fake_id20_id4_0005,train,fake,/workspace/data/raw/celebdf/Celeb-synthesis/id20_id4_0005.mp4,celebdf
fake_id20_id4_0006,train,fake,/workspace/data/raw/celebdf/Celeb-synthesis/id20_id4_0006.mp4,celebdf
fake_id20_id4_0007,train,fake,/workspace/data/raw/celebdf/Celeb-synthesis/id20_id4_0007.mp4,celebdf
fake_id20_id4_0008,train,fake,/workspace/data/raw/celebdf/Celeb-synthesis/id20_id4_0008.mp4,celebdf
fake_id20_id4_0009,train,fake,/workspace/data/raw/celebdf/Celeb-synthesis/id20_id4_0009.mp4,celebdf
fake_id20_id6_0000,train,fake,/workspace/data/raw/celebdf/Celeb-synthesis/id20_id6_0000.mp4,celebdf
fake_id20_id6_0005,train,fake,/workspace/data/raw/celebdf/Celeb-synthesis/id20_id6_0005.mp4,celebdf
fake_id20_id6_0006,train,fake,/workspace/data/raw/celebdf/Celeb-synthesis/id20_id6_0006.mp4,celebdf
fake_id20_id6_0008,train,fake,/workspace/data/raw/celebdf/Celeb-synthesis/id20_id6_0008.mp4,celebdf
fake_id20_id6_0009,train,fake,/workspace/data/raw/celebdf/Celeb-synthesis/id20_id6_0009.mp4,celebdf
fake_id20_id9_0000,train,fake,/workspace/data/raw/celebdf/Celeb-synthesis/id20_id9_0000.mp4,celebdf
fake_id20_id9_0001,train,fake,/workspace/data/raw/celebdf/Celeb-synthesis/id20_id9_0001.mp4,celebdf
fake_id20_id9_0002,train,fake,/workspace/data/raw/celebdf/Celeb-synthesis/id20_id9_0002.mp4,celebdf
fake_id20_id9_0003,train,fake,/workspace/data/raw/celebdf/Celeb-synthesis/id20_id9_0003.mp4,celebdf
fake_id20_id9_0004,train,fake,/workspace/data/raw/celebdf/Celeb-synthesis/id20_id9_0004.mp4,celebdf
fake_id20_id9_0005,train,fake,/workspace/data/raw/celebdf/Celeb-synthesis/id20_id9_0005.mp4,celebdf
fake_id20_id9_0006,train,fake,/workspace/data/raw/celebdf/Celeb-synthesis/id20_id9_0006.mp4,celebdf
fake_id20_id9_0007,train,fake,/workspace/data/raw/celebdf/Celeb-synthesis/id20_id9_0007.mp4,celebdf
fake_id20_id9_0009,train,fake,/workspace/data/raw/celebdf/Celeb-synthesis/id20_id9_0009.mp4,celebdf
fake_id21_id0_0000,train,fake,/workspace/data/raw/celebdf/Celeb-synthesis/id21_id0_0000.mp4,celebdf
fake_id21_id0_0002,train,fake,/workspace/data/raw/celebdf/Celeb-synthesis/id21_id0_0002.mp4,celebdf
fake_id21_id0_0004,train,fake,/workspace/data/raw/celebdf/Celeb-synthesis/id21_id0_0004.mp4,celebdf
fake_id21_id0_0005,train,fake,/workspace/data/raw/celebdf/Celeb-synthesis/id21_id0_0005.mp4,celebdf
fake_id21_id0_0006,train,fake,/workspace/data/raw/celebdf/Celeb-synthesis/id21_id0_0006.mp4,celebdf
fake_id21_id0_0007,train,fake,/workspace/data/raw/celebdf/Celeb-synthesis/id21_id0_0007.mp4,celebdf
fake_id21_id0_0008,train,fake,/workspace/data/raw/celebdf/Celeb-synthesis/id21_id0_0008.mp4,celebdf
fake_id21_id0_0009,train,fake,/workspace/data/raw/celebdf/Celeb-synthesis/id21_id0_0009.mp4,celebdf
fake_id21_id16_0000,train,fake,/workspace/data/raw/celebdf/Celeb-synthesis/id21_id16_0000.mp4,celebdf
fake_id21_id16_0001,train,fake,/workspace/data/raw/celebdf/Celeb-synthesis/id21_id16_0001.mp4,celebdf
fake_id21_id16_0002,train,fake,/workspace/data/raw/celebdf/Celeb-synthesis/id21_id16_0002.mp4,celebdf
fake_id21_id16_0004,train,fake,/workspace/data/raw/celebdf/Celeb-synthesis/id21_id16_0004.mp4,celebdf
fake_id21_id16_0005,train,fake,/workspace/data/raw/celebdf/Celeb-synthesis/id21_id16_0005.mp4,celebdf
fake_id21_id16_0006,train,fake,/workspace/data/raw/celebdf/Celeb-synthesis/id21_id16_0006.mp4,celebdf
fake_id21_id16_0007,train,fake,/workspace/data/raw/celebdf/Celeb-synthesis/id21_id16_0007.mp4,celebdf
fake_id21_id16_0008,train,fake,/workspace/data/raw/celebdf/Celeb-synthesis/id21_id16_0008.mp4,celebdf
fake_id21_id16_0009,train,fake,/workspace/data/raw/celebdf/Celeb-synthesis/id21_id16_0009.mp4,celebdf
fake_id21_id17_0000,train,fake,/workspace/data/raw/celebdf/Celeb-synthesis/id21_id17_0000.mp4,celebdf
fake_id21_id17_0001,train,fake,/workspace/data/raw/celebdf/Celeb-synthesis/id21_id17_0001.mp4,celebdf
fake_id21_id17_0002,train,fake,/workspace/data/raw/celebdf/Celeb-synthesis/id21_id17_0002.mp4,celebdf
fake_id21_id17_0004,train,fake,/workspace/data/raw/celebdf/Celeb-synthesis/id21_id17_0004.mp4,celebdf
fake_id21_id17_0005,train,fake,/workspace/data/raw/celebdf/Celeb-synthesis/id21_id17_0005.mp4,celebdf
fake_id21_id17_0006,train,fake,/workspace/data/raw/celebdf/Celeb-synthesis/id21_id17_0006.mp4,celebdf
fake_id21_id17_0007,train,fake,/workspace/data/raw/celebdf/Celeb-synthesis/id21_id17_0007.mp4,celebdf
fake_id21_id17_0008,train,fake,/workspace/data/raw/celebdf/Celeb-synthesis/id21_id17_0008.mp4,celebdf
fake_id21_id17_0009,train,fake,/workspace/data/raw/celebdf/Celeb-synthesis/id21_id17_0009.mp4,celebdf
fake_id21_id19_0002,train,fake,/workspace/data/raw/celebdf/Celeb-synthesis/id21_id19_0002.mp4,celebdf
fake_id21_id19_0007,train,fake,/workspace/data/raw/celebdf/Celeb-synthesis/id21_id19_0007.mp4,celebdf
fake_id21_id19_0008,train,fake,/workspace/data/raw/celebdf/Celeb-synthesis/id21_id19_0008.mp4,celebdf
fake_id21_id1_0000,train,fake,/workspace/data/raw/celebdf/Celeb-synthesis/id21_id1_0000.mp4,celebdf
fake_id21_id1_0001,train,fake,/workspace/data/raw/celebdf/Celeb-synthesis/id21_id1_0001.mp4,celebdf
fake_id21_id1_0002,train,fake,/workspace/data/raw/celebdf/Celeb-synthesis/id21_id1_0002.mp4,celebdf
fake_id21_id1_0004,train,fake,/workspace/data/raw/celebdf/Celeb-synthesis/id21_id1_0004.mp4,celebdf
fake_id21_id1_0005,train,fake,/workspace/data/raw/celebdf/Celeb-synthesis/id21_id1_0005.mp4,celebdf
fake_id21_id1_0006,train,fake,/workspace/data/raw/celebdf/Celeb-synthesis/id21_id1_0006.mp4,celebdf
fake_id21_id1_0007,train,fake,/workspace/data/raw/celebdf/Celeb-synthesis/id21_id1_0007.mp4,celebdf
fake_id21_id1_0008,train,fake,/workspace/data/raw/celebdf/Celeb-synthesis/id21_id1_0008.mp4,celebdf
fake_id21_id1_0009,train,fake,/workspace/data/raw/celebdf/Celeb-synthesis/id21_id1_0009.mp4,celebdf
fake_id21_id20_0000,train,fake,/workspace/data/raw/celebdf/Celeb-synthesis/id21_id20_0000.mp4,celebdf
fake_id21_id20_0001,train,fake,/workspace/data/raw/celebdf/Celeb-synthesis/id21_id20_0001.mp4,celebdf
fake_id21_id20_0002,train,fake,/workspace/data/raw/celebdf/Celeb-synthesis/id21_id20_0002.mp4,celebdf
fake_id21_id20_0005,train,fake,/workspace/data/raw/celebdf/Celeb-synthesis/id21_id20_0005.mp4,celebdf
fake_id21_id20_0007,train,fake,/workspace/data/raw/celebdf/Celeb-synthesis/id21_id20_0007.mp4,celebdf
fake_id21_id20_0008,train,fake,/workspace/data/raw/celebdf/Celeb-synthesis/id21_id20_0008.mp4,celebdf
fake_id21_id20_0009,train,fake,/workspace/data/raw/celebdf/Celeb-synthesis/id21_id20_0009.mp4,celebdf
fake_id21_id22_0002,train,fake,/workspace/data/raw/celebdf/Celeb-synthesis/id21_id22_0002.mp4,celebdf
fake_id21_id22_0005,train,fake,/workspace/data/raw/celebdf/Celeb-synthesis/id21_id22_0005.mp4,celebdf
fake_id21_id22_0006,train,fake,/workspace/data/raw/celebdf/Celeb-synthesis/id21_id22_0006.mp4,celebdf
fake_id21_id22_0008,train,fake,/workspace/data/raw/celebdf/Celeb-synthesis/id21_id22_0008.mp4,celebdf
fake_id21_id23_0000,train,fake,/workspace/data/raw/celebdf/Celeb-synthesis/id21_id23_0000.mp4,celebdf
fake_id21_id23_0001,train,fake,/workspace/data/raw/celebdf/Celeb-synthesis/id21_id23_0001.mp4,celebdf
fake_id21_id23_0002,train,fake,/workspace/data/raw/celebdf/Celeb-synthesis/id21_id23_0002.mp4,celebdf
fake_id21_id23_0005,train,fake,/workspace/data/raw/celebdf/Celeb-synthesis/id21_id23_0005.mp4,celebdf
fake_id21_id23_0006,train,fake,/workspace/data/raw/celebdf/Celeb-synthesis/id21_id23_0006.mp4,celebdf
fake_id21_id23_0007,train,fake,/workspace/data/raw/celebdf/Celeb-synthesis/id21_id23_0007.mp4,celebdf
fake_id21_id23_0008,train,fake,/workspace/data/raw/celebdf/Celeb-synthesis/id21_id23_0008.mp4,celebdf
fake_id21_id23_0009,train,fake,/workspace/data/raw/celebdf/Celeb-synthesis/id21_id23_0009.mp4,celebdf
fake_id21_id24_0000,train,fake,/workspace/data/raw/celebdf/Celeb-synthesis/id21_id24_0000.mp4,celebdf
fake_id21_id24_0001,train,fake,/workspace/data/raw/celebdf/Celeb-synthesis/id21_id24_0001.mp4,celebdf
fake_id21_id24_0002,train,fake,/workspace/data/raw/celebdf/Celeb-synthesis/id21_id24_0002.mp4,celebdf
fake_id21_id24_0005,train,fake,/workspace/data/raw/celebdf/Celeb-synthesis/id21_id24_0005.mp4,celebdf
fake_id21_id24_0006,train,fake,/workspace/data/raw/celebdf/Celeb-synthesis/id21_id24_0006.mp4,celebdf
fake_id21_id24_0007,train,fake,/workspace/data/raw/celebdf/Celeb-synthesis/id21_id24_0007.mp4,celebdf
fake_id21_id24_0008,train,fake,/workspace/data/raw/celebdf/Celeb-synthesis/id21_id24_0008.mp4,celebdf
fake_id21_id24_0009,train,fake,/workspace/data/raw/celebdf/Celeb-synthesis/id21_id24_0009.mp4,celebdf
fake_id21_id25_0002,train,fake,/workspace/data/raw/celebdf/Celeb-synthesis/id21_id25_0002.mp4,celebdf
fake_id21_id25_0005,train,fake,/workspace/data/raw/celebdf/Celeb-synthesis/id21_id25_0005.mp4,celebdf
fake_id21_id25_0006,train,fake,/workspace/data/raw/celebdf/Celeb-synthesis/id21_id25_0006.mp4,celebdf
fake_id21_id25_0007,train,fake,/workspace/data/raw/celebdf/Celeb-synthesis/id21_id25_0007.mp4,celebdf
fake_id21_id25_0008,train,fake,/workspace/data/raw/celebdf/Celeb-synthesis/id21_id25_0008.mp4,celebdf
fake_id21_id25_0009,train,fake,/workspace/data/raw/celebdf/Celeb-synthesis/id21_id25_0009.mp4,celebdf
fake_id21_id26_0002,train,fake,/workspace/data/raw/celebdf/Celeb-synthesis/id21_id26_0002.mp4,celebdf
fake_id21_id26_0005,train,fake,/workspace/data/raw/celebdf/Celeb-synthesis/id21_id26_0005.mp4,celebdf
fake_id21_id26_0006,train,fake,/workspace/data/raw/celebdf/Celeb-synthesis/id21_id26_0006.mp4,celebdf
fake_id21_id26_0008,train,fake,/workspace/data/raw/celebdf/Celeb-synthesis/id21_id26_0008.mp4,celebdf
fake_id21_id26_0009,train,fake,/workspace/data/raw/celebdf/Celeb-synthesis/id21_id26_0009.mp4,celebdf
fake_id21_id27_0000,train,fake,/workspace/data/raw/celebdf/Celeb-synthesis/id21_id27_0000.mp4,celebdf
fake_id21_id27_0001,train,fake,/workspace/data/raw/celebdf/Celeb-synthesis/id21_id27_0001.mp4,celebdf
fake_id21_id27_0002,train,fake,/workspace/data/raw/celebdf/Celeb-synthesis/id21_id27_0002.mp4,celebdf
fake_id21_id27_0005,train,fake,/workspace/data/raw/celebdf/Celeb-synthesis/id21_id27_0005.mp4,celebdf
fake_id21_id27_0006,train,fake,/workspace/data/raw/celebdf/Celeb-synthesis/id21_id27_0006.mp4,celebdf
fake_id21_id27_0007,train,fake,/workspace/data/raw/celebdf/Celeb-synthesis/id21_id27_0007.mp4,celebdf
fake_id21_id27_0008,train,fake,/workspace/data/raw/celebdf/Celeb-synthesis/id21_id27_0008.mp4,celebdf
fake_id21_id27_0009,train,fake,/workspace/data/raw/celebdf/Celeb-synthesis/id21_id27_0009.mp4,celebdf
fake_id21_id28_0000,train,fake,/workspace/data/raw/celebdf/Celeb-synthesis/id21_id28_0000.mp4,celebdf
fake_id21_id28_0002,train,fake,/workspace/data/raw/celebdf/Celeb-synthesis/id21_id28_0002.mp4,celebdf
fake_id21_id28_0005,train,fake,/workspace/data/raw/celebdf/Celeb-synthesis/id21_id28_0005.mp4,celebdf
fake_id21_id28_0006,train,fake,/workspace/data/raw/celebdf/Celeb-synthesis/id21_id28_0006.mp4,celebdf
fake_id21_id28_0007,train,fake,/workspace/data/raw/celebdf/Celeb-synthesis/id21_id28_0007.mp4,celebdf
fake_id21_id28_0008,train,fake,/workspace/data/raw/celebdf/Celeb-synthesis/id21_id28_0008.mp4,celebdf
fake_id21_id29_0000,train,fake,/workspace/data/raw/celebdf/Celeb-synthesis/id21_id29_0000.mp4,celebdf
fake_id21_id29_0001,train,fake,/workspace/data/raw/celebdf/Celeb-synthesis/id21_id29_0001.mp4,celebdf
fake_id21_id29_0002,train,fake,/workspace/data/raw/celebdf/Celeb-synthesis/id21_id29_0002.mp4,celebdf
fake_id21_id29_0004,train,fake,/workspace/data/raw/celebdf/Celeb-synthesis/id21_id29_0004.mp4,celebdf
fake_id21_id29_0005,train,fake,/workspace/data/raw/celebdf/Celeb-synthesis/id21_id29_0005.mp4,celebdf
fake_id21_id29_0006,train,fake,/workspace/data/raw/celebdf/Celeb-synthesis/id21_id29_0006.mp4,celebdf
fake_id21_id29_0007,train,fake,/workspace/data/raw/celebdf/Celeb-synthesis/id21_id29_0007.mp4,celebdf
fake_id21_id29_0008,train,fake,/workspace/data/raw/celebdf/Celeb-synthesis/id21_id29_0008.mp4,celebdf
fake_id21_id29_0009,train,fake,/workspace/data/raw/celebdf/Celeb-synthesis/id21_id29_0009.mp4,celebdf
fake_id21_id2_0001,train,fake,/workspace/data/raw/celebdf/Celeb-synthesis/id21_id2_0001.mp4,celebdf
fake_id21_id2_0004,train,fake,/workspace/data/raw/celebdf/Celeb-synthesis/id21_id2_0004.mp4,celebdf
fake_id21_id2_0005,train,fake,/workspace/data/raw/celebdf/Celeb-synthesis/id21_id2_0005.mp4,celebdf
fake_id21_id2_0006,train,fake,/workspace/data/raw/celebdf/Celeb-synthesis/id21_id2_0006.mp4,celebdf
fake_id21_id2_0007,train,fake,/workspace/data/raw/celebdf/Celeb-synthesis/id21_id2_0007.mp4,celebdf
fake_id21_id2_0008,train,fake,/workspace/data/raw/celebdf/Celeb-synthesis/id21_id2_0008.mp4,celebdf
fake_id21_id2_0009,train,fake,/workspace/data/raw/celebdf/Celeb-synthesis/id21_id2_0009.mp4,celebdf
fake_id21_id30_0000,train,fake,/workspace/data/raw/celebdf/Celeb-synthesis/id21_id30_0000.mp4,celebdf
fake_id21_id30_0001,train,fake,/workspace/data/raw/celebdf/Celeb-synthesis/id21_id30_0001.mp4,celebdf
fake_id21_id30_0002,train,fake,/workspace/data/raw/celebdf/Celeb-synthesis/id21_id30_0002.mp4,celebdf
fake_id21_id30_0004,train,fake,/workspace/data/raw/celebdf/Celeb-synthesis/id21_id30_0004.mp4,celebdf
fake_id21_id30_0005,train,fake,/workspace/data/raw/celebdf/Celeb-synthesis/id21_id30_0005.mp4,celebdf
fake_id21_id30_0006,train,fake,/workspace/data/raw/celebdf/Celeb-synthesis/id21_id30_0006.mp4,celebdf
fake_id21_id30_0007,train,fake,/workspace/data/raw/celebdf/Celeb-synthesis/id21_id30_0007.mp4,celebdf
fake_id21_id30_0008,train,fake,/workspace/data/raw/celebdf/Celeb-synthesis/id21_id30_0008.mp4,celebdf
fake_id21_id30_0009,train,fake,/workspace/data/raw/celebdf/Celeb-synthesis/id21_id30_0009.mp4,celebdf
fake_id21_id31_0000,train,fake,/workspace/data/raw/celebdf/Celeb-synthesis/id21_id31_0000.mp4,celebdf
fake_id21_id31_0001,train,fake,/workspace/data/raw/celebdf/Celeb-synthesis/id21_id31_0001.mp4,celebdf
fake_id21_id31_0002,train,fake,/workspace/data/raw/celebdf/Celeb-synthesis/id21_id31_0002.mp4,celebdf
fake_id21_id31_0004,train,fake,/workspace/data/raw/celebdf/Celeb-synthesis/id21_id31_0004.mp4,celebdf
fake_id21_id31_0005,train,fake,/workspace/data/raw/celebdf/Celeb-synthesis/id21_id31_0005.mp4,celebdf
fake_id21_id31_0006,train,fake,/workspace/data/raw/celebdf/Celeb-synthesis/id21_id31_0006.mp4,celebdf
fake_id21_id31_0007,train,fake,/workspace/data/raw/celebdf/Celeb-synthesis/id21_id31_0007.mp4,celebdf
fake_id21_id31_0008,train,fake,/workspace/data/raw/celebdf/Celeb-synthesis/id21_id31_0008.mp4,celebdf
fake_id21_id31_0009,train,fake,/workspace/data/raw/celebdf/Celeb-synthesis/id21_id31_0009.mp4,celebdf
fake_id21_id32_0000,train,fake,/workspace/data/raw/celebdf/Celeb-synthesis/id21_id32_0000.mp4,celebdf
fake_id21_id32_0002,train,fake,/workspace/data/raw/celebdf/Celeb-synthesis/id21_id32_0002.mp4,celebdf
fake_id21_id32_0005,train,fake,/workspace/data/raw/celebdf/Celeb-synthesis/id21_id32_0005.mp4,celebdf
fake_id21_id32_0006,train,fake,/workspace/data/raw/celebdf/Celeb-synthesis/id21_id32_0006.mp4,celebdf
fake_id21_id32_0008,train,fake,/workspace/data/raw/celebdf/Celeb-synthesis/id21_id32_0008.mp4,celebdf
fake_id21_id32_0009,train,fake,/workspace/data/raw/celebdf/Celeb-synthesis/id21_id32_0009.mp4,celebdf
fake_id21_id33_0000,train,fake,/workspace/data/raw/celebdf/Celeb-synthesis/id21_id33_0000.mp4,celebdf
fake_id21_id33_0001,train,fake,/workspace/data/raw/celebdf/Celeb-synthesis/id21_id33_0001.mp4,celebdf
fake_id21_id33_0002,train,fake,/workspace/data/raw/celebdf/Celeb-synthesis/id21_id33_0002.mp4,celebdf
fake_id21_id33_0004,train,fake,/workspace/data/raw/celebdf/Celeb-synthesis/id21_id33_0004.mp4,celebdf
fake_id21_id33_0005,train,fake,/workspace/data/raw/celebdf/Celeb-synthesis/id21_id33_0005.mp4,celebdf
fake_id21_id33_0006,train,fake,/workspace/data/raw/celebdf/Celeb-synthesis/id21_id33_0006.mp4,celebdf
fake_id21_id33_0007,train,fake,/workspace/data/raw/celebdf/Celeb-synthesis/id21_id33_0007.mp4,celebdf
fake_id21_id33_0008,train,fake,/workspace/data/raw/celebdf/Celeb-synthesis/id21_id33_0008.mp4,celebdf
fake_id21_id33_0009,train,fake,/workspace/data/raw/celebdf/Celeb-synthesis/id21_id33_0009.mp4,celebdf
fake_id21_id34_0000,train,fake,/workspace/data/raw/celebdf/Celeb-synthesis/id21_id34_0000.mp4,celebdf
fake_id21_id34_0001,train,fake,/workspace/data/raw/celebdf/Celeb-synthesis/id21_id34_0001.mp4,celebdf
fake_id21_id34_0002,train,fake,/workspace/data/raw/celebdf/Celeb-synthesis/id21_id34_0002.mp4,celebdf
fake_id21_id34_0004,train,fake,/workspace/data/raw/celebdf/Celeb-synthesis/id21_id34_0004.mp4,celebdf
fake_id21_id34_0005,train,fake,/workspace/data/raw/celebdf/Celeb-synthesis/id21_id34_0005.mp4,celebdf
fake_id21_id34_0006,train,fake,/workspace/data/raw/celebdf/Celeb-synthesis/id21_id34_0006.mp4,celebdf
fake_id21_id34_0007,train,fake,/workspace/data/raw/celebdf/Celeb-synthesis/id21_id34_0007.mp4,celebdf
fake_id21_id34_0009,train,fake,/workspace/data/raw/celebdf/Celeb-synthesis/id21_id34_0009.mp4,celebdf
fake_id21_id35_0000,train,fake,/workspace/data/raw/celebdf/Celeb-synthesis/id21_id35_0000.mp4,celebdf
fake_id21_id35_0001,train,fake,/workspace/data/raw/celebdf/Celeb-synthesis/id21_id35_0001.mp4,celebdf
fake_id21_id35_0002,train,fake,/workspace/data/raw/celebdf/Celeb-synthesis/id21_id35_0002.mp4,celebdf
fake_id21_id35_0004,train,fake,/workspace/data/raw/celebdf/Celeb-synthesis/id21_id35_0004.mp4,celebdf
fake_id21_id35_0005,train,fake,/workspace/data/raw/celebdf/Celeb-synthesis/id21_id35_0005.mp4,celebdf
fake_id21_id35_0006,train,fake,/workspace/data/raw/celebdf/Celeb-synthesis/id21_id35_0006.mp4,celebdf
fake_id21_id35_0007,train,fake,/workspace/data/raw/celebdf/Celeb-synthesis/id21_id35_0007.mp4,celebdf
fake_id21_id35_0008,train,fake,/workspace/data/raw/celebdf/Celeb-synthesis/id21_id35_0008.mp4,celebdf
fake_id21_id35_0009,train,fake,/workspace/data/raw/celebdf/Celeb-synthesis/id21_id35_0009.mp4,celebdf
fake_id21_id37_0000,train,fake,/workspace/data/raw/celebdf/Celeb-synthesis/id21_id37_0000.mp4,celebdf
fake_id21_id37_0001,train,fake,/workspace/data/raw/celebdf/Celeb-synthesis/id21_id37_0001.mp4,celebdf
fake_id21_id37_0002,train,fake,/workspace/data/raw/celebdf/Celeb-synthesis/id21_id37_0002.mp4,celebdf
fake_id21_id37_0004,train,fake,/workspace/data/raw/celebdf/Celeb-synthesis/id21_id37_0004.mp4,celebdf
fake_id21_id37_0005,train,fake,/workspace/data/raw/celebdf/Celeb-synthesis/id21_id37_0005.mp4,celebdf
fake_id21_id37_0006,train,fake,/workspace/data/raw/celebdf/Celeb-synthesis/id21_id37_0006.mp4,celebdf
fake_id21_id37_0007,train,fake,/workspace/data/raw/celebdf/Celeb-synthesis/id21_id37_0007.mp4,celebdf
fake_id21_id37_0008,train,fake,/workspace/data/raw/celebdf/Celeb-synthesis/id21_id37_0008.mp4,celebdf
fake_id21_id37_0009,train,fake,/workspace/data/raw/celebdf/Celeb-synthesis/id21_id37_0009.mp4,celebdf
fake_id21_id38_0000,train,fake,/workspace/data/raw/celebdf/Celeb-synthesis/id21_id38_0000.mp4,celebdf
fake_id21_id38_0001,train,fake,/workspace/data/raw/celebdf/Celeb-synthesis/id21_id38_0001.mp4,celebdf
fake_id21_id38_0002,train,fake,/workspace/data/raw/celebdf/Celeb-synthesis/id21_id38_0002.mp4,celebdf
fake_id21_id38_0004,train,fake,/workspace/data/raw/celebdf/Celeb-synthesis/id21_id38_0004.mp4,celebdf
fake_id21_id38_0005,train,fake,/workspace/data/raw/celebdf/Celeb-synthesis/id21_id38_0005.mp4,celebdf
fake_id21_id38_0006,train,fake,/workspace/data/raw/celebdf/Celeb-synthesis/id21_id38_0006.mp4,celebdf
fake_id21_id38_0007,train,fake,/workspace/data/raw/celebdf/Celeb-synthesis/id21_id38_0007.mp4,celebdf
fake_id21_id38_0008,train,fake,/workspace/data/raw/celebdf/Celeb-synthesis/id21_id38_0008.mp4,celebdf
fake_id21_id38_0009,train,fake,/workspace/data/raw/celebdf/Celeb-synthesis/id21_id38_0009.mp4,celebdf
fake_id21_id3_0002,train,fake,/workspace/data/raw/celebdf/Celeb-synthesis/id21_id3_0002.mp4,celebdf
fake_id21_id3_0005,train,fake,/workspace/data/raw/celebdf/Celeb-synthesis/id21_id3_0005.mp4,celebdf
fake_id21_id3_0006,train,fake,/workspace/data/raw/celebdf/Celeb-synthesis/id21_id3_0006.mp4,celebdf
fake_id21_id3_0008,train,fake,/workspace/data/raw/celebdf/Celeb-synthesis/id21_id3_0008.mp4,celebdf
fake_id21_id4_0005,train,fake,/workspace/data/raw/celebdf/Celeb-synthesis/id21_id4_0005.mp4,celebdf
fake_id21_id4_0006,train,fake,/workspace/data/raw/celebdf/Celeb-synthesis/id21_id4_0006.mp4,celebdf
fake_id21_id4_0008,train,fake,/workspace/data/raw/celebdf/Celeb-synthesis/id21_id4_0008.mp4,celebdf
fake_id21_id6_0002,train,fake,/workspace/data/raw/celebdf/Celeb-synthesis/id21_id6_0002.mp4,celebdf
fake_id21_id6_0006,train,fake,/workspace/data/raw/celebdf/Celeb-synthesis/id21_id6_0006.mp4,celebdf
fake_id21_id6_0007,train,fake,/workspace/data/raw/celebdf/Celeb-synthesis/id21_id6_0007.mp4,celebdf
fake_id21_id6_0008,train,fake,/workspace/data/raw/celebdf/Celeb-synthesis/id21_id6_0008.mp4,celebdf
fake_id21_id6_0009,train,fake,/workspace/data/raw/celebdf/Celeb-synthesis/id21_id6_0009.mp4,celebdf
fake_id21_id9_0000,train,fake,/workspace/data/raw/celebdf/Celeb-synthesis/id21_id9_0000.mp4,celebdf
fake_id21_id9_0001,train,fake,/workspace/data/raw/celebdf/Celeb-synthesis/id21_id9_0001.mp4,celebdf
fake_id21_id9_0002,train,fake,/workspace/data/raw/celebdf/Celeb-synthesis/id21_id9_0002.mp4,celebdf
fake_id21_id9_0004,train,fake,/workspace/data/raw/celebdf/Celeb-synthesis/id21_id9_0004.mp4,celebdf
fake_id21_id9_0005,train,fake,/workspace/data/raw/celebdf/Celeb-synthesis/id21_id9_0005.mp4,celebdf
fake_id21_id9_0006,train,fake,/workspace/data/raw/celebdf/Celeb-synthesis/id21_id9_0006.mp4,celebdf
fake_id21_id9_0007,train,fake,/workspace/data/raw/celebdf/Celeb-synthesis/id21_id9_0007.mp4,celebdf
fake_id21_id9_0009,train,fake,/workspace/data/raw/celebdf/Celeb-synthesis/id21_id9_0009.mp4,celebdf
fake_id22_id19_0001,train,fake,/workspace/data/raw/celebdf/Celeb-synthesis/id22_id19_0001.mp4,celebdf
fake_id22_id19_0002,train,fake,/workspace/data/raw/celebdf/Celeb-synthesis/id22_id19_0002.mp4,celebdf
fake_id22_id19_0004,train,fake,/workspace/data/raw/celebdf/Celeb-synthesis/id22_id19_0004.mp4,celebdf
fake_id22_id19_0005,train,fake,/workspace/data/raw/celebdf/Celeb-synthesis/id22_id19_0005.mp4,celebdf
fake_id22_id19_0006,train,fake,/workspace/data/raw/celebdf/Celeb-synthesis/id22_id19_0006.mp4,celebdf
fake_id22_id19_0009,train,fake,/workspace/data/raw/celebdf/Celeb-synthesis/id22_id19_0009.mp4,celebdf
fake_id22_id20_0001,train,fake,/workspace/data/raw/celebdf/Celeb-synthesis/id22_id20_0001.mp4,celebdf
fake_id22_id20_0002,train,fake,/workspace/data/raw/celebdf/Celeb-synthesis/id22_id20_0002.mp4,celebdf
fake_id22_id20_0004,train,fake,/workspace/data/raw/celebdf/Celeb-synthesis/id22_id20_0004.mp4,celebdf
fake_id22_id20_0005,train,fake,/workspace/data/raw/celebdf/Celeb-synthesis/id22_id20_0005.mp4,celebdf
fake_id22_id20_0006,train,fake,/workspace/data/raw/celebdf/Celeb-synthesis/id22_id20_0006.mp4,celebdf
fake_id22_id21_0002,train,fake,/workspace/data/raw/celebdf/Celeb-synthesis/id22_id21_0002.mp4,celebdf
fake_id22_id21_0004,train,fake,/workspace/data/raw/celebdf/Celeb-synthesis/id22_id21_0004.mp4,celebdf
fake_id22_id21_0006,train,fake,/workspace/data/raw/celebdf/Celeb-synthesis/id22_id21_0006.mp4,celebdf
fake_id22_id23_0001,train,fake,/workspace/data/raw/celebdf/Celeb-synthesis/id22_id23_0001.mp4,celebdf
fake_id22_id23_0004,train,fake,/workspace/data/raw/celebdf/Celeb-synthesis/id22_id23_0004.mp4,celebdf
fake_id22_id23_0005,train,fake,/workspace/data/raw/celebdf/Celeb-synthesis/id22_id23_0005.mp4,celebdf
fake_id22_id23_0006,train,fake,/workspace/data/raw/celebdf/Celeb-synthesis/id22_id23_0006.mp4,celebdf
fake_id22_id24_0001,train,fake,/workspace/data/raw/celebdf/Celeb-synthesis/id22_id24_0001.mp4,celebdf
fake_id22_id24_0002,train,fake,/workspace/data/raw/celebdf/Celeb-synthesis/id22_id24_0002.mp4,celebdf
fake_id22_id24_0003,train,fake,/workspace/data/raw/celebdf/Celeb-synthesis/id22_id24_0003.mp4,celebdf
fake_id22_id24_0004,train,fake,/workspace/data/raw/celebdf/Celeb-synthesis/id22_id24_0004.mp4,celebdf
fake_id22_id24_0005,train,fake,/workspace/data/raw/celebdf/Celeb-synthesis/id22_id24_0005.mp4,celebdf
fake_id22_id24_0006,train,fake,/workspace/data/raw/celebdf/Celeb-synthesis/id22_id24_0006.mp4,celebdf
fake_id22_id24_0009,train,fake,/workspace/data/raw/celebdf/Celeb-synthesis/id22_id24_0009.mp4,celebdf
fake_id22_id25_0002,train,fake,/workspace/data/raw/celebdf/Celeb-synthesis/id22_id25_0002.mp4,celebdf
fake_id22_id25_0003,train,fake,/workspace/data/raw/celebdf/Celeb-synthesis/id22_id25_0003.mp4,celebdf
fake_id22_id25_0004,train,fake,/workspace/data/raw/celebdf/Celeb-synthesis/id22_id25_0004.mp4,celebdf
fake_id22_id25_0005,train,fake,/workspace/data/raw/celebdf/Celeb-synthesis/id22_id25_0005.mp4,celebdf
fake_id22_id25_0006,train,fake,/workspace/data/raw/celebdf/Celeb-synthesis/id22_id25_0006.mp4,celebdf
fake_id22_id25_0009,train,fake,/workspace/data/raw/celebdf/Celeb-synthesis/id22_id25_0009.mp4,celebdf
fake_id22_id26_0001,train,fake,/workspace/data/raw/celebdf/Celeb-synthesis/id22_id26_0001.mp4,celebdf
fake_id22_id26_0002,train,fake,/workspace/data/raw/celebdf/Celeb-synthesis/id22_id26_0002.mp4,celebdf
fake_id22_id26_0003,train,fake,/workspace/data/raw/celebdf/Celeb-synthesis/id22_id26_0003.mp4,celebdf
fake_id22_id26_0004,train,fake,/workspace/data/raw/celebdf/Celeb-synthesis/id22_id26_0004.mp4,celebdf
fake_id22_id26_0006,train,fake,/workspace/data/raw/celebdf/Celeb-synthesis/id22_id26_0006.mp4,celebdf
fake_id22_id26_0009,train,fake,/workspace/data/raw/celebdf/Celeb-synthesis/id22_id26_0009.mp4,celebdf
fake_id22_id27_0003,train,fake,/workspace/data/raw/celebdf/Celeb-synthesis/id22_id27_0003.mp4,celebdf
fake_id22_id27_0004,train,fake,/workspace/data/raw/celebdf/Celeb-synthesis/id22_id27_0004.mp4,celebdf
fake_id22_id27_0006,train,fake,/workspace/data/raw/celebdf/Celeb-synthesis/id22_id27_0006.mp4,celebdf
fake_id22_id28_0001,train,fake,/workspace/data/raw/celebdf/Celeb-synthesis/id22_id28_0001.mp4,celebdf
fake_id22_id28_0002,train,fake,/workspace/data/raw/celebdf/Celeb-synthesis/id22_id28_0002.mp4,celebdf
fake_id22_id28_0004,train,fake,/workspace/data/raw/celebdf/Celeb-synthesis/id22_id28_0004.mp4,celebdf
fake_id22_id28_0005,train,fake,/workspace/data/raw/celebdf/Celeb-synthesis/id22_id28_0005.mp4,celebdf
fake_id22_id28_0008,train,fake,/workspace/data/raw/celebdf/Celeb-synthesis/id22_id28_0008.mp4,celebdf
fake_id22_id28_0009,train,fake,/workspace/data/raw/celebdf/Celeb-synthesis/id22_id28_0009.mp4,celebdf
fake_id23_id0_0000,train,fake,/workspace/data/raw/celebdf/Celeb-synthesis/id23_id0_0000.mp4,celebdf
fake_id23_id0_0001,train,fake,/workspace/data/raw/celebdf/Celeb-synthesis/id23_id0_0001.mp4,celebdf
fake_id23_id0_0002,train,fake,/workspace/data/raw/celebdf/Celeb-synthesis/id23_id0_0002.mp4,celebdf
fake_id23_id0_0003,train,fake,/workspace/data/raw/celebdf/Celeb-synthesis/id23_id0_0003.mp4,celebdf
fake_id23_id0_0004,train,fake,/workspace/data/raw/celebdf/Celeb-synthesis/id23_id0_0004.mp4,celebdf
fake_id23_id0_0005,train,fake,/workspace/data/raw/celebdf/Celeb-synthesis/id23_id0_0005.mp4,celebdf
fake_id23_id0_0006,train,fake,/workspace/data/raw/celebdf/Celeb-synthesis/id23_id0_0006.mp4,celebdf
fake_id23_id0_0007,train,fake,/workspace/data/raw/celebdf/Celeb-synthesis/id23_id0_0007.mp4,celebdf
fake_id23_id0_0008,train,fake,/workspace/data/raw/celebdf/Celeb-synthesis/id23_id0_0008.mp4,celebdf
fake_id23_id16_0000,train,fake,/workspace/data/raw/celebdf/Celeb-synthesis/id23_id16_0000.mp4,celebdf
fake_id23_id16_0001,train,fake,/workspace/data/raw/celebdf/Celeb-synthesis/id23_id16_0001.mp4,celebdf
fake_id23_id16_0002,train,fake,/workspace/data/raw/celebdf/Celeb-synthesis/id23_id16_0002.mp4,celebdf
fake_id23_id16_0004,train,fake,/workspace/data/raw/celebdf/Celeb-synthesis/id23_id16_0004.mp4,celebdf
fake_id23_id16_0005,train,fake,/workspace/data/raw/celebdf/Celeb-synthesis/id23_id16_0005.mp4,celebdf
fake_id23_id16_0006,train,fake,/workspace/data/raw/celebdf/Celeb-synthesis/id23_id16_0006.mp4,celebdf
fake_id23_id16_0007,train,fake,/workspace/data/raw/celebdf/Celeb-synthesis/id23_id16_0007.mp4,celebdf
fake_id23_id16_0009,train,fake,/workspace/data/raw/celebdf/Celeb-synthesis/id23_id16_0009.mp4,celebdf
fake_id23_id17_0000,train,fake,/workspace/data/raw/celebdf/Celeb-synthesis/id23_id17_0000.mp4,celebdf
fake_id23_id17_0001,train,fake,/workspace/data/raw/celebdf/Celeb-synthesis/id23_id17_0001.mp4,celebdf
fake_id23_id17_0002,train,fake,/workspace/data/raw/celebdf/Celeb-synthesis/id23_id17_0002.mp4,celebdf
fake_id23_id17_0003,train,fake,/workspace/data/raw/celebdf/Celeb-synthesis/id23_id17_0003.mp4,celebdf
fake_id23_id17_0004,train,fake,/workspace/data/raw/celebdf/Celeb-synthesis/id23_id17_0004.mp4,celebdf
fake_id23_id17_0006,train,fake,/workspace/data/raw/celebdf/Celeb-synthesis/id23_id17_0006.mp4,celebdf
fake_id23_id17_0007,train,fake,/workspace/data/raw/celebdf/Celeb-synthesis/id23_id17_0007.mp4,celebdf
fake_id23_id17_0009,train,fake,/workspace/data/raw/celebdf/Celeb-synthesis/id23_id17_0009.mp4,celebdf
fake_id23_id19_0002,train,fake,/workspace/data/raw/celebdf/Celeb-synthesis/id23_id19_0002.mp4,celebdf
fake_id23_id19_0003,train,fake,/workspace/data/raw/celebdf/Celeb-synthesis/id23_id19_0003.mp4,celebdf
fake_id23_id19_0007,train,fake,/workspace/data/raw/celebdf/Celeb-synthesis/id23_id19_0007.mp4,celebdf
fake_id23_id19_0009,train,fake,/workspace/data/raw/celebdf/Celeb-synthesis/id23_id19_0009.mp4,celebdf
fake_id23_id1_0000,train,fake,/workspace/data/raw/celebdf/Celeb-synthesis/id23_id1_0000.mp4,celebdf
fake_id23_id1_0001,train,fake,/workspace/data/raw/celebdf/Celeb-synthesis/id23_id1_0001.mp4,celebdf
fake_id23_id1_0002,train,fake,/workspace/data/raw/celebdf/Celeb-synthesis/id23_id1_0002.mp4,celebdf
fake_id23_id1_0003,train,fake,/workspace/data/raw/celebdf/Celeb-synthesis/id23_id1_0003.mp4,celebdf
fake_id23_id1_0004,train,fake,/workspace/data/raw/celebdf/Celeb-synthesis/id23_id1_0004.mp4,celebdf
fake_id23_id1_0005,train,fake,/workspace/data/raw/celebdf/Celeb-synthesis/id23_id1_0005.mp4,celebdf
fake_id23_id1_0006,train,fake,/workspace/data/raw/celebdf/Celeb-synthesis/id23_id1_0006.mp4,celebdf
fake_id23_id1_0007,train,fake,/workspace/data/raw/celebdf/Celeb-synthesis/id23_id1_0007.mp4,celebdf
fake_id23_id1_0009,train,fake,/workspace/data/raw/celebdf/Celeb-synthesis/id23_id1_0009.mp4,celebdf
fake_id23_id20_0000,train,fake,/workspace/data/raw/celebdf/Celeb-synthesis/id23_id20_0000.mp4,celebdf
fake_id23_id20_0001,train,fake,/workspace/data/raw/celebdf/Celeb-synthesis/id23_id20_0001.mp4,celebdf
fake_id23_id20_0002,train,fake,/workspace/data/raw/celebdf/Celeb-synthesis/id23_id20_0002.mp4,celebdf
fake_id23_id20_0003,train,fake,/workspace/data/raw/celebdf/Celeb-synthesis/id23_id20_0003.mp4,celebdf
fake_id23_id20_0005,train,fake,/workspace/data/raw/celebdf/Celeb-synthesis/id23_id20_0005.mp4,celebdf
fake_id23_id20_0006,train,fake,/workspace/data/raw/celebdf/Celeb-synthesis/id23_id20_0006.mp4,celebdf
fake_id23_id20_0007,train,fake,/workspace/data/raw/celebdf/Celeb-synthesis/id23_id20_0007.mp4,celebdf
fake_id23_id20_0009,train,fake,/workspace/data/raw/celebdf/Celeb-synthesis/id23_id20_0009.mp4,celebdf
fake_id23_id21_0000,train,fake,/workspace/data/raw/celebdf/Celeb-synthesis/id23_id21_0000.mp4,celebdf
fake_id23_id21_0002,train,fake,/workspace/data/raw/celebdf/Celeb-synthesis/id23_id21_0002.mp4,celebdf
fake_id23_id21_0003,train,fake,/workspace/data/raw/celebdf/Celeb-synthesis/id23_id21_0003.mp4,celebdf
fake_id23_id21_0006,train,fake,/workspace/data/raw/celebdf/Celeb-synthesis/id23_id21_0006.mp4,celebdf
fake_id23_id21_0007,train,fake,/workspace/data/raw/celebdf/Celeb-synthesis/id23_id21_0007.mp4,celebdf
fake_id23_id21_0009,train,fake,/workspace/data/raw/celebdf/Celeb-synthesis/id23_id21_0009.mp4,celebdf
fake_id23_id22_0000,train,fake,/workspace/data/raw/celebdf/Celeb-synthesis/id23_id22_0000.mp4,celebdf
fake_id23_id22_0002,train,fake,/workspace/data/raw/celebdf/Celeb-synthesis/id23_id22_0002.mp4,celebdf
fake_id23_id22_0003,train,fake,/workspace/data/raw/celebdf/Celeb-synthesis/id23_id22_0003.mp4,celebdf
fake_id23_id22_0006,train,fake,/workspace/data/raw/celebdf/Celeb-synthesis/id23_id22_0006.mp4,celebdf
fake_id23_id22_0007,train,fake,/workspace/data/raw/celebdf/Celeb-synthesis/id23_id22_0007.mp4,celebdf
fake_id23_id22_0009,train,fake,/workspace/data/raw/celebdf/Celeb-synthesis/id23_id22_0009.mp4,celebdf
fake_id23_id24_0000,train,fake,/workspace/data/raw/celebdf/Celeb-synthesis/id23_id24_0000.mp4,celebdf
fake_id23_id24_0002,train,fake,/workspace/data/raw/celebdf/Celeb-synthesis/id23_id24_0002.mp4,celebdf
fake_id23_id24_0003,train,fake,/workspace/data/raw/celebdf/Celeb-synthesis/id23_id24_0003.mp4,celebdf
fake_id23_id24_0004,train,fake,/workspace/data/raw/celebdf/Celeb-synthesis/id23_id24_0004.mp4,celebdf
fake_id23_id24_0005,train,fake,/workspace/data/raw/celebdf/Celeb-synthesis/id23_id24_0005.mp4,celebdf
fake_id23_id24_0006,train,fake,/workspace/data/raw/celebdf/Celeb-synthesis/id23_id24_0006.mp4,celebdf
fake_id23_id24_0007,train,fake,/workspace/data/raw/celebdf/Celeb-synthesis/id23_id24_0007.mp4,celebdf
fake_id23_id24_0009,train,fake,/workspace/data/raw/celebdf/Celeb-synthesis/id23_id24_0009.mp4,celebdf
fake_id23_id25_0000,train,fake,/workspace/data/raw/celebdf/Celeb-synthesis/id23_id25_0000.mp4,celebdf
fake_id23_id25_0001,train,fake,/workspace/data/raw/celebdf/Celeb-synthesis/id23_id25_0001.mp4,celebdf
fake_id23_id25_0002,train,fake,/workspace/data/raw/celebdf/Celeb-synthesis/id23_id25_0002.mp4,celebdf
fake_id23_id25_0003,train,fake,/workspace/data/raw/celebdf/Celeb-synthesis/id23_id25_0003.mp4,celebdf
fake_id23_id25_0006,train,fake,/workspace/data/raw/celebdf/Celeb-synthesis/id23_id25_0006.mp4,celebdf
fake_id23_id25_0007,train,fake,/workspace/data/raw/celebdf/Celeb-synthesis/id23_id25_0007.mp4,celebdf
fake_id23_id25_0009,train,fake,/workspace/data/raw/celebdf/Celeb-synthesis/id23_id25_0009.mp4,celebdf
fake_id23_id26_0000,train,fake,/workspace/data/raw/celebdf/Celeb-synthesis/id23_id26_0000.mp4,celebdf
fake_id23_id26_0001,train,fake,/workspace/data/raw/celebdf/Celeb-synthesis/id23_id26_0001.mp4,celebdf
fake_id23_id26_0002,train,fake,/workspace/data/raw/celebdf/Celeb-synthesis/id23_id26_0002.mp4,celebdf
fake_id23_id26_0006,train,fake,/workspace/data/raw/celebdf/Celeb-synthesis/id23_id26_0006.mp4,celebdf
fake_id23_id26_0007,train,fake,/workspace/data/raw/celebdf/Celeb-synthesis/id23_id26_0007.mp4,celebdf
fake_id23_id26_0009,train,fake,/workspace/data/raw/celebdf/Celeb-synthesis/id23_id26_0009.mp4,celebdf
fake_id23_id27_0000,train,fake,/workspace/data/raw/celebdf/Celeb-synthesis/id23_id27_0000.mp4,celebdf
fake_id23_id27_0001,train,fake,/workspace/data/raw/celebdf/Celeb-synthesis/id23_id27_0001.mp4,celebdf
fake_id23_id27_0002,train,fake,/workspace/data/raw/celebdf/Celeb-synthesis/id23_id27_0002.mp4,celebdf
fake_id23_id27_0003,train,fake,/workspace/data/raw/celebdf/Celeb-synthesis/id23_id27_0003.mp4,celebdf
fake_id23_id27_0006,train,fake,/workspace/data/raw/celebdf/Celeb-synthesis/id23_id27_0006.mp4,celebdf
fake_id23_id27_0007,train,fake,/workspace/data/raw/celebdf/Celeb-synthesis/id23_id27_0007.mp4,celebdf
fake_id23_id27_0009,train,fake,/workspace/data/raw/celebdf/Celeb-synthesis/id23_id27_0009.mp4,celebdf
fake_id23_id28_0000,train,fake,/workspace/data/raw/celebdf/Celeb-synthesis/id23_id28_0000.mp4,celebdf
fake_id23_id28_0001,train,fake,/workspace/data/raw/celebdf/Celeb-synthesis/id23_id28_0001.mp4,celebdf
fake_id23_id28_0002,train,fake,/workspace/data/raw/celebdf/Celeb-synthesis/id23_id28_0002.mp4,celebdf
fake_id23_id28_0003,train,fake,/workspace/data/raw/celebdf/Celeb-synthesis/id23_id28_0003.mp4,celebdf
fake_id23_id28_0005,train,fake,/workspace/data/raw/celebdf/Celeb-synthesis/id23_id28_0005.mp4,celebdf
fake_id23_id28_0006,train,fake,/workspace/data/raw/celebdf/Celeb-synthesis/id23_id28_0006.mp4,celebdf
fake_id23_id28_0007,train,fake,/workspace/data/raw/celebdf/Celeb-synthesis/id23_id28_0007.mp4,celebdf
fake_id23_id28_0009,train,fake,/workspace/data/raw/celebdf/Celeb-synthesis/id23_id28_0009.mp4,celebdf
fake_id23_id29_0000,train,fake,/workspace/data/raw/celebdf/Celeb-synthesis/id23_id29_0000.mp4,celebdf
fake_id23_id29_0001,train,fake,/workspace/data/raw/celebdf/Celeb-synthesis/id23_id29_0001.mp4,celebdf
fake_id23_id29_0002,train,fake,/workspace/data/raw/celebdf/Celeb-synthesis/id23_id29_0002.mp4,celebdf
fake_id23_id29_0003,train,fake,/workspace/data/raw/celebdf/Celeb-synthesis/id23_id29_0003.mp4,celebdf
fake_id23_id29_0004,train,fake,/workspace/data/raw/celebdf/Celeb-synthesis/id23_id29_0004.mp4,celebdf
fake_id23_id29_0005,train,fake,/workspace/data/raw/celebdf/Celeb-synthesis/id23_id29_0005.mp4,celebdf
fake_id23_id29_0006,train,fake,/workspace/data/raw/celebdf/Celeb-synthesis/id23_id29_0006.mp4,celebdf
fake_id23_id29_0007,train,fake,/workspace/data/raw/celebdf/Celeb-synthesis/id23_id29_0007.mp4,celebdf
fake_id23_id29_0009,train,fake,/workspace/data/raw/celebdf/Celeb-synthesis/id23_id29_0009.mp4,celebdf
fake_id23_id2_0000,train,fake,/workspace/data/raw/celebdf/Celeb-synthesis/id23_id2_0000.mp4,celebdf
fake_id23_id2_0001,train,fake,/workspace/data/raw/celebdf/Celeb-synthesis/id23_id2_0001.mp4,celebdf
fake_id23_id2_0002,train,fake,/workspace/data/raw/celebdf/Celeb-synthesis/id23_id2_0002.mp4,celebdf
fake_id23_id2_0003,train,fake,/workspace/data/raw/celebdf/Celeb-synthesis/id23_id2_0003.mp4,celebdf
fake_id23_id2_0004,train,fake,/workspace/data/raw/celebdf/Celeb-synthesis/id23_id2_0004.mp4,celebdf
fake_id23_id2_0005,train,fake,/workspace/data/raw/celebdf/Celeb-synthesis/id23_id2_0005.mp4,celebdf
fake_id23_id2_0006,train,fake,/workspace/data/raw/celebdf/Celeb-synthesis/id23_id2_0006.mp4,celebdf
fake_id23_id2_0009,train,fake,/workspace/data/raw/celebdf/Celeb-synthesis/id23_id2_0009.mp4,celebdf
fake_id23_id30_0000,train,fake,/workspace/data/raw/celebdf/Celeb-synthesis/id23_id30_0000.mp4,celebdf
fake_id23_id30_0001,train,fake,/workspace/data/raw/celebdf/Celeb-synthesis/id23_id30_0001.mp4,celebdf
fake_id23_id30_0002,train,fake,/workspace/data/raw/celebdf/Celeb-synthesis/id23_id30_0002.mp4,celebdf
fake_id23_id30_0003,train,fake,/workspace/data/raw/celebdf/Celeb-synthesis/id23_id30_0003.mp4,celebdf
fake_id23_id30_0004,train,fake,/workspace/data/raw/celebdf/Celeb-synthesis/id23_id30_0004.mp4,celebdf
fake_id23_id30_0005,train,fake,/workspace/data/raw/celebdf/Celeb-synthesis/id23_id30_0005.mp4,celebdf
fake_id23_id30_0006,train,fake,/workspace/data/raw/celebdf/Celeb-synthesis/id23_id30_0006.mp4,celebdf
fake_id23_id30_0007,train,fake,/workspace/data/raw/celebdf/Celeb-synthesis/id23_id30_0007.mp4,celebdf
fake_id23_id30_0009,train,fake,/workspace/data/raw/celebdf/Celeb-synthesis/id23_id30_0009.mp4,celebdf
fake_id23_id31_0000,train,fake,/workspace/data/raw/celebdf/Celeb-synthesis/id23_id31_0000.mp4,celebdf
fake_id23_id31_0001,train,fake,/workspace/data/raw/celebdf/Celeb-synthesis/id23_id31_0001.mp4,celebdf
fake_id23_id31_0002,train,fake,/workspace/data/raw/celebdf/Celeb-synthesis/id23_id31_0002.mp4,celebdf
fake_id23_id31_0003,train,fake,/workspace/data/raw/celebdf/Celeb-synthesis/id23_id31_0003.mp4,celebdf
fake_id23_id31_0005,train,fake,/workspace/data/raw/celebdf/Celeb-synthesis/id23_id31_0005.mp4,celebdf
fake_id23_id31_0006,train,fake,/workspace/data/raw/celebdf/Celeb-synthesis/id23_id31_0006.mp4,celebdf
fake_id23_id31_0007,train,fake,/workspace/data/raw/celebdf/Celeb-synthesis/id23_id31_0007.mp4,celebdf
fake_id23_id32_0000,train,fake,/workspace/data/raw/celebdf/Celeb-synthesis/id23_id32_0000.mp4,celebdf
fake_id23_id32_0001,train,fake,/workspace/data/raw/celebdf/Celeb-synthesis/id23_id32_0001.mp4,celebdf
fake_id23_id32_0002,train,fake,/workspace/data/raw/celebdf/Celeb-synthesis/id23_id32_0002.mp4,celebdf
fake_id23_id32_0003,train,fake,/workspace/data/raw/celebdf/Celeb-synthesis/id23_id32_0003.mp4,celebdf
fake_id23_id32_0005,train,fake,/workspace/data/raw/celebdf/Celeb-synthesis/id23_id32_0005.mp4,celebdf
fake_id23_id32_0006,train,fake,/workspace/data/raw/celebdf/Celeb-synthesis/id23_id32_0006.mp4,celebdf
fake_id23_id32_0007,train,fake,/workspace/data/raw/celebdf/Celeb-synthesis/id23_id32_0007.mp4,celebdf
fake_id23_id32_0009,train,fake,/workspace/data/raw/celebdf/Celeb-synthesis/id23_id32_0009.mp4,celebdf
fake_id23_id33_0000,train,fake,/workspace/data/raw/celebdf/Celeb-synthesis/id23_id33_0000.mp4,celebdf
fake_id23_id33_0001,train,fake,/workspace/data/raw/celebdf/Celeb-synthesis/id23_id33_0001.mp4,celebdf
fake_id23_id33_0002,train,fake,/workspace/data/raw/celebdf/Celeb-synthesis/id23_id33_0002.mp4,celebdf
fake_id23_id33_0003,train,fake,/workspace/data/raw/celebdf/Celeb-synthesis/id23_id33_0003.mp4,celebdf
fake_id23_id33_0004,train,fake,/workspace/data/raw/celebdf/Celeb-synthesis/id23_id33_0004.mp4,celebdf
fake_id23_id33_0005,train,fake,/workspace/data/raw/celebdf/Celeb-synthesis/id23_id33_0005.mp4,celebdf
fake_id23_id33_0006,train,fake,/workspace/data/raw/celebdf/Celeb-synthesis/id23_id33_0006.mp4,celebdf
fake_id23_id33_0007,train,fake,/workspace/data/raw/celebdf/Celeb-synthesis/id23_id33_0007.mp4,celebdf
fake_id23_id34_0000,train,fake,/workspace/data/raw/celebdf/Celeb-synthesis/id23_id34_0000.mp4,celebdf
fake_id23_id34_0001,train,fake,/workspace/data/raw/celebdf/Celeb-synthesis/id23_id34_0001.mp4,celebdf
fake_id23_id34_0002,train,fake,/workspace/data/raw/celebdf/Celeb-synthesis/id23_id34_0002.mp4,celebdf
fake_id23_id34_0003,train,fake,/workspace/data/raw/celebdf/Celeb-synthesis/id23_id34_0003.mp4,celebdf
fake_id23_id34_0005,train,fake,/workspace/data/raw/celebdf/Celeb-synthesis/id23_id34_0005.mp4,celebdf
fake_id23_id34_0006,train,fake,/workspace/data/raw/celebdf/Celeb-synthesis/id23_id34_0006.mp4,celebdf
fake_id23_id34_0007,train,fake,/workspace/data/raw/celebdf/Celeb-synthesis/id23_id34_0007.mp4,celebdf
fake_id23_id34_0009,train,fake,/workspace/data/raw/celebdf/Celeb-synthesis/id23_id34_0009.mp4,celebdf
fake_id23_id35_0000,train,fake,/workspace/data/raw/celebdf/Celeb-synthesis/id23_id35_0000.mp4,celebdf
fake_id23_id35_0002,train,fake,/workspace/data/raw/celebdf/Celeb-synthesis/id23_id35_0002.mp4,celebdf
fake_id23_id35_0003,train,fake,/workspace/data/raw/celebdf/Celeb-synthesis/id23_id35_0003.mp4,celebdf
fake_id23_id35_0004,train,fake,/workspace/data/raw/celebdf/Celeb-synthesis/id23_id35_0004.mp4,celebdf
fake_id23_id35_0005,train,fake,/workspace/data/raw/celebdf/Celeb-synthesis/id23_id35_0005.mp4,celebdf
fake_id23_id35_0007,train,fake,/workspace/data/raw/celebdf/Celeb-synthesis/id23_id35_0007.mp4,celebdf
fake_id23_id37_0000,train,fake,/workspace/data/raw/celebdf/Celeb-synthesis/id23_id37_0000.mp4,celebdf
fake_id23_id37_0001,train,fake,/workspace/data/raw/celebdf/Celeb-synthesis/id23_id37_0001.mp4,celebdf
fake_id23_id37_0002,train,fake,/workspace/data/raw/celebdf/Celeb-synthesis/id23_id37_0002.mp4,celebdf
fake_id23_id37_0003,train,fake,/workspace/data/raw/celebdf/Celeb-synthesis/id23_id37_0003.mp4,celebdf
fake_id23_id37_0004,train,fake,/workspace/data/raw/celebdf/Celeb-synthesis/id23_id37_0004.mp4,celebdf
fake_id23_id37_0005,train,fake,/workspace/data/raw/celebdf/Celeb-synthesis/id23_id37_0005.mp4,celebdf
fake_id23_id37_0006,train,fake,/workspace/data/raw/celebdf/Celeb-synthesis/id23_id37_0006.mp4,celebdf
fake_id23_id37_0007,train,fake,/workspace/data/raw/celebdf/Celeb-synthesis/id23_id37_0007.mp4,celebdf
fake_id23_id37_0008,train,fake,/workspace/data/raw/celebdf/Celeb-synthesis/id23_id37_0008.mp4,celebdf
fake_id23_id37_0009,train,fake,/workspace/data/raw/celebdf/Celeb-synthesis/id23_id37_0009.mp4,celebdf
fake_id23_id38_0000,train,fake,/workspace/data/raw/celebdf/Celeb-synthesis/id23_id38_0000.mp4,celebdf
fake_id23_id38_0001,train,fake,/workspace/data/raw/celebdf/Celeb-synthesis/id23_id38_0001.mp4,celebdf
fake_id23_id38_0002,train,fake,/workspace/data/raw/celebdf/Celeb-synthesis/id23_id38_0002.mp4,celebdf
fake_id23_id38_0003,train,fake,/workspace/data/raw/celebdf/Celeb-synthesis/id23_id38_0003.mp4,celebdf
fake_id23_id38_0004,train,fake,/workspace/data/raw/celebdf/Celeb-synthesis/id23_id38_0004.mp4,celebdf
fake_id23_id38_0005,train,fake,/workspace/data/raw/celebdf/Celeb-synthesis/id23_id38_0005.mp4,celebdf
fake_id23_id38_0006,train,fake,/workspace/data/raw/celebdf/Celeb-synthesis/id23_id38_0006.mp4,celebdf
fake_id23_id38_0007,train,fake,/workspace/data/raw/celebdf/Celeb-synthesis/id23_id38_0007.mp4,celebdf
fake_id23_id3_0000,train,fake,/workspace/data/raw/celebdf/Celeb-synthesis/id23_id3_0000.mp4,celebdf
fake_id23_id3_0001,train,fake,/workspace/data/raw/celebdf/Celeb-synthesis/id23_id3_0001.mp4,celebdf
fake_id23_id3_0002,train,fake,/workspace/data/raw/celebdf/Celeb-synthesis/id23_id3_0002.mp4,celebdf
fake_id23_id3_0003,train,fake,/workspace/data/raw/celebdf/Celeb-synthesis/id23_id3_0003.mp4,celebdf
fake_id23_id3_0005,train,fake,/workspace/data/raw/celebdf/Celeb-synthesis/id23_id3_0005.mp4,celebdf
fake_id23_id3_0006,train,fake,/workspace/data/raw/celebdf/Celeb-synthesis/id23_id3_0006.mp4,celebdf
fake_id23_id3_0007,train,fake,/workspace/data/raw/celebdf/Celeb-synthesis/id23_id3_0007.mp4,celebdf
fake_id23_id4_0000,train,fake,/workspace/data/raw/celebdf/Celeb-synthesis/id23_id4_0000.mp4,celebdf
fake_id23_id4_0001,train,fake,/workspace/data/raw/celebdf/Celeb-synthesis/id23_id4_0001.mp4,celebdf
fake_id23_id4_0002,train,fake,/workspace/data/raw/celebdf/Celeb-synthesis/id23_id4_0002.mp4,celebdf
fake_id23_id4_0003,train,fake,/workspace/data/raw/celebdf/Celeb-synthesis/id23_id4_0003.mp4,celebdf
fake_id23_id4_0004,train,fake,/workspace/data/raw/celebdf/Celeb-synthesis/id23_id4_0004.mp4,celebdf
fake_id23_id4_0005,train,fake,/workspace/data/raw/celebdf/Celeb-synthesis/id23_id4_0005.mp4,celebdf
fake_id23_id4_0006,train,fake,/workspace/data/raw/celebdf/Celeb-synthesis/id23_id4_0006.mp4,celebdf
fake_id23_id4_0007,train,fake,/workspace/data/raw/celebdf/Celeb-synthesis/id23_id4_0007.mp4,celebdf
fake_id23_id4_0009,train,fake,/workspace/data/raw/celebdf/Celeb-synthesis/id23_id4_0009.mp4,celebdf
fake_id23_id6_0000,train,fake,/workspace/data/raw/celebdf/Celeb-synthesis/id23_id6_0000.mp4,celebdf
fake_id23_id6_0001,train,fake,/workspace/data/raw/celebdf/Celeb-synthesis/id23_id6_0001.mp4,celebdf
fake_id23_id6_0002,train,fake,/workspace/data/raw/celebdf/Celeb-synthesis/id23_id6_0002.mp4,celebdf
fake_id23_id6_0003,train,fake,/workspace/data/raw/celebdf/Celeb-synthesis/id23_id6_0003.mp4,celebdf
fake_id23_id6_0004,train,fake,/workspace/data/raw/celebdf/Celeb-synthesis/id23_id6_0004.mp4,celebdf
fake_id23_id6_0005,train,fake,/workspace/data/raw/celebdf/Celeb-synthesis/id23_id6_0005.mp4,celebdf
fake_id23_id6_0006,train,fake,/workspace/data/raw/celebdf/Celeb-synthesis/id23_id6_0006.mp4,celebdf
fake_id23_id6_0007,train,fake,/workspace/data/raw/celebdf/Celeb-synthesis/id23_id6_0007.mp4,celebdf
fake_id23_id6_0009,train,fake,/workspace/data/raw/celebdf/Celeb-synthesis/id23_id6_0009.mp4,celebdf
fake_id23_id9_0000,train,fake,/workspace/data/raw/celebdf/Celeb-synthesis/id23_id9_0000.mp4,celebdf
fake_id23_id9_0001,train,fake,/workspace/data/raw/celebdf/Celeb-synthesis/id23_id9_0001.mp4,celebdf
fake_id23_id9_0002,train,fake,/workspace/data/raw/celebdf/Celeb-synthesis/id23_id9_0002.mp4,celebdf
fake_id23_id9_0003,train,fake,/workspace/data/raw/celebdf/Celeb-synthesis/id23_id9_0003.mp4,celebdf
fake_id23_id9_0004,train,fake,/workspace/data/raw/celebdf/Celeb-synthesis/id23_id9_0004.mp4,celebdf
fake_id23_id9_0005,train,fake,/workspace/data/raw/celebdf/Celeb-synthesis/id23_id9_0005.mp4,celebdf
fake_id23_id9_0006,train,fake,/workspace/data/raw/celebdf/Celeb-synthesis/id23_id9_0006.mp4,celebdf
fake_id23_id9_0007,train,fake,/workspace/data/raw/celebdf/Celeb-synthesis/id23_id9_0007.mp4,celebdf
fake_id23_id9_0008,train,fake,/workspace/data/raw/celebdf/Celeb-synthesis/id23_id9_0008.mp4,celebdf
fake_id23_id9_0009,train,fake,/workspace/data/raw/celebdf/Celeb-synthesis/id23_id9_0009.mp4,celebdf
fake_id24_id19_0002,train,fake,/workspace/data/raw/celebdf/Celeb-synthesis/id24_id19_0002.mp4,celebdf
fake_id24_id19_0003,train,fake,/workspace/data/raw/celebdf/Celeb-synthesis/id24_id19_0003.mp4,celebdf
fake_id24_id19_0004,train,fake,/workspace/data/raw/celebdf/Celeb-synthesis/id24_id19_0004.mp4,celebdf
fake_id24_id19_0005,train,fake,/workspace/data/raw/celebdf/Celeb-synthesis/id24_id19_0005.mp4,celebdf
fake_id24_id19_0006,train,fake,/workspace/data/raw/celebdf/Celeb-synthesis/id24_id19_0006.mp4,celebdf
fake_id24_id19_0009,train,fake,/workspace/data/raw/celebdf/Celeb-synthesis/id24_id19_0009.mp4,celebdf
fake_id24_id20_0000,train,fake,/workspace/data/raw/celebdf/Celeb-synthesis/id24_id20_0000.mp4,celebdf
fake_id24_id20_0002,train,fake,/workspace/data/raw/celebdf/Celeb-synthesis/id24_id20_0002.mp4,celebdf
fake_id24_id20_0003,train,fake,/workspace/data/raw/celebdf/Celeb-synthesis/id24_id20_0003.mp4,celebdf
fake_id24_id20_0004,train,fake,/workspace/data/raw/celebdf/Celeb-synthesis/id24_id20_0004.mp4,celebdf
fake_id24_id20_0005,train,fake,/workspace/data/raw/celebdf/Celeb-synthesis/id24_id20_0005.mp4,celebdf
fake_id24_id20_0006,train,fake,/workspace/data/raw/celebdf/Celeb-synthesis/id24_id20_0006.mp4,celebdf
fake_id24_id20_0007,train,fake,/workspace/data/raw/celebdf/Celeb-synthesis/id24_id20_0007.mp4,celebdf
fake_id24_id20_0008,train,fake,/workspace/data/raw/celebdf/Celeb-synthesis/id24_id20_0008.mp4,celebdf
fake_id24_id21_0000,train,fake,/workspace/data/raw/celebdf/Celeb-synthesis/id24_id21_0000.mp4,celebdf
fake_id24_id21_0002,train,fake,/workspace/data/raw/celebdf/Celeb-synthesis/id24_id21_0002.mp4,celebdf
fake_id24_id21_0003,train,fake,/workspace/data/raw/celebdf/Celeb-synthesis/id24_id21_0003.mp4,celebdf
fake_id24_id21_0004,train,fake,/workspace/data/raw/celebdf/Celeb-synthesis/id24_id21_0004.mp4,celebdf
fake_id24_id21_0005,train,fake,/workspace/data/raw/celebdf/Celeb-synthesis/id24_id21_0005.mp4,celebdf
fake_id24_id21_0007,train,fake,/workspace/data/raw/celebdf/Celeb-synthesis/id24_id21_0007.mp4,celebdf
fake_id24_id21_0008,train,fake,/workspace/data/raw/celebdf/Celeb-synthesis/id24_id21_0008.mp4,celebdf
fake_id24_id21_0009,train,fake,/workspace/data/raw/celebdf/Celeb-synthesis/id24_id21_0009.mp4,celebdf
fake_id24_id22_0000,train,fake,/workspace/data/raw/celebdf/Celeb-synthesis/id24_id22_0000.mp4,celebdf
fake_id24_id22_0001,train,fake,/workspace/data/raw/celebdf/Celeb-synthesis/id24_id22_0001.mp4,celebdf
fake_id24_id22_0002,train,fake,/workspace/data/raw/celebdf/Celeb-synthesis/id24_id22_0002.mp4,celebdf
fake_id24_id22_0003,train,fake,/workspace/data/raw/celebdf/Celeb-synthesis/id24_id22_0003.mp4,celebdf
fake_id24_id22_0004,train,fake,/workspace/data/raw/celebdf/Celeb-synthesis/id24_id22_0004.mp4,celebdf
fake_id24_id22_0005,train,fake,/workspace/data/raw/celebdf/Celeb-synthesis/id24_id22_0005.mp4,celebdf
fake_id24_id22_0006,train,fake,/workspace/data/raw/celebdf/Celeb-synthesis/id24_id22_0006.mp4,celebdf
fake_id24_id22_0007,train,fake,/workspace/data/raw/celebdf/Celeb-synthesis/id24_id22_0007.mp4,celebdf
fake_id24_id22_0008,train,fake,/workspace/data/raw/celebdf/Celeb-synthesis/id24_id22_0008.mp4,celebdf
fake_id24_id22_0009,train,fake,/workspace/data/raw/celebdf/Celeb-synthesis/id24_id22_0009.mp4,celebdf
fake_id24_id23_0000,train,fake,/workspace/data/raw/celebdf/Celeb-synthesis/id24_id23_0000.mp4,celebdf
fake_id24_id23_0002,train,fake,/workspace/data/raw/celebdf/Celeb-synthesis/id24_id23_0002.mp4,celebdf
fake_id24_id23_0003,train,fake,/workspace/data/raw/celebdf/Celeb-synthesis/id24_id23_0003.mp4,celebdf
fake_id24_id23_0004,train,fake,/workspace/data/raw/celebdf/Celeb-synthesis/id24_id23_0004.mp4,celebdf
fake_id24_id23_0005,train,fake,/workspace/data/raw/celebdf/Celeb-synthesis/id24_id23_0005.mp4,celebdf
fake_id24_id23_0006,train,fake,/workspace/data/raw/celebdf/Celeb-synthesis/id24_id23_0006.mp4,celebdf
fake_id24_id23_0007,train,fake,/workspace/data/raw/celebdf/Celeb-synthesis/id24_id23_0007.mp4,celebdf
fake_id24_id23_0009,train,fake,/workspace/data/raw/celebdf/Celeb-synthesis/id24_id23_0009.mp4,celebdf
fake_id24_id25_0000,train,fake,/workspace/data/raw/celebdf/Celeb-synthesis/id24_id25_0000.mp4,celebdf
fake_id24_id25_0002,train,fake,/workspace/data/raw/celebdf/Celeb-synthesis/id24_id25_0002.mp4,celebdf
fake_id24_id25_0003,train,fake,/workspace/data/raw/celebdf/Celeb-synthesis/id24_id25_0003.mp4,celebdf
fake_id24_id25_0004,train,fake,/workspace/data/raw/celebdf/Celeb-synthesis/id24_id25_0004.mp4,celebdf
fake_id24_id25_0005,train,fake,/workspace/data/raw/celebdf/Celeb-synthesis/id24_id25_0005.mp4,celebdf
fake_id24_id25_0006,train,fake,/workspace/data/raw/celebdf/Celeb-synthesis/id24_id25_0006.mp4,celebdf
fake_id24_id25_0007,train,fake,/workspace/data/raw/celebdf/Celeb-synthesis/id24_id25_0007.mp4,celebdf
fake_id24_id25_0008,train,fake,/workspace/data/raw/celebdf/Celeb-synthesis/id24_id25_0008.mp4,celebdf
fake_id24_id25_0009,train,fake,/workspace/data/raw/celebdf/Celeb-synthesis/id24_id25_0009.mp4,celebdf
fake_id24_id26_0000,train,fake,/workspace/data/raw/celebdf/Celeb-synthesis/id24_id26_0000.mp4,celebdf
fake_id24_id26_0002,train,fake,/workspace/data/raw/celebdf/Celeb-synthesis/id24_id26_0002.mp4,celebdf
fake_id24_id26_0003,train,fake,/workspace/data/raw/celebdf/Celeb-synthesis/id24_id26_0003.mp4,celebdf
fake_id24_id26_0005,train,fake,/workspace/data/raw/celebdf/Celeb-synthesis/id24_id26_0005.mp4,celebdf
fake_id24_id26_0006,train,fake,/workspace/data/raw/celebdf/Celeb-synthesis/id24_id26_0006.mp4,celebdf
fake_id24_id26_0007,train,fake,/workspace/data/raw/celebdf/Celeb-synthesis/id24_id26_0007.mp4,celebdf
fake_id24_id26_0008,train,fake,/workspace/data/raw/celebdf/Celeb-synthesis/id24_id26_0008.mp4,celebdf
fake_id24_id27_0000,train,fake,/workspace/data/raw/celebdf/Celeb-synthesis/id24_id27_0000.mp4,celebdf
fake_id24_id27_0002,train,fake,/workspace/data/raw/celebdf/Celeb-synthesis/id24_id27_0002.mp4,celebdf
fake_id24_id27_0003,train,fake,/workspace/data/raw/celebdf/Celeb-synthesis/id24_id27_0003.mp4,celebdf
fake_id24_id27_0004,train,fake,/workspace/data/raw/celebdf/Celeb-synthesis/id24_id27_0004.mp4,celebdf
fake_id24_id27_0005,train,fake,/workspace/data/raw/celebdf/Celeb-synthesis/id24_id27_0005.mp4,celebdf
fake_id24_id27_0006,train,fake,/workspace/data/raw/celebdf/Celeb-synthesis/id24_id27_0006.mp4,celebdf
fake_id24_id27_0007,train,fake,/workspace/data/raw/celebdf/Celeb-synthesis/id24_id27_0007.mp4,celebdf
fake_id24_id27_0008,train,fake,/workspace/data/raw/celebdf/Celeb-synthesis/id24_id27_0008.mp4,celebdf
fake_id24_id27_0009,train,fake,/workspace/data/raw/celebdf/Celeb-synthesis/id24_id27_0009.mp4,celebdf
fake_id24_id28_0000,train,fake,/workspace/data/raw/celebdf/Celeb-synthesis/id24_id28_0000.mp4,celebdf
fake_id24_id28_0002,train,fake,/workspace/data/raw/celebdf/Celeb-synthesis/id24_id28_0002.mp4,celebdf
fake_id24_id28_0003,train,fake,/workspace/data/raw/celebdf/Celeb-synthesis/id24_id28_0003.mp4,celebdf
fake_id24_id28_0004,train,fake,/workspace/data/raw/celebdf/Celeb-synthesis/id24_id28_0004.mp4,celebdf
fake_id24_id28_0005,train,fake,/workspace/data/raw/celebdf/Celeb-synthesis/id24_id28_0005.mp4,celebdf
fake_id24_id28_0006,train,fake,/workspace/data/raw/celebdf/Celeb-synthesis/id24_id28_0006.mp4,celebdf
fake_id24_id28_0007,train,fake,/workspace/data/raw/celebdf/Celeb-synthesis/id24_id28_0007.mp4,celebdf
fake_id24_id28_0008,train,fake,/workspace/data/raw/celebdf/Celeb-synthesis/id24_id28_0008.mp4,celebdf
fake_id24_id28_0009,train,fake,/workspace/data/raw/celebdf/Celeb-synthesis/id24_id28_0009.mp4,celebdf
fake_id25_id19_0003,train,fake,/workspace/data/raw/celebdf/Celeb-synthesis/id25_id19_0003.mp4,celebdf
fake_id25_id19_0007,train,fake,/workspace/data/raw/celebdf/Celeb-synthesis/id25_id19_0007.mp4,celebdf
fake_id25_id19_0010,train,fake,/workspace/data/raw/celebdf/Celeb-synthesis/id25_id19_0010.mp4,celebdf
fake_id25_id20_0002,train,fake,/workspace/data/raw/celebdf/Celeb-synthesis/id25_id20_0002.mp4,celebdf
fake_id25_id20_0003,train,fake,/workspace/data/raw/celebdf/Celeb-synthesis/id25_id20_0003.mp4,celebdf
fake_id25_id20_0005,train,fake,/workspace/data/raw/celebdf/Celeb-synthesis/id25_id20_0005.mp4,celebdf
fake_id25_id20_0007,train,fake,/workspace/data/raw/celebdf/Celeb-synthesis/id25_id20_0007.mp4,celebdf
fake_id25_id20_0008,train,fake,/workspace/data/raw/celebdf/Celeb-synthesis/id25_id20_0008.mp4,celebdf
fake_id25_id20_0010,train,fake,/workspace/data/raw/celebdf/Celeb-synthesis/id25_id20_0010.mp4,celebdf
fake_id25_id21_0002,train,fake,/workspace/data/raw/celebdf/Celeb-synthesis/id25_id21_0002.mp4,celebdf
fake_id25_id21_0003,train,fake,/workspace/data/raw/celebdf/Celeb-synthesis/id25_id21_0003.mp4,celebdf
fake_id25_id21_0007,train,fake,/workspace/data/raw/celebdf/Celeb-synthesis/id25_id21_0007.mp4,celebdf
fake_id25_id21_0008,train,fake,/workspace/data/raw/celebdf/Celeb-synthesis/id25_id21_0008.mp4,celebdf
fake_id25_id21_0010,train,fake,/workspace/data/raw/celebdf/Celeb-synthesis/id25_id21_0010.mp4,celebdf
fake_id25_id22_0002,train,fake,/workspace/data/raw/celebdf/Celeb-synthesis/id25_id22_0002.mp4,celebdf
fake_id25_id22_0003,train,fake,/workspace/data/raw/celebdf/Celeb-synthesis/id25_id22_0003.mp4,celebdf
fake_id25_id22_0004,train,fake,/workspace/data/raw/celebdf/Celeb-synthesis/id25_id22_0004.mp4,celebdf
fake_id25_id22_0007,train,fake,/workspace/data/raw/celebdf/Celeb-synthesis/id25_id22_0007.mp4,celebdf
fake_id25_id22_0008,train,fake,/workspace/data/raw/celebdf/Celeb-synthesis/id25_id22_0008.mp4,celebdf
fake_id25_id22_0010,train,fake,/workspace/data/raw/celebdf/Celeb-synthesis/id25_id22_0010.mp4,celebdf
fake_id25_id23_0000,train,fake,/workspace/data/raw/celebdf/Celeb-synthesis/id25_id23_0000.mp4,celebdf
fake_id25_id23_0002,train,fake,/workspace/data/raw/celebdf/Celeb-synthesis/id25_id23_0002.mp4,celebdf
fake_id25_id23_0003,train,fake,/workspace/data/raw/celebdf/Celeb-synthesis/id25_id23_0003.mp4,celebdf
fake_id25_id23_0005,train,fake,/workspace/data/raw/celebdf/Celeb-synthesis/id25_id23_0005.mp4,celebdf
fake_id25_id23_0007,train,fake,/workspace/data/raw/celebdf/Celeb-synthesis/id25_id23_0007.mp4,celebdf
fake_id25_id23_0008,train,fake,/workspace/data/raw/celebdf/Celeb-synthesis/id25_id23_0008.mp4,celebdf
fake_id25_id24_0002,train,fake,/workspace/data/raw/celebdf/Celeb-synthesis/id25_id24_0002.mp4,celebdf
fake_id25_id24_0005,train,fake,/workspace/data/raw/celebdf/Celeb-synthesis/id25_id24_0005.mp4,celebdf
fake_id25_id24_0007,train,fake,/workspace/data/raw/celebdf/Celeb-synthesis/id25_id24_0007.mp4,celebdf
fake_id25_id24_0008,train,fake,/workspace/data/raw/celebdf/Celeb-synthesis/id25_id24_0008.mp4,celebdf
fake_id25_id24_0010,train,fake,/workspace/data/raw/celebdf/Celeb-synthesis/id25_id24_0010.mp4,celebdf
fake_id25_id26_0000,train,fake,/workspace/data/raw/celebdf/Celeb-synthesis/id25_id26_0000.mp4,celebdf
fake_id25_id26_0002,train,fake,/workspace/data/raw/celebdf/Celeb-synthesis/id25_id26_0002.mp4,celebdf
fake_id25_id26_0003,train,fake,/workspace/data/raw/celebdf/Celeb-synthesis/id25_id26_0003.mp4,celebdf
fake_id25_id26_0004,train,fake,/workspace/data/raw/celebdf/Celeb-synthesis/id25_id26_0004.mp4,celebdf
fake_id25_id26_0005,train,fake,/workspace/data/raw/celebdf/Celeb-synthesis/id25_id26_0005.mp4,celebdf
fake_id25_id26_0006,train,fake,/workspace/data/raw/celebdf/Celeb-synthesis/id25_id26_0006.mp4,celebdf
fake_id25_id26_0007,train,fake,/workspace/data/raw/celebdf/Celeb-synthesis/id25_id26_0007.mp4,celebdf
fake_id25_id26_0008,train,fake,/workspace/data/raw/celebdf/Celeb-synthesis/id25_id26_0008.mp4,celebdf
fake_id25_id26_0010,train,fake,/workspace/data/raw/celebdf/Celeb-synthesis/id25_id26_0010.mp4,celebdf
fake_id25_id27_0002,train,fake,/workspace/data/raw/celebdf/Celeb-synthesis/id25_id27_0002.mp4,celebdf
fake_id25_id27_0003,train,fake,/workspace/data/raw/celebdf/Celeb-synthesis/id25_id27_0003.mp4,celebdf
fake_id25_id27_0004,train,fake,/workspace/data/raw/celebdf/Celeb-synthesis/id25_id27_0004.mp4,celebdf
fake_id25_id27_0005,train,fake,/workspace/data/raw/celebdf/Celeb-synthesis/id25_id27_0005.mp4,celebdf
fake_id25_id27_0007,train,fake,/workspace/data/raw/celebdf/Celeb-synthesis/id25_id27_0007.mp4,celebdf
fake_id25_id27_0008,train,fake,/workspace/data/raw/celebdf/Celeb-synthesis/id25_id27_0008.mp4,celebdf
fake_id25_id27_0010,train,fake,/workspace/data/raw/celebdf/Celeb-synthesis/id25_id27_0010.mp4,celebdf
fake_id25_id28_0000,train,fake,/workspace/data/raw/celebdf/Celeb-synthesis/id25_id28_0000.mp4,celebdf
fake_id25_id28_0002,train,fake,/workspace/data/raw/celebdf/Celeb-synthesis/id25_id28_0002.mp4,celebdf
fake_id25_id28_0005,train,fake,/workspace/data/raw/celebdf/Celeb-synthesis/id25_id28_0005.mp4,celebdf
fake_id25_id28_0007,train,fake,/workspace/data/raw/celebdf/Celeb-synthesis/id25_id28_0007.mp4,celebdf
fake_id25_id28_0008,train,fake,/workspace/data/raw/celebdf/Celeb-synthesis/id25_id28_0008.mp4,celebdf
fake_id26_id0_0000,train,fake,/workspace/data/raw/celebdf/Celeb-synthesis/id26_id0_0000.mp4,celebdf
fake_id26_id0_0001,train,fake,/workspace/data/raw/celebdf/Celeb-synthesis/id26_id0_0001.mp4,celebdf
fake_id26_id0_0003,train,fake,/workspace/data/raw/celebdf/Celeb-synthesis/id26_id0_0003.mp4,celebdf
fake_id26_id0_0004,train,fake,/workspace/data/raw/celebdf/Celeb-synthesis/id26_id0_0004.mp4,celebdf
fake_id26_id0_0005,train,fake,/workspace/data/raw/celebdf/Celeb-synthesis/id26_id0_0005.mp4,celebdf
fake_id26_id0_0006,train,fake,/workspace/data/raw/celebdf/Celeb-synthesis/id26_id0_0006.mp4,celebdf
fake_id26_id0_0009,train,fake,/workspace/data/raw/celebdf/Celeb-synthesis/id26_id0_0009.mp4,celebdf
fake_id26_id16_0000,train,fake,/workspace/data/raw/celebdf/Celeb-synthesis/id26_id16_0000.mp4,celebdf
fake_id26_id16_0003,train,fake,/workspace/data/raw/celebdf/Celeb-synthesis/id26_id16_0003.mp4,celebdf
fake_id26_id16_0004,train,fake,/workspace/data/raw/celebdf/Celeb-synthesis/id26_id16_0004.mp4,celebdf
fake_id26_id16_0006,train,fake,/workspace/data/raw/celebdf/Celeb-synthesis/id26_id16_0006.mp4,celebdf
fake_id26_id16_0009,train,fake,/workspace/data/raw/celebdf/Celeb-synthesis/id26_id16_0009.mp4,celebdf
fake_id26_id17_0000,train,fake,/workspace/data/raw/celebdf/Celeb-synthesis/id26_id17_0000.mp4,celebdf
fake_id26_id17_0003,train,fake,/workspace/data/raw/celebdf/Celeb-synthesis/id26_id17_0003.mp4,celebdf
fake_id26_id17_0004,train,fake,/workspace/data/raw/celebdf/Celeb-synthesis/id26_id17_0004.mp4,celebdf
fake_id26_id17_0005,train,fake,/workspace/data/raw/celebdf/Celeb-synthesis/id26_id17_0005.mp4,celebdf
fake_id26_id17_0006,train,fake,/workspace/data/raw/celebdf/Celeb-synthesis/id26_id17_0006.mp4,celebdf
fake_id26_id17_0008,train,fake,/workspace/data/raw/celebdf/Celeb-synthesis/id26_id17_0008.mp4,celebdf
fake_id26_id19_0000,train,fake,/workspace/data/raw/celebdf/Celeb-synthesis/id26_id19_0000.mp4,celebdf
fake_id26_id19_0002,train,fake,/workspace/data/raw/celebdf/Celeb-synthesis/id26_id19_0002.mp4,celebdf
fake_id26_id19_0003,train,fake,/workspace/data/raw/celebdf/Celeb-synthesis/id26_id19_0003.mp4,celebdf
fake_id26_id19_0004,train,fake,/workspace/data/raw/celebdf/Celeb-synthesis/id26_id19_0004.mp4,celebdf
fake_id26_id19_0005,train,fake,/workspace/data/raw/celebdf/Celeb-synthesis/id26_id19_0005.mp4,celebdf
fake_id26_id1_0000,train,fake,/workspace/data/raw/celebdf/Celeb-synthesis/id26_id1_0000.mp4,celebdf
fake_id26_id1_0001,train,fake,/workspace/data/raw/celebdf/Celeb-synthesis/id26_id1_0001.mp4,celebdf
fake_id26_id1_0003,train,fake,/workspace/data/raw/celebdf/Celeb-synthesis/id26_id1_0003.mp4,celebdf
fake_id26_id1_0004,train,fake,/workspace/data/raw/celebdf/Celeb-synthesis/id26_id1_0004.mp4,celebdf
fake_id26_id1_0006,train,fake,/workspace/data/raw/celebdf/Celeb-synthesis/id26_id1_0006.mp4,celebdf
fake_id26_id1_0009,train,fake,/workspace/data/raw/celebdf/Celeb-synthesis/id26_id1_0009.mp4,celebdf
fake_id26_id20_0000,train,fake,/workspace/data/raw/celebdf/Celeb-synthesis/id26_id20_0000.mp4,celebdf
fake_id26_id20_0001,train,fake,/workspace/data/raw/celebdf/Celeb-synthesis/id26_id20_0001.mp4,celebdf
fake_id26_id20_0003,train,fake,/workspace/data/raw/celebdf/Celeb-synthesis/id26_id20_0003.mp4,celebdf
fake_id26_id20_0004,train,fake,/workspace/data/raw/celebdf/Celeb-synthesis/id26_id20_0004.mp4,celebdf
fake_id26_id20_0005,train,fake,/workspace/data/raw/celebdf/Celeb-synthesis/id26_id20_0005.mp4,celebdf
fake_id26_id20_0008,train,fake,/workspace/data/raw/celebdf/Celeb-synthesis/id26_id20_0008.mp4,celebdf
fake_id26_id20_0009,train,fake,/workspace/data/raw/celebdf/Celeb-synthesis/id26_id20_0009.mp4,celebdf
fake_id26_id21_0000,train,fake,/workspace/data/raw/celebdf/Celeb-synthesis/id26_id21_0000.mp4,celebdf
fake_id26_id21_0004,train,fake,/workspace/data/raw/celebdf/Celeb-synthesis/id26_id21_0004.mp4,celebdf
fake_id26_id21_0005,train,fake,/workspace/data/raw/celebdf/Celeb-synthesis/id26_id21_0005.mp4,celebdf
fake_id26_id21_0008,train,fake,/workspace/data/raw/celebdf/Celeb-synthesis/id26_id21_0008.mp4,celebdf
fake_id26_id22_0000,train,fake,/workspace/data/raw/celebdf/Celeb-synthesis/id26_id22_0000.mp4,celebdf
fake_id26_id22_0001,train,fake,/workspace/data/raw/celebdf/Celeb-synthesis/id26_id22_0001.mp4,celebdf
fake_id26_id22_0003,train,fake,/workspace/data/raw/celebdf/Celeb-synthesis/id26_id22_0003.mp4,celebdf
fake_id26_id22_0004,train,fake,/workspace/data/raw/celebdf/Celeb-synthesis/id26_id22_0004.mp4,celebdf
fake_id26_id22_0005,train,fake,/workspace/data/raw/celebdf/Celeb-synthesis/id26_id22_0005.mp4,celebdf
fake_id26_id22_0009,train,fake,/workspace/data/raw/celebdf/Celeb-synthesis/id26_id22_0009.mp4,celebdf
fake_id26_id23_0001,train,fake,/workspace/data/raw/celebdf/Celeb-synthesis/id26_id23_0001.mp4,celebdf
fake_id26_id23_0002,train,fake,/workspace/data/raw/celebdf/Celeb-synthesis/id26_id23_0002.mp4,celebdf
fake_id26_id23_0003,train,fake,/workspace/data/raw/celebdf/Celeb-synthesis/id26_id23_0003.mp4,celebdf
fake_id26_id23_0004,train,fake,/workspace/data/raw/celebdf/Celeb-synthesis/id26_id23_0004.mp4,celebdf
fake_id26_id23_0009,train,fake,/workspace/data/raw/celebdf/Celeb-synthesis/id26_id23_0009.mp4,celebdf
fake_id26_id24_0001,train,fake,/workspace/data/raw/celebdf/Celeb-synthesis/id26_id24_0001.mp4,celebdf
fake_id26_id24_0003,train,fake,/workspace/data/raw/celebdf/Celeb-synthesis/id26_id24_0003.mp4,celebdf
fake_id26_id24_0004,train,fake,/workspace/data/raw/celebdf/Celeb-synthesis/id26_id24_0004.mp4,celebdf
fake_id26_id24_0009,train,fake,/workspace/data/raw/celebdf/Celeb-synthesis/id26_id24_0009.mp4,celebdf
fake_id26_id25_0000,train,fake,/workspace/data/raw/celebdf/Celeb-synthesis/id26_id25_0000.mp4,celebdf
fake_id26_id25_0001,train,fake,/workspace/data/raw/celebdf/Celeb-synthesis/id26_id25_0001.mp4,celebdf
fake_id26_id25_0002,train,fake,/workspace/data/raw/celebdf/Celeb-synthesis/id26_id25_0002.mp4,celebdf
fake_id26_id25_0003,train,fake,/workspace/data/raw/celebdf/Celeb-synthesis/id26_id25_0003.mp4,celebdf
fake_id26_id25_0004,train,fake,/workspace/data/raw/celebdf/Celeb-synthesis/id26_id25_0004.mp4,celebdf
fake_id26_id25_0005,train,fake,/workspace/data/raw/celebdf/Celeb-synthesis/id26_id25_0005.mp4,celebdf
fake_id26_id25_0006,train,fake,/workspace/data/raw/celebdf/Celeb-synthesis/id26_id25_0006.mp4,celebdf
fake_id26_id25_0008,train,fake,/workspace/data/raw/celebdf/Celeb-synthesis/id26_id25_0008.mp4,celebdf
fake_id26_id25_0009,train,fake,/workspace/data/raw/celebdf/Celeb-synthesis/id26_id25_0009.mp4,celebdf
fake_id26_id27_0000,train,fake,/workspace/data/raw/celebdf/Celeb-synthesis/id26_id27_0000.mp4,celebdf
fake_id26_id27_0001,train,fake,/workspace/data/raw/celebdf/Celeb-synthesis/id26_id27_0001.mp4,celebdf
fake_id26_id27_0003,train,fake,/workspace/data/raw/celebdf/Celeb-synthesis/id26_id27_0003.mp4,celebdf
fake_id26_id27_0004,train,fake,/workspace/data/raw/celebdf/Celeb-synthesis/id26_id27_0004.mp4,celebdf
fake_id26_id27_0005,train,fake,/workspace/data/raw/celebdf/Celeb-synthesis/id26_id27_0005.mp4,celebdf
fake_id26_id27_0008,train,fake,/workspace/data/raw/celebdf/Celeb-synthesis/id26_id27_0008.mp4,celebdf
fake_id26_id28_0000,train,fake,/workspace/data/raw/celebdf/Celeb-synthesis/id26_id28_0000.mp4,celebdf
fake_id26_id28_0001,train,fake,/workspace/data/raw/celebdf/Celeb-synthesis/id26_id28_0001.mp4,celebdf
fake_id26_id28_0003,train,fake,/workspace/data/raw/celebdf/Celeb-synthesis/id26_id28_0003.mp4,celebdf
fake_id26_id28_0004,train,fake,/workspace/data/raw/celebdf/Celeb-synthesis/id26_id28_0004.mp4,celebdf
fake_id26_id28_0005,train,fake,/workspace/data/raw/celebdf/Celeb-synthesis/id26_id28_0005.mp4,celebdf
fake_id26_id28_0008,train,fake,/workspace/data/raw/celebdf/Celeb-synthesis/id26_id28_0008.mp4,celebdf
fake_id26_id29_0001,train,fake,/workspace/data/raw/celebdf/Celeb-synthesis/id26_id29_0001.mp4,celebdf
fake_id26_id29_0003,train,fake,/workspace/data/raw/celebdf/Celeb-synthesis/id26_id29_0003.mp4,celebdf
fake_id26_id29_0004,train,fake,/workspace/data/raw/celebdf/Celeb-synthesis/id26_id29_0004.mp4,celebdf
fake_id26_id29_0006,train,fake,/workspace/data/raw/celebdf/Celeb-synthesis/id26_id29_0006.mp4,celebdf
fake_id26_id29_0008,train,fake,/workspace/data/raw/celebdf/Celeb-synthesis/id26_id29_0008.mp4,celebdf
fake_id26_id29_0009,train,fake,/workspace/data/raw/celebdf/Celeb-synthesis/id26_id29_0009.mp4,celebdf
fake_id26_id2_0000,train,fake,/workspace/data/raw/celebdf/Celeb-synthesis/id26_id2_0000.mp4,celebdf
fake_id26_id2_0001,train,fake,/workspace/data/raw/celebdf/Celeb-synthesis/id26_id2_0001.mp4,celebdf
fake_id26_id2_0002,train,fake,/workspace/data/raw/celebdf/Celeb-synthesis/id26_id2_0002.mp4,celebdf
fake_id26_id2_0003,train,fake,/workspace/data/raw/celebdf/Celeb-synthesis/id26_id2_0003.mp4,celebdf
fake_id26_id2_0004,train,fake,/workspace/data/raw/celebdf/Celeb-synthesis/id26_id2_0004.mp4,celebdf
fake_id26_id2_0006,train,fake,/workspace/data/raw/celebdf/Celeb-synthesis/id26_id2_0006.mp4,celebdf
fake_id26_id2_0009,train,fake,/workspace/data/raw/celebdf/Celeb-synthesis/id26_id2_0009.mp4,celebdf
fake_id26_id30_0000,train,fake,/workspace/data/raw/celebdf/Celeb-synthesis/id26_id30_0000.mp4,celebdf
fake_id26_id30_0001,train,fake,/workspace/data/raw/celebdf/Celeb-synthesis/id26_id30_0001.mp4,celebdf
fake_id26_id30_0002,train,fake,/workspace/data/raw/celebdf/Celeb-synthesis/id26_id30_0002.mp4,celebdf
fake_id26_id30_0003,train,fake,/workspace/data/raw/celebdf/Celeb-synthesis/id26_id30_0003.mp4,celebdf
fake_id26_id30_0004,train,fake,/workspace/data/raw/celebdf/Celeb-synthesis/id26_id30_0004.mp4,celebdf
fake_id26_id30_0006,train,fake,/workspace/data/raw/celebdf/Celeb-synthesis/id26_id30_0006.mp4,celebdf
fake_id26_id30_0009,train,fake,/workspace/data/raw/celebdf/Celeb-synthesis/id26_id30_0009.mp4,celebdf
fake_id26_id31_0001,train,fake,/workspace/data/raw/celebdf/Celeb-synthesis/id26_id31_0001.mp4,celebdf
fake_id26_id31_0002,train,fake,/workspace/data/raw/celebdf/Celeb-synthesis/id26_id31_0002.mp4,celebdf
fake_id26_id31_0003,train,fake,/workspace/data/raw/celebdf/Celeb-synthesis/id26_id31_0003.mp4,celebdf
fake_id26_id31_0004,train,fake,/workspace/data/raw/celebdf/Celeb-synthesis/id26_id31_0004.mp4,celebdf
fake_id26_id31_0005,train,fake,/workspace/data/raw/celebdf/Celeb-synthesis/id26_id31_0005.mp4,celebdf
fake_id26_id31_0008,train,fake,/workspace/data/raw/celebdf/Celeb-synthesis/id26_id31_0008.mp4,celebdf
fake_id26_id31_0009,train,fake,/workspace/data/raw/celebdf/Celeb-synthesis/id26_id31_0009.mp4,celebdf
fake_id26_id32_0001,train,fake,/workspace/data/raw/celebdf/Celeb-synthesis/id26_id32_0001.mp4,celebdf
fake_id26_id32_0002,train,fake,/workspace/data/raw/celebdf/Celeb-synthesis/id26_id32_0002.mp4,celebdf
fake_id26_id32_0003,train,fake,/workspace/data/raw/celebdf/Celeb-synthesis/id26_id32_0003.mp4,celebdf
fake_id26_id32_0004,train,fake,/workspace/data/raw/celebdf/Celeb-synthesis/id26_id32_0004.mp4,celebdf
fake_id26_id32_0006,train,fake,/workspace/data/raw/celebdf/Celeb-synthesis/id26_id32_0006.mp4,celebdf
fake_id26_id33_0001,train,fake,/workspace/data/raw/celebdf/Celeb-synthesis/id26_id33_0001.mp4,celebdf
fake_id26_id33_0002,train,fake,/workspace/data/raw/celebdf/Celeb-synthesis/id26_id33_0002.mp4,celebdf
fake_id26_id33_0003,train,fake,/workspace/data/raw/celebdf/Celeb-synthesis/id26_id33_0003.mp4,celebdf
fake_id26_id33_0004,train,fake,/workspace/data/raw/celebdf/Celeb-synthesis/id26_id33_0004.mp4,celebdf
fake_id26_id33_0006,train,fake,/workspace/data/raw/celebdf/Celeb-synthesis/id26_id33_0006.mp4,celebdf
fake_id26_id34_0001,train,fake,/workspace/data/raw/celebdf/Celeb-synthesis/id26_id34_0001.mp4,celebdf
fake_id26_id34_0002,train,fake,/workspace/data/raw/celebdf/Celeb-synthesis/id26_id34_0002.mp4,celebdf
fake_id26_id34_0003,train,fake,/workspace/data/raw/celebdf/Celeb-synthesis/id26_id34_0003.mp4,celebdf
fake_id26_id34_0004,train,fake,/workspace/data/raw/celebdf/Celeb-synthesis/id26_id34_0004.mp4,celebdf
fake_id26_id34_0006,train,fake,/workspace/data/raw/celebdf/Celeb-synthesis/id26_id34_0006.mp4,celebdf
fake_id26_id35_0000,train,fake,/workspace/data/raw/celebdf/Celeb-synthesis/id26_id35_0000.mp4,celebdf
fake_id26_id35_0001,train,fake,/workspace/data/raw/celebdf/Celeb-synthesis/id26_id35_0001.mp4,celebdf
fake_id26_id35_0002,train,fake,/workspace/data/raw/celebdf/Celeb-synthesis/id26_id35_0002.mp4,celebdf
fake_id26_id35_0003,train,fake,/workspace/data/raw/celebdf/Celeb-synthesis/id26_id35_0003.mp4,celebdf
fake_id26_id35_0004,train,fake,/workspace/data/raw/celebdf/Celeb-synthesis/id26_id35_0004.mp4,celebdf
fake_id26_id35_0005,train,fake,/workspace/data/raw/celebdf/Celeb-synthesis/id26_id35_0005.mp4,celebdf
fake_id26_id35_0008,train,fake,/workspace/data/raw/celebdf/Celeb-synthesis/id26_id35_0008.mp4,celebdf
fake_id26_id37_0000,train,fake,/workspace/data/raw/celebdf/Celeb-synthesis/id26_id37_0000.mp4,celebdf
fake_id26_id37_0001,train,fake,/workspace/data/raw/celebdf/Celeb-synthesis/id26_id37_0001.mp4,celebdf
fake_id26_id37_0002,train,fake,/workspace/data/raw/celebdf/Celeb-synthesis/id26_id37_0002.mp4,celebdf
fake_id26_id37_0003,train,fake,/workspace/data/raw/celebdf/Celeb-synthesis/id26_id37_0003.mp4,celebdf
fake_id26_id37_0004,train,fake,/workspace/data/raw/celebdf/Celeb-synthesis/id26_id37_0004.mp4,celebdf
fake_id26_id37_0005,train,fake,/workspace/data/raw/celebdf/Celeb-synthesis/id26_id37_0005.mp4,celebdf
fake_id26_id37_0006,train,fake,/workspace/data/raw/celebdf/Celeb-synthesis/id26_id37_0006.mp4,celebdf
fake_id26_id37_0008,train,fake,/workspace/data/raw/celebdf/Celeb-synthesis/id26_id37_0008.mp4,celebdf
fake_id26_id37_0009,train,fake,/workspace/data/raw/celebdf/Celeb-synthesis/id26_id37_0009.mp4,celebdf
fake_id26_id38_0001,train,fake,/workspace/data/raw/celebdf/Celeb-synthesis/id26_id38_0001.mp4,celebdf
fake_id26_id38_0002,train,fake,/workspace/data/raw/celebdf/Celeb-synthesis/id26_id38_0002.mp4,celebdf
fake_id26_id38_0003,train,fake,/workspace/data/raw/celebdf/Celeb-synthesis/id26_id38_0003.mp4,celebdf
fake_id26_id38_0004,train,fake,/workspace/data/raw/celebdf/Celeb-synthesis/id26_id38_0004.mp4,celebdf
fake_id26_id38_0006,train,fake,/workspace/data/raw/celebdf/Celeb-synthesis/id26_id38_0006.mp4,celebdf
fake_id26_id3_0000,train,fake,/workspace/data/raw/celebdf/Celeb-synthesis/id26_id3_0000.mp4,celebdf
fake_id26_id3_0001,train,fake,/workspace/data/raw/celebdf/Celeb-synthesis/id26_id3_0001.mp4,celebdf
fake_id26_id3_0003,train,fake,/workspace/data/raw/celebdf/Celeb-synthesis/id26_id3_0003.mp4,celebdf
fake_id26_id3_0004,train,fake,/workspace/data/raw/celebdf/Celeb-synthesis/id26_id3_0004.mp4,celebdf
fake_id26_id3_0005,train,fake,/workspace/data/raw/celebdf/Celeb-synthesis/id26_id3_0005.mp4,celebdf
fake_id26_id3_0006,train,fake,/workspace/data/raw/celebdf/Celeb-synthesis/id26_id3_0006.mp4,celebdf
fake_id26_id3_0008,train,fake,/workspace/data/raw/celebdf/Celeb-synthesis/id26_id3_0008.mp4,celebdf
fake_id26_id4_0001,train,fake,/workspace/data/raw/celebdf/Celeb-synthesis/id26_id4_0001.mp4,celebdf
fake_id26_id4_0002,train,fake,/workspace/data/raw/celebdf/Celeb-synthesis/id26_id4_0002.mp4,celebdf
fake_id26_id4_0003,train,fake,/workspace/data/raw/celebdf/Celeb-synthesis/id26_id4_0003.mp4,celebdf
fake_id26_id4_0004,train,fake,/workspace/data/raw/celebdf/Celeb-synthesis/id26_id4_0004.mp4,celebdf
fake_id26_id4_0006,train,fake,/workspace/data/raw/celebdf/Celeb-synthesis/id26_id4_0006.mp4,celebdf
fake_id26_id6_0001,train,fake,/workspace/data/raw/celebdf/Celeb-synthesis/id26_id6_0001.mp4,celebdf
fake_id26_id6_0002,train,fake,/workspace/data/raw/celebdf/Celeb-synthesis/id26_id6_0002.mp4,celebdf
fake_id26_id6_0003,train,fake,/workspace/data/raw/celebdf/Celeb-synthesis/id26_id6_0003.mp4,celebdf
fake_id26_id6_0004,train,fake,/workspace/data/raw/celebdf/Celeb-synthesis/id26_id6_0004.mp4,celebdf
fake_id26_id6_0006,train,fake,/workspace/data/raw/celebdf/Celeb-synthesis/id26_id6_0006.mp4,celebdf
fake_id26_id9_0000,train,fake,/workspace/data/raw/celebdf/Celeb-synthesis/id26_id9_0000.mp4,celebdf
fake_id26_id9_0001,train,fake,/workspace/data/raw/celebdf/Celeb-synthesis/id26_id9_0001.mp4,celebdf
fake_id26_id9_0002,train,fake,/workspace/data/raw/celebdf/Celeb-synthesis/id26_id9_0002.mp4,celebdf
fake_id26_id9_0003,train,fake,/workspace/data/raw/celebdf/Celeb-synthesis/id26_id9_0003.mp4,celebdf
fake_id26_id9_0004,train,fake,/workspace/data/raw/celebdf/Celeb-synthesis/id26_id9_0004.mp4,celebdf
fake_id26_id9_0005,train,fake,/workspace/data/raw/celebdf/Celeb-synthesis/id26_id9_0005.mp4,celebdf
fake_id26_id9_0006,train,fake,/workspace/data/raw/celebdf/Celeb-synthesis/id26_id9_0006.mp4,celebdf
fake_id26_id9_0008,train,fake,/workspace/data/raw/celebdf/Celeb-synthesis/id26_id9_0008.mp4,celebdf
fake_id26_id9_0009,train,fake,/workspace/data/raw/celebdf/Celeb-synthesis/id26_id9_0009.mp4,celebdf
fake_id27_id19_0002,train,fake,/workspace/data/raw/celebdf/Celeb-synthesis/id27_id19_0002.mp4,celebdf
fake_id27_id19_0003,train,fake,/workspace/data/raw/celebdf/Celeb-synthesis/id27_id19_0003.mp4,celebdf
fake_id27_id19_0004,train,fake,/workspace/data/raw/celebdf/Celeb-synthesis/id27_id19_0004.mp4,celebdf
fake_id27_id19_0006,train,fake,/workspace/data/raw/celebdf/Celeb-synthesis/id27_id19_0006.mp4,celebdf
fake_id27_id19_0007,train,fake,/workspace/data/raw/celebdf/Celeb-synthesis/id27_id19_0007.mp4,celebdf
fake_id27_id19_0008,train,fake,/workspace/data/raw/celebdf/Celeb-synthesis/id27_id19_0008.mp4,celebdf
fake_id27_id19_0009,train,fake,/workspace/data/raw/celebdf/Celeb-synthesis/id27_id19_0009.mp4,celebdf
fake_id27_id20_0000,train,fake,/workspace/data/raw/celebdf/Celeb-synthesis/id27_id20_0000.mp4,celebdf
fake_id27_id20_0001,train,fake,/workspace/data/raw/celebdf/Celeb-synthesis/id27_id20_0001.mp4,celebdf
fake_id27_id20_0002,train,fake,/workspace/data/raw/celebdf/Celeb-synthesis/id27_id20_0002.mp4,celebdf
fake_id27_id20_0003,train,fake,/workspace/data/raw/celebdf/Celeb-synthesis/id27_id20_0003.mp4,celebdf
fake_id27_id20_0004,train,fake,/workspace/data/raw/celebdf/Celeb-synthesis/id27_id20_0004.mp4,celebdf
fake_id27_id20_0006,train,fake,/workspace/data/raw/celebdf/Celeb-synthesis/id27_id20_0006.mp4,celebdf
fake_id27_id20_0007,train,fake,/workspace/data/raw/celebdf/Celeb-synthesis/id27_id20_0007.mp4,celebdf
fake_id27_id20_0008,train,fake,/workspace/data/raw/celebdf/Celeb-synthesis/id27_id20_0008.mp4,celebdf
fake_id27_id20_0009,train,fake,/workspace/data/raw/celebdf/Celeb-synthesis/id27_id20_0009.mp4,celebdf
fake_id27_id21_0000,train,fake,/workspace/data/raw/celebdf/Celeb-synthesis/id27_id21_0000.mp4,celebdf
fake_id27_id21_0001,train,fake,/workspace/data/raw/celebdf/Celeb-synthesis/id27_id21_0001.mp4,celebdf
fake_id27_id21_0003,train,fake,/workspace/data/raw/celebdf/Celeb-synthesis/id27_id21_0003.mp4,celebdf
fake_id27_id21_0004,train,fake,/workspace/data/raw/celebdf/Celeb-synthesis/id27_id21_0004.mp4,celebdf
fake_id27_id21_0006,train,fake,/workspace/data/raw/celebdf/Celeb-synthesis/id27_id21_0006.mp4,celebdf
fake_id27_id21_0007,train,fake,/workspace/data/raw/celebdf/Celeb-synthesis/id27_id21_0007.mp4,celebdf
fake_id27_id21_0009,train,fake,/workspace/data/raw/celebdf/Celeb-synthesis/id27_id21_0009.mp4,celebdf
fake_id27_id22_0000,train,fake,/workspace/data/raw/celebdf/Celeb-synthesis/id27_id22_0000.mp4,celebdf
fake_id27_id22_0001,train,fake,/workspace/data/raw/celebdf/Celeb-synthesis/id27_id22_0001.mp4,celebdf
fake_id27_id22_0002,train,fake,/workspace/data/raw/celebdf/Celeb-synthesis/id27_id22_0002.mp4,celebdf
fake_id27_id22_0003,train,fake,/workspace/data/raw/celebdf/Celeb-synthesis/id27_id22_0003.mp4,celebdf
fake_id27_id22_0004,train,fake,/workspace/data/raw/celebdf/Celeb-synthesis/id27_id22_0004.mp4,celebdf
fake_id27_id22_0006,train,fake,/workspace/data/raw/celebdf/Celeb-synthesis/id27_id22_0006.mp4,celebdf
fake_id27_id22_0008,train,fake,/workspace/data/raw/celebdf/Celeb-synthesis/id27_id22_0008.mp4,celebdf
fake_id27_id22_0009,train,fake,/workspace/data/raw/celebdf/Celeb-synthesis/id27_id22_0009.mp4,celebdf
fake_id27_id23_0001,train,fake,/workspace/data/raw/celebdf/Celeb-synthesis/id27_id23_0001.mp4,celebdf
fake_id27_id23_0003,train,fake,/workspace/data/raw/celebdf/Celeb-synthesis/id27_id23_0003.mp4,celebdf
fake_id27_id23_0004,train,fake,/workspace/data/raw/celebdf/Celeb-synthesis/id27_id23_0004.mp4,celebdf
fake_id27_id23_0006,train,fake,/workspace/data/raw/celebdf/Celeb-synthesis/id27_id23_0006.mp4,celebdf
fake_id27_id23_0007,train,fake,/workspace/data/raw/celebdf/Celeb-synthesis/id27_id23_0007.mp4,celebdf
fake_id27_id23_0009,train,fake,/workspace/data/raw/celebdf/Celeb-synthesis/id27_id23_0009.mp4,celebdf
fake_id27_id24_0000,train,fake,/workspace/data/raw/celebdf/Celeb-synthesis/id27_id24_0000.mp4,celebdf
fake_id27_id24_0001,train,fake,/workspace/data/raw/celebdf/Celeb-synthesis/id27_id24_0001.mp4,celebdf
fake_id27_id24_0002,train,fake,/workspace/data/raw/celebdf/Celeb-synthesis/id27_id24_0002.mp4,celebdf
fake_id27_id24_0003,train,fake,/workspace/data/raw/celebdf/Celeb-synthesis/id27_id24_0003.mp4,celebdf
fake_id27_id24_0004,train,fake,/workspace/data/raw/celebdf/Celeb-synthesis/id27_id24_0004.mp4,celebdf
fake_id27_id24_0006,train,fake,/workspace/data/raw/celebdf/Celeb-synthesis/id27_id24_0006.mp4,celebdf
fake_id27_id24_0008,train,fake,/workspace/data/raw/celebdf/Celeb-synthesis/id27_id24_0008.mp4,celebdf
fake_id27_id24_0009,train,fake,/workspace/data/raw/celebdf/Celeb-synthesis/id27_id24_0009.mp4,celebdf
fake_id27_id25_0000,train,fake,/workspace/data/raw/celebdf/Celeb-synthesis/id27_id25_0000.mp4,celebdf
fake_id27_id25_0001,train,fake,/workspace/data/raw/celebdf/Celeb-synthesis/id27_id25_0001.mp4,celebdf
fake_id27_id25_0002,train,fake,/workspace/data/raw/celebdf/Celeb-synthesis/id27_id25_0002.mp4,celebdf
fake_id27_id25_0003,train,fake,/workspace/data/raw/celebdf/Celeb-synthesis/id27_id25_0003.mp4,celebdf
fake_id27_id25_0004,train,fake,/workspace/data/raw/celebdf/Celeb-synthesis/id27_id25_0004.mp4,celebdf
fake_id27_id25_0006,train,fake,/workspace/data/raw/celebdf/Celeb-synthesis/id27_id25_0006.mp4,celebdf
fake_id27_id25_0007,train,fake,/workspace/data/raw/celebdf/Celeb-synthesis/id27_id25_0007.mp4,celebdf
fake_id27_id25_0009,train,fake,/workspace/data/raw/celebdf/Celeb-synthesis/id27_id25_0009.mp4,celebdf
fake_id27_id26_0000,train,fake,/workspace/data/raw/celebdf/Celeb-synthesis/id27_id26_0000.mp4,celebdf
fake_id27_id26_0001,train,fake,/workspace/data/raw/celebdf/Celeb-synthesis/id27_id26_0001.mp4,celebdf
fake_id27_id26_0002,train,fake,/workspace/data/raw/celebdf/Celeb-synthesis/id27_id26_0002.mp4,celebdf
fake_id27_id26_0003,train,fake,/workspace/data/raw/celebdf/Celeb-synthesis/id27_id26_0003.mp4,celebdf
fake_id27_id26_0004,train,fake,/workspace/data/raw/celebdf/Celeb-synthesis/id27_id26_0004.mp4,celebdf
fake_id27_id26_0007,train,fake,/workspace/data/raw/celebdf/Celeb-synthesis/id27_id26_0007.mp4,celebdf
fake_id27_id26_0008,train,fake,/workspace/data/raw/celebdf/Celeb-synthesis/id27_id26_0008.mp4,celebdf
fake_id27_id28_0000,train,fake,/workspace/data/raw/celebdf/Celeb-synthesis/id27_id28_0000.mp4,celebdf
fake_id27_id28_0001,train,fake,/workspace/data/raw/celebdf/Celeb-synthesis/id27_id28_0001.mp4,celebdf
fake_id27_id28_0002,train,fake,/workspace/data/raw/celebdf/Celeb-synthesis/id27_id28_0002.mp4,celebdf
fake_id27_id28_0003,train,fake,/workspace/data/raw/celebdf/Celeb-synthesis/id27_id28_0003.mp4,celebdf
fake_id27_id28_0004,train,fake,/workspace/data/raw/celebdf/Celeb-synthesis/id27_id28_0004.mp4,celebdf
fake_id27_id28_0006,train,fake,/workspace/data/raw/celebdf/Celeb-synthesis/id27_id28_0006.mp4,celebdf
fake_id27_id28_0007,train,fake,/workspace/data/raw/celebdf/Celeb-synthesis/id27_id28_0007.mp4,celebdf
fake_id27_id28_0008,train,fake,/workspace/data/raw/celebdf/Celeb-synthesis/id27_id28_0008.mp4,celebdf
fake_id27_id28_0009,train,fake,/workspace/data/raw/celebdf/Celeb-synthesis/id27_id28_0009.mp4,celebdf
fake_id28_id0_0000,train,fake,/workspace/data/raw/celebdf/Celeb-synthesis/id28_id0_0000.mp4,celebdf
fake_id28_id0_0001,train,fake,/workspace/data/raw/celebdf/Celeb-synthesis/id28_id0_0001.mp4,celebdf
fake_id28_id0_0002,train,fake,/workspace/data/raw/celebdf/Celeb-synthesis/id28_id0_0002.mp4,celebdf
fake_id28_id0_0003,train,fake,/workspace/data/raw/celebdf/Celeb-synthesis/id28_id0_0003.mp4,celebdf
fake_id28_id0_0004,train,fake,/workspace/data/raw/celebdf/Celeb-synthesis/id28_id0_0004.mp4,celebdf
fake_id28_id0_0005,train,fake,/workspace/data/raw/celebdf/Celeb-synthesis/id28_id0_0005.mp4,celebdf
fake_id28_id0_0006,train,fake,/workspace/data/raw/celebdf/Celeb-synthesis/id28_id0_0006.mp4,celebdf
fake_id28_id0_0007,train,fake,/workspace/data/raw/celebdf/Celeb-synthesis/id28_id0_0007.mp4,celebdf
fake_id28_id0_0008,train,fake,/workspace/data/raw/celebdf/Celeb-synthesis/id28_id0_0008.mp4,celebdf
fake_id28_id16_0000,train,fake,/workspace/data/raw/celebdf/Celeb-synthesis/id28_id16_0000.mp4,celebdf
fake_id28_id16_0001,train,fake,/workspace/data/raw/celebdf/Celeb-synthesis/id28_id16_0001.mp4,celebdf
fake_id28_id16_0002,train,fake,/workspace/data/raw/celebdf/Celeb-synthesis/id28_id16_0002.mp4,celebdf
fake_id28_id16_0003,train,fake,/workspace/data/raw/celebdf/Celeb-synthesis/id28_id16_0003.mp4,celebdf
fake_id28_id16_0005,train,fake,/workspace/data/raw/celebdf/Celeb-synthesis/id28_id16_0005.mp4,celebdf
fake_id28_id16_0006,train,fake,/workspace/data/raw/celebdf/Celeb-synthesis/id28_id16_0006.mp4,celebdf
fake_id28_id16_0007,train,fake,/workspace/data/raw/celebdf/Celeb-synthesis/id28_id16_0007.mp4,celebdf
fake_id28_id16_0008,train,fake,/workspace/data/raw/celebdf/Celeb-synthesis/id28_id16_0008.mp4,celebdf
fake_id28_id16_0009,train,fake,/workspace/data/raw/celebdf/Celeb-synthesis/id28_id16_0009.mp4,celebdf
fake_id28_id17_0000,train,fake,/workspace/data/raw/celebdf/Celeb-synthesis/id28_id17_0000.mp4,celebdf
fake_id28_id17_0001,train,fake,/workspace/data/raw/celebdf/Celeb-synthesis/id28_id17_0001.mp4,celebdf
fake_id28_id17_0002,train,fake,/workspace/data/raw/celebdf/Celeb-synthesis/id28_id17_0002.mp4,celebdf
fake_id28_id17_0003,train,fake,/workspace/data/raw/celebdf/Celeb-synthesis/id28_id17_0003.mp4,celebdf
fake_id28_id17_0004,train,fake,/workspace/data/raw/celebdf/Celeb-synthesis/id28_id17_0004.mp4,celebdf
fake_id28_id17_0005,train,fake,/workspace/data/raw/celebdf/Celeb-synthesis/id28_id17_0005.mp4,celebdf
fake_id28_id17_0006,train,fake,/workspace/data/raw/celebdf/Celeb-synthesis/id28_id17_0006.mp4,celebdf
fake_id28_id17_0007,train,fake,/workspace/data/raw/celebdf/Celeb-synthesis/id28_id17_0007.mp4,celebdf
fake_id28_id17_0008,train,fake,/workspace/data/raw/celebdf/Celeb-synthesis/id28_id17_0008.mp4,celebdf
fake_id28_id17_0009,train,fake,/workspace/data/raw/celebdf/Celeb-synthesis/id28_id17_0009.mp4,celebdf
fake_id28_id19_0000,train,fake,/workspace/data/raw/celebdf/Celeb-synthesis/id28_id19_0000.mp4,celebdf
fake_id28_id19_0001,train,fake,/workspace/data/raw/celebdf/Celeb-synthesis/id28_id19_0001.mp4,celebdf
fake_id28_id19_0002,train,fake,/workspace/data/raw/celebdf/Celeb-synthesis/id28_id19_0002.mp4,celebdf
fake_id28_id19_0003,train,fake,/workspace/data/raw/celebdf/Celeb-synthesis/id28_id19_0003.mp4,celebdf
fake_id28_id19_0004,train,fake,/workspace/data/raw/celebdf/Celeb-synthesis/id28_id19_0004.mp4,celebdf
fake_id28_id19_0005,train,fake,/workspace/data/raw/celebdf/Celeb-synthesis/id28_id19_0005.mp4,celebdf
fake_id28_id19_0006,train,fake,/workspace/data/raw/celebdf/Celeb-synthesis/id28_id19_0006.mp4,celebdf
fake_id28_id19_0008,train,fake,/workspace/data/raw/celebdf/Celeb-synthesis/id28_id19_0008.mp4,celebdf
fake_id28_id19_0009,train,fake,/workspace/data/raw/celebdf/Celeb-synthesis/id28_id19_0009.mp4,celebdf
fake_id28_id1_0000,train,fake,/workspace/data/raw/celebdf/Celeb-synthesis/id28_id1_0000.mp4,celebdf
fake_id28_id1_0001,train,fake,/workspace/data/raw/celebdf/Celeb-synthesis/id28_id1_0001.mp4,celebdf
fake_id28_id1_0002,train,fake,/workspace/data/raw/celebdf/Celeb-synthesis/id28_id1_0002.mp4,celebdf
fake_id28_id1_0003,train,fake,/workspace/data/raw/celebdf/Celeb-synthesis/id28_id1_0003.mp4,celebdf
fake_id28_id1_0004,train,fake,/workspace/data/raw/celebdf/Celeb-synthesis/id28_id1_0004.mp4,celebdf
fake_id28_id1_0005,train,fake,/workspace/data/raw/celebdf/Celeb-synthesis/id28_id1_0005.mp4,celebdf
fake_id28_id1_0006,train,fake,/workspace/data/raw/celebdf/Celeb-synthesis/id28_id1_0006.mp4,celebdf
fake_id28_id1_0008,train,fake,/workspace/data/raw/celebdf/Celeb-synthesis/id28_id1_0008.mp4,celebdf
fake_id28_id1_0009,train,fake,/workspace/data/raw/celebdf/Celeb-synthesis/id28_id1_0009.mp4,celebdf
fake_id28_id20_0000,train,fake,/workspace/data/raw/celebdf/Celeb-synthesis/id28_id20_0000.mp4,celebdf
fake_id28_id20_0001,train,fake,/workspace/data/raw/celebdf/Celeb-synthesis/id28_id20_0001.mp4,celebdf
fake_id28_id20_0002,train,fake,/workspace/data/raw/celebdf/Celeb-synthesis/id28_id20_0002.mp4,celebdf
fake_id28_id20_0003,train,fake,/workspace/data/raw/celebdf/Celeb-synthesis/id28_id20_0003.mp4,celebdf
fake_id28_id20_0004,train,fake,/workspace/data/raw/celebdf/Celeb-synthesis/id28_id20_0004.mp4,celebdf
fake_id28_id20_0005,train,fake,/workspace/data/raw/celebdf/Celeb-synthesis/id28_id20_0005.mp4,celebdf
fake_id28_id20_0009,train,fake,/workspace/data/raw/celebdf/Celeb-synthesis/id28_id20_0009.mp4,celebdf
fake_id28_id21_0000,train,fake,/workspace/data/raw/celebdf/Celeb-synthesis/id28_id21_0000.mp4,celebdf
fake_id28_id21_0001,train,fake,/workspace/data/raw/celebdf/Celeb-synthesis/id28_id21_0001.mp4,celebdf
fake_id28_id21_0002,train,fake,/workspace/data/raw/celebdf/Celeb-synthesis/id28_id21_0002.mp4,celebdf
fake_id28_id21_0003,train,fake,/workspace/data/raw/celebdf/Celeb-synthesis/id28_id21_0003.mp4,celebdf
fake_id28_id21_0005,train,fake,/workspace/data/raw/celebdf/Celeb-synthesis/id28_id21_0005.mp4,celebdf
fake_id28_id21_0007,train,fake,/workspace/data/raw/celebdf/Celeb-synthesis/id28_id21_0007.mp4,celebdf
fake_id28_id21_0008,train,fake,/workspace/data/raw/celebdf/Celeb-synthesis/id28_id21_0008.mp4,celebdf
fake_id28_id21_0009,train,fake,/workspace/data/raw/celebdf/Celeb-synthesis/id28_id21_0009.mp4,celebdf
fake_id28_id22_0000,train,fake,/workspace/data/raw/celebdf/Celeb-synthesis/id28_id22_0000.mp4,celebdf
fake_id28_id22_0001,train,fake,/workspace/data/raw/celebdf/Celeb-synthesis/id28_id22_0001.mp4,celebdf
fake_id28_id22_0002,train,fake,/workspace/data/raw/celebdf/Celeb-synthesis/id28_id22_0002.mp4,celebdf
fake_id28_id22_0003,train,fake,/workspace/data/raw/celebdf/Celeb-synthesis/id28_id22_0003.mp4,celebdf
fake_id28_id22_0004,train,fake,/workspace/data/raw/celebdf/Celeb-synthesis/id28_id22_0004.mp4,celebdf
fake_id28_id22_0005,train,fake,/workspace/data/raw/celebdf/Celeb-synthesis/id28_id22_0005.mp4,celebdf
fake_id28_id22_0006,train,fake,/workspace/data/raw/celebdf/Celeb-synthesis/id28_id22_0006.mp4,celebdf
fake_id28_id22_0007,train,fake,/workspace/data/raw/celebdf/Celeb-synthesis/id28_id22_0007.mp4,celebdf
fake_id28_id22_0008,train,fake,/workspace/data/raw/celebdf/Celeb-synthesis/id28_id22_0008.mp4,celebdf
fake_id28_id22_0009,train,fake,/workspace/data/raw/celebdf/Celeb-synthesis/id28_id22_0009.mp4,celebdf
fake_id28_id23_0000,train,fake,/workspace/data/raw/celebdf/Celeb-synthesis/id28_id23_0000.mp4,celebdf
fake_id28_id23_0002,train,fake,/workspace/data/raw/celebdf/Celeb-synthesis/id28_id23_0002.mp4,celebdf
fake_id28_id23_0003,train,fake,/workspace/data/raw/celebdf/Celeb-synthesis/id28_id23_0003.mp4,celebdf
fake_id28_id23_0005,train,fake,/workspace/data/raw/celebdf/Celeb-synthesis/id28_id23_0005.mp4,celebdf
fake_id28_id23_0006,train,fake,/workspace/data/raw/celebdf/Celeb-synthesis/id28_id23_0006.mp4,celebdf
fake_id28_id23_0008,train,fake,/workspace/data/raw/celebdf/Celeb-synthesis/id28_id23_0008.mp4,celebdf
fake_id28_id23_0009,train,fake,/workspace/data/raw/celebdf/Celeb-synthesis/id28_id23_0009.mp4,celebdf
fake_id28_id24_0000,train,fake,/workspace/data/raw/celebdf/Celeb-synthesis/id28_id24_0000.mp4,celebdf
fake_id28_id24_0001,train,fake,/workspace/data/raw/celebdf/Celeb-synthesis/id28_id24_0001.mp4,celebdf
fake_id28_id24_0002,train,fake,/workspace/data/raw/celebdf/Celeb-synthesis/id28_id24_0002.mp4,celebdf
fake_id28_id24_0003,train,fake,/workspace/data/raw/celebdf/Celeb-synthesis/id28_id24_0003.mp4,celebdf
fake_id28_id24_0004,train,fake,/workspace/data/raw/celebdf/Celeb-synthesis/id28_id24_0004.mp4,celebdf
fake_id28_id24_0005,train,fake,/workspace/data/raw/celebdf/Celeb-synthesis/id28_id24_0005.mp4,celebdf
fake_id28_id24_0006,train,fake,/workspace/data/raw/celebdf/Celeb-synthesis/id28_id24_0006.mp4,celebdf
fake_id28_id24_0008,train,fake,/workspace/data/raw/celebdf/Celeb-synthesis/id28_id24_0008.mp4,celebdf
fake_id28_id24_0009,train,fake,/workspace/data/raw/celebdf/Celeb-synthesis/id28_id24_0009.mp4,celebdf
fake_id28_id25_0000,train,fake,/workspace/data/raw/celebdf/Celeb-synthesis/id28_id25_0000.mp4,celebdf
fake_id28_id25_0001,train,fake,/workspace/data/raw/celebdf/Celeb-synthesis/id28_id25_0001.mp4,celebdf
fake_id28_id25_0002,train,fake,/workspace/data/raw/celebdf/Celeb-synthesis/id28_id25_0002.mp4,celebdf
fake_id28_id25_0004,train,fake,/workspace/data/raw/celebdf/Celeb-synthesis/id28_id25_0004.mp4,celebdf
fake_id28_id25_0005,train,fake,/workspace/data/raw/celebdf/Celeb-synthesis/id28_id25_0005.mp4,celebdf
fake_id28_id25_0006,train,fake,/workspace/data/raw/celebdf/Celeb-synthesis/id28_id25_0006.mp4,celebdf
fake_id28_id25_0008,train,fake,/workspace/data/raw/celebdf/Celeb-synthesis/id28_id25_0008.mp4,celebdf
fake_id28_id25_0009,train,fake,/workspace/data/raw/celebdf/Celeb-synthesis/id28_id25_0009.mp4,celebdf
fake_id28_id26_0001,train,fake,/workspace/data/raw/celebdf/Celeb-synthesis/id28_id26_0001.mp4,celebdf
fake_id28_id26_0002,train,fake,/workspace/data/raw/celebdf/Celeb-synthesis/id28_id26_0002.mp4,celebdf
fake_id28_id26_0003,train,fake,/workspace/data/raw/celebdf/Celeb-synthesis/id28_id26_0003.mp4,celebdf
fake_id28_id26_0004,train,fake,/workspace/data/raw/celebdf/Celeb-synthesis/id28_id26_0004.mp4,celebdf
fake_id28_id26_0005,train,fake,/workspace/data/raw/celebdf/Celeb-synthesis/id28_id26_0005.mp4,celebdf
fake_id28_id26_0006,train,fake,/workspace/data/raw/celebdf/Celeb-synthesis/id28_id26_0006.mp4,celebdf
fake_id28_id26_0007,train,fake,/workspace/data/raw/celebdf/Celeb-synthesis/id28_id26_0007.mp4,celebdf
fake_id28_id26_0008,train,fake,/workspace/data/raw/celebdf/Celeb-synthesis/id28_id26_0008.mp4,celebdf
fake_id28_id26_0009,train,fake,/workspace/data/raw/celebdf/Celeb-synthesis/id28_id26_0009.mp4,celebdf
fake_id28_id27_0000,train,fake,/workspace/data/raw/celebdf/Celeb-synthesis/id28_id27_0000.mp4,celebdf
fake_id28_id27_0001,train,fake,/workspace/data/raw/celebdf/Celeb-synthesis/id28_id27_0001.mp4,celebdf
fake_id28_id27_0002,train,fake,/workspace/data/raw/celebdf/Celeb-synthesis/id28_id27_0002.mp4,celebdf
fake_id28_id27_0004,train,fake,/workspace/data/raw/celebdf/Celeb-synthesis/id28_id27_0004.mp4,celebdf
fake_id28_id27_0005,train,fake,/workspace/data/raw/celebdf/Celeb-synthesis/id28_id27_0005.mp4,celebdf
fake_id28_id27_0006,train,fake,/workspace/data/raw/celebdf/Celeb-synthesis/id28_id27_0006.mp4,celebdf
fake_id28_id27_0007,train,fake,/workspace/data/raw/celebdf/Celeb-synthesis/id28_id27_0007.mp4,celebdf
fake_id28_id27_0008,train,fake,/workspace/data/raw/celebdf/Celeb-synthesis/id28_id27_0008.mp4,celebdf
fake_id28_id27_0009,train,fake,/workspace/data/raw/celebdf/Celeb-synthesis/id28_id27_0009.mp4,celebdf
fake_id28_id29_0000,train,fake,/workspace/data/raw/celebdf/Celeb-synthesis/id28_id29_0000.mp4,celebdf
fake_id28_id29_0001,train,fake,/workspace/data/raw/celebdf/Celeb-synthesis/id28_id29_0001.mp4,celebdf
fake_id28_id29_0002,train,fake,/workspace/data/raw/celebdf/Celeb-synthesis/id28_id29_0002.mp4,celebdf
fake_id28_id29_0003,train,fake,/workspace/data/raw/celebdf/Celeb-synthesis/id28_id29_0003.mp4,celebdf
fake_id28_id29_0005,train,fake,/workspace/data/raw/celebdf/Celeb-synthesis/id28_id29_0005.mp4,celebdf
fake_id28_id29_0006,train,fake,/workspace/data/raw/celebdf/Celeb-synthesis/id28_id29_0006.mp4,celebdf
fake_id28_id29_0007,train,fake,/workspace/data/raw/celebdf/Celeb-synthesis/id28_id29_0007.mp4,celebdf
fake_id28_id29_0008,train,fake,/workspace/data/raw/celebdf/Celeb-synthesis/id28_id29_0008.mp4,celebdf
fake_id28_id29_0009,train,fake,/workspace/data/raw/celebdf/Celeb-synthesis/id28_id29_0009.mp4,celebdf
fake_id28_id2_0000,train,fake,/workspace/data/raw/celebdf/Celeb-synthesis/id28_id2_0000.mp4,celebdf
fake_id28_id2_0001,train,fake,/workspace/data/raw/celebdf/Celeb-synthesis/id28_id2_0001.mp4,celebdf
fake_id28_id2_0002,train,fake,/workspace/data/raw/celebdf/Celeb-synthesis/id28_id2_0002.mp4,celebdf
fake_id28_id2_0003,train,fake,/workspace/data/raw/celebdf/Celeb-synthesis/id28_id2_0003.mp4,celebdf
fake_id28_id2_0004,train,fake,/workspace/data/raw/celebdf/Celeb-synthesis/id28_id2_0004.mp4,celebdf
fake_id28_id2_0005,train,fake,/workspace/data/raw/celebdf/Celeb-synthesis/id28_id2_0005.mp4,celebdf
fake_id28_id2_0006,train,fake,/workspace/data/raw/celebdf/Celeb-synthesis/id28_id2_0006.mp4,celebdf
fake_id28_id2_0007,train,fake,/workspace/data/raw/celebdf/Celeb-synthesis/id28_id2_0007.mp4,celebdf
fake_id28_id2_0008,train,fake,/workspace/data/raw/celebdf/Celeb-synthesis/id28_id2_0008.mp4,celebdf
fake_id28_id2_0009,train,fake,/workspace/data/raw/celebdf/Celeb-synthesis/id28_id2_0009.mp4,celebdf
fake_id28_id30_0000,train,fake,/workspace/data/raw/celebdf/Celeb-synthesis/id28_id30_0000.mp4,celebdf
fake_id28_id30_0001,train,fake,/workspace/data/raw/celebdf/Celeb-synthesis/id28_id30_0001.mp4,celebdf
fake_id28_id30_0002,train,fake,/workspace/data/raw/celebdf/Celeb-synthesis/id28_id30_0002.mp4,celebdf
fake_id28_id30_0003,train,fake,/workspace/data/raw/celebdf/Celeb-synthesis/id28_id30_0003.mp4,celebdf
fake_id28_id30_0004,train,fake,/workspace/data/raw/celebdf/Celeb-synthesis/id28_id30_0004.mp4,celebdf
fake_id28_id30_0005,train,fake,/workspace/data/raw/celebdf/Celeb-synthesis/id28_id30_0005.mp4,celebdf
fake_id28_id30_0006,train,fake,/workspace/data/raw/celebdf/Celeb-synthesis/id28_id30_0006.mp4,celebdf
fake_id28_id30_0007,train,fake,/workspace/data/raw/celebdf/Celeb-synthesis/id28_id30_0007.mp4,celebdf
fake_id28_id30_0008,train,fake,/workspace/data/raw/celebdf/Celeb-synthesis/id28_id30_0008.mp4,celebdf
fake_id28_id30_0009,train,fake,/workspace/data/raw/celebdf/Celeb-synthesis/id28_id30_0009.mp4,celebdf
fake_id28_id31_0000,train,fake,/workspace/data/raw/celebdf/Celeb-synthesis/id28_id31_0000.mp4,celebdf
fake_id28_id31_0001,train,fake,/workspace/data/raw/celebdf/Celeb-synthesis/id28_id31_0001.mp4,celebdf
fake_id28_id31_0002,train,fake,/workspace/data/raw/celebdf/Celeb-synthesis/id28_id31_0002.mp4,celebdf
fake_id28_id31_0004,train,fake,/workspace/data/raw/celebdf/Celeb-synthesis/id28_id31_0004.mp4,celebdf
fake_id28_id31_0006,train,fake,/workspace/data/raw/celebdf/Celeb-synthesis/id28_id31_0006.mp4,celebdf
fake_id28_id31_0007,train,fake,/workspace/data/raw/celebdf/Celeb-synthesis/id28_id31_0007.mp4,celebdf
fake_id28_id31_0008,train,fake,/workspace/data/raw/celebdf/Celeb-synthesis/id28_id31_0008.mp4,celebdf
fake_id28_id31_0009,train,fake,/workspace/data/raw/celebdf/Celeb-synthesis/id28_id31_0009.mp4,celebdf
fake_id28_id32_0000,train,fake,/workspace/data/raw/celebdf/Celeb-synthesis/id28_id32_0000.mp4,celebdf
fake_id28_id32_0001,train,fake,/workspace/data/raw/celebdf/Celeb-synthesis/id28_id32_0001.mp4,celebdf
fake_id28_id32_0002,train,fake,/workspace/data/raw/celebdf/Celeb-synthesis/id28_id32_0002.mp4,celebdf
fake_id28_id32_0003,train,fake,/workspace/data/raw/celebdf/Celeb-synthesis/id28_id32_0003.mp4,celebdf
fake_id28_id32_0004,train,fake,/workspace/data/raw/celebdf/Celeb-synthesis/id28_id32_0004.mp4,celebdf
fake_id28_id32_0005,train,fake,/workspace/data/raw/celebdf/Celeb-synthesis/id28_id32_0005.mp4,celebdf
fake_id28_id32_0006,train,fake,/workspace/data/raw/celebdf/Celeb-synthesis/id28_id32_0006.mp4,celebdf
fake_id28_id32_0007,train,fake,/workspace/data/raw/celebdf/Celeb-synthesis/id28_id32_0007.mp4,celebdf
fake_id28_id32_0008,train,fake,/workspace/data/raw/celebdf/Celeb-synthesis/id28_id32_0008.mp4,celebdf
fake_id28_id32_0009,train,fake,/workspace/data/raw/celebdf/Celeb-synthesis/id28_id32_0009.mp4,celebdf
fake_id28_id33_0000,train,fake,/workspace/data/raw/celebdf/Celeb-synthesis/id28_id33_0000.mp4,celebdf
fake_id28_id33_0002,train,fake,/workspace/data/raw/celebdf/Celeb-synthesis/id28_id33_0002.mp4,celebdf
fake_id28_id33_0003,train,fake,/workspace/data/raw/celebdf/Celeb-synthesis/id28_id33_0003.mp4,celebdf
fake_id28_id33_0005,train,fake,/workspace/data/raw/celebdf/Celeb-synthesis/id28_id33_0005.mp4,celebdf
fake_id28_id33_0006,train,fake,/workspace/data/raw/celebdf/Celeb-synthesis/id28_id33_0006.mp4,celebdf
fake_id28_id33_0007,train,fake,/workspace/data/raw/celebdf/Celeb-synthesis/id28_id33_0007.mp4,celebdf
fake_id28_id33_0008,train,fake,/workspace/data/raw/celebdf/Celeb-synthesis/id28_id33_0008.mp4,celebdf
fake_id28_id33_0009,train,fake,/workspace/data/raw/celebdf/Celeb-synthesis/id28_id33_0009.mp4,celebdf
fake_id28_id34_0000,train,fake,/workspace/data/raw/celebdf/Celeb-synthesis/id28_id34_0000.mp4,celebdf
fake_id28_id34_0001,train,fake,/workspace/data/raw/celebdf/Celeb-synthesis/id28_id34_0001.mp4,celebdf
fake_id28_id34_0002,train,fake,/workspace/data/raw/celebdf/Celeb-synthesis/id28_id34_0002.mp4,celebdf
fake_id28_id34_0003,train,fake,/workspace/data/raw/celebdf/Celeb-synthesis/id28_id34_0003.mp4,celebdf
fake_id28_id34_0005,train,fake,/workspace/data/raw/celebdf/Celeb-synthesis/id28_id34_0005.mp4,celebdf
fake_id28_id34_0006,train,fake,/workspace/data/raw/celebdf/Celeb-synthesis/id28_id34_0006.mp4,celebdf
fake_id28_id34_0008,train,fake,/workspace/data/raw/celebdf/Celeb-synthesis/id28_id34_0008.mp4,celebdf
fake_id28_id34_0009,train,fake,/workspace/data/raw/celebdf/Celeb-synthesis/id28_id34_0009.mp4,celebdf
fake_id28_id35_0000,train,fake,/workspace/data/raw/celebdf/Celeb-synthesis/id28_id35_0000.mp4,celebdf
fake_id28_id35_0001,train,fake,/workspace/data/raw/celebdf/Celeb-synthesis/id28_id35_0001.mp4,celebdf
fake_id28_id35_0002,train,fake,/workspace/data/raw/celebdf/Celeb-synthesis/id28_id35_0002.mp4,celebdf
fake_id28_id35_0003,train,fake,/workspace/data/raw/celebdf/Celeb-synthesis/id28_id35_0003.mp4,celebdf
fake_id28_id35_0004,train,fake,/workspace/data/raw/celebdf/Celeb-synthesis/id28_id35_0004.mp4,celebdf
fake_id28_id35_0005,train,fake,/workspace/data/raw/celebdf/Celeb-synthesis/id28_id35_0005.mp4,celebdf
fake_id28_id35_0006,train,fake,/workspace/data/raw/celebdf/Celeb-synthesis/id28_id35_0006.mp4,celebdf
fake_id28_id35_0009,train,fake,/workspace/data/raw/celebdf/Celeb-synthesis/id28_id35_0009.mp4,celebdf
fake_id28_id37_0000,train,fake,/workspace/data/raw/celebdf/Celeb-synthesis/id28_id37_0000.mp4,celebdf
fake_id28_id37_0001,train,fake,/workspace/data/raw/celebdf/Celeb-synthesis/id28_id37_0001.mp4,celebdf
fake_id28_id37_0002,train,fake,/workspace/data/raw/celebdf/Celeb-synthesis/id28_id37_0002.mp4,celebdf
fake_id28_id37_0003,train,fake,/workspace/data/raw/celebdf/Celeb-synthesis/id28_id37_0003.mp4,celebdf
fake_id28_id37_0004,train,fake,/workspace/data/raw/celebdf/Celeb-synthesis/id28_id37_0004.mp4,celebdf
fake_id28_id37_0005,train,fake,/workspace/data/raw/celebdf/Celeb-synthesis/id28_id37_0005.mp4,celebdf
fake_id28_id37_0006,train,fake,/workspace/data/raw/celebdf/Celeb-synthesis/id28_id37_0006.mp4,celebdf
fake_id28_id37_0007,train,fake,/workspace/data/raw/celebdf/Celeb-synthesis/id28_id37_0007.mp4,celebdf
fake_id28_id37_0008,train,fake,/workspace/data/raw/celebdf/Celeb-synthesis/id28_id37_0008.mp4,celebdf
fake_id28_id37_0009,train,fake,/workspace/data/raw/celebdf/Celeb-synthesis/id28_id37_0009.mp4,celebdf
fake_id28_id38_0000,train,fake,/workspace/data/raw/celebdf/Celeb-synthesis/id28_id38_0000.mp4,celebdf
fake_id28_id38_0001,train,fake,/workspace/data/raw/celebdf/Celeb-synthesis/id28_id38_0001.mp4,celebdf
fake_id28_id38_0002,train,fake,/workspace/data/raw/celebdf/Celeb-synthesis/id28_id38_0002.mp4,celebdf
fake_id28_id38_0003,train,fake,/workspace/data/raw/celebdf/Celeb-synthesis/id28_id38_0003.mp4,celebdf
fake_id28_id38_0004,train,fake,/workspace/data/raw/celebdf/Celeb-synthesis/id28_id38_0004.mp4,celebdf
fake_id28_id38_0005,train,fake,/workspace/data/raw/celebdf/Celeb-synthesis/id28_id38_0005.mp4,celebdf
fake_id28_id38_0006,train,fake,/workspace/data/raw/celebdf/Celeb-synthesis/id28_id38_0006.mp4,celebdf
fake_id28_id38_0007,train,fake,/workspace/data/raw/celebdf/Celeb-synthesis/id28_id38_0007.mp4,celebdf
fake_id28_id38_0008,train,fake,/workspace/data/raw/celebdf/Celeb-synthesis/id28_id38_0008.mp4,celebdf
fake_id28_id38_0009,train,fake,/workspace/data/raw/celebdf/Celeb-synthesis/id28_id38_0009.mp4,celebdf
fake_id28_id3_0000,train,fake,/workspace/data/raw/celebdf/Celeb-synthesis/id28_id3_0000.mp4,celebdf
fake_id28_id3_0002,train,fake,/workspace/data/raw/celebdf/Celeb-synthesis/id28_id3_0002.mp4,celebdf
fake_id28_id3_0003,train,fake,/workspace/data/raw/celebdf/Celeb-synthesis/id28_id3_0003.mp4,celebdf
fake_id28_id3_0005,train,fake,/workspace/data/raw/celebdf/Celeb-synthesis/id28_id3_0005.mp4,celebdf
fake_id28_id3_0006,train,fake,/workspace/data/raw/celebdf/Celeb-synthesis/id28_id3_0006.mp4,celebdf
fake_id28_id3_0007,train,fake,/workspace/data/raw/celebdf/Celeb-synthesis/id28_id3_0007.mp4,celebdf
fake_id28_id3_0008,train,fake,/workspace/data/raw/celebdf/Celeb-synthesis/id28_id3_0008.mp4,celebdf
fake_id28_id3_0009,train,fake,/workspace/data/raw/celebdf/Celeb-synthesis/id28_id3_0009.mp4,celebdf
fake_id28_id4_0001,train,fake,/workspace/data/raw/celebdf/Celeb-synthesis/id28_id4_0001.mp4,celebdf
fake_id28_id4_0002,train,fake,/workspace/data/raw/celebdf/Celeb-synthesis/id28_id4_0002.mp4,celebdf
fake_id28_id4_0003,train,fake,/workspace/data/raw/celebdf/Celeb-synthesis/id28_id4_0003.mp4,celebdf
fake_id28_id4_0004,train,fake,/workspace/data/raw/celebdf/Celeb-synthesis/id28_id4_0004.mp4,celebdf
fake_id28_id4_0005,train,fake,/workspace/data/raw/celebdf/Celeb-synthesis/id28_id4_0005.mp4,celebdf
fake_id28_id4_0008,train,fake,/workspace/data/raw/celebdf/Celeb-synthesis/id28_id4_0008.mp4,celebdf
fake_id28_id4_0009,train,fake,/workspace/data/raw/celebdf/Celeb-synthesis/id28_id4_0009.mp4,celebdf
fake_id28_id6_0000,train,fake,/workspace/data/raw/celebdf/Celeb-synthesis/id28_id6_0000.mp4,celebdf
fake_id28_id6_0001,train,fake,/workspace/data/raw/celebdf/Celeb-synthesis/id28_id6_0001.mp4,celebdf
fake_id28_id6_0002,train,fake,/workspace/data/raw/celebdf/Celeb-synthesis/id28_id6_0002.mp4,celebdf
fake_id28_id6_0003,train,fake,/workspace/data/raw/celebdf/Celeb-synthesis/id28_id6_0003.mp4,celebdf
fake_id28_id6_0004,train,fake,/workspace/data/raw/celebdf/Celeb-synthesis/id28_id6_0004.mp4,celebdf
fake_id28_id6_0005,train,fake,/workspace/data/raw/celebdf/Celeb-synthesis/id28_id6_0005.mp4,celebdf
fake_id28_id6_0007,train,fake,/workspace/data/raw/celebdf/Celeb-synthesis/id28_id6_0007.mp4,celebdf
fake_id28_id6_0008,train,fake,/workspace/data/raw/celebdf/Celeb-synthesis/id28_id6_0008.mp4,celebdf
fake_id28_id6_0009,train,fake,/workspace/data/raw/celebdf/Celeb-synthesis/id28_id6_0009.mp4,celebdf
fake_id28_id9_0001,train,fake,/workspace/data/raw/celebdf/Celeb-synthesis/id28_id9_0001.mp4,celebdf
fake_id28_id9_0002,train,fake,/workspace/data/raw/celebdf/Celeb-synthesis/id28_id9_0002.mp4,celebdf
fake_id28_id9_0003,train,fake,/workspace/data/raw/celebdf/Celeb-synthesis/id28_id9_0003.mp4,celebdf
fake_id28_id9_0004,train,fake,/workspace/data/raw/celebdf/Celeb-synthesis/id28_id9_0004.mp4,celebdf
fake_id28_id9_0005,train,fake,/workspace/data/raw/celebdf/Celeb-synthesis/id28_id9_0005.mp4,celebdf
fake_id28_id9_0006,train,fake,/workspace/data/raw/celebdf/Celeb-synthesis/id28_id9_0006.mp4,celebdf
fake_id28_id9_0007,train,fake,/workspace/data/raw/celebdf/Celeb-synthesis/id28_id9_0007.mp4,celebdf
fake_id28_id9_0008,train,fake,/workspace/data/raw/celebdf/Celeb-synthesis/id28_id9_0008.mp4,celebdf
fake_id28_id9_0009,train,fake,/workspace/data/raw/celebdf/Celeb-synthesis/id28_id9_0009.mp4,celebdf
fake_id29_id20_0000,train,fake,/workspace/data/raw/celebdf/Celeb-synthesis/id29_id20_0000.mp4,celebdf
fake_id29_id20_0004,train,fake,/workspace/data/raw/celebdf/Celeb-synthesis/id29_id20_0004.mp4,celebdf
fake_id29_id20_0005,train,fake,/workspace/data/raw/celebdf/Celeb-synthesis/id29_id20_0005.mp4,celebdf
fake_id29_id20_0006,train,fake,/workspace/data/raw/celebdf/Celeb-synthesis/id29_id20_0006.mp4,celebdf
fake_id29_id20_0007,train,fake,/workspace/data/raw/celebdf/Celeb-synthesis/id29_id20_0007.mp4,celebdf
fake_id29_id20_0008,train,fake,/workspace/data/raw/celebdf/Celeb-synthesis/id29_id20_0008.mp4,celebdf
fake_id29_id20_0009,train,fake,/workspace/data/raw/celebdf/Celeb-synthesis/id29_id20_0009.mp4,celebdf
fake_id29_id21_0000,train,fake,/workspace/data/raw/celebdf/Celeb-synthesis/id29_id21_0000.mp4,celebdf
fake_id29_id21_0003,train,fake,/workspace/data/raw/celebdf/Celeb-synthesis/id29_id21_0003.mp4,celebdf
fake_id29_id21_0004,train,fake,/workspace/data/raw/celebdf/Celeb-synthesis/id29_id21_0004.mp4,celebdf
fake_id29_id21_0005,train,fake,/workspace/data/raw/celebdf/Celeb-synthesis/id29_id21_0005.mp4,celebdf
fake_id29_id21_0006,train,fake,/workspace/data/raw/celebdf/Celeb-synthesis/id29_id21_0006.mp4,celebdf
fake_id29_id21_0008,train,fake,/workspace/data/raw/celebdf/Celeb-synthesis/id29_id21_0008.mp4,celebdf
fake_id29_id21_0009,train,fake,/workspace/data/raw/celebdf/Celeb-synthesis/id29_id21_0009.mp4,celebdf
fake_id29_id23_0000,train,fake,/workspace/data/raw/celebdf/Celeb-synthesis/id29_id23_0000.mp4,celebdf
fake_id29_id23_0002,train,fake,/workspace/data/raw/celebdf/Celeb-synthesis/id29_id23_0002.mp4,celebdf
fake_id29_id23_0003,train,fake,/workspace/data/raw/celebdf/Celeb-synthesis/id29_id23_0003.mp4,celebdf
fake_id29_id23_0005,train,fake,/workspace/data/raw/celebdf/Celeb-synthesis/id29_id23_0005.mp4,celebdf
fake_id29_id23_0006,train,fake,/workspace/data/raw/celebdf/Celeb-synthesis/id29_id23_0006.mp4,celebdf
fake_id29_id23_0007,train,fake,/workspace/data/raw/celebdf/Celeb-synthesis/id29_id23_0007.mp4,celebdf
fake_id29_id26_0000,train,fake,/workspace/data/raw/celebdf/Celeb-synthesis/id29_id26_0000.mp4,celebdf
fake_id29_id26_0003,train,fake,/workspace/data/raw/celebdf/Celeb-synthesis/id29_id26_0003.mp4,celebdf
fake_id29_id26_0004,train,fake,/workspace/data/raw/celebdf/Celeb-synthesis/id29_id26_0004.mp4,celebdf
fake_id29_id26_0005,train,fake,/workspace/data/raw/celebdf/Celeb-synthesis/id29_id26_0005.mp4,celebdf
fake_id29_id26_0006,train,fake,/workspace/data/raw/celebdf/Celeb-synthesis/id29_id26_0006.mp4,celebdf
fake_id29_id26_0007,train,fake,/workspace/data/raw/celebdf/Celeb-synthesis/id29_id26_0007.mp4,celebdf
fake_id29_id26_0008,train,fake,/workspace/data/raw/celebdf/Celeb-synthesis/id29_id26_0008.mp4,celebdf
fake_id29_id26_0009,train,fake,/workspace/data/raw/celebdf/Celeb-synthesis/id29_id26_0009.mp4,celebdf
fake_id29_id28_0000,train,fake,/workspace/data/raw/celebdf/Celeb-synthesis/id29_id28_0000.mp4,celebdf
fake_id29_id28_0003,train,fake,/workspace/data/raw/celebdf/Celeb-synthesis/id29_id28_0003.mp4,celebdf
fake_id29_id28_0004,train,fake,/workspace/data/raw/celebdf/Celeb-synthesis/id29_id28_0004.mp4,celebdf
fake_id29_id28_0005,train,fake,/workspace/data/raw/celebdf/Celeb-synthesis/id29_id28_0005.mp4,celebdf
fake_id29_id28_0006,train,fake,/workspace/data/raw/celebdf/Celeb-synthesis/id29_id28_0006.mp4,celebdf
fake_id29_id28_0007,train,fake,/workspace/data/raw/celebdf/Celeb-synthesis/id29_id28_0007.mp4,celebdf
fake_id29_id28_0008,train,fake,/workspace/data/raw/celebdf/Celeb-synthesis/id29_id28_0008.mp4,celebdf
fake_id29_id28_0009,train,fake,/workspace/data/raw/celebdf/Celeb-synthesis/id29_id28_0009.mp4,celebdf
fake_id29_id30_0002,train,fake,/workspace/data/raw/celebdf/Celeb-synthesis/id29_id30_0002.mp4,celebdf
fake_id29_id30_0003,train,fake,/workspace/data/raw/celebdf/Celeb-synthesis/id29_id30_0003.mp4,celebdf
fake_id29_id30_0004,train,fake,/workspace/data/raw/celebdf/Celeb-synthesis/id29_id30_0004.mp4,celebdf
fake_id29_id30_0005,train,fake,/workspace/data/raw/celebdf/Celeb-synthesis/id29_id30_0005.mp4,celebdf
fake_id29_id30_0006,train,fake,/workspace/data/raw/celebdf/Celeb-synthesis/id29_id30_0006.mp4,celebdf
fake_id29_id30_0007,train,fake,/workspace/data/raw/celebdf/Celeb-synthesis/id29_id30_0007.mp4,celebdf
fake_id29_id30_0008,train,fake,/workspace/data/raw/celebdf/Celeb-synthesis/id29_id30_0008.mp4,celebdf
fake_id29_id31_0000,train,fake,/workspace/data/raw/celebdf/Celeb-synthesis/id29_id31_0000.mp4,celebdf
fake_id29_id31_0003,train,fake,/workspace/data/raw/celebdf/Celeb-synthesis/id29_id31_0003.mp4,celebdf
fake_id29_id31_0004,train,fake,/workspace/data/raw/celebdf/Celeb-synthesis/id29_id31_0004.mp4,celebdf
fake_id29_id31_0005,train,fake,/workspace/data/raw/celebdf/Celeb-synthesis/id29_id31_0005.mp4,celebdf
fake_id29_id31_0006,train,fake,/workspace/data/raw/celebdf/Celeb-synthesis/id29_id31_0006.mp4,celebdf
fake_id29_id31_0007,train,fake,/workspace/data/raw/celebdf/Celeb-synthesis/id29_id31_0007.mp4,celebdf
fake_id29_id31_0009,train,fake,/workspace/data/raw/celebdf/Celeb-synthesis/id29_id31_0009.mp4,celebdf
fake_id29_id32_0001,train,fake,/workspace/data/raw/celebdf/Celeb-synthesis/id29_id32_0001.mp4,celebdf
fake_id29_id32_0002,train,fake,/workspace/data/raw/celebdf/Celeb-synthesis/id29_id32_0002.mp4,celebdf
fake_id29_id32_0005,train,fake,/workspace/data/raw/celebdf/Celeb-synthesis/id29_id32_0005.mp4,celebdf
fake_id29_id32_0006,train,fake,/workspace/data/raw/celebdf/Celeb-synthesis/id29_id32_0006.mp4,celebdf
fake_id29_id32_0007,train,fake,/workspace/data/raw/celebdf/Celeb-synthesis/id29_id32_0007.mp4,celebdf
fake_id29_id33_0000,train,fake,/workspace/data/raw/celebdf/Celeb-synthesis/id29_id33_0000.mp4,celebdf
fake_id29_id33_0002,train,fake,/workspace/data/raw/celebdf/Celeb-synthesis/id29_id33_0002.mp4,celebdf
fake_id29_id33_0003,train,fake,/workspace/data/raw/celebdf/Celeb-synthesis/id29_id33_0003.mp4,celebdf
fake_id29_id33_0005,train,fake,/workspace/data/raw/celebdf/Celeb-synthesis/id29_id33_0005.mp4,celebdf
fake_id29_id33_0006,train,fake,/workspace/data/raw/celebdf/Celeb-synthesis/id29_id33_0006.mp4,celebdf
fake_id29_id33_0007,train,fake,/workspace/data/raw/celebdf/Celeb-synthesis/id29_id33_0007.mp4,celebdf
fake_id29_id33_0009,train,fake,/workspace/data/raw/celebdf/Celeb-synthesis/id29_id33_0009.mp4,celebdf
fake_id29_id34_0000,train,fake,/workspace/data/raw/celebdf/Celeb-synthesis/id29_id34_0000.mp4,celebdf
fake_id29_id34_0001,train,fake,/workspace/data/raw/celebdf/Celeb-synthesis/id29_id34_0001.mp4,celebdf
fake_id29_id34_0002,train,fake,/workspace/data/raw/celebdf/Celeb-synthesis/id29_id34_0002.mp4,celebdf
fake_id29_id34_0003,train,fake,/workspace/data/raw/celebdf/Celeb-synthesis/id29_id34_0003.mp4,celebdf
fake_id29_id34_0004,train,fake,/workspace/data/raw/celebdf/Celeb-synthesis/id29_id34_0004.mp4,celebdf
fake_id29_id34_0005,train,fake,/workspace/data/raw/celebdf/Celeb-synthesis/id29_id34_0005.mp4,celebdf
fake_id29_id34_0006,train,fake,/workspace/data/raw/celebdf/Celeb-synthesis/id29_id34_0006.mp4,celebdf
fake_id29_id34_0007,train,fake,/workspace/data/raw/celebdf/Celeb-synthesis/id29_id34_0007.mp4,celebdf
fake_id29_id34_0008,train,fake,/workspace/data/raw/celebdf/Celeb-synthesis/id29_id34_0008.mp4,celebdf
fake_id29_id34_0009,train,fake,/workspace/data/raw/celebdf/Celeb-synthesis/id29_id34_0009.mp4,celebdf
fake_id29_id35_0002,train,fake,/workspace/data/raw/celebdf/Celeb-synthesis/id29_id35_0002.mp4,celebdf
fake_id29_id35_0003,train,fake,/workspace/data/raw/celebdf/Celeb-synthesis/id29_id35_0003.mp4,celebdf
fake_id29_id35_0005,train,fake,/workspace/data/raw/celebdf/Celeb-synthesis/id29_id35_0005.mp4,celebdf
fake_id29_id35_0006,train,fake,/workspace/data/raw/celebdf/Celeb-synthesis/id29_id35_0006.mp4,celebdf
fake_id29_id35_0007,train,fake,/workspace/data/raw/celebdf/Celeb-synthesis/id29_id35_0007.mp4,celebdf
fake_id29_id35_0008,train,fake,/workspace/data/raw/celebdf/Celeb-synthesis/id29_id35_0008.mp4,celebdf
fake_id29_id35_0009,train,fake,/workspace/data/raw/celebdf/Celeb-synthesis/id29_id35_0009.mp4,celebdf
fake_id29_id37_0000,train,fake,/workspace/data/raw/celebdf/Celeb-synthesis/id29_id37_0000.mp4,celebdf
fake_id29_id37_0002,train,fake,/workspace/data/raw/celebdf/Celeb-synthesis/id29_id37_0002.mp4,celebdf
fake_id29_id37_0003,train,fake,/workspace/data/raw/celebdf/Celeb-synthesis/id29_id37_0003.mp4,celebdf
fake_id29_id37_0004,train,fake,/workspace/data/raw/celebdf/Celeb-synthesis/id29_id37_0004.mp4,celebdf
fake_id29_id37_0006,train,fake,/workspace/data/raw/celebdf/Celeb-synthesis/id29_id37_0006.mp4,celebdf
fake_id29_id37_0007,train,fake,/workspace/data/raw/celebdf/Celeb-synthesis/id29_id37_0007.mp4,celebdf
fake_id29_id38_0000,train,fake,/workspace/data/raw/celebdf/Celeb-synthesis/id29_id38_0000.mp4,celebdf
fake_id29_id38_0001,train,fake,/workspace/data/raw/celebdf/Celeb-synthesis/id29_id38_0001.mp4,celebdf
fake_id29_id38_0002,train,fake,/workspace/data/raw/celebdf/Celeb-synthesis/id29_id38_0002.mp4,celebdf
fake_id29_id38_0003,train,fake,/workspace/data/raw/celebdf/Celeb-synthesis/id29_id38_0003.mp4,celebdf
fake_id29_id38_0004,train,fake,/workspace/data/raw/celebdf/Celeb-synthesis/id29_id38_0004.mp4,celebdf
fake_id29_id38_0005,train,fake,/workspace/data/raw/celebdf/Celeb-synthesis/id29_id38_0005.mp4,celebdf
fake_id29_id38_0006,train,fake,/workspace/data/raw/celebdf/Celeb-synthesis/id29_id38_0006.mp4,celebdf
fake_id29_id38_0007,train,fake,/workspace/data/raw/celebdf/Celeb-synthesis/id29_id38_0007.mp4,celebdf
fake_id29_id38_0009,train,fake,/workspace/data/raw/celebdf/Celeb-synthesis/id29_id38_0009.mp4,celebdf
fake_id2_id0_0000,train,fake,/workspace/data/raw/celebdf/Celeb-synthesis/id2_id0_0000.mp4,celebdf
fake_id2_id0_0001,train,fake,/workspace/data/raw/celebdf/Celeb-synthesis/id2_id0_0001.mp4,celebdf
fake_id2_id0_0003,train,fake,/workspace/data/raw/celebdf/Celeb-synthesis/id2_id0_0003.mp4,celebdf
fake_id2_id0_0004,train,fake,/workspace/data/raw/celebdf/Celeb-synthesis/id2_id0_0004.mp4,celebdf
fake_id2_id0_0005,train,fake,/workspace/data/raw/celebdf/Celeb-synthesis/id2_id0_0005.mp4,celebdf
fake_id2_id0_0006,train,fake,/workspace/data/raw/celebdf/Celeb-synthesis/id2_id0_0006.mp4,celebdf
fake_id2_id0_0007,train,fake,/workspace/data/raw/celebdf/Celeb-synthesis/id2_id0_0007.mp4,celebdf
fake_id2_id0_0009,train,fake,/workspace/data/raw/celebdf/Celeb-synthesis/id2_id0_0009.mp4,celebdf
fake_id2_id16_0000,train,fake,/workspace/data/raw/celebdf/Celeb-synthesis/id2_id16_0000.mp4,celebdf
fake_id2_id16_0001,train,fake,/workspace/data/raw/celebdf/Celeb-synthesis/id2_id16_0001.mp4,celebdf
fake_id2_id16_0002,train,fake,/workspace/data/raw/celebdf/Celeb-synthesis/id2_id16_0002.mp4,celebdf
fake_id2_id16_0003,train,fake,/workspace/data/raw/celebdf/Celeb-synthesis/id2_id16_0003.mp4,celebdf
fake_id2_id16_0005,train,fake,/workspace/data/raw/celebdf/Celeb-synthesis/id2_id16_0005.mp4,celebdf
fake_id2_id16_0006,train,fake,/workspace/data/raw/celebdf/Celeb-synthesis/id2_id16_0006.mp4,celebdf
fake_id2_id16_0007,train,fake,/workspace/data/raw/celebdf/Celeb-synthesis/id2_id16_0007.mp4,celebdf
fake_id2_id16_0008,train,fake,/workspace/data/raw/celebdf/Celeb-synthesis/id2_id16_0008.mp4,celebdf
fake_id2_id16_0009,train,fake,/workspace/data/raw/celebdf/Celeb-synthesis/id2_id16_0009.mp4,celebdf
fake_id2_id17_0000,train,fake,/workspace/data/raw/celebdf/Celeb-synthesis/id2_id17_0000.mp4,celebdf
fake_id2_id17_0001,train,fake,/workspace/data/raw/celebdf/Celeb-synthesis/id2_id17_0001.mp4,celebdf
fake_id2_id17_0002,train,fake,/workspace/data/raw/celebdf/Celeb-synthesis/id2_id17_0002.mp4,celebdf
fake_id2_id17_0003,train,fake,/workspace/data/raw/celebdf/Celeb-synthesis/id2_id17_0003.mp4,celebdf
fake_id2_id17_0004,train,fake,/workspace/data/raw/celebdf/Celeb-synthesis/id2_id17_0004.mp4,celebdf
fake_id2_id17_0005,train,fake,/workspace/data/raw/celebdf/Celeb-synthesis/id2_id17_0005.mp4,celebdf
fake_id2_id17_0006,train,fake,/workspace/data/raw/celebdf/Celeb-synthesis/id2_id17_0006.mp4,celebdf
fake_id2_id17_0007,train,fake,/workspace/data/raw/celebdf/Celeb-synthesis/id2_id17_0007.mp4,celebdf
fake_id2_id17_0008,train,fake,/workspace/data/raw/celebdf/Celeb-synthesis/id2_id17_0008.mp4,celebdf
fake_id2_id17_0009,train,fake,/workspace/data/raw/celebdf/Celeb-synthesis/id2_id17_0009.mp4,celebdf
fake_id2_id1_0000,train,fake,/workspace/data/raw/celebdf/Celeb-synthesis/id2_id1_0000.mp4,celebdf
fake_id2_id1_0001,train,fake,/workspace/data/raw/celebdf/Celeb-synthesis/id2_id1_0001.mp4,celebdf
fake_id2_id1_0002,train,fake,/workspace/data/raw/celebdf/Celeb-synthesis/id2_id1_0002.mp4,celebdf
fake_id2_id1_0003,train,fake,/workspace/data/raw/celebdf/Celeb-synthesis/id2_id1_0003.mp4,celebdf
fake_id2_id1_0005,train,fake,/workspace/data/raw/celebdf/Celeb-synthesis/id2_id1_0005.mp4,celebdf
fake_id2_id1_0006,train,fake,/workspace/data/raw/celebdf/Celeb-synthesis/id2_id1_0006.mp4,celebdf
fake_id2_id1_0007,train,fake,/workspace/data/raw/celebdf/Celeb-synthesis/id2_id1_0007.mp4,celebdf
fake_id2_id1_0008,train,fake,/workspace/data/raw/celebdf/Celeb-synthesis/id2_id1_0008.mp4,celebdf
fake_id2_id1_0009,train,fake,/workspace/data/raw/celebdf/Celeb-synthesis/id2_id1_0009.mp4,celebdf
fake_id2_id20_0000,train,fake,/workspace/data/raw/celebdf/Celeb-synthesis/id2_id20_0000.mp4,celebdf
fake_id2_id20_0001,train,fake,/workspace/data/raw/celebdf/Celeb-synthesis/id2_id20_0001.mp4,celebdf
fake_id2_id20_0002,train,fake,/workspace/data/raw/celebdf/Celeb-synthesis/id2_id20_0002.mp4,celebdf
fake_id2_id20_0003,train,fake,/workspace/data/raw/celebdf/Celeb-synthesis/id2_id20_0003.mp4,celebdf
fake_id2_id20_0004,train,fake,/workspace/data/raw/celebdf/Celeb-synthesis/id2_id20_0004.mp4,celebdf
fake_id2_id20_0005,train,fake,/workspace/data/raw/celebdf/Celeb-synthesis/id2_id20_0005.mp4,celebdf
fake_id2_id20_0006,train,fake,/workspace/data/raw/celebdf/Celeb-synthesis/id2_id20_0006.mp4,celebdf
fake_id2_id20_0007,train,fake,/workspace/data/raw/celebdf/Celeb-synthesis/id2_id20_0007.mp4,celebdf
fake_id2_id20_0008,train,fake,/workspace/data/raw/celebdf/Celeb-synthesis/id2_id20_0008.mp4,celebdf
fake_id2_id20_0009,train,fake,/workspace/data/raw/celebdf/Celeb-synthesis/id2_id20_0009.mp4,celebdf
fake_id2_id21_0000,train,fake,/workspace/data/raw/celebdf/Celeb-synthesis/id2_id21_0000.mp4,celebdf
fake_id2_id21_0001,train,fake,/workspace/data/raw/celebdf/Celeb-synthesis/id2_id21_0001.mp4,celebdf
fake_id2_id21_0002,train,fake,/workspace/data/raw/celebdf/Celeb-synthesis/id2_id21_0002.mp4,celebdf
fake_id2_id21_0003,train,fake,/workspace/data/raw/celebdf/Celeb-synthesis/id2_id21_0003.mp4,celebdf
fake_id2_id21_0005,train,fake,/workspace/data/raw/celebdf/Celeb-synthesis/id2_id21_0005.mp4,celebdf
fake_id2_id21_0006,train,fake,/workspace/data/raw/celebdf/Celeb-synthesis/id2_id21_0006.mp4,celebdf
fake_id2_id21_0007,train,fake,/workspace/data/raw/celebdf/Celeb-synthesis/id2_id21_0007.mp4,celebdf
fake_id2_id21_0008,train,fake,/workspace/data/raw/celebdf/Celeb-synthesis/id2_id21_0008.mp4,celebdf
fake_id2_id21_0009,train,fake,/workspace/data/raw/celebdf/Celeb-synthesis/id2_id21_0009.mp4,celebdf
fake_id2_id23_0000,train,fake,/workspace/data/raw/celebdf/Celeb-synthesis/id2_id23_0000.mp4,celebdf
fake_id2_id23_0001,train,fake,/workspace/data/raw/celebdf/Celeb-synthesis/id2_id23_0001.mp4,celebdf
fake_id2_id23_0002,train,fake,/workspace/data/raw/celebdf/Celeb-synthesis/id2_id23_0002.mp4,celebdf
fake_id2_id23_0003,train,fake,/workspace/data/raw/celebdf/Celeb-synthesis/id2_id23_0003.mp4,celebdf
fake_id2_id23_0004,train,fake,/workspace/data/raw/celebdf/Celeb-synthesis/id2_id23_0004.mp4,celebdf
fake_id2_id23_0005,train,fake,/workspace/data/raw/celebdf/Celeb-synthesis/id2_id23_0005.mp4,celebdf
fake_id2_id23_0006,train,fake,/workspace/data/raw/celebdf/Celeb-synthesis/id2_id23_0006.mp4,celebdf
fake_id2_id23_0008,train,fake,/workspace/data/raw/celebdf/Celeb-synthesis/id2_id23_0008.mp4,celebdf
fake_id2_id23_0009,train,fake,/workspace/data/raw/celebdf/Celeb-synthesis/id2_id23_0009.mp4,celebdf
fake_id2_id26_0000,train,fake,/workspace/data/raw/celebdf/Celeb-synthesis/id2_id26_0000.mp4,celebdf
fake_id2_id26_0003,train,fake,/workspace/data/raw/celebdf/Celeb-synthesis/id2_id26_0003.mp4,celebdf
fake_id2_id26_0004,train,fake,/workspace/data/raw/celebdf/Celeb-synthesis/id2_id26_0004.mp4,celebdf
fake_id2_id26_0005,train,fake,/workspace/data/raw/celebdf/Celeb-synthesis/id2_id26_0005.mp4,celebdf
fake_id2_id26_0006,train,fake,/workspace/data/raw/celebdf/Celeb-synthesis/id2_id26_0006.mp4,celebdf
fake_id2_id26_0007,train,fake,/workspace/data/raw/celebdf/Celeb-synthesis/id2_id26_0007.mp4,celebdf
fake_id2_id26_0008,train,fake,/workspace/data/raw/celebdf/Celeb-synthesis/id2_id26_0008.mp4,celebdf
fake_id2_id26_0009,train,fake,/workspace/data/raw/celebdf/Celeb-synthesis/id2_id26_0009.mp4,celebdf
fake_id2_id28_0000,train,fake,/workspace/data/raw/celebdf/Celeb-synthesis/id2_id28_0000.mp4,celebdf
fake_id2_id28_0001,train,fake,/workspace/data/raw/celebdf/Celeb-synthesis/id2_id28_0001.mp4,celebdf
fake_id2_id28_0002,train,fake,/workspace/data/raw/celebdf/Celeb-synthesis/id2_id28_0002.mp4,celebdf
fake_id2_id28_0004,train,fake,/workspace/data/raw/celebdf/Celeb-synthesis/id2_id28_0004.mp4,celebdf
fake_id2_id28_0005,train,fake,/workspace/data/raw/celebdf/Celeb-synthesis/id2_id28_0005.mp4,celebdf
fake_id2_id28_0006,train,fake,/workspace/data/raw/celebdf/Celeb-synthesis/id2_id28_0006.mp4,celebdf
fake_id2_id28_0007,train,fake,/workspace/data/raw/celebdf/Celeb-synthesis/id2_id28_0007.mp4,celebdf
fake_id2_id28_0008,train,fake,/workspace/data/raw/celebdf/Celeb-synthesis/id2_id28_0008.mp4,celebdf
fake_id2_id28_0009,train,fake,/workspace/data/raw/celebdf/Celeb-synthesis/id2_id28_0009.mp4,celebdf
fake_id2_id30_0000,train,fake,/workspace/data/raw/celebdf/Celeb-synthesis/id2_id30_0000.mp4,celebdf
fake_id2_id30_0001,train,fake,/workspace/data/raw/celebdf/Celeb-synthesis/id2_id30_0001.mp4,celebdf
fake_id2_id30_0002,train,fake,/workspace/data/raw/celebdf/Celeb-synthesis/id2_id30_0002.mp4,celebdf
fake_id2_id30_0003,train,fake,/workspace/data/raw/celebdf/Celeb-synthesis/id2_id30_0003.mp4,celebdf
fake_id2_id30_0004,train,fake,/workspace/data/raw/celebdf/Celeb-synthesis/id2_id30_0004.mp4,celebdf
fake_id2_id30_0005,train,fake,/workspace/data/raw/celebdf/Celeb-synthesis/id2_id30_0005.mp4,celebdf
fake_id2_id30_0006,train,fake,/workspace/data/raw/celebdf/Celeb-synthesis/id2_id30_0006.mp4,celebdf
fake_id2_id30_0007,train,fake,/workspace/data/raw/celebdf/Celeb-synthesis/id2_id30_0007.mp4,celebdf
fake_id2_id30_0008,train,fake,/workspace/data/raw/celebdf/Celeb-synthesis/id2_id30_0008.mp4,celebdf
fake_id2_id30_0009,train,fake,/workspace/data/raw/celebdf/Celeb-synthesis/id2_id30_0009.mp4,celebdf
fake_id2_id31_0002,train,fake,/workspace/data/raw/celebdf/Celeb-synthesis/id2_id31_0002.mp4,celebdf
fake_id2_id31_0003,train,fake,/workspace/data/raw/celebdf/Celeb-synthesis/id2_id31_0003.mp4,celebdf
fake_id2_id31_0006,train,fake,/workspace/data/raw/celebdf/Celeb-synthesis/id2_id31_0006.mp4,celebdf
fake_id2_id31_0007,train,fake,/workspace/data/raw/celebdf/Celeb-synthesis/id2_id31_0007.mp4,celebdf
fake_id2_id31_0008,train,fake,/workspace/data/raw/celebdf/Celeb-synthesis/id2_id31_0008.mp4,celebdf
fake_id2_id35_0000,train,fake,/workspace/data/raw/celebdf/Celeb-synthesis/id2_id35_0000.mp4,celebdf
fake_id2_id35_0001,train,fake,/workspace/data/raw/celebdf/Celeb-synthesis/id2_id35_0001.mp4,celebdf
fake_id2_id35_0002,train,fake,/workspace/data/raw/celebdf/Celeb-synthesis/id2_id35_0002.mp4,celebdf
fake_id2_id35_0003,train,fake,/workspace/data/raw/celebdf/Celeb-synthesis/id2_id35_0003.mp4,celebdf
fake_id2_id35_0004,train,fake,/workspace/data/raw/celebdf/Celeb-synthesis/id2_id35_0004.mp4,celebdf
fake_id2_id35_0005,train,fake,/workspace/data/raw/celebdf/Celeb-synthesis/id2_id35_0005.mp4,celebdf
fake_id2_id35_0006,train,fake,/workspace/data/raw/celebdf/Celeb-synthesis/id2_id35_0006.mp4,celebdf
fake_id2_id35_0007,train,fake,/workspace/data/raw/celebdf/Celeb-synthesis/id2_id35_0007.mp4,celebdf
fake_id2_id35_0008,train,fake,/workspace/data/raw/celebdf/Celeb-synthesis/id2_id35_0008.mp4,celebdf
fake_id2_id35_0009,train,fake,/workspace/data/raw/celebdf/Celeb-synthesis/id2_id35_0009.mp4,celebdf
fake_id2_id37_0000,train,fake,/workspace/data/raw/celebdf/Celeb-synthesis/id2_id37_0000.mp4,celebdf
fake_id2_id37_0001,train,fake,/workspace/data/raw/celebdf/Celeb-synthesis/id2_id37_0001.mp4,celebdf
fake_id2_id37_0002,train,fake,/workspace/data/raw/celebdf/Celeb-synthesis/id2_id37_0002.mp4,celebdf
fake_id2_id37_0003,train,fake,/workspace/data/raw/celebdf/Celeb-synthesis/id2_id37_0003.mp4,celebdf
fake_id2_id37_0005,train,fake,/workspace/data/raw/celebdf/Celeb-synthesis/id2_id37_0005.mp4,celebdf
fake_id2_id37_0006,train,fake,/workspace/data/raw/celebdf/Celeb-synthesis/id2_id37_0006.mp4,celebdf
fake_id2_id37_0007,train,fake,/workspace/data/raw/celebdf/Celeb-synthesis/id2_id37_0007.mp4,celebdf
fake_id2_id37_0008,train,fake,/workspace/data/raw/celebdf/Celeb-synthesis/id2_id37_0008.mp4,celebdf
fake_id2_id37_0009,train,fake,/workspace/data/raw/celebdf/Celeb-synthesis/id2_id37_0009.mp4,celebdf
fake_id2_id3_0000,train,fake,/workspace/data/raw/celebdf/Celeb-synthesis/id2_id3_0000.mp4,celebdf
fake_id2_id3_0001,train,fake,/workspace/data/raw/celebdf/Celeb-synthesis/id2_id3_0001.mp4,celebdf
fake_id2_id3_0002,train,fake,/workspace/data/raw/celebdf/Celeb-synthesis/id2_id3_0002.mp4,celebdf
fake_id2_id3_0003,train,fake,/workspace/data/raw/celebdf/Celeb-synthesis/id2_id3_0003.mp4,celebdf
fake_id2_id3_0004,train,fake,/workspace/data/raw/celebdf/Celeb-synthesis/id2_id3_0004.mp4,celebdf
fake_id2_id3_0005,train,fake,/workspace/data/raw/celebdf/Celeb-synthesis/id2_id3_0005.mp4,celebdf
fake_id2_id3_0006,train,fake,/workspace/data/raw/celebdf/Celeb-synthesis/id2_id3_0006.mp4,celebdf
fake_id2_id3_0007,train,fake,/workspace/data/raw/celebdf/Celeb-synthesis/id2_id3_0007.mp4,celebdf
fake_id2_id3_0009,train,fake,/workspace/data/raw/celebdf/Celeb-synthesis/id2_id3_0009.mp4,celebdf
fake_id2_id4_0000,train,fake,/workspace/data/raw/celebdf/Celeb-synthesis/id2_id4_0000.mp4,celebdf
fake_id2_id4_0001,train,fake,/workspace/data/raw/celebdf/Celeb-synthesis/id2_id4_0001.mp4,celebdf
fake_id2_id4_0002,train,fake,/workspace/data/raw/celebdf/Celeb-synthesis/id2_id4_0002.mp4,celebdf
fake_id2_id4_0003,train,fake,/workspace/data/raw/celebdf/Celeb-synthesis/id2_id4_0003.mp4,celebdf
fake_id2_id4_0006,train,fake,/workspace/data/raw/celebdf/Celeb-synthesis/id2_id4_0006.mp4,celebdf
fake_id2_id4_0007,train,fake,/workspace/data/raw/celebdf/Celeb-synthesis/id2_id4_0007.mp4,celebdf
fake_id2_id4_0008,train,fake,/workspace/data/raw/celebdf/Celeb-synthesis/id2_id4_0008.mp4,celebdf
fake_id2_id4_0009,train,fake,/workspace/data/raw/celebdf/Celeb-synthesis/id2_id4_0009.mp4,celebdf
fake_id2_id6_0001,train,fake,/workspace/data/raw/celebdf/Celeb-synthesis/id2_id6_0001.mp4,celebdf
fake_id2_id6_0003,train,fake,/workspace/data/raw/celebdf/Celeb-synthesis/id2_id6_0003.mp4,celebdf
fake_id2_id6_0004,train,fake,/workspace/data/raw/celebdf/Celeb-synthesis/id2_id6_0004.mp4,celebdf
fake_id2_id6_0005,train,fake,/workspace/data/raw/celebdf/Celeb-synthesis/id2_id6_0005.mp4,celebdf
fake_id2_id6_0006,train,fake,/workspace/data/raw/celebdf/Celeb-synthesis/id2_id6_0006.mp4,celebdf
fake_id2_id6_0007,train,fake,/workspace/data/raw/celebdf/Celeb-synthesis/id2_id6_0007.mp4,celebdf
fake_id2_id6_0008,train,fake,/workspace/data/raw/celebdf/Celeb-synthesis/id2_id6_0008.mp4,celebdf
fake_id2_id6_0009,train,fake,/workspace/data/raw/celebdf/Celeb-synthesis/id2_id6_0009.mp4,celebdf
fake_id2_id9_0000,train,fake,/workspace/data/raw/celebdf/Celeb-synthesis/id2_id9_0000.mp4,celebdf
fake_id2_id9_0001,train,fake,/workspace/data/raw/celebdf/Celeb-synthesis/id2_id9_0001.mp4,celebdf
fake_id2_id9_0002,train,fake,/workspace/data/raw/celebdf/Celeb-synthesis/id2_id9_0002.mp4,celebdf
fake_id2_id9_0003,train,fake,/workspace/data/raw/celebdf/Celeb-synthesis/id2_id9_0003.mp4,celebdf
fake_id2_id9_0004,train,fake,/workspace/data/raw/celebdf/Celeb-synthesis/id2_id9_0004.mp4,celebdf
fake_id2_id9_0005,train,fake,/workspace/data/raw/celebdf/Celeb-synthesis/id2_id9_0005.mp4,celebdf
fake_id2_id9_0006,train,fake,/workspace/data/raw/celebdf/Celeb-synthesis/id2_id9_0006.mp4,celebdf
fake_id2_id9_0007,train,fake,/workspace/data/raw/celebdf/Celeb-synthesis/id2_id9_0007.mp4,celebdf
fake_id2_id9_0009,train,fake,/workspace/data/raw/celebdf/Celeb-synthesis/id2_id9_0009.mp4,celebdf
fake_id30_id16_0000,train,fake,/workspace/data/raw/celebdf/Celeb-synthesis/id30_id16_0000.mp4,celebdf
fake_id30_id16_0001,train,fake,/workspace/data/raw/celebdf/Celeb-synthesis/id30_id16_0001.mp4,celebdf
fake_id30_id16_0002,train,fake,/workspace/data/raw/celebdf/Celeb-synthesis/id30_id16_0002.mp4,celebdf
fake_id30_id16_0003,train,fake,/workspace/data/raw/celebdf/Celeb-synthesis/id30_id16_0003.mp4,celebdf
fake_id30_id16_0004,train,fake,/workspace/data/raw/celebdf/Celeb-synthesis/id30_id16_0004.mp4,celebdf
fake_id30_id16_0005,train,fake,/workspace/data/raw/celebdf/Celeb-synthesis/id30_id16_0005.mp4,celebdf
fake_id30_id16_0006,train,fake,/workspace/data/raw/celebdf/Celeb-synthesis/id30_id16_0006.mp4,celebdf
fake_id30_id16_0007,train,fake,/workspace/data/raw/celebdf/Celeb-synthesis/id30_id16_0007.mp4,celebdf
fake_id30_id16_0008,train,fake,/workspace/data/raw/celebdf/Celeb-synthesis/id30_id16_0008.mp4,celebdf
fake_id30_id16_0009,train,fake,/workspace/data/raw/celebdf/Celeb-synthesis/id30_id16_0009.mp4,celebdf
fake_id30_id17_0000,train,fake,/workspace/data/raw/celebdf/Celeb-synthesis/id30_id17_0000.mp4,celebdf
fake_id30_id17_0001,train,fake,/workspace/data/raw/celebdf/Celeb-synthesis/id30_id17_0001.mp4,celebdf
fake_id30_id17_0002,train,fake,/workspace/data/raw/celebdf/Celeb-synthesis/id30_id17_0002.mp4,celebdf
fake_id30_id17_0003,train,fake,/workspace/data/raw/celebdf/Celeb-synthesis/id30_id17_0003.mp4,celebdf
fake_id30_id17_0004,train,fake,/workspace/data/raw/celebdf/Celeb-synthesis/id30_id17_0004.mp4,celebdf
fake_id30_id17_0005,train,fake,/workspace/data/raw/celebdf/Celeb-synthesis/id30_id17_0005.mp4,celebdf
fake_id30_id17_0006,train,fake,/workspace/data/raw/celebdf/Celeb-synthesis/id30_id17_0006.mp4,celebdf
fake_id30_id17_0007,train,fake,/workspace/data/raw/celebdf/Celeb-synthesis/id30_id17_0007.mp4,celebdf
fake_id30_id17_0008,train,fake,/workspace/data/raw/celebdf/Celeb-synthesis/id30_id17_0008.mp4,celebdf
fake_id30_id17_0009,train,fake,/workspace/data/raw/celebdf/Celeb-synthesis/id30_id17_0009.mp4,celebdf
fake_id30_id1_0001,train,fake,/workspace/data/raw/celebdf/Celeb-synthesis/id30_id1_0001.mp4,celebdf
fake_id30_id1_0003,train,fake,/workspace/data/raw/celebdf/Celeb-synthesis/id30_id1_0003.mp4,celebdf
fake_id30_id1_0004,train,fake,/workspace/data/raw/celebdf/Celeb-synthesis/id30_id1_0004.mp4,celebdf
fake_id30_id1_0005,train,fake,/workspace/data/raw/celebdf/Celeb-synthesis/id30_id1_0005.mp4,celebdf
fake_id30_id1_0006,train,fake,/workspace/data/raw/celebdf/Celeb-synthesis/id30_id1_0006.mp4,celebdf
fake_id30_id1_0007,train,fake,/workspace/data/raw/celebdf/Celeb-synthesis/id30_id1_0007.mp4,celebdf
fake_id30_id1_0008,train,fake,/workspace/data/raw/celebdf/Celeb-synthesis/id30_id1_0008.mp4,celebdf
fake_id30_id1_0009,train,fake,/workspace/data/raw/celebdf/Celeb-synthesis/id30_id1_0009.mp4,celebdf
fake_id30_id20_0000,train,fake,/workspace/data/raw/celebdf/Celeb-synthesis/id30_id20_0000.mp4,celebdf
fake_id30_id20_0001,train,fake,/workspace/data/raw/celebdf/Celeb-synthesis/id30_id20_0001.mp4,celebdf
fake_id30_id20_0002,train,fake,/workspace/data/raw/celebdf/Celeb-synthesis/id30_id20_0002.mp4,celebdf
fake_id30_id20_0003,train,fake,/workspace/data/raw/celebdf/Celeb-synthesis/id30_id20_0003.mp4,celebdf
fake_id30_id20_0005,train,fake,/workspace/data/raw/celebdf/Celeb-synthesis/id30_id20_0005.mp4,celebdf
fake_id30_id20_0006,train,fake,/workspace/data/raw/celebdf/Celeb-synthesis/id30_id20_0006.mp4,celebdf
fake_id30_id20_0007,train,fake,/workspace/data/raw/celebdf/Celeb-synthesis/id30_id20_0007.mp4,celebdf
fake_id30_id20_0008,train,fake,/workspace/data/raw/celebdf/Celeb-synthesis/id30_id20_0008.mp4,celebdf
fake_id30_id20_0009,train,fake,/workspace/data/raw/celebdf/Celeb-synthesis/id30_id20_0009.mp4,celebdf
fake_id30_id21_0000,train,fake,/workspace/data/raw/celebdf/Celeb-synthesis/id30_id21_0000.mp4,celebdf
fake_id30_id21_0001,train,fake,/workspace/data/raw/celebdf/Celeb-synthesis/id30_id21_0001.mp4,celebdf
fake_id30_id21_0003,train,fake,/workspace/data/raw/celebdf/Celeb-synthesis/id30_id21_0003.mp4,celebdf
fake_id30_id21_0004,train,fake,/workspace/data/raw/celebdf/Celeb-synthesis/id30_id21_0004.mp4,celebdf
fake_id30_id21_0006,train,fake,/workspace/data/raw/celebdf/Celeb-synthesis/id30_id21_0006.mp4,celebdf
fake_id30_id21_0007,train,fake,/workspace/data/raw/celebdf/Celeb-synthesis/id30_id21_0007.mp4,celebdf
fake_id30_id21_0008,train,fake,/workspace/data/raw/celebdf/Celeb-synthesis/id30_id21_0008.mp4,celebdf
fake_id30_id21_0009,train,fake,/workspace/data/raw/celebdf/Celeb-synthesis/id30_id21_0009.mp4,celebdf
fake_id30_id23_0000,train,fake,/workspace/data/raw/celebdf/Celeb-synthesis/id30_id23_0000.mp4,celebdf
fake_id30_id23_0001,train,fake,/workspace/data/raw/celebdf/Celeb-synthesis/id30_id23_0001.mp4,celebdf
fake_id30_id23_0003,train,fake,/workspace/data/raw/celebdf/Celeb-synthesis/id30_id23_0003.mp4,celebdf
fake_id30_id23_0004,train,fake,/workspace/data/raw/celebdf/Celeb-synthesis/id30_id23_0004.mp4,celebdf
fake_id30_id23_0005,train,fake,/workspace/data/raw/celebdf/Celeb-synthesis/id30_id23_0005.mp4,celebdf
fake_id30_id23_0006,train,fake,/workspace/data/raw/celebdf/Celeb-synthesis/id30_id23_0006.mp4,celebdf
fake_id30_id23_0008,train,fake,/workspace/data/raw/celebdf/Celeb-synthesis/id30_id23_0008.mp4,celebdf
fake_id30_id23_0009,train,fake,/workspace/data/raw/celebdf/Celeb-synthesis/id30_id23_0009.mp4,celebdf
fake_id30_id26_0000,train,fake,/workspace/data/raw/celebdf/Celeb-synthesis/id30_id26_0000.mp4,celebdf
fake_id30_id26_0001,train,fake,/workspace/data/raw/celebdf/Celeb-synthesis/id30_id26_0001.mp4,celebdf
fake_id30_id26_0002,train,fake,/workspace/data/raw/celebdf/Celeb-synthesis/id30_id26_0002.mp4,celebdf
fake_id30_id26_0003,train,fake,/workspace/data/raw/celebdf/Celeb-synthesis/id30_id26_0003.mp4,celebdf
fake_id30_id26_0005,train,fake,/workspace/data/raw/celebdf/Celeb-synthesis/id30_id26_0005.mp4,celebdf
fake_id30_id26_0007,train,fake,/workspace/data/raw/celebdf/Celeb-synthesis/id30_id26_0007.mp4,celebdf
fake_id30_id26_0008,train,fake,/workspace/data/raw/celebdf/Celeb-synthesis/id30_id26_0008.mp4,celebdf
fake_id30_id26_0009,train,fake,/workspace/data/raw/celebdf/Celeb-synthesis/id30_id26_0009.mp4,celebdf
fake_id30_id28_0001,train,fake,/workspace/data/raw/celebdf/Celeb-synthesis/id30_id28_0001.mp4,celebdf
fake_id30_id28_0002,train,fake,/workspace/data/raw/celebdf/Celeb-synthesis/id30_id28_0002.mp4,celebdf
fake_id30_id28_0003,train,fake,/workspace/data/raw/celebdf/Celeb-synthesis/id30_id28_0003.mp4,celebdf
fake_id30_id28_0005,train,fake,/workspace/data/raw/celebdf/Celeb-synthesis/id30_id28_0005.mp4,celebdf
fake_id30_id28_0007,train,fake,/workspace/data/raw/celebdf/Celeb-synthesis/id30_id28_0007.mp4,celebdf
fake_id30_id28_0008,train,fake,/workspace/data/raw/celebdf/Celeb-synthesis/id30_id28_0008.mp4,celebdf
fake_id30_id28_0009,train,fake,/workspace/data/raw/celebdf/Celeb-synthesis/id30_id28_0009.mp4,celebdf
fake_id30_id29_0000,train,fake,/workspace/data/raw/celebdf/Celeb-synthesis/id30_id29_0000.mp4,celebdf
fake_id30_id29_0001,train,fake,/workspace/data/raw/celebdf/Celeb-synthesis/id30_id29_0001.mp4,celebdf
fake_id30_id29_0002,train,fake,/workspace/data/raw/celebdf/Celeb-synthesis/id30_id29_0002.mp4,celebdf
fake_id30_id29_0003,train,fake,/workspace/data/raw/celebdf/Celeb-synthesis/id30_id29_0003.mp4,celebdf
fake_id30_id29_0004,train,fake,/workspace/data/raw/celebdf/Celeb-synthesis/id30_id29_0004.mp4,celebdf
fake_id30_id29_0005,train,fake,/workspace/data/raw/celebdf/Celeb-synthesis/id30_id29_0005.mp4,celebdf
fake_id30_id29_0006,train,fake,/workspace/data/raw/celebdf/Celeb-synthesis/id30_id29_0006.mp4,celebdf
fake_id30_id29_0007,train,fake,/workspace/data/raw/celebdf/Celeb-synthesis/id30_id29_0007.mp4,celebdf
fake_id30_id29_0008,train,fake,/workspace/data/raw/celebdf/Celeb-synthesis/id30_id29_0008.mp4,celebdf
fake_id30_id29_0009,train,fake,/workspace/data/raw/celebdf/Celeb-synthesis/id30_id29_0009.mp4,celebdf
fake_id30_id2_0000,train,fake,/workspace/data/raw/celebdf/Celeb-synthesis/id30_id2_0000.mp4,celebdf
fake_id30_id2_0001,train,fake,/workspace/data/raw/celebdf/Celeb-synthesis/id30_id2_0001.mp4,celebdf
fake_id30_id2_0002,train,fake,/workspace/data/raw/celebdf/Celeb-synthesis/id30_id2_0002.mp4,celebdf
fake_id30_id2_0003,train,fake,/workspace/data/raw/celebdf/Celeb-synthesis/id30_id2_0003.mp4,celebdf
fake_id30_id2_0004,train,fake,/workspace/data/raw/celebdf/Celeb-synthesis/id30_id2_0004.mp4,celebdf
fake_id30_id2_0005,train,fake,/workspace/data/raw/celebdf/Celeb-synthesis/id30_id2_0005.mp4,celebdf
fake_id30_id2_0006,train,fake,/workspace/data/raw/celebdf/Celeb-synthesis/id30_id2_0006.mp4,celebdf
fake_id30_id2_0007,train,fake,/workspace/data/raw/celebdf/Celeb-synthesis/id30_id2_0007.mp4,celebdf
fake_id30_id2_0008,train,fake,/workspace/data/raw/celebdf/Celeb-synthesis/id30_id2_0008.mp4,celebdf
fake_id30_id2_0009,train,fake,/workspace/data/raw/celebdf/Celeb-synthesis/id30_id2_0009.mp4,celebdf
fake_id30_id31_0000,train,fake,/workspace/data/raw/celebdf/Celeb-synthesis/id30_id31_0000.mp4,celebdf
fake_id30_id31_0002,train,fake,/workspace/data/raw/celebdf/Celeb-synthesis/id30_id31_0002.mp4,celebdf
fake_id30_id31_0003,train,fake,/workspace/data/raw/celebdf/Celeb-synthesis/id30_id31_0003.mp4,celebdf
fake_id30_id31_0004,train,fake,/workspace/data/raw/celebdf/Celeb-synthesis/id30_id31_0004.mp4,celebdf
fake_id30_id31_0005,train,fake,/workspace/data/raw/celebdf/Celeb-synthesis/id30_id31_0005.mp4,celebdf
fake_id30_id31_0006,train,fake,/workspace/data/raw/celebdf/Celeb-synthesis/id30_id31_0006.mp4,celebdf
fake_id30_id31_0008,train,fake,/workspace/data/raw/celebdf/Celeb-synthesis/id30_id31_0008.mp4,celebdf
fake_id30_id31_0009,train,fake,/workspace/data/raw/celebdf/Celeb-synthesis/id30_id31_0009.mp4,celebdf
fake_id30_id32_0000,train,fake,/workspace/data/raw/celebdf/Celeb-synthesis/id30_id32_0000.mp4,celebdf
fake_id30_id32_0001,train,fake,/workspace/data/raw/celebdf/Celeb-synthesis/id30_id32_0001.mp4,celebdf
fake_id30_id32_0002,train,fake,/workspace/data/raw/celebdf/Celeb-synthesis/id30_id32_0002.mp4,celebdf
fake_id30_id32_0003,train,fake,/workspace/data/raw/celebdf/Celeb-synthesis/id30_id32_0003.mp4,celebdf
fake_id30_id32_0004,train,fake,/workspace/data/raw/celebdf/Celeb-synthesis/id30_id32_0004.mp4,celebdf
fake_id30_id32_0005,train,fake,/workspace/data/raw/celebdf/Celeb-synthesis/id30_id32_0005.mp4,celebdf
fake_id30_id32_0007,train,fake,/workspace/data/raw/celebdf/Celeb-synthesis/id30_id32_0007.mp4,celebdf
fake_id30_id32_0008,train,fake,/workspace/data/raw/celebdf/Celeb-synthesis/id30_id32_0008.mp4,celebdf
fake_id30_id32_0009,train,fake,/workspace/data/raw/celebdf/Celeb-synthesis/id30_id32_0009.mp4,celebdf
fake_id30_id33_0000,train,fake,/workspace/data/raw/celebdf/Celeb-synthesis/id30_id33_0000.mp4,celebdf
fake_id30_id33_0001,train,fake,/workspace/data/raw/celebdf/Celeb-synthesis/id30_id33_0001.mp4,celebdf
fake_id30_id33_0002,train,fake,/workspace/data/raw/celebdf/Celeb-synthesis/id30_id33_0002.mp4,celebdf
fake_id30_id33_0003,train,fake,/workspace/data/raw/celebdf/Celeb-synthesis/id30_id33_0003.mp4,celebdf
fake_id30_id33_0004,train,fake,/workspace/data/raw/celebdf/Celeb-synthesis/id30_id33_0004.mp4,celebdf
fake_id30_id33_0005,train,fake,/workspace/data/raw/celebdf/Celeb-synthesis/id30_id33_0005.mp4,celebdf
fake_id30_id33_0006,train,fake,/workspace/data/raw/celebdf/Celeb-synthesis/id30_id33_0006.mp4,celebdf
fake_id30_id33_0007,train,fake,/workspace/data/raw/celebdf/Celeb-synthesis/id30_id33_0007.mp4,celebdf
fake_id30_id33_0008,train,fake,/workspace/data/raw/celebdf/Celeb-synthesis/id30_id33_0008.mp4,celebdf
fake_id30_id33_0009,train,fake,/workspace/data/raw/celebdf/Celeb-synthesis/id30_id33_0009.mp4,celebdf
fake_id30_id34_0000,train,fake,/workspace/data/raw/celebdf/Celeb-synthesis/id30_id34_0000.mp4,celebdf
fake_id30_id34_0001,train,fake,/workspace/data/raw/celebdf/Celeb-synthesis/id30_id34_0001.mp4,celebdf
fake_id30_id34_0002,train,fake,/workspace/data/raw/celebdf/Celeb-synthesis/id30_id34_0002.mp4,celebdf
fake_id30_id34_0004,train,fake,/workspace/data/raw/celebdf/Celeb-synthesis/id30_id34_0004.mp4,celebdf
fake_id30_id34_0005,train,fake,/workspace/data/raw/celebdf/Celeb-synthesis/id30_id34_0005.mp4,celebdf
fake_id30_id34_0006,train,fake,/workspace/data/raw/celebdf/Celeb-synthesis/id30_id34_0006.mp4,celebdf
fake_id30_id34_0007,train,fake,/workspace/data/raw/celebdf/Celeb-synthesis/id30_id34_0007.mp4,celebdf
fake_id30_id34_0008,train,fake,/workspace/data/raw/celebdf/Celeb-synthesis/id30_id34_0008.mp4,celebdf
fake_id30_id35_0000,train,fake,/workspace/data/raw/celebdf/Celeb-synthesis/id30_id35_0000.mp4,celebdf
fake_id30_id35_0001,train,fake,/workspace/data/raw/celebdf/Celeb-synthesis/id30_id35_0001.mp4,celebdf
fake_id30_id35_0002,train,fake,/workspace/data/raw/celebdf/Celeb-synthesis/id30_id35_0002.mp4,celebdf
fake_id30_id35_0003,train,fake,/workspace/data/raw/celebdf/Celeb-synthesis/id30_id35_0003.mp4,celebdf
fake_id30_id35_0004,train,fake,/workspace/data/raw/celebdf/Celeb-synthesis/id30_id35_0004.mp4,celebdf
fake_id30_id35_0005,train,fake,/workspace/data/raw/celebdf/Celeb-synthesis/id30_id35_0005.mp4,celebdf
fake_id30_id35_0006,train,fake,/workspace/data/raw/celebdf/Celeb-synthesis/id30_id35_0006.mp4,celebdf
fake_id30_id35_0007,train,fake,/workspace/data/raw/celebdf/Celeb-synthesis/id30_id35_0007.mp4,celebdf
fake_id30_id35_0008,train,fake,/workspace/data/raw/celebdf/Celeb-synthesis/id30_id35_0008.mp4,celebdf
fake_id30_id37_0000,train,fake,/workspace/data/raw/celebdf/Celeb-synthesis/id30_id37_0000.mp4,celebdf
fake_id30_id37_0001,train,fake,/workspace/data/raw/celebdf/Celeb-synthesis/id30_id37_0001.mp4,celebdf
fake_id30_id37_0002,train,fake,/workspace/data/raw/celebdf/Celeb-synthesis/id30_id37_0002.mp4,celebdf
fake_id30_id37_0003,train,fake,/workspace/data/raw/celebdf/Celeb-synthesis/id30_id37_0003.mp4,celebdf
fake_id30_id37_0004,train,fake,/workspace/data/raw/celebdf/Celeb-synthesis/id30_id37_0004.mp4,celebdf
fake_id30_id37_0005,train,fake,/workspace/data/raw/celebdf/Celeb-synthesis/id30_id37_0005.mp4,celebdf
fake_id30_id37_0006,train,fake,/workspace/data/raw/celebdf/Celeb-synthesis/id30_id37_0006.mp4,celebdf
fake_id30_id37_0007,train,fake,/workspace/data/raw/celebdf/Celeb-synthesis/id30_id37_0007.mp4,celebdf
fake_id30_id37_0008,train,fake,/workspace/data/raw/celebdf/Celeb-synthesis/id30_id37_0008.mp4,celebdf
fake_id30_id37_0009,train,fake,/workspace/data/raw/celebdf/Celeb-synthesis/id30_id37_0009.mp4,celebdf
fake_id30_id38_0000,train,fake,/workspace/data/raw/celebdf/Celeb-synthesis/id30_id38_0000.mp4,celebdf
fake_id30_id38_0001,train,fake,/workspace/data/raw/celebdf/Celeb-synthesis/id30_id38_0001.mp4,celebdf
fake_id30_id38_0002,train,fake,/workspace/data/raw/celebdf/Celeb-synthesis/id30_id38_0002.mp4,celebdf
fake_id30_id38_0003,train,fake,/workspace/data/raw/celebdf/Celeb-synthesis/id30_id38_0003.mp4,celebdf
fake_id30_id38_0004,train,fake,/workspace/data/raw/celebdf/Celeb-synthesis/id30_id38_0004.mp4,celebdf
fake_id30_id38_0005,train,fake,/workspace/data/raw/celebdf/Celeb-synthesis/id30_id38_0005.mp4,celebdf
fake_id30_id38_0006,train,fake,/workspace/data/raw/celebdf/Celeb-synthesis/id30_id38_0006.mp4,celebdf
fake_id30_id38_0007,train,fake,/workspace/data/raw/celebdf/Celeb-synthesis/id30_id38_0007.mp4,celebdf
fake_id30_id38_0008,train,fake,/workspace/data/raw/celebdf/Celeb-synthesis/id30_id38_0008.mp4,celebdf
fake_id30_id38_0009,train,fake,/workspace/data/raw/celebdf/Celeb-synthesis/id30_id38_0009.mp4,celebdf
fake_id30_id3_0001,train,fake,/workspace/data/raw/celebdf/Celeb-synthesis/id30_id3_0001.mp4,celebdf
fake_id30_id3_0005,train,fake,/workspace/data/raw/celebdf/Celeb-synthesis/id30_id3_0005.mp4,celebdf
fake_id30_id3_0007,train,fake,/workspace/data/raw/celebdf/Celeb-synthesis/id30_id3_0007.mp4,celebdf
fake_id30_id3_0008,train,fake,/workspace/data/raw/celebdf/Celeb-synthesis/id30_id3_0008.mp4,celebdf
fake_id30_id4_0000,train,fake,/workspace/data/raw/celebdf/Celeb-synthesis/id30_id4_0000.mp4,celebdf
fake_id30_id4_0002,train,fake,/workspace/data/raw/celebdf/Celeb-synthesis/id30_id4_0002.mp4,celebdf
fake_id30_id4_0003,train,fake,/workspace/data/raw/celebdf/Celeb-synthesis/id30_id4_0003.mp4,celebdf
fake_id30_id4_0004,train,fake,/workspace/data/raw/celebdf/Celeb-synthesis/id30_id4_0004.mp4,celebdf
fake_id30_id4_0005,train,fake,/workspace/data/raw/celebdf/Celeb-synthesis/id30_id4_0005.mp4,celebdf
fake_id30_id4_0006,train,fake,/workspace/data/raw/celebdf/Celeb-synthesis/id30_id4_0006.mp4,celebdf
fake_id30_id4_0007,train,fake,/workspace/data/raw/celebdf/Celeb-synthesis/id30_id4_0007.mp4,celebdf
fake_id30_id4_0008,train,fake,/workspace/data/raw/celebdf/Celeb-synthesis/id30_id4_0008.mp4,celebdf
fake_id30_id4_0009,train,fake,/workspace/data/raw/celebdf/Celeb-synthesis/id30_id4_0009.mp4,celebdf
fake_id30_id6_0000,train,fake,/workspace/data/raw/celebdf/Celeb-synthesis/id30_id6_0000.mp4,celebdf
fake_id30_id6_0001,train,fake,/workspace/data/raw/celebdf/Celeb-synthesis/id30_id6_0001.mp4,celebdf
fake_id30_id6_0002,train,fake,/workspace/data/raw/celebdf/Celeb-synthesis/id30_id6_0002.mp4,celebdf
fake_id30_id6_0003,train,fake,/workspace/data/raw/celebdf/Celeb-synthesis/id30_id6_0003.mp4,celebdf
fake_id30_id6_0004,train,fake,/workspace/data/raw/celebdf/Celeb-synthesis/id30_id6_0004.mp4,celebdf
fake_id30_id6_0005,train,fake,/workspace/data/raw/celebdf/Celeb-synthesis/id30_id6_0005.mp4,celebdf
fake_id30_id6_0006,train,fake,/workspace/data/raw/celebdf/Celeb-synthesis/id30_id6_0006.mp4,celebdf
fake_id30_id6_0008,train,fake,/workspace/data/raw/celebdf/Celeb-synthesis/id30_id6_0008.mp4,celebdf
fake_id30_id6_0009,train,fake,/workspace/data/raw/celebdf/Celeb-synthesis/id30_id6_0009.mp4,celebdf
fake_id30_id9_0000,train,fake,/workspace/data/raw/celebdf/Celeb-synthesis/id30_id9_0000.mp4,celebdf
fake_id30_id9_0001,train,fake,/workspace/data/raw/celebdf/Celeb-synthesis/id30_id9_0001.mp4,celebdf
fake_id30_id9_0002,train,fake,/workspace/data/raw/celebdf/Celeb-synthesis/id30_id9_0002.mp4,celebdf
fake_id30_id9_0003,train,fake,/workspace/data/raw/celebdf/Celeb-synthesis/id30_id9_0003.mp4,celebdf
fake_id30_id9_0004,train,fake,/workspace/data/raw/celebdf/Celeb-synthesis/id30_id9_0004.mp4,celebdf
fake_id30_id9_0005,train,fake,/workspace/data/raw/celebdf/Celeb-synthesis/id30_id9_0005.mp4,celebdf
fake_id30_id9_0006,train,fake,/workspace/data/raw/celebdf/Celeb-synthesis/id30_id9_0006.mp4,celebdf
fake_id30_id9_0007,train,fake,/workspace/data/raw/celebdf/Celeb-synthesis/id30_id9_0007.mp4,celebdf
fake_id30_id9_0008,train,fake,/workspace/data/raw/celebdf/Celeb-synthesis/id30_id9_0008.mp4,celebdf
fake_id30_id9_0009,train,fake,/workspace/data/raw/celebdf/Celeb-synthesis/id30_id9_0009.mp4,celebdf
fake_id31_id16_0000,train,fake,/workspace/data/raw/celebdf/Celeb-synthesis/id31_id16_0000.mp4,celebdf
fake_id31_id16_0001,train,fake,/workspace/data/raw/celebdf/Celeb-synthesis/id31_id16_0001.mp4,celebdf
fake_id31_id16_0003,train,fake,/workspace/data/raw/celebdf/Celeb-synthesis/id31_id16_0003.mp4,celebdf
fake_id31_id16_0004,train,fake,/workspace/data/raw/celebdf/Celeb-synthesis/id31_id16_0004.mp4,celebdf
fake_id31_id16_0005,train,fake,/workspace/data/raw/celebdf/Celeb-synthesis/id31_id16_0005.mp4,celebdf
fake_id31_id16_0006,train,fake,/workspace/data/raw/celebdf/Celeb-synthesis/id31_id16_0006.mp4,celebdf
fake_id31_id16_0007,train,fake,/workspace/data/raw/celebdf/Celeb-synthesis/id31_id16_0007.mp4,celebdf
fake_id31_id16_0009,train,fake,/workspace/data/raw/celebdf/Celeb-synthesis/id31_id16_0009.mp4,celebdf
fake_id31_id17_0000,train,fake,/workspace/data/raw/celebdf/Celeb-synthesis/id31_id17_0000.mp4,celebdf
fake_id31_id17_0001,train,fake,/workspace/data/raw/celebdf/Celeb-synthesis/id31_id17_0001.mp4,celebdf
fake_id31_id17_0002,train,fake,/workspace/data/raw/celebdf/Celeb-synthesis/id31_id17_0002.mp4,celebdf
fake_id31_id17_0003,train,fake,/workspace/data/raw/celebdf/Celeb-synthesis/id31_id17_0003.mp4,celebdf
fake_id31_id17_0004,train,fake,/workspace/data/raw/celebdf/Celeb-synthesis/id31_id17_0004.mp4,celebdf
fake_id31_id17_0005,train,fake,/workspace/data/raw/celebdf/Celeb-synthesis/id31_id17_0005.mp4,celebdf
fake_id31_id17_0006,train,fake,/workspace/data/raw/celebdf/Celeb-synthesis/id31_id17_0006.mp4,celebdf
fake_id31_id17_0007,train,fake,/workspace/data/raw/celebdf/Celeb-synthesis/id31_id17_0007.mp4,celebdf
fake_id31_id17_0009,train,fake,/workspace/data/raw/celebdf/Celeb-synthesis/id31_id17_0009.mp4,celebdf
fake_id31_id1_0000,train,fake,/workspace/data/raw/celebdf/Celeb-synthesis/id31_id1_0000.mp4,celebdf
fake_id31_id1_0001,train,fake,/workspace/data/raw/celebdf/Celeb-synthesis/id31_id1_0001.mp4,celebdf
fake_id31_id1_0002,train,fake,/workspace/data/raw/celebdf/Celeb-synthesis/id31_id1_0002.mp4,celebdf
fake_id31_id1_0003,train,fake,/workspace/data/raw/celebdf/Celeb-synthesis/id31_id1_0003.mp4,celebdf
fake_id31_id1_0004,train,fake,/workspace/data/raw/celebdf/Celeb-synthesis/id31_id1_0004.mp4,celebdf
fake_id31_id1_0005,train,fake,/workspace/data/raw/celebdf/Celeb-synthesis/id31_id1_0005.mp4,celebdf
fake_id31_id1_0006,train,fake,/workspace/data/raw/celebdf/Celeb-synthesis/id31_id1_0006.mp4,celebdf
fake_id31_id1_0007,train,fake,/workspace/data/raw/celebdf/Celeb-synthesis/id31_id1_0007.mp4,celebdf
fake_id31_id1_0008,train,fake,/workspace/data/raw/celebdf/Celeb-synthesis/id31_id1_0008.mp4,celebdf
fake_id31_id1_0009,train,fake,/workspace/data/raw/celebdf/Celeb-synthesis/id31_id1_0009.mp4,celebdf
fake_id31_id20_0000,train,fake,/workspace/data/raw/celebdf/Celeb-synthesis/id31_id20_0000.mp4,celebdf
fake_id31_id20_0001,train,fake,/workspace/data/raw/celebdf/Celeb-synthesis/id31_id20_0001.mp4,celebdf
fake_id31_id20_0002,train,fake,/workspace/data/raw/celebdf/Celeb-synthesis/id31_id20_0002.mp4,celebdf
fake_id31_id20_0003,train,fake,/workspace/data/raw/celebdf/Celeb-synthesis/id31_id20_0003.mp4,celebdf
fake_id31_id20_0004,train,fake,/workspace/data/raw/celebdf/Celeb-synthesis/id31_id20_0004.mp4,celebdf
fake_id31_id20_0005,train,fake,/workspace/data/raw/celebdf/Celeb-synthesis/id31_id20_0005.mp4,celebdf
fake_id31_id20_0006,train,fake,/workspace/data/raw/celebdf/Celeb-synthesis/id31_id20_0006.mp4,celebdf
fake_id31_id20_0007,train,fake,/workspace/data/raw/celebdf/Celeb-synthesis/id31_id20_0007.mp4,celebdf
fake_id31_id20_0008,train,fake,/workspace/data/raw/celebdf/Celeb-synthesis/id31_id20_0008.mp4,celebdf
fake_id31_id20_0009,train,fake,/workspace/data/raw/celebdf/Celeb-synthesis/id31_id20_0009.mp4,celebdf
fake_id31_id21_0000,train,fake,/workspace/data/raw/celebdf/Celeb-synthesis/id31_id21_0000.mp4,celebdf
fake_id31_id21_0001,train,fake,/workspace/data/raw/celebdf/Celeb-synthesis/id31_id21_0001.mp4,celebdf
fake_id31_id21_0002,train,fake,/workspace/data/raw/celebdf/Celeb-synthesis/id31_id21_0002.mp4,celebdf
fake_id31_id21_0003,train,fake,/workspace/data/raw/celebdf/Celeb-synthesis/id31_id21_0003.mp4,celebdf
fake_id31_id21_0004,train,fake,/workspace/data/raw/celebdf/Celeb-synthesis/id31_id21_0004.mp4,celebdf
fake_id31_id21_0005,train,fake,/workspace/data/raw/celebdf/Celeb-synthesis/id31_id21_0005.mp4,celebdf
fake_id31_id21_0006,train,fake,/workspace/data/raw/celebdf/Celeb-synthesis/id31_id21_0006.mp4,celebdf
fake_id31_id21_0007,train,fake,/workspace/data/raw/celebdf/Celeb-synthesis/id31_id21_0007.mp4,celebdf
fake_id31_id21_0008,train,fake,/workspace/data/raw/celebdf/Celeb-synthesis/id31_id21_0008.mp4,celebdf
fake_id31_id21_0009,train,fake,/workspace/data/raw/celebdf/Celeb-synthesis/id31_id21_0009.mp4,celebdf
fake_id31_id23_0000,train,fake,/workspace/data/raw/celebdf/Celeb-synthesis/id31_id23_0000.mp4,celebdf
fake_id31_id23_0001,train,fake,/workspace/data/raw/celebdf/Celeb-synthesis/id31_id23_0001.mp4,celebdf
fake_id31_id23_0002,train,fake,/workspace/data/raw/celebdf/Celeb-synthesis/id31_id23_0002.mp4,celebdf
fake_id31_id23_0003,train,fake,/workspace/data/raw/celebdf/Celeb-synthesis/id31_id23_0003.mp4,celebdf
fake_id31_id23_0004,train,fake,/workspace/data/raw/celebdf/Celeb-synthesis/id31_id23_0004.mp4,celebdf
fake_id31_id23_0005,train,fake,/workspace/data/raw/celebdf/Celeb-synthesis/id31_id23_0005.mp4,celebdf
fake_id31_id23_0006,train,fake,/workspace/data/raw/celebdf/Celeb-synthesis/id31_id23_0006.mp4,celebdf
fake_id31_id23_0007,train,fake,/workspace/data/raw/celebdf/Celeb-synthesis/id31_id23_0007.mp4,celebdf
fake_id31_id23_0009,train,fake,/workspace/data/raw/celebdf/Celeb-synthesis/id31_id23_0009.mp4,celebdf
fake_id31_id26_0000,train,fake,/workspace/data/raw/celebdf/Celeb-synthesis/id31_id26_0000.mp4,celebdf
fake_id31_id26_0001,train,fake,/workspace/data/raw/celebdf/Celeb-synthesis/id31_id26_0001.mp4,celebdf
fake_id31_id26_0002,train,fake,/workspace/data/raw/celebdf/Celeb-synthesis/id31_id26_0002.mp4,celebdf
fake_id31_id26_0003,train,fake,/workspace/data/raw/celebdf/Celeb-synthesis/id31_id26_0003.mp4,celebdf
fake_id31_id26_0004,train,fake,/workspace/data/raw/celebdf/Celeb-synthesis/id31_id26_0004.mp4,celebdf
fake_id31_id26_0005,train,fake,/workspace/data/raw/celebdf/Celeb-synthesis/id31_id26_0005.mp4,celebdf
fake_id31_id26_0006,train,fake,/workspace/data/raw/celebdf/Celeb-synthesis/id31_id26_0006.mp4,celebdf
fake_id31_id26_0007,train,fake,/workspace/data/raw/celebdf/Celeb-synthesis/id31_id26_0007.mp4,celebdf
fake_id31_id26_0009,train,fake,/workspace/data/raw/celebdf/Celeb-synthesis/id31_id26_0009.mp4,celebdf
fake_id31_id28_0000,train,fake,/workspace/data/raw/celebdf/Celeb-synthesis/id31_id28_0000.mp4,celebdf
fake_id31_id28_0001,train,fake,/workspace/data/raw/celebdf/Celeb-synthesis/id31_id28_0001.mp4,celebdf
fake_id31_id28_0002,train,fake,/workspace/data/raw/celebdf/Celeb-synthesis/id31_id28_0002.mp4,celebdf
fake_id31_id28_0003,train,fake,/workspace/data/raw/celebdf/Celeb-synthesis/id31_id28_0003.mp4,celebdf
fake_id31_id28_0004,train,fake,/workspace/data/raw/celebdf/Celeb-synthesis/id31_id28_0004.mp4,celebdf
fake_id31_id28_0005,train,fake,/workspace/data/raw/celebdf/Celeb-synthesis/id31_id28_0005.mp4,celebdf
fake_id31_id28_0006,train,fake,/workspace/data/raw/celebdf/Celeb-synthesis/id31_id28_0006.mp4,celebdf
fake_id31_id28_0007,train,fake,/workspace/data/raw/celebdf/Celeb-synthesis/id31_id28_0007.mp4,celebdf
fake_id31_id28_0008,train,fake,/workspace/data/raw/celebdf/Celeb-synthesis/id31_id28_0008.mp4,celebdf
fake_id31_id28_0009,train,fake,/workspace/data/raw/celebdf/Celeb-synthesis/id31_id28_0009.mp4,celebdf
fake_id31_id29_0000,train,fake,/workspace/data/raw/celebdf/Celeb-synthesis/id31_id29_0000.mp4,celebdf
fake_id31_id29_0001,train,fake,/workspace/data/raw/celebdf/Celeb-synthesis/id31_id29_0001.mp4,celebdf
fake_id31_id29_0002,train,fake,/workspace/data/raw/celebdf/Celeb-synthesis/id31_id29_0002.mp4,celebdf
fake_id31_id29_0003,train,fake,/workspace/data/raw/celebdf/Celeb-synthesis/id31_id29_0003.mp4,celebdf
fake_id31_id29_0004,train,fake,/workspace/data/raw/celebdf/Celeb-synthesis/id31_id29_0004.mp4,celebdf
fake_id31_id29_0005,train,fake,/workspace/data/raw/celebdf/Celeb-synthesis/id31_id29_0005.mp4,celebdf
fake_id31_id29_0006,train,fake,/workspace/data/raw/celebdf/Celeb-synthesis/id31_id29_0006.mp4,celebdf
fake_id31_id29_0007,train,fake,/workspace/data/raw/celebdf/Celeb-synthesis/id31_id29_0007.mp4,celebdf
fake_id31_id29_0009,train,fake,/workspace/data/raw/celebdf/Celeb-synthesis/id31_id29_0009.mp4,celebdf
fake_id31_id2_0000,train,fake,/workspace/data/raw/celebdf/Celeb-synthesis/id31_id2_0000.mp4,celebdf
fake_id31_id2_0001,train,fake,/workspace/data/raw/celebdf/Celeb-synthesis/id31_id2_0001.mp4,celebdf
fake_id31_id2_0002,train,fake,/workspace/data/raw/celebdf/Celeb-synthesis/id31_id2_0002.mp4,celebdf
fake_id31_id2_0003,train,fake,/workspace/data/raw/celebdf/Celeb-synthesis/id31_id2_0003.mp4,celebdf
fake_id31_id2_0005,train,fake,/workspace/data/raw/celebdf/Celeb-synthesis/id31_id2_0005.mp4,celebdf
fake_id31_id2_0006,train,fake,/workspace/data/raw/celebdf/Celeb-synthesis/id31_id2_0006.mp4,celebdf
fake_id31_id2_0007,train,fake,/workspace/data/raw/celebdf/Celeb-synthesis/id31_id2_0007.mp4,celebdf
fake_id31_id2_0009,train,fake,/workspace/data/raw/celebdf/Celeb-synthesis/id31_id2_0009.mp4,celebdf
fake_id31_id30_0000,train,fake,/workspace/data/raw/celebdf/Celeb-synthesis/id31_id30_0000.mp4,celebdf
fake_id31_id30_0001,train,fake,/workspace/data/raw/celebdf/Celeb-synthesis/id31_id30_0001.mp4,celebdf
fake_id31_id30_0002,train,fake,/workspace/data/raw/celebdf/Celeb-synthesis/id31_id30_0002.mp4,celebdf
fake_id31_id30_0003,train,fake,/workspace/data/raw/celebdf/Celeb-synthesis/id31_id30_0003.mp4,celebdf
fake_id31_id30_0004,train,fake,/workspace/data/raw/celebdf/Celeb-synthesis/id31_id30_0004.mp4,celebdf
fake_id31_id30_0005,train,fake,/workspace/data/raw/celebdf/Celeb-synthesis/id31_id30_0005.mp4,celebdf
fake_id31_id30_0006,train,fake,/workspace/data/raw/celebdf/Celeb-synthesis/id31_id30_0006.mp4,celebdf
fake_id31_id30_0007,train,fake,/workspace/data/raw/celebdf/Celeb-synthesis/id31_id30_0007.mp4,celebdf
fake_id31_id32_0000,train,fake,/workspace/data/raw/celebdf/Celeb-synthesis/id31_id32_0000.mp4,celebdf
fake_id31_id32_0001,train,fake,/workspace/data/raw/celebdf/Celeb-synthesis/id31_id32_0001.mp4,celebdf
fake_id31_id32_0002,train,fake,/workspace/data/raw/celebdf/Celeb-synthesis/id31_id32_0002.mp4,celebdf
fake_id31_id32_0003,train,fake,/workspace/data/raw/celebdf/Celeb-synthesis/id31_id32_0003.mp4,celebdf
fake_id31_id32_0004,train,fake,/workspace/data/raw/celebdf/Celeb-synthesis/id31_id32_0004.mp4,celebdf
fake_id31_id32_0006,train,fake,/workspace/data/raw/celebdf/Celeb-synthesis/id31_id32_0006.mp4,celebdf
fake_id31_id32_0007,train,fake,/workspace/data/raw/celebdf/Celeb-synthesis/id31_id32_0007.mp4,celebdf
fake_id31_id32_0008,train,fake,/workspace/data/raw/celebdf/Celeb-synthesis/id31_id32_0008.mp4,celebdf
fake_id31_id32_0009,train,fake,/workspace/data/raw/celebdf/Celeb-synthesis/id31_id32_0009.mp4,celebdf
fake_id31_id33_0000,train,fake,/workspace/data/raw/celebdf/Celeb-synthesis/id31_id33_0000.mp4,celebdf
fake_id31_id33_0001,train,fake,/workspace/data/raw/celebdf/Celeb-synthesis/id31_id33_0001.mp4,celebdf
fake_id31_id33_0002,train,fake,/workspace/data/raw/celebdf/Celeb-synthesis/id31_id33_0002.mp4,celebdf
fake_id31_id33_0003,train,fake,/workspace/data/raw/celebdf/Celeb-synthesis/id31_id33_0003.mp4,celebdf
fake_id31_id33_0004,train,fake,/workspace/data/raw/celebdf/Celeb-synthesis/id31_id33_0004.mp4,celebdf
fake_id31_id33_0005,train,fake,/workspace/data/raw/celebdf/Celeb-synthesis/id31_id33_0005.mp4,celebdf
fake_id31_id33_0006,train,fake,/workspace/data/raw/celebdf/Celeb-synthesis/id31_id33_0006.mp4,celebdf
fake_id31_id33_0007,train,fake,/workspace/data/raw/celebdf/Celeb-synthesis/id31_id33_0007.mp4,celebdf
fake_id31_id34_0000,train,fake,/workspace/data/raw/celebdf/Celeb-synthesis/id31_id34_0000.mp4,celebdf
fake_id31_id34_0001,train,fake,/workspace/data/raw/celebdf/Celeb-synthesis/id31_id34_0001.mp4,celebdf
fake_id31_id34_0002,train,fake,/workspace/data/raw/celebdf/Celeb-synthesis/id31_id34_0002.mp4,celebdf
fake_id31_id34_0003,train,fake,/workspace/data/raw/celebdf/Celeb-synthesis/id31_id34_0003.mp4,celebdf
fake_id31_id34_0004,train,fake,/workspace/data/raw/celebdf/Celeb-synthesis/id31_id34_0004.mp4,celebdf
fake_id31_id34_0005,train,fake,/workspace/data/raw/celebdf/Celeb-synthesis/id31_id34_0005.mp4,celebdf
fake_id31_id34_0006,train,fake,/workspace/data/raw/celebdf/Celeb-synthesis/id31_id34_0006.mp4,celebdf
fake_id31_id34_0007,train,fake,/workspace/data/raw/celebdf/Celeb-synthesis/id31_id34_0007.mp4,celebdf
fake_id31_id34_0008,train,fake,/workspace/data/raw/celebdf/Celeb-synthesis/id31_id34_0008.mp4,celebdf
fake_id31_id34_0009,train,fake,/workspace/data/raw/celebdf/Celeb-synthesis/id31_id34_0009.mp4,celebdf
fake_id31_id35_0000,train,fake,/workspace/data/raw/celebdf/Celeb-synthesis/id31_id35_0000.mp4,celebdf
fake_id31_id35_0001,train,fake,/workspace/data/raw/celebdf/Celeb-synthesis/id31_id35_0001.mp4,celebdf
fake_id31_id35_0002,train,fake,/workspace/data/raw/celebdf/Celeb-synthesis/id31_id35_0002.mp4,celebdf
fake_id31_id35_0003,train,fake,/workspace/data/raw/celebdf/Celeb-synthesis/id31_id35_0003.mp4,celebdf
fake_id31_id35_0004,train,fake,/workspace/data/raw/celebdf/Celeb-synthesis/id31_id35_0004.mp4,celebdf
fake_id31_id35_0005,train,fake,/workspace/data/raw/celebdf/Celeb-synthesis/id31_id35_0005.mp4,celebdf
fake_id31_id35_0006,train,fake,/workspace/data/raw/celebdf/Celeb-synthesis/id31_id35_0006.mp4,celebdf
fake_id31_id35_0007,train,fake,/workspace/data/raw/celebdf/Celeb-synthesis/id31_id35_0007.mp4,celebdf
fake_id31_id35_0009,train,fake,/workspace/data/raw/celebdf/Celeb-synthesis/id31_id35_0009.mp4,celebdf
fake_id31_id37_0000,train,fake,/workspace/data/raw/celebdf/Celeb-synthesis/id31_id37_0000.mp4,celebdf
fake_id31_id37_0001,train,fake,/workspace/data/raw/celebdf/Celeb-synthesis/id31_id37_0001.mp4,celebdf
fake_id31_id37_0002,train,fake,/workspace/data/raw/celebdf/Celeb-synthesis/id31_id37_0002.mp4,celebdf
fake_id31_id37_0003,train,fake,/workspace/data/raw/celebdf/Celeb-synthesis/id31_id37_0003.mp4,celebdf
fake_id31_id37_0004,train,fake,/workspace/data/raw/celebdf/Celeb-synthesis/id31_id37_0004.mp4,celebdf
fake_id31_id37_0005,train,fake,/workspace/data/raw/celebdf/Celeb-synthesis/id31_id37_0005.mp4,celebdf
fake_id31_id37_0006,train,fake,/workspace/data/raw/celebdf/Celeb-synthesis/id31_id37_0006.mp4,celebdf
fake_id31_id37_0007,train,fake,/workspace/data/raw/celebdf/Celeb-synthesis/id31_id37_0007.mp4,celebdf
fake_id31_id37_0008,train,fake,/workspace/data/raw/celebdf/Celeb-synthesis/id31_id37_0008.mp4,celebdf
fake_id31_id37_0009,train,fake,/workspace/data/raw/celebdf/Celeb-synthesis/id31_id37_0009.mp4,celebdf
fake_id31_id38_0000,train,fake,/workspace/data/raw/celebdf/Celeb-synthesis/id31_id38_0000.mp4,celebdf
fake_id31_id38_0001,train,fake,/workspace/data/raw/celebdf/Celeb-synthesis/id31_id38_0001.mp4,celebdf
fake_id31_id38_0002,train,fake,/workspace/data/raw/celebdf/Celeb-synthesis/id31_id38_0002.mp4,celebdf
fake_id31_id38_0003,train,fake,/workspace/data/raw/celebdf/Celeb-synthesis/id31_id38_0003.mp4,celebdf
fake_id31_id38_0004,train,fake,/workspace/data/raw/celebdf/Celeb-synthesis/id31_id38_0004.mp4,celebdf
fake_id31_id38_0005,train,fake,/workspace/data/raw/celebdf/Celeb-synthesis/id31_id38_0005.mp4,celebdf
fake_id31_id38_0006,train,fake,/workspace/data/raw/celebdf/Celeb-synthesis/id31_id38_0006.mp4,celebdf
fake_id31_id38_0007,train,fake,/workspace/data/raw/celebdf/Celeb-synthesis/id31_id38_0007.mp4,celebdf
fake_id31_id38_0008,train,fake,/workspace/data/raw/celebdf/Celeb-synthesis/id31_id38_0008.mp4,celebdf
fake_id31_id38_0009,train,fake,/workspace/data/raw/celebdf/Celeb-synthesis/id31_id38_0009.mp4,celebdf
fake_id31_id3_0000,train,fake,/workspace/data/raw/celebdf/Celeb-synthesis/id31_id3_0000.mp4,celebdf
fake_id31_id3_0001,train,fake,/workspace/data/raw/celebdf/Celeb-synthesis/id31_id3_0001.mp4,celebdf
fake_id31_id3_0002,train,fake,/workspace/data/raw/celebdf/Celeb-synthesis/id31_id3_0002.mp4,celebdf
fake_id31_id3_0003,train,fake,/workspace/data/raw/celebdf/Celeb-synthesis/id31_id3_0003.mp4,celebdf
fake_id31_id3_0004,train,fake,/workspace/data/raw/celebdf/Celeb-synthesis/id31_id3_0004.mp4,celebdf
fake_id31_id3_0005,train,fake,/workspace/data/raw/celebdf/Celeb-synthesis/id31_id3_0005.mp4,celebdf
fake_id31_id3_0006,train,fake,/workspace/data/raw/celebdf/Celeb-synthesis/id31_id3_0006.mp4,celebdf
fake_id31_id3_0007,train,fake,/workspace/data/raw/celebdf/Celeb-synthesis/id31_id3_0007.mp4,celebdf
fake_id31_id3_0009,train,fake,/workspace/data/raw/celebdf/Celeb-synthesis/id31_id3_0009.mp4,celebdf
fake_id31_id4_0001,train,fake,/workspace/data/raw/celebdf/Celeb-synthesis/id31_id4_0001.mp4,celebdf
fake_id31_id4_0002,train,fake,/workspace/data/raw/celebdf/Celeb-synthesis/id31_id4_0002.mp4,celebdf
fake_id31_id4_0003,train,fake,/workspace/data/raw/celebdf/Celeb-synthesis/id31_id4_0003.mp4,celebdf
fake_id31_id4_0004,train,fake,/workspace/data/raw/celebdf/Celeb-synthesis/id31_id4_0004.mp4,celebdf
fake_id31_id4_0005,train,fake,/workspace/data/raw/celebdf/Celeb-synthesis/id31_id4_0005.mp4,celebdf
fake_id31_id4_0006,train,fake,/workspace/data/raw/celebdf/Celeb-synthesis/id31_id4_0006.mp4,celebdf
fake_id31_id4_0007,train,fake,/workspace/data/raw/celebdf/Celeb-synthesis/id31_id4_0007.mp4,celebdf
fake_id31_id4_0009,train,fake,/workspace/data/raw/celebdf/Celeb-synthesis/id31_id4_0009.mp4,celebdf
fake_id31_id6_0000,train,fake,/workspace/data/raw/celebdf/Celeb-synthesis/id31_id6_0000.mp4,celebdf
fake_id31_id6_0001,train,fake,/workspace/data/raw/celebdf/Celeb-synthesis/id31_id6_0001.mp4,celebdf
fake_id31_id6_0002,train,fake,/workspace/data/raw/celebdf/Celeb-synthesis/id31_id6_0002.mp4,celebdf
fake_id31_id6_0003,train,fake,/workspace/data/raw/celebdf/Celeb-synthesis/id31_id6_0003.mp4,celebdf
fake_id31_id6_0004,train,fake,/workspace/data/raw/celebdf/Celeb-synthesis/id31_id6_0004.mp4,celebdf
fake_id31_id6_0005,train,fake,/workspace/data/raw/celebdf/Celeb-synthesis/id31_id6_0005.mp4,celebdf
fake_id31_id6_0006,train,fake,/workspace/data/raw/celebdf/Celeb-synthesis/id31_id6_0006.mp4,celebdf
fake_id31_id6_0007,train,fake,/workspace/data/raw/celebdf/Celeb-synthesis/id31_id6_0007.mp4,celebdf
fake_id31_id6_0008,train,fake,/workspace/data/raw/celebdf/Celeb-synthesis/id31_id6_0008.mp4,celebdf
fake_id31_id6_0009,train,fake,/workspace/data/raw/celebdf/Celeb-synthesis/id31_id6_0009.mp4,celebdf
fake_id31_id9_0000,train,fake,/workspace/data/raw/celebdf/Celeb-synthesis/id31_id9_0000.mp4,celebdf
fake_id31_id9_0001,train,fake,/workspace/data/raw/celebdf/Celeb-synthesis/id31_id9_0001.mp4,celebdf
fake_id31_id9_0002,train,fake,/workspace/data/raw/celebdf/Celeb-synthesis/id31_id9_0002.mp4,celebdf
fake_id31_id9_0003,train,fake,/workspace/data/raw/celebdf/Celeb-synthesis/id31_id9_0003.mp4,celebdf
fake_id31_id9_0004,train,fake,/workspace/data/raw/celebdf/Celeb-synthesis/id31_id9_0004.mp4,celebdf
fake_id31_id9_0005,train,fake,/workspace/data/raw/celebdf/Celeb-synthesis/id31_id9_0005.mp4,celebdf
fake_id31_id9_0006,train,fake,/workspace/data/raw/celebdf/Celeb-synthesis/id31_id9_0006.mp4,celebdf
fake_id31_id9_0007,train,fake,/workspace/data/raw/celebdf/Celeb-synthesis/id31_id9_0007.mp4,celebdf
fake_id31_id9_0009,train,fake,/workspace/data/raw/celebdf/Celeb-synthesis/id31_id9_0009.mp4,celebdf
fake_id32_id20_0000,train,fake,/workspace/data/raw/celebdf/Celeb-synthesis/id32_id20_0000.mp4,celebdf
fake_id32_id20_0002,train,fake,/workspace/data/raw/celebdf/Celeb-synthesis/id32_id20_0002.mp4,celebdf
fake_id32_id20_0005,train,fake,/workspace/data/raw/celebdf/Celeb-synthesis/id32_id20_0005.mp4,celebdf
fake_id32_id20_0007,train,fake,/workspace/data/raw/celebdf/Celeb-synthesis/id32_id20_0007.mp4,celebdf
fake_id32_id20_0008,train,fake,/workspace/data/raw/celebdf/Celeb-synthesis/id32_id20_0008.mp4,celebdf
fake_id32_id21_0000,train,fake,/workspace/data/raw/celebdf/Celeb-synthesis/id32_id21_0000.mp4,celebdf
fake_id32_id21_0002,train,fake,/workspace/data/raw/celebdf/Celeb-synthesis/id32_id21_0002.mp4,celebdf
fake_id32_id21_0007,train,fake,/workspace/data/raw/celebdf/Celeb-synthesis/id32_id21_0007.mp4,celebdf
fake_id32_id21_0008,train,fake,/workspace/data/raw/celebdf/Celeb-synthesis/id32_id21_0008.mp4,celebdf
fake_id32_id23_0000,train,fake,/workspace/data/raw/celebdf/Celeb-synthesis/id32_id23_0000.mp4,celebdf
fake_id32_id23_0002,train,fake,/workspace/data/raw/celebdf/Celeb-synthesis/id32_id23_0002.mp4,celebdf
fake_id32_id23_0006,train,fake,/workspace/data/raw/celebdf/Celeb-synthesis/id32_id23_0006.mp4,celebdf
fake_id32_id23_0007,train,fake,/workspace/data/raw/celebdf/Celeb-synthesis/id32_id23_0007.mp4,celebdf
fake_id32_id23_0008,train,fake,/workspace/data/raw/celebdf/Celeb-synthesis/id32_id23_0008.mp4,celebdf
fake_id32_id23_0009,train,fake,/workspace/data/raw/celebdf/Celeb-synthesis/id32_id23_0009.mp4,celebdf
fake_id32_id26_0000,train,fake,/workspace/data/raw/celebdf/Celeb-synthesis/id32_id26_0000.mp4,celebdf
fake_id32_id26_0002,train,fake,/workspace/data/raw/celebdf/Celeb-synthesis/id32_id26_0002.mp4,celebdf
fake_id32_id26_0005,train,fake,/workspace/data/raw/celebdf/Celeb-synthesis/id32_id26_0005.mp4,celebdf
fake_id32_id26_0006,train,fake,/workspace/data/raw/celebdf/Celeb-synthesis/id32_id26_0006.mp4,celebdf
fake_id32_id26_0007,train,fake,/workspace/data/raw/celebdf/Celeb-synthesis/id32_id26_0007.mp4,celebdf
fake_id32_id26_0008,train,fake,/workspace/data/raw/celebdf/Celeb-synthesis/id32_id26_0008.mp4,celebdf
fake_id32_id28_0000,train,fake,/workspace/data/raw/celebdf/Celeb-synthesis/id32_id28_0000.mp4,celebdf
fake_id32_id28_0002,train,fake,/workspace/data/raw/celebdf/Celeb-synthesis/id32_id28_0002.mp4,celebdf
fake_id32_id28_0005,train,fake,/workspace/data/raw/celebdf/Celeb-synthesis/id32_id28_0005.mp4,celebdf
fake_id32_id28_0007,train,fake,/workspace/data/raw/celebdf/Celeb-synthesis/id32_id28_0007.mp4,celebdf
fake_id32_id28_0008,train,fake,/workspace/data/raw/celebdf/Celeb-synthesis/id32_id28_0008.mp4,celebdf
fake_id32_id29_0000,train,fake,/workspace/data/raw/celebdf/Celeb-synthesis/id32_id29_0000.mp4,celebdf
fake_id32_id29_0001,train,fake,/workspace/data/raw/celebdf/Celeb-synthesis/id32_id29_0001.mp4,celebdf
fake_id32_id29_0002,train,fake,/workspace/data/raw/celebdf/Celeb-synthesis/id32_id29_0002.mp4,celebdf
fake_id32_id29_0004,train,fake,/workspace/data/raw/celebdf/Celeb-synthesis/id32_id29_0004.mp4,celebdf
fake_id32_id29_0005,train,fake,/workspace/data/raw/celebdf/Celeb-synthesis/id32_id29_0005.mp4,celebdf
fake_id32_id29_0006,train,fake,/workspace/data/raw/celebdf/Celeb-synthesis/id32_id29_0006.mp4,celebdf
fake_id32_id29_0007,train,fake,/workspace/data/raw/celebdf/Celeb-synthesis/id32_id29_0007.mp4,celebdf
fake_id32_id29_0008,train,fake,/workspace/data/raw/celebdf/Celeb-synthesis/id32_id29_0008.mp4,celebdf
fake_id32_id30_0000,train,fake,/workspace/data/raw/celebdf/Celeb-synthesis/id32_id30_0000.mp4,celebdf
fake_id32_id30_0001,train,fake,/workspace/data/raw/celebdf/Celeb-synthesis/id32_id30_0001.mp4,celebdf
fake_id32_id30_0002,train,fake,/workspace/data/raw/celebdf/Celeb-synthesis/id32_id30_0002.mp4,celebdf
fake_id32_id30_0003,train,fake,/workspace/data/raw/celebdf/Celeb-synthesis/id32_id30_0003.mp4,celebdf
fake_id32_id30_0004,train,fake,/workspace/data/raw/celebdf/Celeb-synthesis/id32_id30_0004.mp4,celebdf
fake_id32_id30_0005,train,fake,/workspace/data/raw/celebdf/Celeb-synthesis/id32_id30_0005.mp4,celebdf
fake_id32_id30_0006,train,fake,/workspace/data/raw/celebdf/Celeb-synthesis/id32_id30_0006.mp4,celebdf
fake_id32_id30_0007,train,fake,/workspace/data/raw/celebdf/Celeb-synthesis/id32_id30_0007.mp4,celebdf
fake_id32_id30_0008,train,fake,/workspace/data/raw/celebdf/Celeb-synthesis/id32_id30_0008.mp4,celebdf
fake_id32_id31_0000,train,fake,/workspace/data/raw/celebdf/Celeb-synthesis/id32_id31_0000.mp4,celebdf
fake_id32_id31_0005,train,fake,/workspace/data/raw/celebdf/Celeb-synthesis/id32_id31_0005.mp4,celebdf
fake_id32_id31_0007,train,fake,/workspace/data/raw/celebdf/Celeb-synthesis/id32_id31_0007.mp4,celebdf
fake_id32_id31_0009,train,fake,/workspace/data/raw/celebdf/Celeb-synthesis/id32_id31_0009.mp4,celebdf
fake_id32_id33_0000,train,fake,/workspace/data/raw/celebdf/Celeb-synthesis/id32_id33_0000.mp4,celebdf
fake_id32_id33_0001,train,fake,/workspace/data/raw/celebdf/Celeb-synthesis/id32_id33_0001.mp4,celebdf
fake_id32_id33_0003,train,fake,/workspace/data/raw/celebdf/Celeb-synthesis/id32_id33_0003.mp4,celebdf
fake_id32_id33_0005,train,fake,/workspace/data/raw/celebdf/Celeb-synthesis/id32_id33_0005.mp4,celebdf
fake_id32_id33_0006,train,fake,/workspace/data/raw/celebdf/Celeb-synthesis/id32_id33_0006.mp4,celebdf
fake_id32_id33_0007,train,fake,/workspace/data/raw/celebdf/Celeb-synthesis/id32_id33_0007.mp4,celebdf
fake_id32_id33_0008,train,fake,/workspace/data/raw/celebdf/Celeb-synthesis/id32_id33_0008.mp4,celebdf
fake_id32_id33_0009,train,fake,/workspace/data/raw/celebdf/Celeb-synthesis/id32_id33_0009.mp4,celebdf
fake_id32_id34_0000,train,fake,/workspace/data/raw/celebdf/Celeb-synthesis/id32_id34_0000.mp4,celebdf
fake_id32_id34_0002,train,fake,/workspace/data/raw/celebdf/Celeb-synthesis/id32_id34_0002.mp4,celebdf
fake_id32_id34_0003,train,fake,/workspace/data/raw/celebdf/Celeb-synthesis/id32_id34_0003.mp4,celebdf
fake_id32_id34_0004,train,fake,/workspace/data/raw/celebdf/Celeb-synthesis/id32_id34_0004.mp4,celebdf
fake_id32_id34_0005,train,fake,/workspace/data/raw/celebdf/Celeb-synthesis/id32_id34_0005.mp4,celebdf
fake_id32_id34_0006,train,fake,/workspace/data/raw/celebdf/Celeb-synthesis/id32_id34_0006.mp4,celebdf
fake_id32_id34_0007,train,fake,/workspace/data/raw/celebdf/Celeb-synthesis/id32_id34_0007.mp4,celebdf
fake_id32_id34_0008,train,fake,/workspace/data/raw/celebdf/Celeb-synthesis/id32_id34_0008.mp4,celebdf
fake_id32_id35_0000,train,fake,/workspace/data/raw/celebdf/Celeb-synthesis/id32_id35_0000.mp4,celebdf
fake_id32_id35_0001,train,fake,/workspace/data/raw/celebdf/Celeb-synthesis/id32_id35_0001.mp4,celebdf
fake_id32_id35_0002,train,fake,/workspace/data/raw/celebdf/Celeb-synthesis/id32_id35_0002.mp4,celebdf
fake_id32_id35_0003,train,fake,/workspace/data/raw/celebdf/Celeb-synthesis/id32_id35_0003.mp4,celebdf
fake_id32_id35_0004,train,fake,/workspace/data/raw/celebdf/Celeb-synthesis/id32_id35_0004.mp4,celebdf
fake_id32_id35_0005,train,fake,/workspace/data/raw/celebdf/Celeb-synthesis/id32_id35_0005.mp4,celebdf
fake_id32_id35_0006,train,fake,/workspace/data/raw/celebdf/Celeb-synthesis/id32_id35_0006.mp4,celebdf
fake_id32_id35_0007,train,fake,/workspace/data/raw/celebdf/Celeb-synthesis/id32_id35_0007.mp4,celebdf
fake_id32_id35_0008,train,fake,/workspace/data/raw/celebdf/Celeb-synthesis/id32_id35_0008.mp4,celebdf
fake_id32_id35_0009,train,fake,/workspace/data/raw/celebdf/Celeb-synthesis/id32_id35_0009.mp4,celebdf
fake_id32_id37_0000,train,fake,/workspace/data/raw/celebdf/Celeb-synthesis/id32_id37_0000.mp4,celebdf
fake_id32_id37_0002,train,fake,/workspace/data/raw/celebdf/Celeb-synthesis/id32_id37_0002.mp4,celebdf
fake_id32_id37_0004,train,fake,/workspace/data/raw/celebdf/Celeb-synthesis/id32_id37_0004.mp4,celebdf
fake_id32_id37_0005,train,fake,/workspace/data/raw/celebdf/Celeb-synthesis/id32_id37_0005.mp4,celebdf
fake_id32_id37_0006,train,fake,/workspace/data/raw/celebdf/Celeb-synthesis/id32_id37_0006.mp4,celebdf
fake_id32_id37_0007,train,fake,/workspace/data/raw/celebdf/Celeb-synthesis/id32_id37_0007.mp4,celebdf
fake_id32_id37_0008,train,fake,/workspace/data/raw/celebdf/Celeb-synthesis/id32_id37_0008.mp4,celebdf
fake_id32_id37_0009,train,fake,/workspace/data/raw/celebdf/Celeb-synthesis/id32_id37_0009.mp4,celebdf
fake_id32_id38_0000,train,fake,/workspace/data/raw/celebdf/Celeb-synthesis/id32_id38_0000.mp4,celebdf
fake_id32_id38_0002,train,fake,/workspace/data/raw/celebdf/Celeb-synthesis/id32_id38_0002.mp4,celebdf
fake_id32_id38_0006,train,fake,/workspace/data/raw/celebdf/Celeb-synthesis/id32_id38_0006.mp4,celebdf
fake_id33_id20_0001,train,fake,/workspace/data/raw/celebdf/Celeb-synthesis/id33_id20_0001.mp4,celebdf
fake_id33_id20_0003,train,fake,/workspace/data/raw/celebdf/Celeb-synthesis/id33_id20_0003.mp4,celebdf
fake_id33_id20_0004,train,fake,/workspace/data/raw/celebdf/Celeb-synthesis/id33_id20_0004.mp4,celebdf
fake_id33_id20_0005,train,fake,/workspace/data/raw/celebdf/Celeb-synthesis/id33_id20_0005.mp4,celebdf
fake_id33_id20_0007,train,fake,/workspace/data/raw/celebdf/Celeb-synthesis/id33_id20_0007.mp4,celebdf
fake_id33_id20_0009,train,fake,/workspace/data/raw/celebdf/Celeb-synthesis/id33_id20_0009.mp4,celebdf
fake_id33_id21_0001,train,fake,/workspace/data/raw/celebdf/Celeb-synthesis/id33_id21_0001.mp4,celebdf
fake_id33_id21_0002,train,fake,/workspace/data/raw/celebdf/Celeb-synthesis/id33_id21_0002.mp4,celebdf
fake_id33_id21_0004,train,fake,/workspace/data/raw/celebdf/Celeb-synthesis/id33_id21_0004.mp4,celebdf
fake_id33_id21_0005,train,fake,/workspace/data/raw/celebdf/Celeb-synthesis/id33_id21_0005.mp4,celebdf
fake_id33_id21_0007,train,fake,/workspace/data/raw/celebdf/Celeb-synthesis/id33_id21_0007.mp4,celebdf
fake_id33_id21_0009,train,fake,/workspace/data/raw/celebdf/Celeb-synthesis/id33_id21_0009.mp4,celebdf
fake_id33_id23_0001,train,fake,/workspace/data/raw/celebdf/Celeb-synthesis/id33_id23_0001.mp4,celebdf
fake_id33_id23_0002,train,fake,/workspace/data/raw/celebdf/Celeb-synthesis/id33_id23_0002.mp4,celebdf
fake_id33_id23_0003,train,fake,/workspace/data/raw/celebdf/Celeb-synthesis/id33_id23_0003.mp4,celebdf
fake_id33_id23_0004,train,fake,/workspace/data/raw/celebdf/Celeb-synthesis/id33_id23_0004.mp4,celebdf
fake_id33_id23_0005,train,fake,/workspace/data/raw/celebdf/Celeb-synthesis/id33_id23_0005.mp4,celebdf
fake_id33_id23_0006,train,fake,/workspace/data/raw/celebdf/Celeb-synthesis/id33_id23_0006.mp4,celebdf
fake_id33_id23_0007,train,fake,/workspace/data/raw/celebdf/Celeb-synthesis/id33_id23_0007.mp4,celebdf
fake_id33_id23_0008,train,fake,/workspace/data/raw/celebdf/Celeb-synthesis/id33_id23_0008.mp4,celebdf
fake_id33_id23_0009,train,fake,/workspace/data/raw/celebdf/Celeb-synthesis/id33_id23_0009.mp4,celebdf
fake_id33_id26_0001,train,fake,/workspace/data/raw/celebdf/Celeb-synthesis/id33_id26_0001.mp4,celebdf
fake_id33_id26_0002,train,fake,/workspace/data/raw/celebdf/Celeb-synthesis/id33_id26_0002.mp4,celebdf
fake_id33_id26_0003,train,fake,/workspace/data/raw/celebdf/Celeb-synthesis/id33_id26_0003.mp4,celebdf
fake_id33_id26_0004,train,fake,/workspace/data/raw/celebdf/Celeb-synthesis/id33_id26_0004.mp4,celebdf
fake_id33_id26_0006,train,fake,/workspace/data/raw/celebdf/Celeb-synthesis/id33_id26_0006.mp4,celebdf
fake_id33_id26_0009,train,fake,/workspace/data/raw/celebdf/Celeb-synthesis/id33_id26_0009.mp4,celebdf
fake_id33_id28_0000,train,fake,/workspace/data/raw/celebdf/Celeb-synthesis/id33_id28_0000.mp4,celebdf
fake_id33_id28_0001,train,fake,/workspace/data/raw/celebdf/Celeb-synthesis/id33_id28_0001.mp4,celebdf
fake_id33_id28_0003,train,fake,/workspace/data/raw/celebdf/Celeb-synthesis/id33_id28_0003.mp4,celebdf
fake_id33_id28_0004,train,fake,/workspace/data/raw/celebdf/Celeb-synthesis/id33_id28_0004.mp4,celebdf
fake_id33_id28_0005,train,fake,/workspace/data/raw/celebdf/Celeb-synthesis/id33_id28_0005.mp4,celebdf
fake_id33_id28_0008,train,fake,/workspace/data/raw/celebdf/Celeb-synthesis/id33_id28_0008.mp4,celebdf
fake_id33_id28_0009,train,fake,/workspace/data/raw/celebdf/Celeb-synthesis/id33_id28_0009.mp4,celebdf
fake_id33_id29_0000,train,fake,/workspace/data/raw/celebdf/Celeb-synthesis/id33_id29_0000.mp4,celebdf
fake_id33_id29_0001,train,fake,/workspace/data/raw/celebdf/Celeb-synthesis/id33_id29_0001.mp4,celebdf
fake_id33_id29_0002,train,fake,/workspace/data/raw/celebdf/Celeb-synthesis/id33_id29_0002.mp4,celebdf
fake_id33_id29_0003,train,fake,/workspace/data/raw/celebdf/Celeb-synthesis/id33_id29_0003.mp4,celebdf
fake_id33_id29_0005,train,fake,/workspace/data/raw/celebdf/Celeb-synthesis/id33_id29_0005.mp4,celebdf
fake_id33_id29_0006,train,fake,/workspace/data/raw/celebdf/Celeb-synthesis/id33_id29_0006.mp4,celebdf
fake_id33_id29_0007,train,fake,/workspace/data/raw/celebdf/Celeb-synthesis/id33_id29_0007.mp4,celebdf
fake_id33_id29_0008,train,fake,/workspace/data/raw/celebdf/Celeb-synthesis/id33_id29_0008.mp4,celebdf
fake_id33_id29_0009,train,fake,/workspace/data/raw/celebdf/Celeb-synthesis/id33_id29_0009.mp4,celebdf
fake_id33_id30_0000,train,fake,/workspace/data/raw/celebdf/Celeb-synthesis/id33_id30_0000.mp4,celebdf
fake_id33_id30_0001,train,fake,/workspace/data/raw/celebdf/Celeb-synthesis/id33_id30_0001.mp4,celebdf
fake_id33_id30_0002,train,fake,/workspace/data/raw/celebdf/Celeb-synthesis/id33_id30_0002.mp4,celebdf
fake_id33_id30_0003,train,fake,/workspace/data/raw/celebdf/Celeb-synthesis/id33_id30_0003.mp4,celebdf
fake_id33_id30_0004,train,fake,/workspace/data/raw/celebdf/Celeb-synthesis/id33_id30_0004.mp4,celebdf
fake_id33_id30_0005,train,fake,/workspace/data/raw/celebdf/Celeb-synthesis/id33_id30_0005.mp4,celebdf
fake_id33_id30_0006,train,fake,/workspace/data/raw/celebdf/Celeb-synthesis/id33_id30_0006.mp4,celebdf
fake_id33_id30_0007,train,fake,/workspace/data/raw/celebdf/Celeb-synthesis/id33_id30_0007.mp4,celebdf
fake_id33_id30_0008,train,fake,/workspace/data/raw/celebdf/Celeb-synthesis/id33_id30_0008.mp4,celebdf
fake_id33_id30_0009,train,fake,/workspace/data/raw/celebdf/Celeb-synthesis/id33_id30_0009.mp4,celebdf
fake_id33_id31_0000,train,fake,/workspace/data/raw/celebdf/Celeb-synthesis/id33_id31_0000.mp4,celebdf
fake_id33_id31_0001,train,fake,/workspace/data/raw/celebdf/Celeb-synthesis/id33_id31_0001.mp4,celebdf
fake_id33_id31_0002,train,fake,/workspace/data/raw/celebdf/Celeb-synthesis/id33_id31_0002.mp4,celebdf
fake_id33_id31_0004,train,fake,/workspace/data/raw/celebdf/Celeb-synthesis/id33_id31_0004.mp4,celebdf
fake_id33_id31_0006,train,fake,/workspace/data/raw/celebdf/Celeb-synthesis/id33_id31_0006.mp4,celebdf
fake_id33_id31_0007,train,fake,/workspace/data/raw/celebdf/Celeb-synthesis/id33_id31_0007.mp4,celebdf
fake_id33_id31_0008,train,fake,/workspace/data/raw/celebdf/Celeb-synthesis/id33_id31_0008.mp4,celebdf
fake_id33_id31_0009,train,fake,/workspace/data/raw/celebdf/Celeb-synthesis/id33_id31_0009.mp4,celebdf
fake_id33_id32_0000,train,fake,/workspace/data/raw/celebdf/Celeb-synthesis/id33_id32_0000.mp4,celebdf
fake_id33_id32_0001,train,fake,/workspace/data/raw/celebdf/Celeb-synthesis/id33_id32_0001.mp4,celebdf
fake_id33_id32_0002,train,fake,/workspace/data/raw/celebdf/Celeb-synthesis/id33_id32_0002.mp4,celebdf
fake_id33_id32_0003,train,fake,/workspace/data/raw/celebdf/Celeb-synthesis/id33_id32_0003.mp4,celebdf
fake_id33_id32_0004,train,fake,/workspace/data/raw/celebdf/Celeb-synthesis/id33_id32_0004.mp4,celebdf
fake_id33_id32_0005,train,fake,/workspace/data/raw/celebdf/Celeb-synthesis/id33_id32_0005.mp4,celebdf
fake_id33_id32_0007,train,fake,/workspace/data/raw/celebdf/Celeb-synthesis/id33_id32_0007.mp4,celebdf
fake_id33_id32_0008,train,fake,/workspace/data/raw/celebdf/Celeb-synthesis/id33_id32_0008.mp4,celebdf
fake_id33_id32_0009,train,fake,/workspace/data/raw/celebdf/Celeb-synthesis/id33_id32_0009.mp4,celebdf
fake_id33_id34_0000,train,fake,/workspace/data/raw/celebdf/Celeb-synthesis/id33_id34_0000.mp4,celebdf
fake_id33_id34_0001,train,fake,/workspace/data/raw/celebdf/Celeb-synthesis/id33_id34_0001.mp4,celebdf
fake_id33_id34_0002,train,fake,/workspace/data/raw/celebdf/Celeb-synthesis/id33_id34_0002.mp4,celebdf
fake_id33_id34_0003,train,fake,/workspace/data/raw/celebdf/Celeb-synthesis/id33_id34_0003.mp4,celebdf
fake_id33_id34_0004,train,fake,/workspace/data/raw/celebdf/Celeb-synthesis/id33_id34_0004.mp4,celebdf
fake_id33_id34_0005,train,fake,/workspace/data/raw/celebdf/Celeb-synthesis/id33_id34_0005.mp4,celebdf
fake_id33_id34_0006,train,fake,/workspace/data/raw/celebdf/Celeb-synthesis/id33_id34_0006.mp4,celebdf
fake_id33_id34_0007,train,fake,/workspace/data/raw/celebdf/Celeb-synthesis/id33_id34_0007.mp4,celebdf
fake_id33_id34_0008,train,fake,/workspace/data/raw/celebdf/Celeb-synthesis/id33_id34_0008.mp4,celebdf
fake_id33_id34_0009,train,fake,/workspace/data/raw/celebdf/Celeb-synthesis/id33_id34_0009.mp4,celebdf
fake_id33_id35_0000,train,fake,/workspace/data/raw/celebdf/Celeb-synthesis/id33_id35_0000.mp4,celebdf
fake_id33_id35_0001,train,fake,/workspace/data/raw/celebdf/Celeb-synthesis/id33_id35_0001.mp4,celebdf
fake_id33_id35_0002,train,fake,/workspace/data/raw/celebdf/Celeb-synthesis/id33_id35_0002.mp4,celebdf
fake_id33_id35_0003,train,fake,/workspace/data/raw/celebdf/Celeb-synthesis/id33_id35_0003.mp4,celebdf
fake_id33_id35_0004,train,fake,/workspace/data/raw/celebdf/Celeb-synthesis/id33_id35_0004.mp4,celebdf
fake_id33_id35_0005,train,fake,/workspace/data/raw/celebdf/Celeb-synthesis/id33_id35_0005.mp4,celebdf
fake_id33_id35_0006,train,fake,/workspace/data/raw/celebdf/Celeb-synthesis/id33_id35_0006.mp4,celebdf
fake_id33_id35_0007,train,fake,/workspace/data/raw/celebdf/Celeb-synthesis/id33_id35_0007.mp4,celebdf
fake_id33_id35_0008,train,fake,/workspace/data/raw/celebdf/Celeb-synthesis/id33_id35_0008.mp4,celebdf
fake_id33_id35_0009,train,fake,/workspace/data/raw/celebdf/Celeb-synthesis/id33_id35_0009.mp4,celebdf
fake_id33_id37_0000,train,fake,/workspace/data/raw/celebdf/Celeb-synthesis/id33_id37_0000.mp4,celebdf
fake_id33_id37_0001,train,fake,/workspace/data/raw/celebdf/Celeb-synthesis/id33_id37_0001.mp4,celebdf
fake_id33_id37_0002,train,fake,/workspace/data/raw/celebdf/Celeb-synthesis/id33_id37_0002.mp4,celebdf
fake_id33_id37_0004,train,fake,/workspace/data/raw/celebdf/Celeb-synthesis/id33_id37_0004.mp4,celebdf
fake_id33_id37_0005,train,fake,/workspace/data/raw/celebdf/Celeb-synthesis/id33_id37_0005.mp4,celebdf
fake_id33_id37_0006,train,fake,/workspace/data/raw/celebdf/Celeb-synthesis/id33_id37_0006.mp4,celebdf
fake_id33_id37_0007,train,fake,/workspace/data/raw/celebdf/Celeb-synthesis/id33_id37_0007.mp4,celebdf
fake_id33_id37_0009,train,fake,/workspace/data/raw/celebdf/Celeb-synthesis/id33_id37_0009.mp4,celebdf
fake_id33_id38_0000,train,fake,/workspace/data/raw/celebdf/Celeb-synthesis/id33_id38_0000.mp4,celebdf
fake_id33_id38_0003,train,fake,/workspace/data/raw/celebdf/Celeb-synthesis/id33_id38_0003.mp4,celebdf
fake_id33_id38_0004,train,fake,/workspace/data/raw/celebdf/Celeb-synthesis/id33_id38_0004.mp4,celebdf
fake_id33_id38_0005,train,fake,/workspace/data/raw/celebdf/Celeb-synthesis/id33_id38_0005.mp4,celebdf
fake_id33_id38_0006,train,fake,/workspace/data/raw/celebdf/Celeb-synthesis/id33_id38_0006.mp4,celebdf
fake_id33_id38_0007,train,fake,/workspace/data/raw/celebdf/Celeb-synthesis/id33_id38_0007.mp4,celebdf
fake_id33_id38_0008,train,fake,/workspace/data/raw/celebdf/Celeb-synthesis/id33_id38_0008.mp4,celebdf
fake_id33_id38_0009,train,fake,/workspace/data/raw/celebdf/Celeb-synthesis/id33_id38_0009.mp4,celebdf
fake_id34_id20_0002,train,fake,/workspace/data/raw/celebdf/Celeb-synthesis/id34_id20_0002.mp4,celebdf
fake_id34_id20_0003,train,fake,/workspace/data/raw/celebdf/Celeb-synthesis/id34_id20_0003.mp4,celebdf
fake_id34_id20_0006,train,fake,/workspace/data/raw/celebdf/Celeb-synthesis/id34_id20_0006.mp4,celebdf
fake_id34_id21_0002,train,fake,/workspace/data/raw/celebdf/Celeb-synthesis/id34_id21_0002.mp4,celebdf
fake_id34_id21_0003,train,fake,/workspace/data/raw/celebdf/Celeb-synthesis/id34_id21_0003.mp4,celebdf
fake_id34_id21_0005,train,fake,/workspace/data/raw/celebdf/Celeb-synthesis/id34_id21_0005.mp4,celebdf
fake_id34_id21_0008,train,fake,/workspace/data/raw/celebdf/Celeb-synthesis/id34_id21_0008.mp4,celebdf
fake_id34_id21_0009,train,fake,/workspace/data/raw/celebdf/Celeb-synthesis/id34_id21_0009.mp4,celebdf
fake_id34_id23_0002,train,fake,/workspace/data/raw/celebdf/Celeb-synthesis/id34_id23_0002.mp4,celebdf
fake_id34_id23_0003,train,fake,/workspace/data/raw/celebdf/Celeb-synthesis/id34_id23_0003.mp4,celebdf
fake_id34_id23_0008,train,fake,/workspace/data/raw/celebdf/Celeb-synthesis/id34_id23_0008.mp4,celebdf
fake_id34_id26_0002,train,fake,/workspace/data/raw/celebdf/Celeb-synthesis/id34_id26_0002.mp4,celebdf
fake_id34_id26_0003,train,fake,/workspace/data/raw/celebdf/Celeb-synthesis/id34_id26_0003.mp4,celebdf
fake_id34_id26_0005,train,fake,/workspace/data/raw/celebdf/Celeb-synthesis/id34_id26_0005.mp4,celebdf
fake_id34_id26_0008,train,fake,/workspace/data/raw/celebdf/Celeb-synthesis/id34_id26_0008.mp4,celebdf
fake_id34_id28_0003,train,fake,/workspace/data/raw/celebdf/Celeb-synthesis/id34_id28_0003.mp4,celebdf
fake_id34_id28_0005,train,fake,/workspace/data/raw/celebdf/Celeb-synthesis/id34_id28_0005.mp4,celebdf
fake_id34_id28_0008,train,fake,/workspace/data/raw/celebdf/Celeb-synthesis/id34_id28_0008.mp4,celebdf
fake_id34_id29_0001,train,fake,/workspace/data/raw/celebdf/Celeb-synthesis/id34_id29_0001.mp4,celebdf
fake_id34_id29_0002,train,fake,/workspace/data/raw/celebdf/Celeb-synthesis/id34_id29_0002.mp4,celebdf
fake_id34_id29_0003,train,fake,/workspace/data/raw/celebdf/Celeb-synthesis/id34_id29_0003.mp4,celebdf
fake_id34_id29_0005,train,fake,/workspace/data/raw/celebdf/Celeb-synthesis/id34_id29_0005.mp4,celebdf
fake_id34_id29_0006,train,fake,/workspace/data/raw/celebdf/Celeb-synthesis/id34_id29_0006.mp4,celebdf
fake_id34_id29_0007,train,fake,/workspace/data/raw/celebdf/Celeb-synthesis/id34_id29_0007.mp4,celebdf
fake_id34_id30_0000,train,fake,/workspace/data/raw/celebdf/Celeb-synthesis/id34_id30_0000.mp4,celebdf
fake_id34_id30_0001,train,fake,/workspace/data/raw/celebdf/Celeb-synthesis/id34_id30_0001.mp4,celebdf
fake_id34_id30_0002,train,fake,/workspace/data/raw/celebdf/Celeb-synthesis/id34_id30_0002.mp4,celebdf
fake_id34_id30_0003,train,fake,/workspace/data/raw/celebdf/Celeb-synthesis/id34_id30_0003.mp4,celebdf
fake_id34_id30_0004,train,fake,/workspace/data/raw/celebdf/Celeb-synthesis/id34_id30_0004.mp4,celebdf
fake_id34_id30_0005,train,fake,/workspace/data/raw/celebdf/Celeb-synthesis/id34_id30_0005.mp4,celebdf
fake_id34_id30_0006,train,fake,/workspace/data/raw/celebdf/Celeb-synthesis/id34_id30_0006.mp4,celebdf
fake_id34_id30_0007,train,fake,/workspace/data/raw/celebdf/Celeb-synthesis/id34_id30_0007.mp4,celebdf
fake_id34_id30_0008,train,fake,/workspace/data/raw/celebdf/Celeb-synthesis/id34_id30_0008.mp4,celebdf
fake_id34_id30_0009,train,fake,/workspace/data/raw/celebdf/Celeb-synthesis/id34_id30_0009.mp4,celebdf
fake_id34_id31_0000,train,fake,/workspace/data/raw/celebdf/Celeb-synthesis/id34_id31_0000.mp4,celebdf
fake_id34_id31_0001,train,fake,/workspace/data/raw/celebdf/Celeb-synthesis/id34_id31_0001.mp4,celebdf
fake_id34_id31_0002,train,fake,/workspace/data/raw/celebdf/Celeb-synthesis/id34_id31_0002.mp4,celebdf
fake_id34_id31_0003,train,fake,/workspace/data/raw/celebdf/Celeb-synthesis/id34_id31_0003.mp4,celebdf
fake_id34_id31_0005,train,fake,/workspace/data/raw/celebdf/Celeb-synthesis/id34_id31_0005.mp4,celebdf
fake_id34_id31_0006,train,fake,/workspace/data/raw/celebdf/Celeb-synthesis/id34_id31_0006.mp4,celebdf
fake_id34_id31_0007,train,fake,/workspace/data/raw/celebdf/Celeb-synthesis/id34_id31_0007.mp4,celebdf
fake_id34_id31_0008,train,fake,/workspace/data/raw/celebdf/Celeb-synthesis/id34_id31_0008.mp4,celebdf
fake_id34_id31_0009,train,fake,/workspace/data/raw/celebdf/Celeb-synthesis/id34_id31_0009.mp4,celebdf
fake_id34_id32_0000,train,fake,/workspace/data/raw/celebdf/Celeb-synthesis/id34_id32_0000.mp4,celebdf
fake_id34_id32_0001,train,fake,/workspace/data/raw/celebdf/Celeb-synthesis/id34_id32_0001.mp4,celebdf
fake_id34_id32_0002,train,fake,/workspace/data/raw/celebdf/Celeb-synthesis/id34_id32_0002.mp4,celebdf
fake_id34_id32_0003,train,fake,/workspace/data/raw/celebdf/Celeb-synthesis/id34_id32_0003.mp4,celebdf
fake_id34_id32_0004,train,fake,/workspace/data/raw/celebdf/Celeb-synthesis/id34_id32_0004.mp4,celebdf
fake_id34_id32_0005,train,fake,/workspace/data/raw/celebdf/Celeb-synthesis/id34_id32_0005.mp4,celebdf
fake_id34_id32_0006,train,fake,/workspace/data/raw/celebdf/Celeb-synthesis/id34_id32_0006.mp4,celebdf
fake_id34_id32_0008,train,fake,/workspace/data/raw/celebdf/Celeb-synthesis/id34_id32_0008.mp4,celebdf
fake_id34_id32_0009,train,fake,/workspace/data/raw/celebdf/Celeb-synthesis/id34_id32_0009.mp4,celebdf
fake_id34_id33_0001,train,fake,/workspace/data/raw/celebdf/Celeb-synthesis/id34_id33_0001.mp4,celebdf
fake_id34_id33_0003,train,fake,/workspace/data/raw/celebdf/Celeb-synthesis/id34_id33_0003.mp4,celebdf
fake_id34_id33_0004,train,fake,/workspace/data/raw/celebdf/Celeb-synthesis/id34_id33_0004.mp4,celebdf
fake_id34_id33_0006,train,fake,/workspace/data/raw/celebdf/Celeb-synthesis/id34_id33_0006.mp4,celebdf
fake_id34_id33_0007,train,fake,/workspace/data/raw/celebdf/Celeb-synthesis/id34_id33_0007.mp4,celebdf
fake_id34_id33_0008,train,fake,/workspace/data/raw/celebdf/Celeb-synthesis/id34_id33_0008.mp4,celebdf
fake_id34_id33_0009,train,fake,/workspace/data/raw/celebdf/Celeb-synthesis/id34_id33_0009.mp4,celebdf
fake_id34_id35_0001,train,fake,/workspace/data/raw/celebdf/Celeb-synthesis/id34_id35_0001.mp4,celebdf
fake_id34_id35_0002,train,fake,/workspace/data/raw/celebdf/Celeb-synthesis/id34_id35_0002.mp4,celebdf
fake_id34_id35_0003,train,fake,/workspace/data/raw/celebdf/Celeb-synthesis/id34_id35_0003.mp4,celebdf
fake_id34_id35_0004,train,fake,/workspace/data/raw/celebdf/Celeb-synthesis/id34_id35_0004.mp4,celebdf
fake_id34_id35_0005,train,fake,/workspace/data/raw/celebdf/Celeb-synthesis/id34_id35_0005.mp4,celebdf
fake_id34_id35_0006,train,fake,/workspace/data/raw/celebdf/Celeb-synthesis/id34_id35_0006.mp4,celebdf
fake_id34_id35_0007,train,fake,/workspace/data/raw/celebdf/Celeb-synthesis/id34_id35_0007.mp4,celebdf
fake_id34_id35_0008,train,fake,/workspace/data/raw/celebdf/Celeb-synthesis/id34_id35_0008.mp4,celebdf
fake_id34_id35_0009,train,fake,/workspace/data/raw/celebdf/Celeb-synthesis/id34_id35_0009.mp4,celebdf
fake_id34_id37_0001,train,fake,/workspace/data/raw/celebdf/Celeb-synthesis/id34_id37_0001.mp4,celebdf
fake_id34_id37_0002,train,fake,/workspace/data/raw/celebdf/Celeb-synthesis/id34_id37_0002.mp4,celebdf
fake_id34_id37_0003,train,fake,/workspace/data/raw/celebdf/Celeb-synthesis/id34_id37_0003.mp4,celebdf
fake_id34_id37_0005,train,fake,/workspace/data/raw/celebdf/Celeb-synthesis/id34_id37_0005.mp4,celebdf
fake_id34_id37_0006,train,fake,/workspace/data/raw/celebdf/Celeb-synthesis/id34_id37_0006.mp4,celebdf
fake_id34_id37_0007,train,fake,/workspace/data/raw/celebdf/Celeb-synthesis/id34_id37_0007.mp4,celebdf
fake_id34_id37_0008,train,fake,/workspace/data/raw/celebdf/Celeb-synthesis/id34_id37_0008.mp4,celebdf
fake_id34_id38_0001,train,fake,/workspace/data/raw/celebdf/Celeb-synthesis/id34_id38_0001.mp4,celebdf
fake_id34_id38_0002,train,fake,/workspace/data/raw/celebdf/Celeb-synthesis/id34_id38_0002.mp4,celebdf
fake_id34_id38_0003,train,fake,/workspace/data/raw/celebdf/Celeb-synthesis/id34_id38_0003.mp4,celebdf
fake_id34_id38_0005,train,fake,/workspace/data/raw/celebdf/Celeb-synthesis/id34_id38_0005.mp4,celebdf
fake_id34_id38_0006,train,fake,/workspace/data/raw/celebdf/Celeb-synthesis/id34_id38_0006.mp4,celebdf
fake_id34_id38_0007,train,fake,/workspace/data/raw/celebdf/Celeb-synthesis/id34_id38_0007.mp4,celebdf
fake_id34_id38_0008,train,fake,/workspace/data/raw/celebdf/Celeb-synthesis/id34_id38_0008.mp4,celebdf
fake_id34_id38_0009,train,fake,/workspace/data/raw/celebdf/Celeb-synthesis/id34_id38_0009.mp4,celebdf
fake_id35_id16_0000,train,fake,/workspace/data/raw/celebdf/Celeb-synthesis/id35_id16_0000.mp4,celebdf
fake_id35_id16_0001,train,fake,/workspace/data/raw/celebdf/Celeb-synthesis/id35_id16_0001.mp4,celebdf
fake_id35_id16_0002,train,fake,/workspace/data/raw/celebdf/Celeb-synthesis/id35_id16_0002.mp4,celebdf
fake_id35_id16_0003,train,fake,/workspace/data/raw/celebdf/Celeb-synthesis/id35_id16_0003.mp4,celebdf
fake_id35_id16_0005,train,fake,/workspace/data/raw/celebdf/Celeb-synthesis/id35_id16_0005.mp4,celebdf
fake_id35_id16_0006,train,fake,/workspace/data/raw/celebdf/Celeb-synthesis/id35_id16_0006.mp4,celebdf
fake_id35_id16_0008,train,fake,/workspace/data/raw/celebdf/Celeb-synthesis/id35_id16_0008.mp4,celebdf
fake_id35_id16_0009,train,fake,/workspace/data/raw/celebdf/Celeb-synthesis/id35_id16_0009.mp4,celebdf
fake_id35_id17_0000,train,fake,/workspace/data/raw/celebdf/Celeb-synthesis/id35_id17_0000.mp4,celebdf
fake_id35_id17_0001,train,fake,/workspace/data/raw/celebdf/Celeb-synthesis/id35_id17_0001.mp4,celebdf
fake_id35_id17_0002,train,fake,/workspace/data/raw/celebdf/Celeb-synthesis/id35_id17_0002.mp4,celebdf
fake_id35_id17_0003,train,fake,/workspace/data/raw/celebdf/Celeb-synthesis/id35_id17_0003.mp4,celebdf
fake_id35_id17_0006,train,fake,/workspace/data/raw/celebdf/Celeb-synthesis/id35_id17_0006.mp4,celebdf
fake_id35_id17_0007,train,fake,/workspace/data/raw/celebdf/Celeb-synthesis/id35_id17_0007.mp4,celebdf
fake_id35_id17_0008,train,fake,/workspace/data/raw/celebdf/Celeb-synthesis/id35_id17_0008.mp4,celebdf
fake_id35_id17_0009,train,fake,/workspace/data/raw/celebdf/Celeb-synthesis/id35_id17_0009.mp4,celebdf
fake_id35_id1_0000,train,fake,/workspace/data/raw/celebdf/Celeb-synthesis/id35_id1_0000.mp4,celebdf
fake_id35_id1_0001,train,fake,/workspace/data/raw/celebdf/Celeb-synthesis/id35_id1_0001.mp4,celebdf
fake_id35_id1_0002,train,fake,/workspace/data/raw/celebdf/Celeb-synthesis/id35_id1_0002.mp4,celebdf
fake_id35_id1_0006,train,fake,/workspace/data/raw/celebdf/Celeb-synthesis/id35_id1_0006.mp4,celebdf
fake_id35_id1_0007,train,fake,/workspace/data/raw/celebdf/Celeb-synthesis/id35_id1_0007.mp4,celebdf
fake_id35_id1_0008,train,fake,/workspace/data/raw/celebdf/Celeb-synthesis/id35_id1_0008.mp4,celebdf
fake_id35_id1_0009,train,fake,/workspace/data/raw/celebdf/Celeb-synthesis/id35_id1_0009.mp4,celebdf
fake_id35_id20_0000,train,fake,/workspace/data/raw/celebdf/Celeb-synthesis/id35_id20_0000.mp4,celebdf
fake_id35_id20_0002,train,fake,/workspace/data/raw/celebdf/Celeb-synthesis/id35_id20_0002.mp4,celebdf
fake_id35_id20_0003,train,fake,/workspace/data/raw/celebdf/Celeb-synthesis/id35_id20_0003.mp4,celebdf
fake_id35_id20_0006,train,fake,/workspace/data/raw/celebdf/Celeb-synthesis/id35_id20_0006.mp4,celebdf
fake_id35_id20_0008,train,fake,/workspace/data/raw/celebdf/Celeb-synthesis/id35_id20_0008.mp4,celebdf
fake_id35_id20_0009,train,fake,/workspace/data/raw/celebdf/Celeb-synthesis/id35_id20_0009.mp4,celebdf
fake_id35_id21_0000,train,fake,/workspace/data/raw/celebdf/Celeb-synthesis/id35_id21_0000.mp4,celebdf
fake_id35_id21_0001,train,fake,/workspace/data/raw/celebdf/Celeb-synthesis/id35_id21_0001.mp4,celebdf
fake_id35_id21_0002,train,fake,/workspace/data/raw/celebdf/Celeb-synthesis/id35_id21_0002.mp4,celebdf
fake_id35_id21_0003,train,fake,/workspace/data/raw/celebdf/Celeb-synthesis/id35_id21_0003.mp4,celebdf
fake_id35_id21_0006,train,fake,/workspace/data/raw/celebdf/Celeb-synthesis/id35_id21_0006.mp4,celebdf
fake_id35_id21_0007,train,fake,/workspace/data/raw/celebdf/Celeb-synthesis/id35_id21_0007.mp4,celebdf
fake_id35_id21_0008,train,fake,/workspace/data/raw/celebdf/Celeb-synthesis/id35_id21_0008.mp4,celebdf
fake_id35_id21_0009,train,fake,/workspace/data/raw/celebdf/Celeb-synthesis/id35_id21_0009.mp4,celebdf
fake_id35_id23_0000,train,fake,/workspace/data/raw/celebdf/Celeb-synthesis/id35_id23_0000.mp4,celebdf
fake_id35_id23_0001,train,fake,/workspace/data/raw/celebdf/Celeb-synthesis/id35_id23_0001.mp4,celebdf
fake_id35_id23_0002,train,fake,/workspace/data/raw/celebdf/Celeb-synthesis/id35_id23_0002.mp4,celebdf
fake_id35_id23_0003,train,fake,/workspace/data/raw/celebdf/Celeb-synthesis/id35_id23_0003.mp4,celebdf
fake_id35_id23_0004,train,fake,/workspace/data/raw/celebdf/Celeb-synthesis/id35_id23_0004.mp4,celebdf
fake_id35_id23_0005,train,fake,/workspace/data/raw/celebdf/Celeb-synthesis/id35_id23_0005.mp4,celebdf
fake_id35_id23_0006,train,fake,/workspace/data/raw/celebdf/Celeb-synthesis/id35_id23_0006.mp4,celebdf
fake_id35_id23_0008,train,fake,/workspace/data/raw/celebdf/Celeb-synthesis/id35_id23_0008.mp4,celebdf
fake_id35_id23_0009,train,fake,/workspace/data/raw/celebdf/Celeb-synthesis/id35_id23_0009.mp4,celebdf
fake_id35_id26_0000,train,fake,/workspace/data/raw/celebdf/Celeb-synthesis/id35_id26_0000.mp4,celebdf
fake_id35_id26_0001,train,fake,/workspace/data/raw/celebdf/Celeb-synthesis/id35_id26_0001.mp4,celebdf
fake_id35_id26_0002,train,fake,/workspace/data/raw/celebdf/Celeb-synthesis/id35_id26_0002.mp4,celebdf
fake_id35_id26_0005,train,fake,/workspace/data/raw/celebdf/Celeb-synthesis/id35_id26_0005.mp4,celebdf
fake_id35_id26_0006,train,fake,/workspace/data/raw/celebdf/Celeb-synthesis/id35_id26_0006.mp4,celebdf
fake_id35_id26_0007,train,fake,/workspace/data/raw/celebdf/Celeb-synthesis/id35_id26_0007.mp4,celebdf
fake_id35_id26_0008,train,fake,/workspace/data/raw/celebdf/Celeb-synthesis/id35_id26_0008.mp4,celebdf
fake_id35_id26_0009,train,fake,/workspace/data/raw/celebdf/Celeb-synthesis/id35_id26_0009.mp4,celebdf
fake_id35_id28_0000,train,fake,/workspace/data/raw/celebdf/Celeb-synthesis/id35_id28_0000.mp4,celebdf
fake_id35_id28_0002,train,fake,/workspace/data/raw/celebdf/Celeb-synthesis/id35_id28_0002.mp4,celebdf
fake_id35_id28_0003,train,fake,/workspace/data/raw/celebdf/Celeb-synthesis/id35_id28_0003.mp4,celebdf
fake_id35_id28_0005,train,fake,/workspace/data/raw/celebdf/Celeb-synthesis/id35_id28_0005.mp4,celebdf
fake_id35_id28_0007,train,fake,/workspace/data/raw/celebdf/Celeb-synthesis/id35_id28_0007.mp4,celebdf
fake_id35_id28_0008,train,fake,/workspace/data/raw/celebdf/Celeb-synthesis/id35_id28_0008.mp4,celebdf
fake_id35_id28_0009,train,fake,/workspace/data/raw/celebdf/Celeb-synthesis/id35_id28_0009.mp4,celebdf
fake_id35_id29_0000,train,fake,/workspace/data/raw/celebdf/Celeb-synthesis/id35_id29_0000.mp4,celebdf
fake_id35_id29_0001,train,fake,/workspace/data/raw/celebdf/Celeb-synthesis/id35_id29_0001.mp4,celebdf
fake_id35_id29_0002,train,fake,/workspace/data/raw/celebdf/Celeb-synthesis/id35_id29_0002.mp4,celebdf
fake_id35_id29_0003,train,fake,/workspace/data/raw/celebdf/Celeb-synthesis/id35_id29_0003.mp4,celebdf
fake_id35_id29_0004,train,fake,/workspace/data/raw/celebdf/Celeb-synthesis/id35_id29_0004.mp4,celebdf
fake_id35_id29_0005,train,fake,/workspace/data/raw/celebdf/Celeb-synthesis/id35_id29_0005.mp4,celebdf
fake_id35_id29_0006,train,fake,/workspace/data/raw/celebdf/Celeb-synthesis/id35_id29_0006.mp4,celebdf
fake_id35_id29_0007,train,fake,/workspace/data/raw/celebdf/Celeb-synthesis/id35_id29_0007.mp4,celebdf
fake_id35_id29_0008,train,fake,/workspace/data/raw/celebdf/Celeb-synthesis/id35_id29_0008.mp4,celebdf
fake_id35_id29_0009,train,fake,/workspace/data/raw/celebdf/Celeb-synthesis/id35_id29_0009.mp4,celebdf
fake_id35_id2_0000,train,fake,/workspace/data/raw/celebdf/Celeb-synthesis/id35_id2_0000.mp4,celebdf
fake_id35_id2_0001,train,fake,/workspace/data/raw/celebdf/Celeb-synthesis/id35_id2_0001.mp4,celebdf
fake_id35_id2_0002,train,fake,/workspace/data/raw/celebdf/Celeb-synthesis/id35_id2_0002.mp4,celebdf
fake_id35_id2_0003,train,fake,/workspace/data/raw/celebdf/Celeb-synthesis/id35_id2_0003.mp4,celebdf
fake_id35_id2_0006,train,fake,/workspace/data/raw/celebdf/Celeb-synthesis/id35_id2_0006.mp4,celebdf
fake_id35_id2_0007,train,fake,/workspace/data/raw/celebdf/Celeb-synthesis/id35_id2_0007.mp4,celebdf
fake_id35_id2_0008,train,fake,/workspace/data/raw/celebdf/Celeb-synthesis/id35_id2_0008.mp4,celebdf
fake_id35_id2_0009,train,fake,/workspace/data/raw/celebdf/Celeb-synthesis/id35_id2_0009.mp4,celebdf
fake_id35_id30_0001,train,fake,/workspace/data/raw/celebdf/Celeb-synthesis/id35_id30_0001.mp4,celebdf
fake_id35_id30_0002,train,fake,/workspace/data/raw/celebdf/Celeb-synthesis/id35_id30_0002.mp4,celebdf
fake_id35_id30_0003,train,fake,/workspace/data/raw/celebdf/Celeb-synthesis/id35_id30_0003.mp4,celebdf
fake_id35_id30_0004,train,fake,/workspace/data/raw/celebdf/Celeb-synthesis/id35_id30_0004.mp4,celebdf
fake_id35_id30_0005,train,fake,/workspace/data/raw/celebdf/Celeb-synthesis/id35_id30_0005.mp4,celebdf
fake_id35_id30_0007,train,fake,/workspace/data/raw/celebdf/Celeb-synthesis/id35_id30_0007.mp4,celebdf
fake_id35_id30_0008,train,fake,/workspace/data/raw/celebdf/Celeb-synthesis/id35_id30_0008.mp4,celebdf
fake_id35_id30_0009,train,fake,/workspace/data/raw/celebdf/Celeb-synthesis/id35_id30_0009.mp4,celebdf
fake_id35_id31_0000,train,fake,/workspace/data/raw/celebdf/Celeb-synthesis/id35_id31_0000.mp4,celebdf
fake_id35_id31_0002,train,fake,/workspace/data/raw/celebdf/Celeb-synthesis/id35_id31_0002.mp4,celebdf
fake_id35_id31_0003,train,fake,/workspace/data/raw/celebdf/Celeb-synthesis/id35_id31_0003.mp4,celebdf
fake_id35_id31_0008,train,fake,/workspace/data/raw/celebdf/Celeb-synthesis/id35_id31_0008.mp4,celebdf
fake_id35_id32_0000,train,fake,/workspace/data/raw/celebdf/Celeb-synthesis/id35_id32_0000.mp4,celebdf
fake_id35_id32_0001,train,fake,/workspace/data/raw/celebdf/Celeb-synthesis/id35_id32_0001.mp4,celebdf
fake_id35_id32_0002,train,fake,/workspace/data/raw/celebdf/Celeb-synthesis/id35_id32_0002.mp4,celebdf
fake_id35_id32_0003,train,fake,/workspace/data/raw/celebdf/Celeb-synthesis/id35_id32_0003.mp4,celebdf
fake_id35_id32_0004,train,fake,/workspace/data/raw/celebdf/Celeb-synthesis/id35_id32_0004.mp4,celebdf
fake_id35_id32_0005,train,fake,/workspace/data/raw/celebdf/Celeb-synthesis/id35_id32_0005.mp4,celebdf
fake_id35_id32_0006,train,fake,/workspace/data/raw/celebdf/Celeb-synthesis/id35_id32_0006.mp4,celebdf
fake_id35_id32_0008,train,fake,/workspace/data/raw/celebdf/Celeb-synthesis/id35_id32_0008.mp4,celebdf
fake_id35_id32_0009,train,fake,/workspace/data/raw/celebdf/Celeb-synthesis/id35_id32_0009.mp4,celebdf
fake_id35_id33_0000,train,fake,/workspace/data/raw/celebdf/Celeb-synthesis/id35_id33_0000.mp4,celebdf
fake_id35_id33_0001,train,fake,/workspace/data/raw/celebdf/Celeb-synthesis/id35_id33_0001.mp4,celebdf
fake_id35_id33_0002,train,fake,/workspace/data/raw/celebdf/Celeb-synthesis/id35_id33_0002.mp4,celebdf
fake_id35_id33_0003,train,fake,/workspace/data/raw/celebdf/Celeb-synthesis/id35_id33_0003.mp4,celebdf
fake_id35_id33_0004,train,fake,/workspace/data/raw/celebdf/Celeb-synthesis/id35_id33_0004.mp4,celebdf
fake_id35_id33_0005,train,fake,/workspace/data/raw/celebdf/Celeb-synthesis/id35_id33_0005.mp4,celebdf
fake_id35_id33_0006,train,fake,/workspace/data/raw/celebdf/Celeb-synthesis/id35_id33_0006.mp4,celebdf
fake_id35_id33_0007,train,fake,/workspace/data/raw/celebdf/Celeb-synthesis/id35_id33_0007.mp4,celebdf
fake_id35_id33_0008,train,fake,/workspace/data/raw/celebdf/Celeb-synthesis/id35_id33_0008.mp4,celebdf
fake_id35_id33_0009,train,fake,/workspace/data/raw/celebdf/Celeb-synthesis/id35_id33_0009.mp4,celebdf
fake_id35_id34_0000,train,fake,/workspace/data/raw/celebdf/Celeb-synthesis/id35_id34_0000.mp4,celebdf
fake_id35_id34_0001,train,fake,/workspace/data/raw/celebdf/Celeb-synthesis/id35_id34_0001.mp4,celebdf
fake_id35_id34_0004,train,fake,/workspace/data/raw/celebdf/Celeb-synthesis/id35_id34_0004.mp4,celebdf
fake_id35_id34_0005,train,fake,/workspace/data/raw/celebdf/Celeb-synthesis/id35_id34_0005.mp4,celebdf
fake_id35_id34_0006,train,fake,/workspace/data/raw/celebdf/Celeb-synthesis/id35_id34_0006.mp4,celebdf
fake_id35_id34_0007,train,fake,/workspace/data/raw/celebdf/Celeb-synthesis/id35_id34_0007.mp4,celebdf
fake_id35_id34_0008,train,fake,/workspace/data/raw/celebdf/Celeb-synthesis/id35_id34_0008.mp4,celebdf
fake_id35_id34_0009,train,fake,/workspace/data/raw/celebdf/Celeb-synthesis/id35_id34_0009.mp4,celebdf
fake_id35_id37_0000,train,fake,/workspace/data/raw/celebdf/Celeb-synthesis/id35_id37_0000.mp4,celebdf
fake_id35_id37_0001,train,fake,/workspace/data/raw/celebdf/Celeb-synthesis/id35_id37_0001.mp4,celebdf
fake_id35_id37_0002,train,fake,/workspace/data/raw/celebdf/Celeb-synthesis/id35_id37_0002.mp4,celebdf
fake_id35_id37_0003,train,fake,/workspace/data/raw/celebdf/Celeb-synthesis/id35_id37_0003.mp4,celebdf
fake_id35_id37_0005,train,fake,/workspace/data/raw/celebdf/Celeb-synthesis/id35_id37_0005.mp4,celebdf
fake_id35_id37_0006,train,fake,/workspace/data/raw/celebdf/Celeb-synthesis/id35_id37_0006.mp4,celebdf
fake_id35_id37_0007,train,fake,/workspace/data/raw/celebdf/Celeb-synthesis/id35_id37_0007.mp4,celebdf
fake_id35_id37_0008,train,fake,/workspace/data/raw/celebdf/Celeb-synthesis/id35_id37_0008.mp4,celebdf
fake_id35_id37_0009,train,fake,/workspace/data/raw/celebdf/Celeb-synthesis/id35_id37_0009.mp4,celebdf
fake_id35_id38_0000,train,fake,/workspace/data/raw/celebdf/Celeb-synthesis/id35_id38_0000.mp4,celebdf
fake_id35_id38_0001,train,fake,/workspace/data/raw/celebdf/Celeb-synthesis/id35_id38_0001.mp4,celebdf
fake_id35_id38_0002,train,fake,/workspace/data/raw/celebdf/Celeb-synthesis/id35_id38_0002.mp4,celebdf
fake_id35_id38_0004,train,fake,/workspace/data/raw/celebdf/Celeb-synthesis/id35_id38_0004.mp4,celebdf
fake_id35_id38_0005,train,fake,/workspace/data/raw/celebdf/Celeb-synthesis/id35_id38_0005.mp4,celebdf
fake_id35_id38_0006,train,fake,/workspace/data/raw/celebdf/Celeb-synthesis/id35_id38_0006.mp4,celebdf
fake_id35_id38_0007,train,fake,/workspace/data/raw/celebdf/Celeb-synthesis/id35_id38_0007.mp4,celebdf
fake_id35_id38_0008,train,fake,/workspace/data/raw/celebdf/Celeb-synthesis/id35_id38_0008.mp4,celebdf
fake_id35_id38_0009,train,fake,/workspace/data/raw/celebdf/Celeb-synthesis/id35_id38_0009.mp4,celebdf
fake_id35_id3_0000,train,fake,/workspace/data/raw/celebdf/Celeb-synthesis/id35_id3_0000.mp4,celebdf
fake_id35_id3_0001,train,fake,/workspace/data/raw/celebdf/Celeb-synthesis/id35_id3_0001.mp4,celebdf
fake_id35_id3_0002,train,fake,/workspace/data/raw/celebdf/Celeb-synthesis/id35_id3_0002.mp4,celebdf
fake_id35_id3_0003,train,fake,/workspace/data/raw/celebdf/Celeb-synthesis/id35_id3_0003.mp4,celebdf
fake_id35_id3_0006,train,fake,/workspace/data/raw/celebdf/Celeb-synthesis/id35_id3_0006.mp4,celebdf
fake_id35_id3_0007,train,fake,/workspace/data/raw/celebdf/Celeb-synthesis/id35_id3_0007.mp4,celebdf
fake_id35_id3_0008,train,fake,/workspace/data/raw/celebdf/Celeb-synthesis/id35_id3_0008.mp4,celebdf
fake_id35_id3_0009,train,fake,/workspace/data/raw/celebdf/Celeb-synthesis/id35_id3_0009.mp4,celebdf
fake_id35_id4_0000,train,fake,/workspace/data/raw/celebdf/Celeb-synthesis/id35_id4_0000.mp4,celebdf
fake_id35_id4_0001,train,fake,/workspace/data/raw/celebdf/Celeb-synthesis/id35_id4_0001.mp4,celebdf
fake_id35_id4_0002,train,fake,/workspace/data/raw/celebdf/Celeb-synthesis/id35_id4_0002.mp4,celebdf
fake_id35_id4_0003,train,fake,/workspace/data/raw/celebdf/Celeb-synthesis/id35_id4_0003.mp4,celebdf
fake_id35_id4_0006,train,fake,/workspace/data/raw/celebdf/Celeb-synthesis/id35_id4_0006.mp4,celebdf
fake_id35_id4_0007,train,fake,/workspace/data/raw/celebdf/Celeb-synthesis/id35_id4_0007.mp4,celebdf
fake_id35_id4_0008,train,fake,/workspace/data/raw/celebdf/Celeb-synthesis/id35_id4_0008.mp4,celebdf
fake_id35_id4_0009,train,fake,/workspace/data/raw/celebdf/Celeb-synthesis/id35_id4_0009.mp4,celebdf
fake_id35_id6_0000,train,fake,/workspace/data/raw/celebdf/Celeb-synthesis/id35_id6_0000.mp4,celebdf
fake_id35_id6_0001,train,fake,/workspace/data/raw/celebdf/Celeb-synthesis/id35_id6_0001.mp4,celebdf
fake_id35_id6_0002,train,fake,/workspace/data/raw/celebdf/Celeb-synthesis/id35_id6_0002.mp4,celebdf
fake_id35_id6_0003,train,fake,/workspace/data/raw/celebdf/Celeb-synthesis/id35_id6_0003.mp4,celebdf
fake_id35_id6_0006,train,fake,/workspace/data/raw/celebdf/Celeb-synthesis/id35_id6_0006.mp4,celebdf
fake_id35_id6_0007,train,fake,/workspace/data/raw/celebdf/Celeb-synthesis/id35_id6_0007.mp4,celebdf
fake_id35_id6_0008,train,fake,/workspace/data/raw/celebdf/Celeb-synthesis/id35_id6_0008.mp4,celebdf
fake_id35_id6_0009,train,fake,/workspace/data/raw/celebdf/Celeb-synthesis/id35_id6_0009.mp4,celebdf
fake_id35_id9_0000,train,fake,/workspace/data/raw/celebdf/Celeb-synthesis/id35_id9_0000.mp4,celebdf
fake_id35_id9_0001,train,fake,/workspace/data/raw/celebdf/Celeb-synthesis/id35_id9_0001.mp4,celebdf
fake_id35_id9_0002,train,fake,/workspace/data/raw/celebdf/Celeb-synthesis/id35_id9_0002.mp4,celebdf
fake_id35_id9_0003,train,fake,/workspace/data/raw/celebdf/Celeb-synthesis/id35_id9_0003.mp4,celebdf
fake_id35_id9_0004,train,fake,/workspace/data/raw/celebdf/Celeb-synthesis/id35_id9_0004.mp4,celebdf
fake_id35_id9_0005,train,fake,/workspace/data/raw/celebdf/Celeb-synthesis/id35_id9_0005.mp4,celebdf
fake_id35_id9_0006,train,fake,/workspace/data/raw/celebdf/Celeb-synthesis/id35_id9_0006.mp4,celebdf
fake_id35_id9_0007,train,fake,/workspace/data/raw/celebdf/Celeb-synthesis/id35_id9_0007.mp4,celebdf
fake_id35_id9_0008,train,fake,/workspace/data/raw/celebdf/Celeb-synthesis/id35_id9_0008.mp4,celebdf
fake_id35_id9_0009,train,fake,/workspace/data/raw/celebdf/Celeb-synthesis/id35_id9_0009.mp4,celebdf
fake_id37_id16_0000,train,fake,/workspace/data/raw/celebdf/Celeb-synthesis/id37_id16_0000.mp4,celebdf
fake_id37_id16_0001,train,fake,/workspace/data/raw/celebdf/Celeb-synthesis/id37_id16_0001.mp4,celebdf
fake_id37_id16_0002,train,fake,/workspace/data/raw/celebdf/Celeb-synthesis/id37_id16_0002.mp4,celebdf
fake_id37_id16_0003,train,fake,/workspace/data/raw/celebdf/Celeb-synthesis/id37_id16_0003.mp4,celebdf
fake_id37_id16_0005,train,fake,/workspace/data/raw/celebdf/Celeb-synthesis/id37_id16_0005.mp4,celebdf
fake_id37_id16_0006,train,fake,/workspace/data/raw/celebdf/Celeb-synthesis/id37_id16_0006.mp4,celebdf
fake_id37_id16_0008,train,fake,/workspace/data/raw/celebdf/Celeb-synthesis/id37_id16_0008.mp4,celebdf
fake_id37_id17_0000,train,fake,/workspace/data/raw/celebdf/Celeb-synthesis/id37_id17_0000.mp4,celebdf
fake_id37_id17_0001,train,fake,/workspace/data/raw/celebdf/Celeb-synthesis/id37_id17_0001.mp4,celebdf
fake_id37_id17_0002,train,fake,/workspace/data/raw/celebdf/Celeb-synthesis/id37_id17_0002.mp4,celebdf
fake_id37_id17_0003,train,fake,/workspace/data/raw/celebdf/Celeb-synthesis/id37_id17_0003.mp4,celebdf
fake_id37_id17_0005,train,fake,/workspace/data/raw/celebdf/Celeb-synthesis/id37_id17_0005.mp4,celebdf
fake_id37_id17_0007,train,fake,/workspace/data/raw/celebdf/Celeb-synthesis/id37_id17_0007.mp4,celebdf
fake_id37_id17_0009,train,fake,/workspace/data/raw/celebdf/Celeb-synthesis/id37_id17_0009.mp4,celebdf
fake_id37_id1_0001,train,fake,/workspace/data/raw/celebdf/Celeb-synthesis/id37_id1_0001.mp4,celebdf
fake_id37_id1_0003,train,fake,/workspace/data/raw/celebdf/Celeb-synthesis/id37_id1_0003.mp4,celebdf
fake_id37_id1_0004,train,fake,/workspace/data/raw/celebdf/Celeb-synthesis/id37_id1_0004.mp4,celebdf
fake_id37_id1_0005,train,fake,/workspace/data/raw/celebdf/Celeb-synthesis/id37_id1_0005.mp4,celebdf
fake_id37_id1_0007,train,fake,/workspace/data/raw/celebdf/Celeb-synthesis/id37_id1_0007.mp4,celebdf
fake_id37_id1_0008,train,fake,/workspace/data/raw/celebdf/Celeb-synthesis/id37_id1_0008.mp4,celebdf
fake_id37_id1_0009,train,fake,/workspace/data/raw/celebdf/Celeb-synthesis/id37_id1_0009.mp4,celebdf
fake_id37_id20_0000,train,fake,/workspace/data/raw/celebdf/Celeb-synthesis/id37_id20_0000.mp4,celebdf
fake_id37_id20_0001,train,fake,/workspace/data/raw/celebdf/Celeb-synthesis/id37_id20_0001.mp4,celebdf
fake_id37_id20_0002,train,fake,/workspace/data/raw/celebdf/Celeb-synthesis/id37_id20_0002.mp4,celebdf
fake_id37_id20_0004,train,fake,/workspace/data/raw/celebdf/Celeb-synthesis/id37_id20_0004.mp4,celebdf
fake_id37_id20_0005,train,fake,/workspace/data/raw/celebdf/Celeb-synthesis/id37_id20_0005.mp4,celebdf
fake_id37_id20_0008,train,fake,/workspace/data/raw/celebdf/Celeb-synthesis/id37_id20_0008.mp4,celebdf
fake_id37_id21_0001,train,fake,/workspace/data/raw/celebdf/Celeb-synthesis/id37_id21_0001.mp4,celebdf
fake_id37_id21_0002,train,fake,/workspace/data/raw/celebdf/Celeb-synthesis/id37_id21_0002.mp4,celebdf
fake_id37_id21_0006,train,fake,/workspace/data/raw/celebdf/Celeb-synthesis/id37_id21_0006.mp4,celebdf
fake_id37_id21_0007,train,fake,/workspace/data/raw/celebdf/Celeb-synthesis/id37_id21_0007.mp4,celebdf
fake_id37_id21_0008,train,fake,/workspace/data/raw/celebdf/Celeb-synthesis/id37_id21_0008.mp4,celebdf
fake_id37_id21_0009,train,fake,/workspace/data/raw/celebdf/Celeb-synthesis/id37_id21_0009.mp4,celebdf
fake_id37_id23_0002,train,fake,/workspace/data/raw/celebdf/Celeb-synthesis/id37_id23_0002.mp4,celebdf
fake_id37_id23_0003,train,fake,/workspace/data/raw/celebdf/Celeb-synthesis/id37_id23_0003.mp4,celebdf
fake_id37_id23_0005,train,fake,/workspace/data/raw/celebdf/Celeb-synthesis/id37_id23_0005.mp4,celebdf
fake_id37_id23_0008,train,fake,/workspace/data/raw/celebdf/Celeb-synthesis/id37_id23_0008.mp4,celebdf
fake_id37_id26_0000,train,fake,/workspace/data/raw/celebdf/Celeb-synthesis/id37_id26_0000.mp4,celebdf
fake_id37_id26_0001,train,fake,/workspace/data/raw/celebdf/Celeb-synthesis/id37_id26_0001.mp4,celebdf
fake_id37_id26_0002,train,fake,/workspace/data/raw/celebdf/Celeb-synthesis/id37_id26_0002.mp4,celebdf
fake_id37_id26_0003,train,fake,/workspace/data/raw/celebdf/Celeb-synthesis/id37_id26_0003.mp4,celebdf
fake_id37_id26_0005,train,fake,/workspace/data/raw/celebdf/Celeb-synthesis/id37_id26_0005.mp4,celebdf
fake_id37_id26_0006,train,fake,/workspace/data/raw/celebdf/Celeb-synthesis/id37_id26_0006.mp4,celebdf
fake_id37_id26_0007,train,fake,/workspace/data/raw/celebdf/Celeb-synthesis/id37_id26_0007.mp4,celebdf
fake_id37_id26_0008,train,fake,/workspace/data/raw/celebdf/Celeb-synthesis/id37_id26_0008.mp4,celebdf
fake_id37_id26_0009,train,fake,/workspace/data/raw/celebdf/Celeb-synthesis/id37_id26_0009.mp4,celebdf
fake_id37_id28_0000,train,fake,/workspace/data/raw/celebdf/Celeb-synthesis/id37_id28_0000.mp4,celebdf
fake_id37_id28_0001,train,fake,/workspace/data/raw/celebdf/Celeb-synthesis/id37_id28_0001.mp4,celebdf
fake_id37_id28_0002,train,fake,/workspace/data/raw/celebdf/Celeb-synthesis/id37_id28_0002.mp4,celebdf
fake_id37_id28_0003,train,fake,/workspace/data/raw/celebdf/Celeb-synthesis/id37_id28_0003.mp4,celebdf
fake_id37_id28_0004,train,fake,/workspace/data/raw/celebdf/Celeb-synthesis/id37_id28_0004.mp4,celebdf
fake_id37_id28_0006,train,fake,/workspace/data/raw/celebdf/Celeb-synthesis/id37_id28_0006.mp4,celebdf
fake_id37_id29_0000,train,fake,/workspace/data/raw/celebdf/Celeb-synthesis/id37_id29_0000.mp4,celebdf
fake_id37_id29_0001,train,fake,/workspace/data/raw/celebdf/Celeb-synthesis/id37_id29_0001.mp4,celebdf
fake_id37_id29_0003,train,fake,/workspace/data/raw/celebdf/Celeb-synthesis/id37_id29_0003.mp4,celebdf
fake_id37_id29_0005,train,fake,/workspace/data/raw/celebdf/Celeb-synthesis/id37_id29_0005.mp4,celebdf
fake_id37_id29_0006,train,fake,/workspace/data/raw/celebdf/Celeb-synthesis/id37_id29_0006.mp4,celebdf
fake_id37_id29_0007,train,fake,/workspace/data/raw/celebdf/Celeb-synthesis/id37_id29_0007.mp4,celebdf
fake_id37_id29_0008,train,fake,/workspace/data/raw/celebdf/Celeb-synthesis/id37_id29_0008.mp4,celebdf
fake_id37_id29_0009,train,fake,/workspace/data/raw/celebdf/Celeb-synthesis/id37_id29_0009.mp4,celebdf
fake_id37_id2_0000,train,fake,/workspace/data/raw/celebdf/Celeb-synthesis/id37_id2_0000.mp4,celebdf
fake_id37_id2_0001,train,fake,/workspace/data/raw/celebdf/Celeb-synthesis/id37_id2_0001.mp4,celebdf
fake_id37_id2_0002,train,fake,/workspace/data/raw/celebdf/Celeb-synthesis/id37_id2_0002.mp4,celebdf
fake_id37_id2_0003,train,fake,/workspace/data/raw/celebdf/Celeb-synthesis/id37_id2_0003.mp4,celebdf
fake_id37_id2_0004,train,fake,/workspace/data/raw/celebdf/Celeb-synthesis/id37_id2_0004.mp4,celebdf
fake_id37_id2_0005,train,fake,/workspace/data/raw/celebdf/Celeb-synthesis/id37_id2_0005.mp4,celebdf
fake_id37_id2_0006,train,fake,/workspace/data/raw/celebdf/Celeb-synthesis/id37_id2_0006.mp4,celebdf
fake_id37_id2_0007,train,fake,/workspace/data/raw/celebdf/Celeb-synthesis/id37_id2_0007.mp4,celebdf
fake_id37_id2_0008,train,fake,/workspace/data/raw/celebdf/Celeb-synthesis/id37_id2_0008.mp4,celebdf
fake_id37_id30_0000,train,fake,/workspace/data/raw/celebdf/Celeb-synthesis/id37_id30_0000.mp4,celebdf
fake_id37_id30_0001,train,fake,/workspace/data/raw/celebdf/Celeb-synthesis/id37_id30_0001.mp4,celebdf
fake_id37_id30_0002,train,fake,/workspace/data/raw/celebdf/Celeb-synthesis/id37_id30_0002.mp4,celebdf
fake_id37_id30_0003,train,fake,/workspace/data/raw/celebdf/Celeb-synthesis/id37_id30_0003.mp4,celebdf
fake_id37_id30_0004,train,fake,/workspace/data/raw/celebdf/Celeb-synthesis/id37_id30_0004.mp4,celebdf
fake_id37_id30_0005,train,fake,/workspace/data/raw/celebdf/Celeb-synthesis/id37_id30_0005.mp4,celebdf
fake_id37_id30_0006,train,fake,/workspace/data/raw/celebdf/Celeb-synthesis/id37_id30_0006.mp4,celebdf
fake_id37_id30_0007,train,fake,/workspace/data/raw/celebdf/Celeb-synthesis/id37_id30_0007.mp4,celebdf
fake_id37_id30_0008,train,fake,/workspace/data/raw/celebdf/Celeb-synthesis/id37_id30_0008.mp4,celebdf
fake_id37_id31_0000,train,fake,/workspace/data/raw/celebdf/Celeb-synthesis/id37_id31_0000.mp4,celebdf
fake_id37_id31_0001,train,fake,/workspace/data/raw/celebdf/Celeb-synthesis/id37_id31_0001.mp4,celebdf
fake_id37_id31_0002,train,fake,/workspace/data/raw/celebdf/Celeb-synthesis/id37_id31_0002.mp4,celebdf
fake_id37_id31_0003,train,fake,/workspace/data/raw/celebdf/Celeb-synthesis/id37_id31_0003.mp4,celebdf
fake_id37_id31_0004,train,fake,/workspace/data/raw/celebdf/Celeb-synthesis/id37_id31_0004.mp4,celebdf
fake_id37_id31_0005,train,fake,/workspace/data/raw/celebdf/Celeb-synthesis/id37_id31_0005.mp4,celebdf
fake_id37_id31_0006,train,fake,/workspace/data/raw/celebdf/Celeb-synthesis/id37_id31_0006.mp4,celebdf
fake_id37_id31_0007,train,fake,/workspace/data/raw/celebdf/Celeb-synthesis/id37_id31_0007.mp4,celebdf
fake_id37_id31_0009,train,fake,/workspace/data/raw/celebdf/Celeb-synthesis/id37_id31_0009.mp4,celebdf
fake_id37_id32_0000,train,fake,/workspace/data/raw/celebdf/Celeb-synthesis/id37_id32_0000.mp4,celebdf
fake_id37_id32_0001,train,fake,/workspace/data/raw/celebdf/Celeb-synthesis/id37_id32_0001.mp4,celebdf
fake_id37_id32_0002,train,fake,/workspace/data/raw/celebdf/Celeb-synthesis/id37_id32_0002.mp4,celebdf
fake_id37_id32_0003,train,fake,/workspace/data/raw/celebdf/Celeb-synthesis/id37_id32_0003.mp4,celebdf
fake_id37_id32_0004,train,fake,/workspace/data/raw/celebdf/Celeb-synthesis/id37_id32_0004.mp4,celebdf
fake_id37_id32_0005,train,fake,/workspace/data/raw/celebdf/Celeb-synthesis/id37_id32_0005.mp4,celebdf
fake_id37_id32_0006,train,fake,/workspace/data/raw/celebdf/Celeb-synthesis/id37_id32_0006.mp4,celebdf
fake_id37_id32_0007,train,fake,/workspace/data/raw/celebdf/Celeb-synthesis/id37_id32_0007.mp4,celebdf
fake_id37_id32_0008,train,fake,/workspace/data/raw/celebdf/Celeb-synthesis/id37_id32_0008.mp4,celebdf
fake_id37_id33_0000,train,fake,/workspace/data/raw/celebdf/Celeb-synthesis/id37_id33_0000.mp4,celebdf
fake_id37_id33_0001,train,fake,/workspace/data/raw/celebdf/Celeb-synthesis/id37_id33_0001.mp4,celebdf
fake_id37_id33_0002,train,fake,/workspace/data/raw/celebdf/Celeb-synthesis/id37_id33_0002.mp4,celebdf
fake_id37_id33_0003,train,fake,/workspace/data/raw/celebdf/Celeb-synthesis/id37_id33_0003.mp4,celebdf
fake_id37_id33_0005,train,fake,/workspace/data/raw/celebdf/Celeb-synthesis/id37_id33_0005.mp4,celebdf
fake_id37_id33_0006,train,fake,/workspace/data/raw/celebdf/Celeb-synthesis/id37_id33_0006.mp4,celebdf
fake_id37_id33_0007,train,fake,/workspace/data/raw/celebdf/Celeb-synthesis/id37_id33_0007.mp4,celebdf
fake_id37_id33_0008,train,fake,/workspace/data/raw/celebdf/Celeb-synthesis/id37_id33_0008.mp4,celebdf
fake_id37_id33_0009,train,fake,/workspace/data/raw/celebdf/Celeb-synthesis/id37_id33_0009.mp4,celebdf
fake_id37_id34_0000,train,fake,/workspace/data/raw/celebdf/Celeb-synthesis/id37_id34_0000.mp4,celebdf
fake_id37_id34_0001,train,fake,/workspace/data/raw/celebdf/Celeb-synthesis/id37_id34_0001.mp4,celebdf
fake_id37_id34_0002,train,fake,/workspace/data/raw/celebdf/Celeb-synthesis/id37_id34_0002.mp4,celebdf
fake_id37_id34_0003,train,fake,/workspace/data/raw/celebdf/Celeb-synthesis/id37_id34_0003.mp4,celebdf
fake_id37_id34_0005,train,fake,/workspace/data/raw/celebdf/Celeb-synthesis/id37_id34_0005.mp4,celebdf
fake_id37_id34_0006,train,fake,/workspace/data/raw/celebdf/Celeb-synthesis/id37_id34_0006.mp4,celebdf
fake_id37_id35_0000,train,fake,/workspace/data/raw/celebdf/Celeb-synthesis/id37_id35_0000.mp4,celebdf
fake_id37_id35_0002,train,fake,/workspace/data/raw/celebdf/Celeb-synthesis/id37_id35_0002.mp4,celebdf
fake_id37_id35_0003,train,fake,/workspace/data/raw/celebdf/Celeb-synthesis/id37_id35_0003.mp4,celebdf
fake_id37_id35_0004,train,fake,/workspace/data/raw/celebdf/Celeb-synthesis/id37_id35_0004.mp4,celebdf
fake_id37_id35_0007,train,fake,/workspace/data/raw/celebdf/Celeb-synthesis/id37_id35_0007.mp4,celebdf
fake_id37_id35_0008,train,fake,/workspace/data/raw/celebdf/Celeb-synthesis/id37_id35_0008.mp4,celebdf
fake_id37_id35_0009,train,fake,/workspace/data/raw/celebdf/Celeb-synthesis/id37_id35_0009.mp4,celebdf
fake_id37_id38_0000,train,fake,/workspace/data/raw/celebdf/Celeb-synthesis/id37_id38_0000.mp4,celebdf
fake_id37_id38_0001,train,fake,/workspace/data/raw/celebdf/Celeb-synthesis/id37_id38_0001.mp4,celebdf
fake_id37_id38_0003,train,fake,/workspace/data/raw/celebdf/Celeb-synthesis/id37_id38_0003.mp4,celebdf
fake_id37_id38_0005,train,fake,/workspace/data/raw/celebdf/Celeb-synthesis/id37_id38_0005.mp4,celebdf
fake_id37_id38_0007,train,fake,/workspace/data/raw/celebdf/Celeb-synthesis/id37_id38_0007.mp4,celebdf
fake_id37_id38_0008,train,fake,/workspace/data/raw/celebdf/Celeb-synthesis/id37_id38_0008.mp4,celebdf
fake_id37_id3_0000,train,fake,/workspace/data/raw/celebdf/Celeb-synthesis/id37_id3_0000.mp4,celebdf
fake_id37_id3_0001,train,fake,/workspace/data/raw/celebdf/Celeb-synthesis/id37_id3_0001.mp4,celebdf
fake_id37_id3_0002,train,fake,/workspace/data/raw/celebdf/Celeb-synthesis/id37_id3_0002.mp4,celebdf
fake_id37_id3_0003,train,fake,/workspace/data/raw/celebdf/Celeb-synthesis/id37_id3_0003.mp4,celebdf
fake_id37_id3_0005,train,fake,/workspace/data/raw/celebdf/Celeb-synthesis/id37_id3_0005.mp4,celebdf
fake_id37_id3_0007,train,fake,/workspace/data/raw/celebdf/Celeb-synthesis/id37_id3_0007.mp4,celebdf
fake_id37_id3_0008,train,fake,/workspace/data/raw/celebdf/Celeb-synthesis/id37_id3_0008.mp4,celebdf
fake_id37_id3_0009,train,fake,/workspace/data/raw/celebdf/Celeb-synthesis/id37_id3_0009.mp4,celebdf
fake_id37_id4_0001,train,fake,/workspace/data/raw/celebdf/Celeb-synthesis/id37_id4_0001.mp4,celebdf
fake_id37_id4_0002,train,fake,/workspace/data/raw/celebdf/Celeb-synthesis/id37_id4_0002.mp4,celebdf
fake_id37_id4_0003,train,fake,/workspace/data/raw/celebdf/Celeb-synthesis/id37_id4_0003.mp4,celebdf
fake_id37_id4_0004,train,fake,/workspace/data/raw/celebdf/Celeb-synthesis/id37_id4_0004.mp4,celebdf
fake_id37_id4_0005,train,fake,/workspace/data/raw/celebdf/Celeb-synthesis/id37_id4_0005.mp4,celebdf
fake_id37_id4_0006,train,fake,/workspace/data/raw/celebdf/Celeb-synthesis/id37_id4_0006.mp4,celebdf
fake_id37_id4_0007,train,fake,/workspace/data/raw/celebdf/Celeb-synthesis/id37_id4_0007.mp4,celebdf
fake_id37_id4_0008,train,fake,/workspace/data/raw/celebdf/Celeb-synthesis/id37_id4_0008.mp4,celebdf
fake_id37_id4_0009,train,fake,/workspace/data/raw/celebdf/Celeb-synthesis/id37_id4_0009.mp4,celebdf
fake_id37_id6_0000,train,fake,/workspace/data/raw/celebdf/Celeb-synthesis/id37_id6_0000.mp4,celebdf
fake_id37_id6_0001,train,fake,/workspace/data/raw/celebdf/Celeb-synthesis/id37_id6_0001.mp4,celebdf
fake_id37_id6_0002,train,fake,/workspace/data/raw/celebdf/Celeb-synthesis/id37_id6_0002.mp4,celebdf
fake_id37_id6_0003,train,fake,/workspace/data/raw/celebdf/Celeb-synthesis/id37_id6_0003.mp4,celebdf
fake_id37_id6_0005,train,fake,/workspace/data/raw/celebdf/Celeb-synthesis/id37_id6_0005.mp4,celebdf
fake_id37_id6_0006,train,fake,/workspace/data/raw/celebdf/Celeb-synthesis/id37_id6_0006.mp4,celebdf
fake_id37_id6_0007,train,fake,/workspace/data/raw/celebdf/Celeb-synthesis/id37_id6_0007.mp4,celebdf
fake_id37_id6_0008,train,fake,/workspace/data/raw/celebdf/Celeb-synthesis/id37_id6_0008.mp4,celebdf
fake_id37_id9_0000,train,fake,/workspace/data/raw/celebdf/Celeb-synthesis/id37_id9_0000.mp4,celebdf
fake_id37_id9_0001,train,fake,/workspace/data/raw/celebdf/Celeb-synthesis/id37_id9_0001.mp4,celebdf
fake_id37_id9_0002,train,fake,/workspace/data/raw/celebdf/Celeb-synthesis/id37_id9_0002.mp4,celebdf
fake_id37_id9_0003,train,fake,/workspace/data/raw/celebdf/Celeb-synthesis/id37_id9_0003.mp4,celebdf
fake_id37_id9_0005,train,fake,/workspace/data/raw/celebdf/Celeb-synthesis/id37_id9_0005.mp4,celebdf
fake_id37_id9_0007,train,fake,/workspace/data/raw/celebdf/Celeb-synthesis/id37_id9_0007.mp4,celebdf
fake_id37_id9_0008,train,fake,/workspace/data/raw/celebdf/Celeb-synthesis/id37_id9_0008.mp4,celebdf
fake_id37_id9_0009,train,fake,/workspace/data/raw/celebdf/Celeb-synthesis/id37_id9_0009.mp4,celebdf
fake_id38_id20_0000,train,fake,/workspace/data/raw/celebdf/Celeb-synthesis/id38_id20_0000.mp4,celebdf
fake_id38_id20_0002,train,fake,/workspace/data/raw/celebdf/Celeb-synthesis/id38_id20_0002.mp4,celebdf
fake_id38_id20_0005,train,fake,/workspace/data/raw/celebdf/Celeb-synthesis/id38_id20_0005.mp4,celebdf
fake_id38_id21_0000,train,fake,/workspace/data/raw/celebdf/Celeb-synthesis/id38_id21_0000.mp4,celebdf
fake_id38_id21_0001,train,fake,/workspace/data/raw/celebdf/Celeb-synthesis/id38_id21_0001.mp4,celebdf
fake_id38_id21_0004,train,fake,/workspace/data/raw/celebdf/Celeb-synthesis/id38_id21_0004.mp4,celebdf
fake_id38_id21_0005,train,fake,/workspace/data/raw/celebdf/Celeb-synthesis/id38_id21_0005.mp4,celebdf
fake_id38_id21_0008,train,fake,/workspace/data/raw/celebdf/Celeb-synthesis/id38_id21_0008.mp4,celebdf
fake_id38_id23_0000,train,fake,/workspace/data/raw/celebdf/Celeb-synthesis/id38_id23_0000.mp4,celebdf
fake_id38_id23_0001,train,fake,/workspace/data/raw/celebdf/Celeb-synthesis/id38_id23_0001.mp4,celebdf
fake_id38_id23_0002,train,fake,/workspace/data/raw/celebdf/Celeb-synthesis/id38_id23_0002.mp4,celebdf
fake_id38_id23_0004,train,fake,/workspace/data/raw/celebdf/Celeb-synthesis/id38_id23_0004.mp4,celebdf
fake_id38_id23_0005,train,fake,/workspace/data/raw/celebdf/Celeb-synthesis/id38_id23_0005.mp4,celebdf
fake_id38_id23_0006,train,fake,/workspace/data/raw/celebdf/Celeb-synthesis/id38_id23_0006.mp4,celebdf
fake_id38_id23_0007,train,fake,/workspace/data/raw/celebdf/Celeb-synthesis/id38_id23_0007.mp4,celebdf
fake_id38_id23_0009,train,fake,/workspace/data/raw/celebdf/Celeb-synthesis/id38_id23_0009.mp4,celebdf
fake_id38_id26_0000,train,fake,/workspace/data/raw/celebdf/Celeb-synthesis/id38_id26_0000.mp4,celebdf
fake_id38_id26_0001,train,fake,/workspace/data/raw/celebdf/Celeb-synthesis/id38_id26_0001.mp4,celebdf
fake_id38_id26_0004,train,fake,/workspace/data/raw/celebdf/Celeb-synthesis/id38_id26_0004.mp4,celebdf
fake_id38_id26_0005,train,fake,/workspace/data/raw/celebdf/Celeb-synthesis/id38_id26_0005.mp4,celebdf
fake_id38_id26_0006,train,fake,/workspace/data/raw/celebdf/Celeb-synthesis/id38_id26_0006.mp4,celebdf
fake_id38_id26_0007,train,fake,/workspace/data/raw/celebdf/Celeb-synthesis/id38_id26_0007.mp4,celebdf
fake_id38_id26_0008,train,fake,/workspace/data/raw/celebdf/Celeb-synthesis/id38_id26_0008.mp4,celebdf
fake_id38_id28_0001,train,fake,/workspace/data/raw/celebdf/Celeb-synthesis/id38_id28_0001.mp4,celebdf
fake_id38_id28_0002,train,fake,/workspace/data/raw/celebdf/Celeb-synthesis/id38_id28_0002.mp4,celebdf
fake_id38_id28_0003,train,fake,/workspace/data/raw/celebdf/Celeb-synthesis/id38_id28_0003.mp4,celebdf
fake_id38_id28_0004,train,fake,/workspace/data/raw/celebdf/Celeb-synthesis/id38_id28_0004.mp4,celebdf
fake_id38_id28_0005,train,fake,/workspace/data/raw/celebdf/Celeb-synthesis/id38_id28_0005.mp4,celebdf
fake_id38_id28_0006,train,fake,/workspace/data/raw/celebdf/Celeb-synthesis/id38_id28_0006.mp4,celebdf
fake_id38_id28_0007,train,fake,/workspace/data/raw/celebdf/Celeb-synthesis/id38_id28_0007.mp4,celebdf
fake_id38_id28_0008,train,fake,/workspace/data/raw/celebdf/Celeb-synthesis/id38_id28_0008.mp4,celebdf
fake_id38_id28_0009,train,fake,/workspace/data/raw/celebdf/Celeb-synthesis/id38_id28_0009.mp4,celebdf
fake_id38_id29_0000,train,fake,/workspace/data/raw/celebdf/Celeb-synthesis/id38_id29_0000.mp4,celebdf
fake_id38_id29_0001,train,fake,/workspace/data/raw/celebdf/Celeb-synthesis/id38_id29_0001.mp4,celebdf
fake_id38_id29_0002,train,fake,/workspace/data/raw/celebdf/Celeb-synthesis/id38_id29_0002.mp4,celebdf
fake_id38_id29_0004,train,fake,/workspace/data/raw/celebdf/Celeb-synthesis/id38_id29_0004.mp4,celebdf
fake_id38_id29_0005,train,fake,/workspace/data/raw/celebdf/Celeb-synthesis/id38_id29_0005.mp4,celebdf
fake_id38_id29_0006,train,fake,/workspace/data/raw/celebdf/Celeb-synthesis/id38_id29_0006.mp4,celebdf
fake_id38_id29_0007,train,fake,/workspace/data/raw/celebdf/Celeb-synthesis/id38_id29_0007.mp4,celebdf
fake_id38_id29_0008,train,fake,/workspace/data/raw/celebdf/Celeb-synthesis/id38_id29_0008.mp4,celebdf
fake_id38_id29_0009,train,fake,/workspace/data/raw/celebdf/Celeb-synthesis/id38_id29_0009.mp4,celebdf
fake_id38_id30_0000,train,fake,/workspace/data/raw/celebdf/Celeb-synthesis/id38_id30_0000.mp4,celebdf
fake_id38_id30_0001,train,fake,/workspace/data/raw/celebdf/Celeb-synthesis/id38_id30_0001.mp4,celebdf
fake_id38_id30_0002,train,fake,/workspace/data/raw/celebdf/Celeb-synthesis/id38_id30_0002.mp4,celebdf
fake_id38_id30_0003,train,fake,/workspace/data/raw/celebdf/Celeb-synthesis/id38_id30_0003.mp4,celebdf
fake_id38_id30_0004,train,fake,/workspace/data/raw/celebdf/Celeb-synthesis/id38_id30_0004.mp4,celebdf
fake_id38_id30_0005,train,fake,/workspace/data/raw/celebdf/Celeb-synthesis/id38_id30_0005.mp4,celebdf
fake_id38_id30_0007,train,fake,/workspace/data/raw/celebdf/Celeb-synthesis/id38_id30_0007.mp4,celebdf
fake_id38_id30_0008,train,fake,/workspace/data/raw/celebdf/Celeb-synthesis/id38_id30_0008.mp4,celebdf
fake_id38_id30_0009,train,fake,/workspace/data/raw/celebdf/Celeb-synthesis/id38_id30_0009.mp4,celebdf
fake_id38_id31_0000,train,fake,/workspace/data/raw/celebdf/Celeb-synthesis/id38_id31_0000.mp4,celebdf
fake_id38_id31_0001,train,fake,/workspace/data/raw/celebdf/Celeb-synthesis/id38_id31_0001.mp4,celebdf
fake_id38_id31_0002,train,fake,/workspace/data/raw/celebdf/Celeb-synthesis/id38_id31_0002.mp4,celebdf
fake_id38_id31_0003,train,fake,/workspace/data/raw/celebdf/Celeb-synthesis/id38_id31_0003.mp4,celebdf
fake_id38_id31_0004,train,fake,/workspace/data/raw/celebdf/Celeb-synthesis/id38_id31_0004.mp4,celebdf
fake_id38_id31_0005,train,fake,/workspace/data/raw/celebdf/Celeb-synthesis/id38_id31_0005.mp4,celebdf
fake_id38_id31_0006,train,fake,/workspace/data/raw/celebdf/Celeb-synthesis/id38_id31_0006.mp4,celebdf
fake_id38_id31_0007,train,fake,/workspace/data/raw/celebdf/Celeb-synthesis/id38_id31_0007.mp4,celebdf
fake_id38_id31_0008,train,fake,/workspace/data/raw/celebdf/Celeb-synthesis/id38_id31_0008.mp4,celebdf
fake_id38_id31_0009,train,fake,/workspace/data/raw/celebdf/Celeb-synthesis/id38_id31_0009.mp4,celebdf
fake_id38_id32_0001,train,fake,/workspace/data/raw/celebdf/Celeb-synthesis/id38_id32_0001.mp4,celebdf
fake_id38_id32_0005,train,fake,/workspace/data/raw/celebdf/Celeb-synthesis/id38_id32_0005.mp4,celebdf
fake_id38_id32_0007,train,fake,/workspace/data/raw/celebdf/Celeb-synthesis/id38_id32_0007.mp4,celebdf
fake_id38_id32_0008,train,fake,/workspace/data/raw/celebdf/Celeb-synthesis/id38_id32_0008.mp4,celebdf
fake_id38_id33_0000,train,fake,/workspace/data/raw/celebdf/Celeb-synthesis/id38_id33_0000.mp4,celebdf
fake_id38_id33_0001,train,fake,/workspace/data/raw/celebdf/Celeb-synthesis/id38_id33_0001.mp4,celebdf
fake_id38_id33_0002,train,fake,/workspace/data/raw/celebdf/Celeb-synthesis/id38_id33_0002.mp4,celebdf
fake_id38_id33_0003,train,fake,/workspace/data/raw/celebdf/Celeb-synthesis/id38_id33_0003.mp4,celebdf
fake_id38_id33_0004,train,fake,/workspace/data/raw/celebdf/Celeb-synthesis/id38_id33_0004.mp4,celebdf
fake_id38_id33_0006,train,fake,/workspace/data/raw/celebdf/Celeb-synthesis/id38_id33_0006.mp4,celebdf
fake_id38_id33_0007,train,fake,/workspace/data/raw/celebdf/Celeb-synthesis/id38_id33_0007.mp4,celebdf
fake_id38_id33_0008,train,fake,/workspace/data/raw/celebdf/Celeb-synthesis/id38_id33_0008.mp4,celebdf
fake_id38_id33_0009,train,fake,/workspace/data/raw/celebdf/Celeb-synthesis/id38_id33_0009.mp4,celebdf
fake_id38_id34_0000,train,fake,/workspace/data/raw/celebdf/Celeb-synthesis/id38_id34_0000.mp4,celebdf
fake_id38_id34_0001,train,fake,/workspace/data/raw/celebdf/Celeb-synthesis/id38_id34_0001.mp4,celebdf
fake_id38_id34_0002,train,fake,/workspace/data/raw/celebdf/Celeb-synthesis/id38_id34_0002.mp4,celebdf
fake_id38_id34_0005,train,fake,/workspace/data/raw/celebdf/Celeb-synthesis/id38_id34_0005.mp4,celebdf
fake_id38_id34_0006,train,fake,/workspace/data/raw/celebdf/Celeb-synthesis/id38_id34_0006.mp4,celebdf
fake_id38_id34_0007,train,fake,/workspace/data/raw/celebdf/Celeb-synthesis/id38_id34_0007.mp4,celebdf
fake_id38_id34_0008,train,fake,/workspace/data/raw/celebdf/Celeb-synthesis/id38_id34_0008.mp4,celebdf
fake_id38_id34_0009,train,fake,/workspace/data/raw/celebdf/Celeb-synthesis/id38_id34_0009.mp4,celebdf
fake_id38_id35_0000,train,fake,/workspace/data/raw/celebdf/Celeb-synthesis/id38_id35_0000.mp4,celebdf
fake_id38_id35_0001,train,fake,/workspace/data/raw/celebdf/Celeb-synthesis/id38_id35_0001.mp4,celebdf
fake_id38_id35_0002,train,fake,/workspace/data/raw/celebdf/Celeb-synthesis/id38_id35_0002.mp4,celebdf
fake_id38_id35_0003,train,fake,/workspace/data/raw/celebdf/Celeb-synthesis/id38_id35_0003.mp4,celebdf
fake_id38_id35_0004,train,fake,/workspace/data/raw/celebdf/Celeb-synthesis/id38_id35_0004.mp4,celebdf
fake_id38_id35_0005,train,fake,/workspace/data/raw/celebdf/Celeb-synthesis/id38_id35_0005.mp4,celebdf
fake_id38_id35_0006,train,fake,/workspace/data/raw/celebdf/Celeb-synthesis/id38_id35_0006.mp4,celebdf
fake_id38_id35_0007,train,fake,/workspace/data/raw/celebdf/Celeb-synthesis/id38_id35_0007.mp4,celebdf
fake_id38_id35_0009,train,fake,/workspace/data/raw/celebdf/Celeb-synthesis/id38_id35_0009.mp4,celebdf
fake_id38_id37_0000,train,fake,/workspace/data/raw/celebdf/Celeb-synthesis/id38_id37_0000.mp4,celebdf
fake_id38_id37_0001,train,fake,/workspace/data/raw/celebdf/Celeb-synthesis/id38_id37_0001.mp4,celebdf
fake_id38_id37_0002,train,fake,/workspace/data/raw/celebdf/Celeb-synthesis/id38_id37_0002.mp4,celebdf
fake_id38_id37_0003,train,fake,/workspace/data/raw/celebdf/Celeb-synthesis/id38_id37_0003.mp4,celebdf
fake_id38_id37_0004,train,fake,/workspace/data/raw/celebdf/Celeb-synthesis/id38_id37_0004.mp4,celebdf
fake_id38_id37_0005,train,fake,/workspace/data/raw/celebdf/Celeb-synthesis/id38_id37_0005.mp4,celebdf
fake_id38_id37_0006,train,fake,/workspace/data/raw/celebdf/Celeb-synthesis/id38_id37_0006.mp4,celebdf
fake_id38_id37_0007,train,fake,/workspace/data/raw/celebdf/Celeb-synthesis/id38_id37_0007.mp4,celebdf
fake_id38_id37_0008,train,fake,/workspace/data/raw/celebdf/Celeb-synthesis/id38_id37_0008.mp4,celebdf
fake_id38_id37_0009,train,fake,/workspace/data/raw/celebdf/Celeb-synthesis/id38_id37_0009.mp4,celebdf
fake_id39_id40_0000,val,fake,/workspace/data/raw/celebdf/Celeb-synthesis/id39_id40_0000.mp4,celebdf
fake_id39_id40_0001,val,fake,/workspace/data/raw/celebdf/Celeb-synthesis/id39_id40_0001.mp4,celebdf
fake_id39_id40_0002,val,fake,/workspace/data/raw/celebdf/Celeb-synthesis/id39_id40_0002.mp4,celebdf
fake_id39_id40_0003,val,fake,/workspace/data/raw/celebdf/Celeb-synthesis/id39_id40_0003.mp4,celebdf
fake_id39_id40_0004,val,fake,/workspace/data/raw/celebdf/Celeb-synthesis/id39_id40_0004.mp4,celebdf
fake_id39_id40_0005,val,fake,/workspace/data/raw/celebdf/Celeb-synthesis/id39_id40_0005.mp4,celebdf
fake_id39_id40_0007,val,fake,/workspace/data/raw/celebdf/Celeb-synthesis/id39_id40_0007.mp4,celebdf
fake_id39_id40_0009,val,fake,/workspace/data/raw/celebdf/Celeb-synthesis/id39_id40_0009.mp4,celebdf
fake_id39_id42_0000,val,fake,/workspace/data/raw/celebdf/Celeb-synthesis/id39_id42_0000.mp4,celebdf
fake_id39_id42_0001,val,fake,/workspace/data/raw/celebdf/Celeb-synthesis/id39_id42_0001.mp4,celebdf
fake_id39_id42_0002,val,fake,/workspace/data/raw/celebdf/Celeb-synthesis/id39_id42_0002.mp4,celebdf
fake_id39_id42_0003,val,fake,/workspace/data/raw/celebdf/Celeb-synthesis/id39_id42_0003.mp4,celebdf
fake_id39_id42_0004,val,fake,/workspace/data/raw/celebdf/Celeb-synthesis/id39_id42_0004.mp4,celebdf
fake_id39_id42_0005,val,fake,/workspace/data/raw/celebdf/Celeb-synthesis/id39_id42_0005.mp4,celebdf
fake_id39_id42_0006,val,fake,/workspace/data/raw/celebdf/Celeb-synthesis/id39_id42_0006.mp4,celebdf
fake_id39_id42_0007,val,fake,/workspace/data/raw/celebdf/Celeb-synthesis/id39_id42_0007.mp4,celebdf
fake_id39_id42_0008,val,fake,/workspace/data/raw/celebdf/Celeb-synthesis/id39_id42_0008.mp4,celebdf
fake_id39_id43_0000,val,fake,/workspace/data/raw/celebdf/Celeb-synthesis/id39_id43_0000.mp4,celebdf
fake_id39_id43_0001,val,fake,/workspace/data/raw/celebdf/Celeb-synthesis/id39_id43_0001.mp4,celebdf
fake_id39_id43_0002,val,fake,/workspace/data/raw/celebdf/Celeb-synthesis/id39_id43_0002.mp4,celebdf
fake_id39_id43_0003,val,fake,/workspace/data/raw/celebdf/Celeb-synthesis/id39_id43_0003.mp4,celebdf
fake_id39_id43_0004,val,fake,/workspace/data/raw/celebdf/Celeb-synthesis/id39_id43_0004.mp4,celebdf
fake_id39_id43_0006,val,fake,/workspace/data/raw/celebdf/Celeb-synthesis/id39_id43_0006.mp4,celebdf
fake_id39_id43_0007,val,fake,/workspace/data/raw/celebdf/Celeb-synthesis/id39_id43_0007.mp4,celebdf
fake_id39_id43_0008,val,fake,/workspace/data/raw/celebdf/Celeb-synthesis/id39_id43_0008.mp4,celebdf
fake_id39_id43_0009,val,fake,/workspace/data/raw/celebdf/Celeb-synthesis/id39_id43_0009.mp4,celebdf
fake_id39_id44_0001,val,fake,/workspace/data/raw/celebdf/Celeb-synthesis/id39_id44_0001.mp4,celebdf
fake_id39_id44_0002,val,fake,/workspace/data/raw/celebdf/Celeb-synthesis/id39_id44_0002.mp4,celebdf
fake_id39_id44_0003,val,fake,/workspace/data/raw/celebdf/Celeb-synthesis/id39_id44_0003.mp4,celebdf
fake_id39_id44_0004,val,fake,/workspace/data/raw/celebdf/Celeb-synthesis/id39_id44_0004.mp4,celebdf
fake_id39_id44_0005,val,fake,/workspace/data/raw/celebdf/Celeb-synthesis/id39_id44_0005.mp4,celebdf
fake_id39_id44_0006,val,fake,/workspace/data/raw/celebdf/Celeb-synthesis/id39_id44_0006.mp4,celebdf
fake_id39_id44_0007,val,fake,/workspace/data/raw/celebdf/Celeb-synthesis/id39_id44_0007.mp4,celebdf
fake_id39_id44_0009,val,fake,/workspace/data/raw/celebdf/Celeb-synthesis/id39_id44_0009.mp4,celebdf
fake_id39_id45_0000,val,fake,/workspace/data/raw/celebdf/Celeb-synthesis/id39_id45_0000.mp4,celebdf
fake_id39_id45_0001,val,fake,/workspace/data/raw/celebdf/Celeb-synthesis/id39_id45_0001.mp4,celebdf
fake_id39_id45_0002,val,fake,/workspace/data/raw/celebdf/Celeb-synthesis/id39_id45_0002.mp4,celebdf
fake_id39_id45_0003,val,fake,/workspace/data/raw/celebdf/Celeb-synthesis/id39_id45_0003.mp4,celebdf
fake_id39_id45_0004,val,fake,/workspace/data/raw/celebdf/Celeb-synthesis/id39_id45_0004.mp4,celebdf
fake_id39_id45_0005,val,fake,/workspace/data/raw/celebdf/Celeb-synthesis/id39_id45_0005.mp4,celebdf
fake_id39_id45_0006,val,fake,/workspace/data/raw/celebdf/Celeb-synthesis/id39_id45_0006.mp4,celebdf
fake_id39_id45_0007,val,fake,/workspace/data/raw/celebdf/Celeb-synthesis/id39_id45_0007.mp4,celebdf
fake_id39_id45_0008,val,fake,/workspace/data/raw/celebdf/Celeb-synthesis/id39_id45_0008.mp4,celebdf
fake_id39_id45_0009,val,fake,/workspace/data/raw/celebdf/Celeb-synthesis/id39_id45_0009.mp4,celebdf
fake_id39_id46_0000,val,fake,/workspace/data/raw/celebdf/Celeb-synthesis/id39_id46_0000.mp4,celebdf
fake_id39_id46_0001,val,fake,/workspace/data/raw/celebdf/Celeb-synthesis/id39_id46_0001.mp4,celebdf
fake_id39_id46_0002,val,fake,/workspace/data/raw/celebdf/Celeb-synthesis/id39_id46_0002.mp4,celebdf
fake_id39_id46_0003,val,fake,/workspace/data/raw/celebdf/Celeb-synthesis/id39_id46_0003.mp4,celebdf
fake_id39_id46_0004,val,fake,/workspace/data/raw/celebdf/Celeb-synthesis/id39_id46_0004.mp4,celebdf
fake_id39_id46_0006,val,fake,/workspace/data/raw/celebdf/Celeb-synthesis/id39_id46_0006.mp4,celebdf
fake_id39_id46_0007,val,fake,/workspace/data/raw/celebdf/Celeb-synthesis/id39_id46_0007.mp4,celebdf
fake_id39_id46_0008,val,fake,/workspace/data/raw/celebdf/Celeb-synthesis/id39_id46_0008.mp4,celebdf
fake_id39_id47_0000,val,fake,/workspace/data/raw/celebdf/Celeb-synthesis/id39_id47_0000.mp4,celebdf
fake_id39_id47_0001,val,fake,/workspace/data/raw/celebdf/Celeb-synthesis/id39_id47_0001.mp4,celebdf
fake_id39_id47_0002,val,fake,/workspace/data/raw/celebdf/Celeb-synthesis/id39_id47_0002.mp4,celebdf
fake_id39_id47_0003,val,fake,/workspace/data/raw/celebdf/Celeb-synthesis/id39_id47_0003.mp4,celebdf
fake_id39_id47_0005,val,fake,/workspace/data/raw/celebdf/Celeb-synthesis/id39_id47_0005.mp4,celebdf
fake_id39_id47_0007,val,fake,/workspace/data/raw/celebdf/Celeb-synthesis/id39_id47_0007.mp4,celebdf
fake_id39_id47_0008,val,fake,/workspace/data/raw/celebdf/Celeb-synthesis/id39_id47_0008.mp4,celebdf
fake_id39_id47_0009,val,fake,/workspace/data/raw/celebdf/Celeb-synthesis/id39_id47_0009.mp4,celebdf
fake_id39_id48_0000,val,fake,/workspace/data/raw/celebdf/Celeb-synthesis/id39_id48_0000.mp4,celebdf
fake_id39_id48_0001,val,fake,/workspace/data/raw/celebdf/Celeb-synthesis/id39_id48_0001.mp4,celebdf
fake_id39_id48_0002,val,fake,/workspace/data/raw/celebdf/Celeb-synthesis/id39_id48_0002.mp4,celebdf
fake_id39_id48_0003,val,fake,/workspace/data/raw/celebdf/Celeb-synthesis/id39_id48_0003.mp4,celebdf
fake_id39_id48_0004,val,fake,/workspace/data/raw/celebdf/Celeb-synthesis/id39_id48_0004.mp4,celebdf
fake_id39_id48_0006,val,fake,/workspace/data/raw/celebdf/Celeb-synthesis/id39_id48_0006.mp4,celebdf
fake_id39_id48_0007,val,fake,/workspace/data/raw/celebdf/Celeb-synthesis/id39_id48_0007.mp4,celebdf
fake_id39_id48_0008,val,fake,/workspace/data/raw/celebdf/Celeb-synthesis/id39_id48_0008.mp4,celebdf
fake_id39_id48_0009,val,fake,/workspace/data/raw/celebdf/Celeb-synthesis/id39_id48_0009.mp4,celebdf
fake_id3_id0_0000,train,fake,/workspace/data/raw/celebdf/Celeb-synthesis/id3_id0_0000.mp4,celebdf
fake_id3_id0_0001,train,fake,/workspace/data/raw/celebdf/Celeb-synthesis/id3_id0_0001.mp4,celebdf
fake_id3_id0_0002,train,fake,/workspace/data/raw/celebdf/Celeb-synthesis/id3_id0_0002.mp4,celebdf
fake_id3_id0_0003,train,fake,/workspace/data/raw/celebdf/Celeb-synthesis/id3_id0_0003.mp4,celebdf
fake_id3_id0_0004,train,fake,/workspace/data/raw/celebdf/Celeb-synthesis/id3_id0_0004.mp4,celebdf
fake_id3_id0_0005,train,fake,/workspace/data/raw/celebdf/Celeb-synthesis/id3_id0_0005.mp4,celebdf
fake_id3_id0_0006,train,fake,/workspace/data/raw/celebdf/Celeb-synthesis/id3_id0_0006.mp4,celebdf
fake_id3_id0_0007,train,fake,/workspace/data/raw/celebdf/Celeb-synthesis/id3_id0_0007.mp4,celebdf
fake_id3_id0_0008,train,fake,/workspace/data/raw/celebdf/Celeb-synthesis/id3_id0_0008.mp4,celebdf
fake_id3_id0_0009,train,fake,/workspace/data/raw/celebdf/Celeb-synthesis/id3_id0_0009.mp4,celebdf
fake_id3_id16_0000,train,fake,/workspace/data/raw/celebdf/Celeb-synthesis/id3_id16_0000.mp4,celebdf
fake_id3_id16_0002,train,fake,/workspace/data/raw/celebdf/Celeb-synthesis/id3_id16_0002.mp4,celebdf
fake_id3_id16_0003,train,fake,/workspace/data/raw/celebdf/Celeb-synthesis/id3_id16_0003.mp4,celebdf
fake_id3_id16_0004,train,fake,/workspace/data/raw/celebdf/Celeb-synthesis/id3_id16_0004.mp4,celebdf
fake_id3_id16_0005,train,fake,/workspace/data/raw/celebdf/Celeb-synthesis/id3_id16_0005.mp4,celebdf
fake_id3_id16_0006,train,fake,/workspace/data/raw/celebdf/Celeb-synthesis/id3_id16_0006.mp4,celebdf
fake_id3_id16_0008,train,fake,/workspace/data/raw/celebdf/Celeb-synthesis/id3_id16_0008.mp4,celebdf
fake_id3_id16_0009,train,fake,/workspace/data/raw/celebdf/Celeb-synthesis/id3_id16_0009.mp4,celebdf
fake_id3_id17_0000,train,fake,/workspace/data/raw/celebdf/Celeb-synthesis/id3_id17_0000.mp4,celebdf
fake_id3_id17_0001,train,fake,/workspace/data/raw/celebdf/Celeb-synthesis/id3_id17_0001.mp4,celebdf
fake_id3_id17_0002,train,fake,/workspace/data/raw/celebdf/Celeb-synthesis/id3_id17_0002.mp4,celebdf
fake_id3_id17_0003,train,fake,/workspace/data/raw/celebdf/Celeb-synthesis/id3_id17_0003.mp4,celebdf
fake_id3_id17_0004,train,fake,/workspace/data/raw/celebdf/Celeb-synthesis/id3_id17_0004.mp4,celebdf
fake_id3_id17_0005,train,fake,/workspace/data/raw/celebdf/Celeb-synthesis/id3_id17_0005.mp4,celebdf
fake_id3_id17_0006,train,fake,/workspace/data/raw/celebdf/Celeb-synthesis/id3_id17_0006.mp4,celebdf
fake_id3_id17_0007,train,fake,/workspace/data/raw/celebdf/Celeb-synthesis/id3_id17_0007.mp4,celebdf
fake_id3_id17_0008,train,fake,/workspace/data/raw/celebdf/Celeb-synthesis/id3_id17_0008.mp4,celebdf
fake_id3_id17_0009,train,fake,/workspace/data/raw/celebdf/Celeb-synthesis/id3_id17_0009.mp4,celebdf
fake_id3_id1_0002,train,fake,/workspace/data/raw/celebdf/Celeb-synthesis/id3_id1_0002.mp4,celebdf
fake_id3_id1_0003,train,fake,/workspace/data/raw/celebdf/Celeb-synthesis/id3_id1_0003.mp4,celebdf
fake_id3_id1_0004,train,fake,/workspace/data/raw/celebdf/Celeb-synthesis/id3_id1_0004.mp4,celebdf
fake_id3_id1_0005,train,fake,/workspace/data/raw/celebdf/Celeb-synthesis/id3_id1_0005.mp4,celebdf
fake_id3_id1_0006,train,fake,/workspace/data/raw/celebdf/Celeb-synthesis/id3_id1_0006.mp4,celebdf
fake_id3_id1_0007,train,fake,/workspace/data/raw/celebdf/Celeb-synthesis/id3_id1_0007.mp4,celebdf
fake_id3_id1_0008,train,fake,/workspace/data/raw/celebdf/Celeb-synthesis/id3_id1_0008.mp4,celebdf
fake_id3_id1_0009,train,fake,/workspace/data/raw/celebdf/Celeb-synthesis/id3_id1_0009.mp4,celebdf
fake_id3_id20_0000,train,fake,/workspace/data/raw/celebdf/Celeb-synthesis/id3_id20_0000.mp4,celebdf
fake_id3_id20_0001,train,fake,/workspace/data/raw/celebdf/Celeb-synthesis/id3_id20_0001.mp4,celebdf
fake_id3_id20_0003,train,fake,/workspace/data/raw/celebdf/Celeb-synthesis/id3_id20_0003.mp4,celebdf
fake_id3_id20_0005,train,fake,/workspace/data/raw/celebdf/Celeb-synthesis/id3_id20_0005.mp4,celebdf
fake_id3_id20_0006,train,fake,/workspace/data/raw/celebdf/Celeb-synthesis/id3_id20_0006.mp4,celebdf
fake_id3_id20_0009,train,fake,/workspace/data/raw/celebdf/Celeb-synthesis/id3_id20_0009.mp4,celebdf
fake_id3_id21_0000,train,fake,/workspace/data/raw/celebdf/Celeb-synthesis/id3_id21_0000.mp4,celebdf
fake_id3_id21_0001,train,fake,/workspace/data/raw/celebdf/Celeb-synthesis/id3_id21_0001.mp4,celebdf
fake_id3_id21_0002,train,fake,/workspace/data/raw/celebdf/Celeb-synthesis/id3_id21_0002.mp4,celebdf
fake_id3_id21_0003,train,fake,/workspace/data/raw/celebdf/Celeb-synthesis/id3_id21_0003.mp4,celebdf
fake_id3_id21_0004,train,fake,/workspace/data/raw/celebdf/Celeb-synthesis/id3_id21_0004.mp4,celebdf
fake_id3_id21_0005,train,fake,/workspace/data/raw/celebdf/Celeb-synthesis/id3_id21_0005.mp4,celebdf
fake_id3_id21_0006,train,fake,/workspace/data/raw/celebdf/Celeb-synthesis/id3_id21_0006.mp4,celebdf
fake_id3_id21_0008,train,fake,/workspace/data/raw/celebdf/Celeb-synthesis/id3_id21_0008.mp4,celebdf
fake_id3_id23_0000,train,fake,/workspace/data/raw/celebdf/Celeb-synthesis/id3_id23_0000.mp4,celebdf
fake_id3_id23_0001,train,fake,/workspace/data/raw/celebdf/Celeb-synthesis/id3_id23_0001.mp4,celebdf
fake_id3_id23_0002,train,fake,/workspace/data/raw/celebdf/Celeb-synthesis/id3_id23_0002.mp4,celebdf
fake_id3_id23_0003,train,fake,/workspace/data/raw/celebdf/Celeb-synthesis/id3_id23_0003.mp4,celebdf
fake_id3_id23_0004,train,fake,/workspace/data/raw/celebdf/Celeb-synthesis/id3_id23_0004.mp4,celebdf
fake_id3_id23_0005,train,fake,/workspace/data/raw/celebdf/Celeb-synthesis/id3_id23_0005.mp4,celebdf
fake_id3_id23_0006,train,fake,/workspace/data/raw/celebdf/Celeb-synthesis/id3_id23_0006.mp4,celebdf
fake_id3_id23_0007,train,fake,/workspace/data/raw/celebdf/Celeb-synthesis/id3_id23_0007.mp4,celebdf
fake_id3_id23_0008,train,fake,/workspace/data/raw/celebdf/Celeb-synthesis/id3_id23_0008.mp4,celebdf
fake_id3_id23_0009,train,fake,/workspace/data/raw/celebdf/Celeb-synthesis/id3_id23_0009.mp4,celebdf
fake_id3_id26_0000,train,fake,/workspace/data/raw/celebdf/Celeb-synthesis/id3_id26_0000.mp4,celebdf
fake_id3_id26_0001,train,fake,/workspace/data/raw/celebdf/Celeb-synthesis/id3_id26_0001.mp4,celebdf
fake_id3_id26_0002,train,fake,/workspace/data/raw/celebdf/Celeb-synthesis/id3_id26_0002.mp4,celebdf
fake_id3_id26_0003,train,fake,/workspace/data/raw/celebdf/Celeb-synthesis/id3_id26_0003.mp4,celebdf
fake_id3_id26_0004,train,fake,/workspace/data/raw/celebdf/Celeb-synthesis/id3_id26_0004.mp4,celebdf
fake_id3_id26_0005,train,fake,/workspace/data/raw/celebdf/Celeb-synthesis/id3_id26_0005.mp4,celebdf
fake_id3_id26_0006,train,fake,/workspace/data/raw/celebdf/Celeb-synthesis/id3_id26_0006.mp4,celebdf
fake_id3_id26_0008,train,fake,/workspace/data/raw/celebdf/Celeb-synthesis/id3_id26_0008.mp4,celebdf
fake_id3_id26_0009,train,fake,/workspace/data/raw/celebdf/Celeb-synthesis/id3_id26_0009.mp4,celebdf
fake_id3_id28_0000,train,fake,/workspace/data/raw/celebdf/Celeb-synthesis/id3_id28_0000.mp4,celebdf
fake_id3_id28_0003,train,fake,/workspace/data/raw/celebdf/Celeb-synthesis/id3_id28_0003.mp4,celebdf
fake_id3_id28_0004,train,fake,/workspace/data/raw/celebdf/Celeb-synthesis/id3_id28_0004.mp4,celebdf
fake_id3_id28_0005,train,fake,/workspace/data/raw/celebdf/Celeb-synthesis/id3_id28_0005.mp4,celebdf
fake_id3_id28_0006,train,fake,/workspace/data/raw/celebdf/Celeb-synthesis/id3_id28_0006.mp4,celebdf
fake_id3_id28_0008,train,fake,/workspace/data/raw/celebdf/Celeb-synthesis/id3_id28_0008.mp4,celebdf
fake_id3_id2_0000,train,fake,/workspace/data/raw/celebdf/Celeb-synthesis/id3_id2_0000.mp4,celebdf
fake_id3_id2_0002,train,fake,/workspace/data/raw/celebdf/Celeb-synthesis/id3_id2_0002.mp4,celebdf
fake_id3_id2_0003,train,fake,/workspace/data/raw/celebdf/Celeb-synthesis/id3_id2_0003.mp4,celebdf
fake_id3_id2_0004,train,fake,/workspace/data/raw/celebdf/Celeb-synthesis/id3_id2_0004.mp4,celebdf
fake_id3_id2_0005,train,fake,/workspace/data/raw/celebdf/Celeb-synthesis/id3_id2_0005.mp4,celebdf
fake_id3_id2_0006,train,fake,/workspace/data/raw/celebdf/Celeb-synthesis/id3_id2_0006.mp4,celebdf
fake_id3_id2_0007,train,fake,/workspace/data/raw/celebdf/Celeb-synthesis/id3_id2_0007.mp4,celebdf
fake_id3_id2_0008,train,fake,/workspace/data/raw/celebdf/Celeb-synthesis/id3_id2_0008.mp4,celebdf
fake_id3_id2_0009,train,fake,/workspace/data/raw/celebdf/Celeb-synthesis/id3_id2_0009.mp4,celebdf
fake_id3_id30_0000,train,fake,/workspace/data/raw/celebdf/Celeb-synthesis/id3_id30_0000.mp4,celebdf
fake_id3_id30_0001,train,fake,/workspace/data/raw/celebdf/Celeb-synthesis/id3_id30_0001.mp4,celebdf
fake_id3_id30_0002,train,fake,/workspace/data/raw/celebdf/Celeb-synthesis/id3_id30_0002.mp4,celebdf
fake_id3_id30_0003,train,fake,/workspace/data/raw/celebdf/Celeb-synthesis/id3_id30_0003.mp4,celebdf
fake_id3_id30_0004,train,fake,/workspace/data/raw/celebdf/Celeb-synthesis/id3_id30_0004.mp4,celebdf
fake_id3_id30_0005,train,fake,/workspace/data/raw/celebdf/Celeb-synthesis/id3_id30_0005.mp4,celebdf
fake_id3_id30_0006,train,fake,/workspace/data/raw/celebdf/Celeb-synthesis/id3_id30_0006.mp4,celebdf
fake_id3_id30_0007,train,fake,/workspace/data/raw/celebdf/Celeb-synthesis/id3_id30_0007.mp4,celebdf
fake_id3_id30_0008,train,fake,/workspace/data/raw/celebdf/Celeb-synthesis/id3_id30_0008.mp4,celebdf
fake_id3_id30_0009,train,fake,/workspace/data/raw/celebdf/Celeb-synthesis/id3_id30_0009.mp4,celebdf
fake_id3_id31_0000,train,fake,/workspace/data/raw/celebdf/Celeb-synthesis/id3_id31_0000.mp4,celebdf
fake_id3_id31_0001,train,fake,/workspace/data/raw/celebdf/Celeb-synthesis/id3_id31_0001.mp4,celebdf
fake_id3_id31_0002,train,fake,/workspace/data/raw/celebdf/Celeb-synthesis/id3_id31_0002.mp4,celebdf
fake_id3_id31_0003,train,fake,/workspace/data/raw/celebdf/Celeb-synthesis/id3_id31_0003.mp4,celebdf
fake_id3_id31_0004,train,fake,/workspace/data/raw/celebdf/Celeb-synthesis/id3_id31_0004.mp4,celebdf
fake_id3_id31_0005,train,fake,/workspace/data/raw/celebdf/Celeb-synthesis/id3_id31_0005.mp4,celebdf
fake_id3_id31_0006,train,fake,/workspace/data/raw/celebdf/Celeb-synthesis/id3_id31_0006.mp4,celebdf
fake_id3_id31_0007,train,fake,/workspace/data/raw/celebdf/Celeb-synthesis/id3_id31_0007.mp4,celebdf
fake_id3_id31_0008,train,fake,/workspace/data/raw/celebdf/Celeb-synthesis/id3_id31_0008.mp4,celebdf
fake_id3_id31_0009,train,fake,/workspace/data/raw/celebdf/Celeb-synthesis/id3_id31_0009.mp4,celebdf
fake_id3_id35_0000,train,fake,/workspace/data/raw/celebdf/Celeb-synthesis/id3_id35_0000.mp4,celebdf
fake_id3_id35_0001,train,fake,/workspace/data/raw/celebdf/Celeb-synthesis/id3_id35_0001.mp4,celebdf
fake_id3_id35_0002,train,fake,/workspace/data/raw/celebdf/Celeb-synthesis/id3_id35_0002.mp4,celebdf
fake_id3_id35_0003,train,fake,/workspace/data/raw/celebdf/Celeb-synthesis/id3_id35_0003.mp4,celebdf
fake_id3_id35_0004,train,fake,/workspace/data/raw/celebdf/Celeb-synthesis/id3_id35_0004.mp4,celebdf
fake_id3_id35_0005,train,fake,/workspace/data/raw/celebdf/Celeb-synthesis/id3_id35_0005.mp4,celebdf
fake_id3_id35_0006,train,fake,/workspace/data/raw/celebdf/Celeb-synthesis/id3_id35_0006.mp4,celebdf
fake_id3_id35_0007,train,fake,/workspace/data/raw/celebdf/Celeb-synthesis/id3_id35_0007.mp4,celebdf
fake_id3_id35_0008,train,fake,/workspace/data/raw/celebdf/Celeb-synthesis/id3_id35_0008.mp4,celebdf
fake_id3_id35_0009,train,fake,/workspace/data/raw/celebdf/Celeb-synthesis/id3_id35_0009.mp4,celebdf
fake_id3_id37_0000,train,fake,/workspace/data/raw/celebdf/Celeb-synthesis/id3_id37_0000.mp4,celebdf
fake_id3_id37_0001,train,fake,/workspace/data/raw/celebdf/Celeb-synthesis/id3_id37_0001.mp4,celebdf
fake_id3_id37_0002,train,fake,/workspace/data/raw/celebdf/Celeb-synthesis/id3_id37_0002.mp4,celebdf
fake_id3_id37_0003,train,fake,/workspace/data/raw/celebdf/Celeb-synthesis/id3_id37_0003.mp4,celebdf
fake_id3_id37_0004,train,fake,/workspace/data/raw/celebdf/Celeb-synthesis/id3_id37_0004.mp4,celebdf
fake_id3_id37_0005,train,fake,/workspace/data/raw/celebdf/Celeb-synthesis/id3_id37_0005.mp4,celebdf
fake_id3_id37_0006,train,fake,/workspace/data/raw/celebdf/Celeb-synthesis/id3_id37_0006.mp4,celebdf
fake_id3_id37_0007,train,fake,/workspace/data/raw/celebdf/Celeb-synthesis/id3_id37_0007.mp4,celebdf
fake_id3_id37_0008,train,fake,/workspace/data/raw/celebdf/Celeb-synthesis/id3_id37_0008.mp4,celebdf
fake_id3_id37_0009,train,fake,/workspace/data/raw/celebdf/Celeb-synthesis/id3_id37_0009.mp4,celebdf
fake_id3_id4_0003,train,fake,/workspace/data/raw/celebdf/Celeb-synthesis/id3_id4_0003.mp4,celebdf
fake_id3_id4_0004,train,fake,/workspace/data/raw/celebdf/Celeb-synthesis/id3_id4_0004.mp4,celebdf
fake_id3_id4_0005,train,fake,/workspace/data/raw/celebdf/Celeb-synthesis/id3_id4_0005.mp4,celebdf
fake_id3_id4_0006,train,fake,/workspace/data/raw/celebdf/Celeb-synthesis/id3_id4_0006.mp4,celebdf
fake_id3_id4_0008,train,fake,/workspace/data/raw/celebdf/Celeb-synthesis/id3_id4_0008.mp4,celebdf
fake_id3_id6_0000,train,fake,/workspace/data/raw/celebdf/Celeb-synthesis/id3_id6_0000.mp4,celebdf
fake_id3_id6_0002,train,fake,/workspace/data/raw/celebdf/Celeb-synthesis/id3_id6_0002.mp4,celebdf
fake_id3_id6_0003,train,fake,/workspace/data/raw/celebdf/Celeb-synthesis/id3_id6_0003.mp4,celebdf
fake_id3_id6_0004,train,fake,/workspace/data/raw/celebdf/Celeb-synthesis/id3_id6_0004.mp4,celebdf
fake_id3_id6_0005,train,fake,/workspace/data/raw/celebdf/Celeb-synthesis/id3_id6_0005.mp4,celebdf
fake_id3_id6_0006,train,fake,/workspace/data/raw/celebdf/Celeb-synthesis/id3_id6_0006.mp4,celebdf
fake_id3_id6_0007,train,fake,/workspace/data/raw/celebdf/Celeb-synthesis/id3_id6_0007.mp4,celebdf
fake_id3_id6_0008,train,fake,/workspace/data/raw/celebdf/Celeb-synthesis/id3_id6_0008.mp4,celebdf
fake_id3_id6_0009,train,fake,/workspace/data/raw/celebdf/Celeb-synthesis/id3_id6_0009.mp4,celebdf
fake_id3_id9_0000,train,fake,/workspace/data/raw/celebdf/Celeb-synthesis/id3_id9_0000.mp4,celebdf
fake_id3_id9_0002,train,fake,/workspace/data/raw/celebdf/Celeb-synthesis/id3_id9_0002.mp4,celebdf
fake_id3_id9_0004,train,fake,/workspace/data/raw/celebdf/Celeb-synthesis/id3_id9_0004.mp4,celebdf
fake_id3_id9_0005,train,fake,/workspace/data/raw/celebdf/Celeb-synthesis/id3_id9_0005.mp4,celebdf
fake_id3_id9_0006,train,fake,/workspace/data/raw/celebdf/Celeb-synthesis/id3_id9_0006.mp4,celebdf
fake_id3_id9_0007,train,fake,/workspace/data/raw/celebdf/Celeb-synthesis/id3_id9_0007.mp4,celebdf
fake_id3_id9_0008,train,fake,/workspace/data/raw/celebdf/Celeb-synthesis/id3_id9_0008.mp4,celebdf
fake_id3_id9_0009,train,fake,/workspace/data/raw/celebdf/Celeb-synthesis/id3_id9_0009.mp4,celebdf
fake_id40_id39_0000,train,fake,/workspace/data/raw/celebdf/Celeb-synthesis/id40_id39_0000.mp4,celebdf
fake_id40_id39_0001,train,fake,/workspace/data/raw/celebdf/Celeb-synthesis/id40_id39_0001.mp4,celebdf
fake_id40_id39_0002,train,fake,/workspace/data/raw/celebdf/Celeb-synthesis/id40_id39_0002.mp4,celebdf
fake_id40_id39_0003,train,fake,/workspace/data/raw/celebdf/Celeb-synthesis/id40_id39_0003.mp4,celebdf
fake_id40_id39_0005,train,fake,/workspace/data/raw/celebdf/Celeb-synthesis/id40_id39_0005.mp4,celebdf
fake_id40_id39_0006,train,fake,/workspace/data/raw/celebdf/Celeb-synthesis/id40_id39_0006.mp4,celebdf
fake_id40_id39_0007,train,fake,/workspace/data/raw/celebdf/Celeb-synthesis/id40_id39_0007.mp4,celebdf
fake_id40_id39_0008,train,fake,/workspace/data/raw/celebdf/Celeb-synthesis/id40_id39_0008.mp4,celebdf
fake_id40_id39_0009,train,fake,/workspace/data/raw/celebdf/Celeb-synthesis/id40_id39_0009.mp4,celebdf
fake_id40_id41_0000,train,fake,/workspace/data/raw/celebdf/Celeb-synthesis/id40_id41_0000.mp4,celebdf
fake_id40_id41_0001,train,fake,/workspace/data/raw/celebdf/Celeb-synthesis/id40_id41_0001.mp4,celebdf
fake_id40_id41_0002,train,fake,/workspace/data/raw/celebdf/Celeb-synthesis/id40_id41_0002.mp4,celebdf
fake_id40_id41_0003,train,fake,/workspace/data/raw/celebdf/Celeb-synthesis/id40_id41_0003.mp4,celebdf
fake_id40_id41_0004,train,fake,/workspace/data/raw/celebdf/Celeb-synthesis/id40_id41_0004.mp4,celebdf
fake_id40_id41_0005,train,fake,/workspace/data/raw/celebdf/Celeb-synthesis/id40_id41_0005.mp4,celebdf
fake_id40_id41_0006,train,fake,/workspace/data/raw/celebdf/Celeb-synthesis/id40_id41_0006.mp4,celebdf
fake_id40_id41_0007,train,fake,/workspace/data/raw/celebdf/Celeb-synthesis/id40_id41_0007.mp4,celebdf
fake_id40_id41_0008,train,fake,/workspace/data/raw/celebdf/Celeb-synthesis/id40_id41_0008.mp4,celebdf
fake_id40_id41_0009,train,fake,/workspace/data/raw/celebdf/Celeb-synthesis/id40_id41_0009.mp4,celebdf
fake_id40_id42_0000,train,fake,/workspace/data/raw/celebdf/Celeb-synthesis/id40_id42_0000.mp4,celebdf
fake_id40_id42_0001,train,fake,/workspace/data/raw/celebdf/Celeb-synthesis/id40_id42_0001.mp4,celebdf
fake_id40_id42_0002,train,fake,/workspace/data/raw/celebdf/Celeb-synthesis/id40_id42_0002.mp4,celebdf
fake_id40_id42_0003,train,fake,/workspace/data/raw/celebdf/Celeb-synthesis/id40_id42_0003.mp4,celebdf
fake_id40_id42_0004,train,fake,/workspace/data/raw/celebdf/Celeb-synthesis/id40_id42_0004.mp4,celebdf
fake_id40_id42_0007,train,fake,/workspace/data/raw/celebdf/Celeb-synthesis/id40_id42_0007.mp4,celebdf
fake_id40_id42_0008,train,fake,/workspace/data/raw/celebdf/Celeb-synthesis/id40_id42_0008.mp4,celebdf
fake_id40_id42_0009,train,fake,/workspace/data/raw/celebdf/Celeb-synthesis/id40_id42_0009.mp4,celebdf
fake_id40_id43_0000,train,fake,/workspace/data/raw/celebdf/Celeb-synthesis/id40_id43_0000.mp4,celebdf
fake_id40_id43_0001,train,fake,/workspace/data/raw/celebdf/Celeb-synthesis/id40_id43_0001.mp4,celebdf
fake_id40_id43_0002,train,fake,/workspace/data/raw/celebdf/Celeb-synthesis/id40_id43_0002.mp4,celebdf
fake_id40_id43_0003,train,fake,/workspace/data/raw/celebdf/Celeb-synthesis/id40_id43_0003.mp4,celebdf
fake_id40_id43_0004,train,fake,/workspace/data/raw/celebdf/Celeb-synthesis/id40_id43_0004.mp4,celebdf
fake_id40_id43_0005,train,fake,/workspace/data/raw/celebdf/Celeb-synthesis/id40_id43_0005.mp4,celebdf
fake_id40_id43_0006,train,fake,/workspace/data/raw/celebdf/Celeb-synthesis/id40_id43_0006.mp4,celebdf
fake_id40_id43_0007,train,fake,/workspace/data/raw/celebdf/Celeb-synthesis/id40_id43_0007.mp4,celebdf
fake_id40_id43_0008,train,fake,/workspace/data/raw/celebdf/Celeb-synthesis/id40_id43_0008.mp4,celebdf
fake_id40_id43_0009,train,fake,/workspace/data/raw/celebdf/Celeb-synthesis/id40_id43_0009.mp4,celebdf
fake_id40_id44_0000,train,fake,/workspace/data/raw/celebdf/Celeb-synthesis/id40_id44_0000.mp4,celebdf
fake_id40_id44_0001,train,fake,/workspace/data/raw/celebdf/Celeb-synthesis/id40_id44_0001.mp4,celebdf
fake_id40_id44_0002,train,fake,/workspace/data/raw/celebdf/Celeb-synthesis/id40_id44_0002.mp4,celebdf
fake_id40_id44_0003,train,fake,/workspace/data/raw/celebdf/Celeb-synthesis/id40_id44_0003.mp4,celebdf
fake_id40_id44_0005,train,fake,/workspace/data/raw/celebdf/Celeb-synthesis/id40_id44_0005.mp4,celebdf
fake_id40_id44_0006,train,fake,/workspace/data/raw/celebdf/Celeb-synthesis/id40_id44_0006.mp4,celebdf
fake_id40_id44_0008,train,fake,/workspace/data/raw/celebdf/Celeb-synthesis/id40_id44_0008.mp4,celebdf
fake_id40_id44_0009,train,fake,/workspace/data/raw/celebdf/Celeb-synthesis/id40_id44_0009.mp4,celebdf
fake_id40_id45_0000,train,fake,/workspace/data/raw/celebdf/Celeb-synthesis/id40_id45_0000.mp4,celebdf
fake_id40_id45_0001,train,fake,/workspace/data/raw/celebdf/Celeb-synthesis/id40_id45_0001.mp4,celebdf
fake_id40_id45_0002,train,fake,/workspace/data/raw/celebdf/Celeb-synthesis/id40_id45_0002.mp4,celebdf
fake_id40_id45_0003,train,fake,/workspace/data/raw/celebdf/Celeb-synthesis/id40_id45_0003.mp4,celebdf
fake_id40_id45_0004,train,fake,/workspace/data/raw/celebdf/Celeb-synthesis/id40_id45_0004.mp4,celebdf
fake_id40_id45_0005,train,fake,/workspace/data/raw/celebdf/Celeb-synthesis/id40_id45_0005.mp4,celebdf
fake_id40_id45_0006,train,fake,/workspace/data/raw/celebdf/Celeb-synthesis/id40_id45_0006.mp4,celebdf
fake_id40_id45_0007,train,fake,/workspace/data/raw/celebdf/Celeb-synthesis/id40_id45_0007.mp4,celebdf
fake_id40_id45_0008,train,fake,/workspace/data/raw/celebdf/Celeb-synthesis/id40_id45_0008.mp4,celebdf
fake_id40_id45_0009,train,fake,/workspace/data/raw/celebdf/Celeb-synthesis/id40_id45_0009.mp4,celebdf
fake_id40_id46_0000,train,fake,/workspace/data/raw/celebdf/Celeb-synthesis/id40_id46_0000.mp4,celebdf
fake_id40_id46_0001,train,fake,/workspace/data/raw/celebdf/Celeb-synthesis/id40_id46_0001.mp4,celebdf
fake_id40_id46_0002,train,fake,/workspace/data/raw/celebdf/Celeb-synthesis/id40_id46_0002.mp4,celebdf
fake_id40_id46_0003,train,fake,/workspace/data/raw/celebdf/Celeb-synthesis/id40_id46_0003.mp4,celebdf
fake_id40_id46_0005,train,fake,/workspace/data/raw/celebdf/Celeb-synthesis/id40_id46_0005.mp4,celebdf
fake_id40_id46_0006,train,fake,/workspace/data/raw/celebdf/Celeb-synthesis/id40_id46_0006.mp4,celebdf
fake_id40_id46_0007,train,fake,/workspace/data/raw/celebdf/Celeb-synthesis/id40_id46_0007.mp4,celebdf
fake_id40_id46_0008,train,fake,/workspace/data/raw/celebdf/Celeb-synthesis/id40_id46_0008.mp4,celebdf
fake_id40_id46_0009,train,fake,/workspace/data/raw/celebdf/Celeb-synthesis/id40_id46_0009.mp4,celebdf
fake_id40_id47_0000,train,fake,/workspace/data/raw/celebdf/Celeb-synthesis/id40_id47_0000.mp4,celebdf
fake_id40_id47_0001,train,fake,/workspace/data/raw/celebdf/Celeb-synthesis/id40_id47_0001.mp4,celebdf
fake_id40_id47_0002,train,fake,/workspace/data/raw/celebdf/Celeb-synthesis/id40_id47_0002.mp4,celebdf
fake_id40_id47_0003,train,fake,/workspace/data/raw/celebdf/Celeb-synthesis/id40_id47_0003.mp4,celebdf
fake_id40_id47_0004,train,fake,/workspace/data/raw/celebdf/Celeb-synthesis/id40_id47_0004.mp4,celebdf
fake_id40_id47_0005,train,fake,/workspace/data/raw/celebdf/Celeb-synthesis/id40_id47_0005.mp4,celebdf
fake_id40_id47_0006,train,fake,/workspace/data/raw/celebdf/Celeb-synthesis/id40_id47_0006.mp4,celebdf
fake_id40_id47_0007,train,fake,/workspace/data/raw/celebdf/Celeb-synthesis/id40_id47_0007.mp4,celebdf
fake_id40_id47_0008,train,fake,/workspace/data/raw/celebdf/Celeb-synthesis/id40_id47_0008.mp4,celebdf
fake_id40_id47_0009,train,fake,/workspace/data/raw/celebdf/Celeb-synthesis/id40_id47_0009.mp4,celebdf
fake_id40_id48_0000,train,fake,/workspace/data/raw/celebdf/Celeb-synthesis/id40_id48_0000.mp4,celebdf
fake_id40_id48_0001,train,fake,/workspace/data/raw/celebdf/Celeb-synthesis/id40_id48_0001.mp4,celebdf
fake_id40_id48_0002,train,fake,/workspace/data/raw/celebdf/Celeb-synthesis/id40_id48_0002.mp4,celebdf
fake_id40_id48_0003,train,fake,/workspace/data/raw/celebdf/Celeb-synthesis/id40_id48_0003.mp4,celebdf
fake_id40_id48_0004,train,fake,/workspace/data/raw/celebdf/Celeb-synthesis/id40_id48_0004.mp4,celebdf
fake_id40_id48_0005,train,fake,/workspace/data/raw/celebdf/Celeb-synthesis/id40_id48_0005.mp4,celebdf
fake_id40_id48_0006,train,fake,/workspace/data/raw/celebdf/Celeb-synthesis/id40_id48_0006.mp4,celebdf
fake_id40_id48_0008,train,fake,/workspace/data/raw/celebdf/Celeb-synthesis/id40_id48_0008.mp4,celebdf
fake_id40_id48_0009,train,fake,/workspace/data/raw/celebdf/Celeb-synthesis/id40_id48_0009.mp4,celebdf
fake_id41_id40_0000,train,fake,/workspace/data/raw/celebdf/Celeb-synthesis/id41_id40_0000.mp4,celebdf
fake_id41_id40_0002,train,fake,/workspace/data/raw/celebdf/Celeb-synthesis/id41_id40_0002.mp4,celebdf
fake_id41_id40_0003,train,fake,/workspace/data/raw/celebdf/Celeb-synthesis/id41_id40_0003.mp4,celebdf
fake_id41_id40_0004,train,fake,/workspace/data/raw/celebdf/Celeb-synthesis/id41_id40_0004.mp4,celebdf
fake_id41_id40_0005,train,fake,/workspace/data/raw/celebdf/Celeb-synthesis/id41_id40_0005.mp4,celebdf
fake_id41_id40_0006,train,fake,/workspace/data/raw/celebdf/Celeb-synthesis/id41_id40_0006.mp4,celebdf
fake_id41_id40_0007,train,fake,/workspace/data/raw/celebdf/Celeb-synthesis/id41_id40_0007.mp4,celebdf
fake_id41_id40_0008,train,fake,/workspace/data/raw/celebdf/Celeb-synthesis/id41_id40_0008.mp4,celebdf
fake_id41_id40_0009,train,fake,/workspace/data/raw/celebdf/Celeb-synthesis/id41_id40_0009.mp4,celebdf
fake_id41_id42_0001,train,fake,/workspace/data/raw/celebdf/Celeb-synthesis/id41_id42_0001.mp4,celebdf
fake_id41_id42_0002,train,fake,/workspace/data/raw/celebdf/Celeb-synthesis/id41_id42_0002.mp4,celebdf
fake_id41_id42_0003,train,fake,/workspace/data/raw/celebdf/Celeb-synthesis/id41_id42_0003.mp4,celebdf
fake_id41_id42_0004,train,fake,/workspace/data/raw/celebdf/Celeb-synthesis/id41_id42_0004.mp4,celebdf
fake_id41_id42_0006,train,fake,/workspace/data/raw/celebdf/Celeb-synthesis/id41_id42_0006.mp4,celebdf
fake_id41_id42_0007,train,fake,/workspace/data/raw/celebdf/Celeb-synthesis/id41_id42_0007.mp4,celebdf
fake_id41_id42_0008,train,fake,/workspace/data/raw/celebdf/Celeb-synthesis/id41_id42_0008.mp4,celebdf
fake_id41_id42_0009,train,fake,/workspace/data/raw/celebdf/Celeb-synthesis/id41_id42_0009.mp4,celebdf
fake_id41_id43_0000,train,fake,/workspace/data/raw/celebdf/Celeb-synthesis/id41_id43_0000.mp4,celebdf
fake_id41_id43_0001,train,fake,/workspace/data/raw/celebdf/Celeb-synthesis/id41_id43_0001.mp4,celebdf
fake_id41_id43_0002,train,fake,/workspace/data/raw/celebdf/Celeb-synthesis/id41_id43_0002.mp4,celebdf
fake_id41_id43_0003,train,fake,/workspace/data/raw/celebdf/Celeb-synthesis/id41_id43_0003.mp4,celebdf
fake_id41_id43_0004,train,fake,/workspace/data/raw/celebdf/Celeb-synthesis/id41_id43_0004.mp4,celebdf
fake_id41_id43_0005,train,fake,/workspace/data/raw/celebdf/Celeb-synthesis/id41_id43_0005.mp4,celebdf
fake_id41_id43_0006,train,fake,/workspace/data/raw/celebdf/Celeb-synthesis/id41_id43_0006.mp4,celebdf
fake_id41_id43_0008,train,fake,/workspace/data/raw/celebdf/Celeb-synthesis/id41_id43_0008.mp4,celebdf
fake_id41_id44_0000,train,fake,/workspace/data/raw/celebdf/Celeb-synthesis/id41_id44_0000.mp4,celebdf
fake_id41_id44_0001,train,fake,/workspace/data/raw/celebdf/Celeb-synthesis/id41_id44_0001.mp4,celebdf
fake_id41_id44_0002,train,fake,/workspace/data/raw/celebdf/Celeb-synthesis/id41_id44_0002.mp4,celebdf
fake_id41_id44_0003,train,fake,/workspace/data/raw/celebdf/Celeb-synthesis/id41_id44_0003.mp4,celebdf
fake_id41_id44_0004,train,fake,/workspace/data/raw/celebdf/Celeb-synthesis/id41_id44_0004.mp4,celebdf
fake_id41_id44_0005,train,fake,/workspace/data/raw/celebdf/Celeb-synthesis/id41_id44_0005.mp4,celebdf
fake_id41_id44_0006,train,fake,/workspace/data/raw/celebdf/Celeb-synthesis/id41_id44_0006.mp4,celebdf
fake_id41_id44_0007,train,fake,/workspace/data/raw/celebdf/Celeb-synthesis/id41_id44_0007.mp4,celebdf
fake_id41_id44_0008,train,fake,/workspace/data/raw/celebdf/Celeb-synthesis/id41_id44_0008.mp4,celebdf
fake_id41_id44_0009,train,fake,/workspace/data/raw/celebdf/Celeb-synthesis/id41_id44_0009.mp4,celebdf
fake_id41_id45_0000,train,fake,/workspace/data/raw/celebdf/Celeb-synthesis/id41_id45_0000.mp4,celebdf
fake_id41_id45_0001,train,fake,/workspace/data/raw/celebdf/Celeb-synthesis/id41_id45_0001.mp4,celebdf
fake_id41_id45_0002,train,fake,/workspace/data/raw/celebdf/Celeb-synthesis/id41_id45_0002.mp4,celebdf
fake_id41_id45_0003,train,fake,/workspace/data/raw/celebdf/Celeb-synthesis/id41_id45_0003.mp4,celebdf
fake_id41_id45_0004,train,fake,/workspace/data/raw/celebdf/Celeb-synthesis/id41_id45_0004.mp4,celebdf
fake_id41_id45_0005,train,fake,/workspace/data/raw/celebdf/Celeb-synthesis/id41_id45_0005.mp4,celebdf
fake_id41_id45_0006,train,fake,/workspace/data/raw/celebdf/Celeb-synthesis/id41_id45_0006.mp4,celebdf
fake_id41_id45_0007,train,fake,/workspace/data/raw/celebdf/Celeb-synthesis/id41_id45_0007.mp4,celebdf
fake_id41_id45_0008,train,fake,/workspace/data/raw/celebdf/Celeb-synthesis/id41_id45_0008.mp4,celebdf
fake_id41_id45_0009,train,fake,/workspace/data/raw/celebdf/Celeb-synthesis/id41_id45_0009.mp4,celebdf
fake_id41_id46_0001,train,fake,/workspace/data/raw/celebdf/Celeb-synthesis/id41_id46_0001.mp4,celebdf
fake_id41_id46_0002,train,fake,/workspace/data/raw/celebdf/Celeb-synthesis/id41_id46_0002.mp4,celebdf
fake_id41_id46_0003,train,fake,/workspace/data/raw/celebdf/Celeb-synthesis/id41_id46_0003.mp4,celebdf
fake_id41_id46_0004,train,fake,/workspace/data/raw/celebdf/Celeb-synthesis/id41_id46_0004.mp4,celebdf
fake_id41_id46_0006,train,fake,/workspace/data/raw/celebdf/Celeb-synthesis/id41_id46_0006.mp4,celebdf
fake_id41_id46_0008,train,fake,/workspace/data/raw/celebdf/Celeb-synthesis/id41_id46_0008.mp4,celebdf
fake_id41_id46_0009,train,fake,/workspace/data/raw/celebdf/Celeb-synthesis/id41_id46_0009.mp4,celebdf
fake_id41_id47_0000,train,fake,/workspace/data/raw/celebdf/Celeb-synthesis/id41_id47_0000.mp4,celebdf
fake_id41_id47_0001,train,fake,/workspace/data/raw/celebdf/Celeb-synthesis/id41_id47_0001.mp4,celebdf
fake_id41_id47_0002,train,fake,/workspace/data/raw/celebdf/Celeb-synthesis/id41_id47_0002.mp4,celebdf
fake_id41_id47_0003,train,fake,/workspace/data/raw/celebdf/Celeb-synthesis/id41_id47_0003.mp4,celebdf
fake_id41_id47_0004,train,fake,/workspace/data/raw/celebdf/Celeb-synthesis/id41_id47_0004.mp4,celebdf
fake_id41_id47_0005,train,fake,/workspace/data/raw/celebdf/Celeb-synthesis/id41_id47_0005.mp4,celebdf
fake_id41_id47_0006,train,fake,/workspace/data/raw/celebdf/Celeb-synthesis/id41_id47_0006.mp4,celebdf
fake_id41_id47_0007,train,fake,/workspace/data/raw/celebdf/Celeb-synthesis/id41_id47_0007.mp4,celebdf
fake_id41_id47_0008,train,fake,/workspace/data/raw/celebdf/Celeb-synthesis/id41_id47_0008.mp4,celebdf
fake_id41_id47_0009,train,fake,/workspace/data/raw/celebdf/Celeb-synthesis/id41_id47_0009.mp4,celebdf
fake_id41_id48_0000,train,fake,/workspace/data/raw/celebdf/Celeb-synthesis/id41_id48_0000.mp4,celebdf
fake_id41_id48_0002,train,fake,/workspace/data/raw/celebdf/Celeb-synthesis/id41_id48_0002.mp4,celebdf
fake_id41_id48_0003,train,fake,/workspace/data/raw/celebdf/Celeb-synthesis/id41_id48_0003.mp4,celebdf
fake_id41_id48_0004,train,fake,/workspace/data/raw/celebdf/Celeb-synthesis/id41_id48_0004.mp4,celebdf
fake_id41_id48_0005,train,fake,/workspace/data/raw/celebdf/Celeb-synthesis/id41_id48_0005.mp4,celebdf
fake_id41_id48_0006,train,fake,/workspace/data/raw/celebdf/Celeb-synthesis/id41_id48_0006.mp4,celebdf
fake_id41_id48_0007,train,fake,/workspace/data/raw/celebdf/Celeb-synthesis/id41_id48_0007.mp4,celebdf
fake_id41_id48_0008,train,fake,/workspace/data/raw/celebdf/Celeb-synthesis/id41_id48_0008.mp4,celebdf
fake_id41_id48_0009,train,fake,/workspace/data/raw/celebdf/Celeb-synthesis/id41_id48_0009.mp4,celebdf
fake_id42_id39_0000,train,fake,/workspace/data/raw/celebdf/Celeb-synthesis/id42_id39_0000.mp4,celebdf
fake_id42_id39_0001,train,fake,/workspace/data/raw/celebdf/Celeb-synthesis/id42_id39_0001.mp4,celebdf
fake_id42_id39_0002,train,fake,/workspace/data/raw/celebdf/Celeb-synthesis/id42_id39_0002.mp4,celebdf
fake_id42_id39_0003,train,fake,/workspace/data/raw/celebdf/Celeb-synthesis/id42_id39_0003.mp4,celebdf
fake_id42_id40_0000,train,fake,/workspace/data/raw/celebdf/Celeb-synthesis/id42_id40_0000.mp4,celebdf
fake_id42_id40_0002,train,fake,/workspace/data/raw/celebdf/Celeb-synthesis/id42_id40_0002.mp4,celebdf
fake_id42_id40_0003,train,fake,/workspace/data/raw/celebdf/Celeb-synthesis/id42_id40_0003.mp4,celebdf
fake_id42_id41_0000,train,fake,/workspace/data/raw/celebdf/Celeb-synthesis/id42_id41_0000.mp4,celebdf
fake_id42_id41_0001,train,fake,/workspace/data/raw/celebdf/Celeb-synthesis/id42_id41_0001.mp4,celebdf
fake_id42_id41_0002,train,fake,/workspace/data/raw/celebdf/Celeb-synthesis/id42_id41_0002.mp4,celebdf
fake_id42_id41_0003,train,fake,/workspace/data/raw/celebdf/Celeb-synthesis/id42_id41_0003.mp4,celebdf
fake_id42_id43_0000,train,fake,/workspace/data/raw/celebdf/Celeb-synthesis/id42_id43_0000.mp4,celebdf
fake_id42_id43_0001,train,fake,/workspace/data/raw/celebdf/Celeb-synthesis/id42_id43_0001.mp4,celebdf
fake_id42_id43_0002,train,fake,/workspace/data/raw/celebdf/Celeb-synthesis/id42_id43_0002.mp4,celebdf
fake_id42_id43_0003,train,fake,/workspace/data/raw/celebdf/Celeb-synthesis/id42_id43_0003.mp4,celebdf
fake_id42_id44_0000,train,fake,/workspace/data/raw/celebdf/Celeb-synthesis/id42_id44_0000.mp4,celebdf
fake_id42_id44_0001,train,fake,/workspace/data/raw/celebdf/Celeb-synthesis/id42_id44_0001.mp4,celebdf
fake_id42_id44_0002,train,fake,/workspace/data/raw/celebdf/Celeb-synthesis/id42_id44_0002.mp4,celebdf
fake_id42_id44_0003,train,fake,/workspace/data/raw/celebdf/Celeb-synthesis/id42_id44_0003.mp4,celebdf
fake_id42_id45_0000,train,fake,/workspace/data/raw/celebdf/Celeb-synthesis/id42_id45_0000.mp4,celebdf
fake_id42_id45_0001,train,fake,/workspace/data/raw/celebdf/Celeb-synthesis/id42_id45_0001.mp4,celebdf
fake_id42_id45_0002,train,fake,/workspace/data/raw/celebdf/Celeb-synthesis/id42_id45_0002.mp4,celebdf
fake_id42_id45_0003,train,fake,/workspace/data/raw/celebdf/Celeb-synthesis/id42_id45_0003.mp4,celebdf
fake_id42_id46_0000,train,fake,/workspace/data/raw/celebdf/Celeb-synthesis/id42_id46_0000.mp4,celebdf
fake_id42_id46_0001,train,fake,/workspace/data/raw/celebdf/Celeb-synthesis/id42_id46_0001.mp4,celebdf
fake_id42_id46_0002,train,fake,/workspace/data/raw/celebdf/Celeb-synthesis/id42_id46_0002.mp4,celebdf
fake_id42_id46_0003,train,fake,/workspace/data/raw/celebdf/Celeb-synthesis/id42_id46_0003.mp4,celebdf
fake_id42_id47_0000,train,fake,/workspace/data/raw/celebdf/Celeb-synthesis/id42_id47_0000.mp4,celebdf
fake_id42_id47_0001,train,fake,/workspace/data/raw/celebdf/Celeb-synthesis/id42_id47_0001.mp4,celebdf
fake_id42_id47_0002,train,fake,/workspace/data/raw/celebdf/Celeb-synthesis/id42_id47_0002.mp4,celebdf
fake_id42_id47_0003,train,fake,/workspace/data/raw/celebdf/Celeb-synthesis/id42_id47_0003.mp4,celebdf
fake_id42_id48_0000,train,fake,/workspace/data/raw/celebdf/Celeb-synthesis/id42_id48_0000.mp4,celebdf
fake_id42_id48_0001,train,fake,/workspace/data/raw/celebdf/Celeb-synthesis/id42_id48_0001.mp4,celebdf
fake_id42_id48_0002,train,fake,/workspace/data/raw/celebdf/Celeb-synthesis/id42_id48_0002.mp4,celebdf
fake_id42_id48_0003,train,fake,/workspace/data/raw/celebdf/Celeb-synthesis/id42_id48_0003.mp4,celebdf
fake_id43_id39_0001,train,fake,/workspace/data/raw/celebdf/Celeb-synthesis/id43_id39_0001.mp4,celebdf
fake_id43_id39_0002,train,fake,/workspace/data/raw/celebdf/Celeb-synthesis/id43_id39_0002.mp4,celebdf
fake_id43_id39_0003,train,fake,/workspace/data/raw/celebdf/Celeb-synthesis/id43_id39_0003.mp4,celebdf
fake_id43_id39_0004,train,fake,/workspace/data/raw/celebdf/Celeb-synthesis/id43_id39_0004.mp4,celebdf
fake_id43_id39_0005,train,fake,/workspace/data/raw/celebdf/Celeb-synthesis/id43_id39_0005.mp4,celebdf
fake_id43_id39_0006,train,fake,/workspace/data/raw/celebdf/Celeb-synthesis/id43_id39_0006.mp4,celebdf
fake_id43_id39_0008,train,fake,/workspace/data/raw/celebdf/Celeb-synthesis/id43_id39_0008.mp4,celebdf
fake_id43_id39_0009,train,fake,/workspace/data/raw/celebdf/Celeb-synthesis/id43_id39_0009.mp4,celebdf
fake_id43_id40_0000,train,fake,/workspace/data/raw/celebdf/Celeb-synthesis/id43_id40_0000.mp4,celebdf
fake_id43_id40_0001,train,fake,/workspace/data/raw/celebdf/Celeb-synthesis/id43_id40_0001.mp4,celebdf
fake_id43_id40_0002,train,fake,/workspace/data/raw/celebdf/Celeb-synthesis/id43_id40_0002.mp4,celebdf
fake_id43_id40_0003,train,fake,/workspace/data/raw/celebdf/Celeb-synthesis/id43_id40_0003.mp4,celebdf
fake_id43_id40_0004,train,fake,/workspace/data/raw/celebdf/Celeb-synthesis/id43_id40_0004.mp4,celebdf
fake_id43_id40_0006,train,fake,/workspace/data/raw/celebdf/Celeb-synthesis/id43_id40_0006.mp4,celebdf
fake_id43_id40_0008,train,fake,/workspace/data/raw/celebdf/Celeb-synthesis/id43_id40_0008.mp4,celebdf
fake_id43_id40_0009,train,fake,/workspace/data/raw/celebdf/Celeb-synthesis/id43_id40_0009.mp4,celebdf
fake_id43_id41_0000,train,fake,/workspace/data/raw/celebdf/Celeb-synthesis/id43_id41_0000.mp4,celebdf
fake_id43_id41_0001,train,fake,/workspace/data/raw/celebdf/Celeb-synthesis/id43_id41_0001.mp4,celebdf
fake_id43_id41_0002,train,fake,/workspace/data/raw/celebdf/Celeb-synthesis/id43_id41_0002.mp4,celebdf
fake_id43_id41_0003,train,fake,/workspace/data/raw/celebdf/Celeb-synthesis/id43_id41_0003.mp4,celebdf
fake_id43_id41_0004,train,fake,/workspace/data/raw/celebdf/Celeb-synthesis/id43_id41_0004.mp4,celebdf
fake_id43_id41_0005,train,fake,/workspace/data/raw/celebdf/Celeb-synthesis/id43_id41_0005.mp4,celebdf
fake_id43_id41_0006,train,fake,/workspace/data/raw/celebdf/Celeb-synthesis/id43_id41_0006.mp4,celebdf
fake_id43_id41_0007,train,fake,/workspace/data/raw/celebdf/Celeb-synthesis/id43_id41_0007.mp4,celebdf
fake_id43_id41_0008,train,fake,/workspace/data/raw/celebdf/Celeb-synthesis/id43_id41_0008.mp4,celebdf
fake_id43_id41_0009,train,fake,/workspace/data/raw/celebdf/Celeb-synthesis/id43_id41_0009.mp4,celebdf
fake_id43_id42_0000,train,fake,/workspace/data/raw/celebdf/Celeb-synthesis/id43_id42_0000.mp4,celebdf
fake_id43_id42_0001,train,fake,/workspace/data/raw/celebdf/Celeb-synthesis/id43_id42_0001.mp4,celebdf
fake_id43_id42_0002,train,fake,/workspace/data/raw/celebdf/Celeb-synthesis/id43_id42_0002.mp4,celebdf
fake_id43_id42_0005,train,fake,/workspace/data/raw/celebdf/Celeb-synthesis/id43_id42_0005.mp4,celebdf
fake_id43_id42_0006,train,fake,/workspace/data/raw/celebdf/Celeb-synthesis/id43_id42_0006.mp4,celebdf
fake_id43_id42_0007,train,fake,/workspace/data/raw/celebdf/Celeb-synthesis/id43_id42_0007.mp4,celebdf
fake_id43_id42_0008,train,fake,/workspace/data/raw/celebdf/Celeb-synthesis/id43_id42_0008.mp4,celebdf
fake_id43_id42_0009,train,fake,/workspace/data/raw/celebdf/Celeb-synthesis/id43_id42_0009.mp4,celebdf
fake_id43_id44_0001,train,fake,/workspace/data/raw/celebdf/Celeb-synthesis/id43_id44_0001.mp4,celebdf
fake_id43_id44_0003,train,fake,/workspace/data/raw/celebdf/Celeb-synthesis/id43_id44_0003.mp4,celebdf
fake_id43_id44_0004,train,fake,/workspace/data/raw/celebdf/Celeb-synthesis/id43_id44_0004.mp4,celebdf
fake_id43_id44_0006,train,fake,/workspace/data/raw/celebdf/Celeb-synthesis/id43_id44_0006.mp4,celebdf
fake_id43_id44_0007,train,fake,/workspace/data/raw/celebdf/Celeb-synthesis/id43_id44_0007.mp4,celebdf
fake_id43_id44_0008,train,fake,/workspace/data/raw/celebdf/Celeb-synthesis/id43_id44_0008.mp4,celebdf
fake_id43_id44_0009,train,fake,/workspace/data/raw/celebdf/Celeb-synthesis/id43_id44_0009.mp4,celebdf
fake_id43_id45_0000,train,fake,/workspace/data/raw/celebdf/Celeb-synthesis/id43_id45_0000.mp4,celebdf
fake_id43_id45_0001,train,fake,/workspace/data/raw/celebdf/Celeb-synthesis/id43_id45_0001.mp4,celebdf
fake_id43_id45_0002,train,fake,/workspace/data/raw/celebdf/Celeb-synthesis/id43_id45_0002.mp4,celebdf
fake_id43_id45_0003,train,fake,/workspace/data/raw/celebdf/Celeb-synthesis/id43_id45_0003.mp4,celebdf
fake_id43_id45_0004,train,fake,/workspace/data/raw/celebdf/Celeb-synthesis/id43_id45_0004.mp4,celebdf
fake_id43_id45_0006,train,fake,/workspace/data/raw/celebdf/Celeb-synthesis/id43_id45_0006.mp4,celebdf
fake_id43_id45_0008,train,fake,/workspace/data/raw/celebdf/Celeb-synthesis/id43_id45_0008.mp4,celebdf
fake_id43_id45_0009,train,fake,/workspace/data/raw/celebdf/Celeb-synthesis/id43_id45_0009.mp4,celebdf
fake_id43_id46_0000,train,fake,/workspace/data/raw/celebdf/Celeb-synthesis/id43_id46_0000.mp4,celebdf
fake_id43_id46_0001,train,fake,/workspace/data/raw/celebdf/Celeb-synthesis/id43_id46_0001.mp4,celebdf
fake_id43_id46_0002,train,fake,/workspace/data/raw/celebdf/Celeb-synthesis/id43_id46_0002.mp4,celebdf
fake_id43_id46_0003,train,fake,/workspace/data/raw/celebdf/Celeb-synthesis/id43_id46_0003.mp4,celebdf
fake_id43_id46_0004,train,fake,/workspace/data/raw/celebdf/Celeb-synthesis/id43_id46_0004.mp4,celebdf
fake_id43_id46_0005,train,fake,/workspace/data/raw/celebdf/Celeb-synthesis/id43_id46_0005.mp4,celebdf
fake_id43_id46_0006,train,fake,/workspace/data/raw/celebdf/Celeb-synthesis/id43_id46_0006.mp4,celebdf
fake_id43_id46_0008,train,fake,/workspace/data/raw/celebdf/Celeb-synthesis/id43_id46_0008.mp4,celebdf
fake_id43_id46_0009,train,fake,/workspace/data/raw/celebdf/Celeb-synthesis/id43_id46_0009.mp4,celebdf
fake_id43_id47_0000,train,fake,/workspace/data/raw/celebdf/Celeb-synthesis/id43_id47_0000.mp4,celebdf
fake_id43_id47_0001,train,fake,/workspace/data/raw/celebdf/Celeb-synthesis/id43_id47_0001.mp4,celebdf
fake_id43_id47_0002,train,fake,/workspace/data/raw/celebdf/Celeb-synthesis/id43_id47_0002.mp4,celebdf
fake_id43_id47_0003,train,fake,/workspace/data/raw/celebdf/Celeb-synthesis/id43_id47_0003.mp4,celebdf
fake_id43_id47_0004,train,fake,/workspace/data/raw/celebdf/Celeb-synthesis/id43_id47_0004.mp4,celebdf
fake_id43_id47_0005,train,fake,/workspace/data/raw/celebdf/Celeb-synthesis/id43_id47_0005.mp4,celebdf
fake_id43_id47_0006,train,fake,/workspace/data/raw/celebdf/Celeb-synthesis/id43_id47_0006.mp4,celebdf
fake_id43_id47_0008,train,fake,/workspace/data/raw/celebdf/Celeb-synthesis/id43_id47_0008.mp4,celebdf
fake_id43_id47_0009,train,fake,/workspace/data/raw/celebdf/Celeb-synthesis/id43_id47_0009.mp4,celebdf
fake_id43_id48_0000,train,fake,/workspace/data/raw/celebdf/Celeb-synthesis/id43_id48_0000.mp4,celebdf
fake_id43_id48_0001,train,fake,/workspace/data/raw/celebdf/Celeb-synthesis/id43_id48_0001.mp4,celebdf
fake_id43_id48_0002,train,fake,/workspace/data/raw/celebdf/Celeb-synthesis/id43_id48_0002.mp4,celebdf
fake_id43_id48_0003,train,fake,/workspace/data/raw/celebdf/Celeb-synthesis/id43_id48_0003.mp4,celebdf
fake_id43_id48_0004,train,fake,/workspace/data/raw/celebdf/Celeb-synthesis/id43_id48_0004.mp4,celebdf
fake_id43_id48_0005,train,fake,/workspace/data/raw/celebdf/Celeb-synthesis/id43_id48_0005.mp4,celebdf
fake_id43_id48_0006,train,fake,/workspace/data/raw/celebdf/Celeb-synthesis/id43_id48_0006.mp4,celebdf
fake_id43_id48_0007,train,fake,/workspace/data/raw/celebdf/Celeb-synthesis/id43_id48_0007.mp4,celebdf
fake_id43_id48_0008,train,fake,/workspace/data/raw/celebdf/Celeb-synthesis/id43_id48_0008.mp4,celebdf
fake_id43_id48_0009,train,fake,/workspace/data/raw/celebdf/Celeb-synthesis/id43_id48_0009.mp4,celebdf
fake_id44_id39_0000,train,fake,/workspace/data/raw/celebdf/Celeb-synthesis/id44_id39_0000.mp4,celebdf
fake_id44_id39_0001,train,fake,/workspace/data/raw/celebdf/Celeb-synthesis/id44_id39_0001.mp4,celebdf
fake_id44_id39_0002,train,fake,/workspace/data/raw/celebdf/Celeb-synthesis/id44_id39_0002.mp4,celebdf
fake_id44_id39_0003,train,fake,/workspace/data/raw/celebdf/Celeb-synthesis/id44_id39_0003.mp4,celebdf
fake_id44_id39_0004,train,fake,/workspace/data/raw/celebdf/Celeb-synthesis/id44_id39_0004.mp4,celebdf
fake_id44_id40_0000,train,fake,/workspace/data/raw/celebdf/Celeb-synthesis/id44_id40_0000.mp4,celebdf
fake_id44_id40_0002,train,fake,/workspace/data/raw/celebdf/Celeb-synthesis/id44_id40_0002.mp4,celebdf
fake_id44_id41_0000,train,fake,/workspace/data/raw/celebdf/Celeb-synthesis/id44_id41_0000.mp4,celebdf
fake_id44_id41_0001,train,fake,/workspace/data/raw/celebdf/Celeb-synthesis/id44_id41_0001.mp4,celebdf
fake_id44_id41_0002,train,fake,/workspace/data/raw/celebdf/Celeb-synthesis/id44_id41_0002.mp4,celebdf
fake_id44_id42_0000,train,fake,/workspace/data/raw/celebdf/Celeb-synthesis/id44_id42_0000.mp4,celebdf
fake_id44_id42_0002,train,fake,/workspace/data/raw/celebdf/Celeb-synthesis/id44_id42_0002.mp4,celebdf
fake_id44_id42_0003,train,fake,/workspace/data/raw/celebdf/Celeb-synthesis/id44_id42_0003.mp4,celebdf
fake_id44_id42_0004,train,fake,/workspace/data/raw/celebdf/Celeb-synthesis/id44_id42_0004.mp4,celebdf
fake_id44_id42_0005,train,fake,/workspace/data/raw/celebdf/Celeb-synthesis/id44_id42_0005.mp4,celebdf
fake_id44_id43_0000,train,fake,/workspace/data/raw/celebdf/Celeb-synthesis/id44_id43_0000.mp4,celebdf
fake_id44_id43_0001,train,fake,/workspace/data/raw/celebdf/Celeb-synthesis/id44_id43_0001.mp4,celebdf
fake_id44_id43_0002,train,fake,/workspace/data/raw/celebdf/Celeb-synthesis/id44_id43_0002.mp4,celebdf
fake_id44_id43_0003,train,fake,/workspace/data/raw/celebdf/Celeb-synthesis/id44_id43_0003.mp4,celebdf
fake_id44_id43_0004,train,fake,/workspace/data/raw/celebdf/Celeb-synthesis/id44_id43_0004.mp4,celebdf
fake_id44_id43_0005,train,fake,/workspace/data/raw/celebdf/Celeb-synthesis/id44_id43_0005.mp4,celebdf
fake_id44_id45_0001,train,fake,/workspace/data/raw/celebdf/Celeb-synthesis/id44_id45_0001.mp4,celebdf
fake_id44_id45_0002,train,fake,/workspace/data/raw/celebdf/Celeb-synthesis/id44_id45_0002.mp4,celebdf
fake_id44_id45_0003,train,fake,/workspace/data/raw/celebdf/Celeb-synthesis/id44_id45_0003.mp4,celebdf
fake_id44_id45_0004,train,fake,/workspace/data/raw/celebdf/Celeb-synthesis/id44_id45_0004.mp4,celebdf
fake_id44_id45_0005,train,fake,/workspace/data/raw/celebdf/Celeb-synthesis/id44_id45_0005.mp4,celebdf
fake_id44_id46_0000,train,fake,/workspace/data/raw/celebdf/Celeb-synthesis/id44_id46_0000.mp4,celebdf
fake_id44_id46_0001,train,fake,/workspace/data/raw/celebdf/Celeb-synthesis/id44_id46_0001.mp4,celebdf
fake_id44_id46_0002,train,fake,/workspace/data/raw/celebdf/Celeb-synthesis/id44_id46_0002.mp4,celebdf
fake_id44_id46_0003,train,fake,/workspace/data/raw/celebdf/Celeb-synthesis/id44_id46_0003.mp4,celebdf
fake_id44_id46_0004,train,fake,/workspace/data/raw/celebdf/Celeb-synthesis/id44_id46_0004.mp4,celebdf
fake_id44_id47_0000,train,fake,/workspace/data/raw/celebdf/Celeb-synthesis/id44_id47_0000.mp4,celebdf
fake_id44_id47_0001,train,fake,/workspace/data/raw/celebdf/Celeb-synthesis/id44_id47_0001.mp4,celebdf
fake_id44_id47_0002,train,fake,/workspace/data/raw/celebdf/Celeb-synthesis/id44_id47_0002.mp4,celebdf
fake_id44_id47_0003,train,fake,/workspace/data/raw/celebdf/Celeb-synthesis/id44_id47_0003.mp4,celebdf
fake_id44_id47_0004,train,fake,/workspace/data/raw/celebdf/Celeb-synthesis/id44_id47_0004.mp4,celebdf
fake_id44_id47_0005,train,fake,/workspace/data/raw/celebdf/Celeb-synthesis/id44_id47_0005.mp4,celebdf
fake_id44_id48_0000,train,fake,/workspace/data/raw/celebdf/Celeb-synthesis/id44_id48_0000.mp4,celebdf
fake_id44_id48_0001,train,fake,/workspace/data/raw/celebdf/Celeb-synthesis/id44_id48_0001.mp4,celebdf
fake_id44_id48_0002,train,fake,/workspace/data/raw/celebdf/Celeb-synthesis/id44_id48_0002.mp4,celebdf
fake_id44_id48_0003,train,fake,/workspace/data/raw/celebdf/Celeb-synthesis/id44_id48_0003.mp4,celebdf
fake_id44_id48_0004,train,fake,/workspace/data/raw/celebdf/Celeb-synthesis/id44_id48_0004.mp4,celebdf
fake_id44_id48_0005,train,fake,/workspace/data/raw/celebdf/Celeb-synthesis/id44_id48_0005.mp4,celebdf
fake_id45_id39_0000,train,fake,/workspace/data/raw/celebdf/Celeb-synthesis/id45_id39_0000.mp4,celebdf
fake_id45_id39_0001,train,fake,/workspace/data/raw/celebdf/Celeb-synthesis/id45_id39_0001.mp4,celebdf
fake_id45_id39_0002,train,fake,/workspace/data/raw/celebdf/Celeb-synthesis/id45_id39_0002.mp4,celebdf
fake_id45_id39_0003,train,fake,/workspace/data/raw/celebdf/Celeb-synthesis/id45_id39_0003.mp4,celebdf
fake_id45_id39_0004,train,fake,/workspace/data/raw/celebdf/Celeb-synthesis/id45_id39_0004.mp4,celebdf
fake_id45_id39_0005,train,fake,/workspace/data/raw/celebdf/Celeb-synthesis/id45_id39_0005.mp4,celebdf
fake_id45_id39_0006,train,fake,/workspace/data/raw/celebdf/Celeb-synthesis/id45_id39_0006.mp4,celebdf
fake_id45_id39_0007,train,fake,/workspace/data/raw/celebdf/Celeb-synthesis/id45_id39_0007.mp4,celebdf
fake_id45_id39_0009,train,fake,/workspace/data/raw/celebdf/Celeb-synthesis/id45_id39_0009.mp4,celebdf
fake_id45_id40_0000,train,fake,/workspace/data/raw/celebdf/Celeb-synthesis/id45_id40_0000.mp4,celebdf
fake_id45_id40_0001,train,fake,/workspace/data/raw/celebdf/Celeb-synthesis/id45_id40_0001.mp4,celebdf
fake_id45_id40_0002,train,fake,/workspace/data/raw/celebdf/Celeb-synthesis/id45_id40_0002.mp4,celebdf
fake_id45_id40_0003,train,fake,/workspace/data/raw/celebdf/Celeb-synthesis/id45_id40_0003.mp4,celebdf
fake_id45_id40_0004,train,fake,/workspace/data/raw/celebdf/Celeb-synthesis/id45_id40_0004.mp4,celebdf
fake_id45_id40_0005,train,fake,/workspace/data/raw/celebdf/Celeb-synthesis/id45_id40_0005.mp4,celebdf
fake_id45_id40_0006,train,fake,/workspace/data/raw/celebdf/Celeb-synthesis/id45_id40_0006.mp4,celebdf
fake_id45_id40_0007,train,fake,/workspace/data/raw/celebdf/Celeb-synthesis/id45_id40_0007.mp4,celebdf
fake_id45_id40_0008,train,fake,/workspace/data/raw/celebdf/Celeb-synthesis/id45_id40_0008.mp4,celebdf
fake_id45_id40_0009,train,fake,/workspace/data/raw/celebdf/Celeb-synthesis/id45_id40_0009.mp4,celebdf
fake_id45_id41_0000,train,fake,/workspace/data/raw/celebdf/Celeb-synthesis/id45_id41_0000.mp4,celebdf
fake_id45_id41_0001,train,fake,/workspace/data/raw/celebdf/Celeb-synthesis/id45_id41_0001.mp4,celebdf
fake_id45_id41_0002,train,fake,/workspace/data/raw/celebdf/Celeb-synthesis/id45_id41_0002.mp4,celebdf
fake_id45_id41_0003,train,fake,/workspace/data/raw/celebdf/Celeb-synthesis/id45_id41_0003.mp4,celebdf
fake_id45_id41_0004,train,fake,/workspace/data/raw/celebdf/Celeb-synthesis/id45_id41_0004.mp4,celebdf
fake_id45_id41_0005,train,fake,/workspace/data/raw/celebdf/Celeb-synthesis/id45_id41_0005.mp4,celebdf
fake_id45_id41_0006,train,fake,/workspace/data/raw/celebdf/Celeb-synthesis/id45_id41_0006.mp4,celebdf
fake_id45_id41_0007,train,fake,/workspace/data/raw/celebdf/Celeb-synthesis/id45_id41_0007.mp4,celebdf
fake_id45_id41_0008,train,fake,/workspace/data/raw/celebdf/Celeb-synthesis/id45_id41_0008.mp4,celebdf
fake_id45_id41_0009,train,fake,/workspace/data/raw/celebdf/Celeb-synthesis/id45_id41_0009.mp4,celebdf
fake_id45_id42_0000,train,fake,/workspace/data/raw/celebdf/Celeb-synthesis/id45_id42_0000.mp4,celebdf
fake_id45_id42_0002,train,fake,/workspace/data/raw/celebdf/Celeb-synthesis/id45_id42_0002.mp4,celebdf
fake_id45_id42_0003,train,fake,/workspace/data/raw/celebdf/Celeb-synthesis/id45_id42_0003.mp4,celebdf
fake_id45_id42_0004,train,fake,/workspace/data/raw/celebdf/Celeb-synthesis/id45_id42_0004.mp4,celebdf
fake_id45_id42_0005,train,fake,/workspace/data/raw/celebdf/Celeb-synthesis/id45_id42_0005.mp4,celebdf
fake_id45_id42_0006,train,fake,/workspace/data/raw/celebdf/Celeb-synthesis/id45_id42_0006.mp4,celebdf
fake_id45_id42_0007,train,fake,/workspace/data/raw/celebdf/Celeb-synthesis/id45_id42_0007.mp4,celebdf
fake_id45_id42_0008,train,fake,/workspace/data/raw/celebdf/Celeb-synthesis/id45_id42_0008.mp4,celebdf
fake_id45_id43_0000,train,fake,/workspace/data/raw/celebdf/Celeb-synthesis/id45_id43_0000.mp4,celebdf
fake_id45_id43_0001,train,fake,/workspace/data/raw/celebdf/Celeb-synthesis/id45_id43_0001.mp4,celebdf
fake_id45_id43_0002,train,fake,/workspace/data/raw/celebdf/Celeb-synthesis/id45_id43_0002.mp4,celebdf
fake_id45_id43_0003,train,fake,/workspace/data/raw/celebdf/Celeb-synthesis/id45_id43_0003.mp4,celebdf
fake_id45_id43_0004,train,fake,/workspace/data/raw/celebdf/Celeb-synthesis/id45_id43_0004.mp4,celebdf
fake_id45_id43_0005,train,fake,/workspace/data/raw/celebdf/Celeb-synthesis/id45_id43_0005.mp4,celebdf
fake_id45_id43_0006,train,fake,/workspace/data/raw/celebdf/Celeb-synthesis/id45_id43_0006.mp4,celebdf
fake_id45_id43_0007,train,fake,/workspace/data/raw/celebdf/Celeb-synthesis/id45_id43_0007.mp4,celebdf
fake_id45_id43_0008,train,fake,/workspace/data/raw/celebdf/Celeb-synthesis/id45_id43_0008.mp4,celebdf
fake_id45_id43_0009,train,fake,/workspace/data/raw/celebdf/Celeb-synthesis/id45_id43_0009.mp4,celebdf
fake_id45_id44_0000,train,fake,/workspace/data/raw/celebdf/Celeb-synthesis/id45_id44_0000.mp4,celebdf
fake_id45_id44_0001,train,fake,/workspace/data/raw/celebdf/Celeb-synthesis/id45_id44_0001.mp4,celebdf
fake_id45_id44_0002,train,fake,/workspace/data/raw/celebdf/Celeb-synthesis/id45_id44_0002.mp4,celebdf
fake_id45_id44_0003,train,fake,/workspace/data/raw/celebdf/Celeb-synthesis/id45_id44_0003.mp4,celebdf
fake_id45_id44_0004,train,fake,/workspace/data/raw/celebdf/Celeb-synthesis/id45_id44_0004.mp4,celebdf
fake_id45_id44_0005,train,fake,/workspace/data/raw/celebdf/Celeb-synthesis/id45_id44_0005.mp4,celebdf
fake_id45_id44_0006,train,fake,/workspace/data/raw/celebdf/Celeb-synthesis/id45_id44_0006.mp4,celebdf
fake_id45_id44_0007,train,fake,/workspace/data/raw/celebdf/Celeb-synthesis/id45_id44_0007.mp4,celebdf
fake_id45_id44_0008,train,fake,/workspace/data/raw/celebdf/Celeb-synthesis/id45_id44_0008.mp4,celebdf
fake_id45_id44_0009,train,fake,/workspace/data/raw/celebdf/Celeb-synthesis/id45_id44_0009.mp4,celebdf
fake_id45_id46_0000,train,fake,/workspace/data/raw/celebdf/Celeb-synthesis/id45_id46_0000.mp4,celebdf
fake_id45_id46_0002,train,fake,/workspace/data/raw/celebdf/Celeb-synthesis/id45_id46_0002.mp4,celebdf
fake_id45_id46_0003,train,fake,/workspace/data/raw/celebdf/Celeb-synthesis/id45_id46_0003.mp4,celebdf
fake_id45_id46_0004,train,fake,/workspace/data/raw/celebdf/Celeb-synthesis/id45_id46_0004.mp4,celebdf
fake_id45_id46_0005,train,fake,/workspace/data/raw/celebdf/Celeb-synthesis/id45_id46_0005.mp4,celebdf
fake_id45_id46_0006,train,fake,/workspace/data/raw/celebdf/Celeb-synthesis/id45_id46_0006.mp4,celebdf
fake_id45_id46_0007,train,fake,/workspace/data/raw/celebdf/Celeb-synthesis/id45_id46_0007.mp4,celebdf
fake_id45_id46_0008,train,fake,/workspace/data/raw/celebdf/Celeb-synthesis/id45_id46_0008.mp4,celebdf
fake_id45_id46_0009,train,fake,/workspace/data/raw/celebdf/Celeb-synthesis/id45_id46_0009.mp4,celebdf
fake_id45_id47_0000,train,fake,/workspace/data/raw/celebdf/Celeb-synthesis/id45_id47_0000.mp4,celebdf
fake_id45_id47_0001,train,fake,/workspace/data/raw/celebdf/Celeb-synthesis/id45_id47_0001.mp4,celebdf
fake_id45_id47_0003,train,fake,/workspace/data/raw/celebdf/Celeb-synthesis/id45_id47_0003.mp4,celebdf
fake_id45_id47_0004,train,fake,/workspace/data/raw/celebdf/Celeb-synthesis/id45_id47_0004.mp4,celebdf
fake_id45_id47_0005,train,fake,/workspace/data/raw/celebdf/Celeb-synthesis/id45_id47_0005.mp4,celebdf
fake_id45_id47_0006,train,fake,/workspace/data/raw/celebdf/Celeb-synthesis/id45_id47_0006.mp4,celebdf
fake_id45_id47_0007,train,fake,/workspace/data/raw/celebdf/Celeb-synthesis/id45_id47_0007.mp4,celebdf
fake_id45_id47_0008,train,fake,/workspace/data/raw/celebdf/Celeb-synthesis/id45_id47_0008.mp4,celebdf
fake_id45_id47_0009,train,fake,/workspace/data/raw/celebdf/Celeb-synthesis/id45_id47_0009.mp4,celebdf
fake_id45_id48_0000,train,fake,/workspace/data/raw/celebdf/Celeb-synthesis/id45_id48_0000.mp4,celebdf
fake_id45_id48_0001,train,fake,/workspace/data/raw/celebdf/Celeb-synthesis/id45_id48_0001.mp4,celebdf
fake_id45_id48_0002,train,fake,/workspace/data/raw/celebdf/Celeb-synthesis/id45_id48_0002.mp4,celebdf
fake_id45_id48_0003,train,fake,/workspace/data/raw/celebdf/Celeb-synthesis/id45_id48_0003.mp4,celebdf
fake_id45_id48_0004,train,fake,/workspace/data/raw/celebdf/Celeb-synthesis/id45_id48_0004.mp4,celebdf
fake_id45_id48_0005,train,fake,/workspace/data/raw/celebdf/Celeb-synthesis/id45_id48_0005.mp4,celebdf
fake_id45_id48_0006,train,fake,/workspace/data/raw/celebdf/Celeb-synthesis/id45_id48_0006.mp4,celebdf
fake_id45_id48_0007,train,fake,/workspace/data/raw/celebdf/Celeb-synthesis/id45_id48_0007.mp4,celebdf
fake_id45_id48_0008,train,fake,/workspace/data/raw/celebdf/Celeb-synthesis/id45_id48_0008.mp4,celebdf
fake_id45_id48_0009,train,fake,/workspace/data/raw/celebdf/Celeb-synthesis/id45_id48_0009.mp4,celebdf
fake_id46_id39_0001,train,fake,/workspace/data/raw/celebdf/Celeb-synthesis/id46_id39_0001.mp4,celebdf
fake_id46_id39_0002,train,fake,/workspace/data/raw/celebdf/Celeb-synthesis/id46_id39_0002.mp4,celebdf
fake_id46_id39_0003,train,fake,/workspace/data/raw/celebdf/Celeb-synthesis/id46_id39_0003.mp4,celebdf
fake_id46_id39_0004,train,fake,/workspace/data/raw/celebdf/Celeb-synthesis/id46_id39_0004.mp4,celebdf
fake_id46_id39_0005,train,fake,/workspace/data/raw/celebdf/Celeb-synthesis/id46_id39_0005.mp4,celebdf
fake_id46_id39_0006,train,fake,/workspace/data/raw/celebdf/Celeb-synthesis/id46_id39_0006.mp4,celebdf
fake_id46_id39_0007,train,fake,/workspace/data/raw/celebdf/Celeb-synthesis/id46_id39_0007.mp4,celebdf
fake_id46_id39_0008,train,fake,/workspace/data/raw/celebdf/Celeb-synthesis/id46_id39_0008.mp4,celebdf
fake_id46_id39_0009,train,fake,/workspace/data/raw/celebdf/Celeb-synthesis/id46_id39_0009.mp4,celebdf
fake_id46_id40_0002,train,fake,/workspace/data/raw/celebdf/Celeb-synthesis/id46_id40_0002.mp4,celebdf
fake_id46_id40_0004,train,fake,/workspace/data/raw/celebdf/Celeb-synthesis/id46_id40_0004.mp4,celebdf
fake_id46_id40_0008,train,fake,/workspace/data/raw/celebdf/Celeb-synthesis/id46_id40_0008.mp4,celebdf
fake_id46_id40_0009,train,fake,/workspace/data/raw/celebdf/Celeb-synthesis/id46_id40_0009.mp4,celebdf
fake_id46_id41_0001,train,fake,/workspace/data/raw/celebdf/Celeb-synthesis/id46_id41_0001.mp4,celebdf
fake_id46_id41_0002,train,fake,/workspace/data/raw/celebdf/Celeb-synthesis/id46_id41_0002.mp4,celebdf
fake_id46_id41_0003,train,fake,/workspace/data/raw/celebdf/Celeb-synthesis/id46_id41_0003.mp4,celebdf
fake_id46_id41_0004,train,fake,/workspace/data/raw/celebdf/Celeb-synthesis/id46_id41_0004.mp4,celebdf
fake_id46_id41_0005,train,fake,/workspace/data/raw/celebdf/Celeb-synthesis/id46_id41_0005.mp4,celebdf
fake_id46_id41_0007,train,fake,/workspace/data/raw/celebdf/Celeb-synthesis/id46_id41_0007.mp4,celebdf
fake_id46_id41_0008,train,fake,/workspace/data/raw/celebdf/Celeb-synthesis/id46_id41_0008.mp4,celebdf
fake_id46_id41_0009,train,fake,/workspace/data/raw/celebdf/Celeb-synthesis/id46_id41_0009.mp4,celebdf
fake_id46_id42_0000,train,fake,/workspace/data/raw/celebdf/Celeb-synthesis/id46_id42_0000.mp4,celebdf
fake_id46_id42_0001,train,fake,/workspace/data/raw/celebdf/Celeb-synthesis/id46_id42_0001.mp4,celebdf
fake_id46_id42_0002,train,fake,/workspace/data/raw/celebdf/Celeb-synthesis/id46_id42_0002.mp4,celebdf
fake_id46_id42_0003,train,fake,/workspace/data/raw/celebdf/Celeb-synthesis/id46_id42_0003.mp4,celebdf
fake_id46_id42_0004,train,fake,/workspace/data/raw/celebdf/Celeb-synthesis/id46_id42_0004.mp4,celebdf
fake_id46_id42_0005,train,fake,/workspace/data/raw/celebdf/Celeb-synthesis/id46_id42_0005.mp4,celebdf
fake_id46_id42_0006,train,fake,/workspace/data/raw/celebdf/Celeb-synthesis/id46_id42_0006.mp4,celebdf
fake_id46_id42_0007,train,fake,/workspace/data/raw/celebdf/Celeb-synthesis/id46_id42_0007.mp4,celebdf
fake_id46_id42_0008,train,fake,/workspace/data/raw/celebdf/Celeb-synthesis/id46_id42_0008.mp4,celebdf
fake_id46_id42_0009,train,fake,/workspace/data/raw/celebdf/Celeb-synthesis/id46_id42_0009.mp4,celebdf
fake_id46_id43_0000,train,fake,/workspace/data/raw/celebdf/Celeb-synthesis/id46_id43_0000.mp4,celebdf
fake_id46_id43_0001,train,fake,/workspace/data/raw/celebdf/Celeb-synthesis/id46_id43_0001.mp4,celebdf
fake_id46_id43_0002,train,fake,/workspace/data/raw/celebdf/Celeb-synthesis/id46_id43_0002.mp4,celebdf
fake_id46_id43_0003,train,fake,/workspace/data/raw/celebdf/Celeb-synthesis/id46_id43_0003.mp4,celebdf
fake_id46_id43_0004,train,fake,/workspace/data/raw/celebdf/Celeb-synthesis/id46_id43_0004.mp4,celebdf
fake_id46_id43_0005,train,fake,/workspace/data/raw/celebdf/Celeb-synthesis/id46_id43_0005.mp4,celebdf
fake_id46_id43_0006,train,fake,/workspace/data/raw/celebdf/Celeb-synthesis/id46_id43_0006.mp4,celebdf
fake_id46_id43_0007,train,fake,/workspace/data/raw/celebdf/Celeb-synthesis/id46_id43_0007.mp4,celebdf
fake_id46_id43_0008,train,fake,/workspace/data/raw/celebdf/Celeb-synthesis/id46_id43_0008.mp4,celebdf
fake_id46_id43_0009,train,fake,/workspace/data/raw/celebdf/Celeb-synthesis/id46_id43_0009.mp4,celebdf
fake_id46_id44_0000,train,fake,/workspace/data/raw/celebdf/Celeb-synthesis/id46_id44_0000.mp4,celebdf
fake_id46_id44_0001,train,fake,/workspace/data/raw/celebdf/Celeb-synthesis/id46_id44_0001.mp4,celebdf
fake_id46_id44_0003,train,fake,/workspace/data/raw/celebdf/Celeb-synthesis/id46_id44_0003.mp4,celebdf
fake_id46_id44_0005,train,fake,/workspace/data/raw/celebdf/Celeb-synthesis/id46_id44_0005.mp4,celebdf
fake_id46_id44_0007,train,fake,/workspace/data/raw/celebdf/Celeb-synthesis/id46_id44_0007.mp4,celebdf
fake_id46_id45_0000,train,fake,/workspace/data/raw/celebdf/Celeb-synthesis/id46_id45_0000.mp4,celebdf
fake_id46_id45_0002,train,fake,/workspace/data/raw/celebdf/Celeb-synthesis/id46_id45_0002.mp4,celebdf
fake_id46_id45_0003,train,fake,/workspace/data/raw/celebdf/Celeb-synthesis/id46_id45_0003.mp4,celebdf
fake_id46_id45_0004,train,fake,/workspace/data/raw/celebdf/Celeb-synthesis/id46_id45_0004.mp4,celebdf
fake_id46_id45_0005,train,fake,/workspace/data/raw/celebdf/Celeb-synthesis/id46_id45_0005.mp4,celebdf
fake_id46_id45_0006,train,fake,/workspace/data/raw/celebdf/Celeb-synthesis/id46_id45_0006.mp4,celebdf
fake_id46_id45_0007,train,fake,/workspace/data/raw/celebdf/Celeb-synthesis/id46_id45_0007.mp4,celebdf
fake_id46_id45_0008,train,fake,/workspace/data/raw/celebdf/Celeb-synthesis/id46_id45_0008.mp4,celebdf
fake_id46_id45_0009,train,fake,/workspace/data/raw/celebdf/Celeb-synthesis/id46_id45_0009.mp4,celebdf
fake_id46_id47_0000,train,fake,/workspace/data/raw/celebdf/Celeb-synthesis/id46_id47_0000.mp4,celebdf
fake_id46_id47_0001,train,fake,/workspace/data/raw/celebdf/Celeb-synthesis/id46_id47_0001.mp4,celebdf
fake_id46_id47_0002,train,fake,/workspace/data/raw/celebdf/Celeb-synthesis/id46_id47_0002.mp4,celebdf
fake_id46_id47_0003,train,fake,/workspace/data/raw/celebdf/Celeb-synthesis/id46_id47_0003.mp4,celebdf
fake_id46_id47_0004,train,fake,/workspace/data/raw/celebdf/Celeb-synthesis/id46_id47_0004.mp4,celebdf
fake_id46_id47_0005,train,fake,/workspace/data/raw/celebdf/Celeb-synthesis/id46_id47_0005.mp4,celebdf
fake_id46_id47_0006,train,fake,/workspace/data/raw/celebdf/Celeb-synthesis/id46_id47_0006.mp4,celebdf
fake_id46_id47_0007,train,fake,/workspace/data/raw/celebdf/Celeb-synthesis/id46_id47_0007.mp4,celebdf
fake_id46_id47_0008,train,fake,/workspace/data/raw/celebdf/Celeb-synthesis/id46_id47_0008.mp4,celebdf
fake_id46_id47_0009,train,fake,/workspace/data/raw/celebdf/Celeb-synthesis/id46_id47_0009.mp4,celebdf
fake_id46_id48_0000,train,fake,/workspace/data/raw/celebdf/Celeb-synthesis/id46_id48_0000.mp4,celebdf
fake_id46_id48_0002,train,fake,/workspace/data/raw/celebdf/Celeb-synthesis/id46_id48_0002.mp4,celebdf
fake_id46_id48_0003,train,fake,/workspace/data/raw/celebdf/Celeb-synthesis/id46_id48_0003.mp4,celebdf
fake_id46_id48_0004,train,fake,/workspace/data/raw/celebdf/Celeb-synthesis/id46_id48_0004.mp4,celebdf
fake_id46_id48_0005,train,fake,/workspace/data/raw/celebdf/Celeb-synthesis/id46_id48_0005.mp4,celebdf
fake_id46_id48_0007,train,fake,/workspace/data/raw/celebdf/Celeb-synthesis/id46_id48_0007.mp4,celebdf
fake_id46_id48_0008,train,fake,/workspace/data/raw/celebdf/Celeb-synthesis/id46_id48_0008.mp4,celebdf
fake_id46_id48_0009,train,fake,/workspace/data/raw/celebdf/Celeb-synthesis/id46_id48_0009.mp4,celebdf
fake_id47_id39_0000,train,fake,/workspace/data/raw/celebdf/Celeb-synthesis/id47_id39_0000.mp4,celebdf
fake_id47_id39_0001,train,fake,/workspace/data/raw/celebdf/Celeb-synthesis/id47_id39_0001.mp4,celebdf
fake_id47_id39_0002,train,fake,/workspace/data/raw/celebdf/Celeb-synthesis/id47_id39_0002.mp4,celebdf
fake_id47_id39_0003,train,fake,/workspace/data/raw/celebdf/Celeb-synthesis/id47_id39_0003.mp4,celebdf
fake_id47_id39_0004,train,fake,/workspace/data/raw/celebdf/Celeb-synthesis/id47_id39_0004.mp4,celebdf
fake_id47_id39_0005,train,fake,/workspace/data/raw/celebdf/Celeb-synthesis/id47_id39_0005.mp4,celebdf
fake_id47_id39_0006,train,fake,/workspace/data/raw/celebdf/Celeb-synthesis/id47_id39_0006.mp4,celebdf
fake_id47_id39_0007,train,fake,/workspace/data/raw/celebdf/Celeb-synthesis/id47_id39_0007.mp4,celebdf
fake_id47_id39_0008,train,fake,/workspace/data/raw/celebdf/Celeb-synthesis/id47_id39_0008.mp4,celebdf
fake_id47_id39_0009,train,fake,/workspace/data/raw/celebdf/Celeb-synthesis/id47_id39_0009.mp4,celebdf
fake_id47_id40_0000,train,fake,/workspace/data/raw/celebdf/Celeb-synthesis/id47_id40_0000.mp4,celebdf
fake_id47_id40_0001,train,fake,/workspace/data/raw/celebdf/Celeb-synthesis/id47_id40_0001.mp4,celebdf
fake_id47_id40_0003,train,fake,/workspace/data/raw/celebdf/Celeb-synthesis/id47_id40_0003.mp4,celebdf
fake_id47_id40_0004,train,fake,/workspace/data/raw/celebdf/Celeb-synthesis/id47_id40_0004.mp4,celebdf
fake_id47_id40_0005,train,fake,/workspace/data/raw/celebdf/Celeb-synthesis/id47_id40_0005.mp4,celebdf
fake_id47_id40_0006,train,fake,/workspace/data/raw/celebdf/Celeb-synthesis/id47_id40_0006.mp4,celebdf
fake_id47_id40_0007,train,fake,/workspace/data/raw/celebdf/Celeb-synthesis/id47_id40_0007.mp4,celebdf
fake_id47_id40_0008,train,fake,/workspace/data/raw/celebdf/Celeb-synthesis/id47_id40_0008.mp4,celebdf
fake_id47_id40_0009,train,fake,/workspace/data/raw/celebdf/Celeb-synthesis/id47_id40_0009.mp4,celebdf
fake_id47_id41_0000,train,fake,/workspace/data/raw/celebdf/Celeb-synthesis/id47_id41_0000.mp4,celebdf
fake_id47_id41_0001,train,fake,/workspace/data/raw/celebdf/Celeb-synthesis/id47_id41_0001.mp4,celebdf
fake_id47_id41_0002,train,fake,/workspace/data/raw/celebdf/Celeb-synthesis/id47_id41_0002.mp4,celebdf
fake_id47_id41_0003,train,fake,/workspace/data/raw/celebdf/Celeb-synthesis/id47_id41_0003.mp4,celebdf
fake_id47_id41_0004,train,fake,/workspace/data/raw/celebdf/Celeb-synthesis/id47_id41_0004.mp4,celebdf
fake_id47_id41_0005,train,fake,/workspace/data/raw/celebdf/Celeb-synthesis/id47_id41_0005.mp4,celebdf
fake_id47_id41_0006,train,fake,/workspace/data/raw/celebdf/Celeb-synthesis/id47_id41_0006.mp4,celebdf
fake_id47_id41_0007,train,fake,/workspace/data/raw/celebdf/Celeb-synthesis/id47_id41_0007.mp4,celebdf
fake_id47_id41_0008,train,fake,/workspace/data/raw/celebdf/Celeb-synthesis/id47_id41_0008.mp4,celebdf
fake_id47_id41_0009,train,fake,/workspace/data/raw/celebdf/Celeb-synthesis/id47_id41_0009.mp4,celebdf
fake_id47_id42_0000,train,fake,/workspace/data/raw/celebdf/Celeb-synthesis/id47_id42_0000.mp4,celebdf
fake_id47_id42_0001,train,fake,/workspace/data/raw/celebdf/Celeb-synthesis/id47_id42_0001.mp4,celebdf
fake_id47_id42_0002,train,fake,/workspace/data/raw/celebdf/Celeb-synthesis/id47_id42_0002.mp4,celebdf
fake_id47_id42_0003,train,fake,/workspace/data/raw/celebdf/Celeb-synthesis/id47_id42_0003.mp4,celebdf
fake_id47_id42_0004,train,fake,/workspace/data/raw/celebdf/Celeb-synthesis/id47_id42_0004.mp4,celebdf
fake_id47_id42_0005,train,fake,/workspace/data/raw/celebdf/Celeb-synthesis/id47_id42_0005.mp4,celebdf
fake_id47_id42_0006,train,fake,/workspace/data/raw/celebdf/Celeb-synthesis/id47_id42_0006.mp4,celebdf
fake_id47_id42_0007,train,fake,/workspace/data/raw/celebdf/Celeb-synthesis/id47_id42_0007.mp4,celebdf
fake_id47_id42_0008,train,fake,/workspace/data/raw/celebdf/Celeb-synthesis/id47_id42_0008.mp4,celebdf
fake_id47_id42_0009,train,fake,/workspace/data/raw/celebdf/Celeb-synthesis/id47_id42_0009.mp4,celebdf
fake_id47_id43_0000,train,fake,/workspace/data/raw/celebdf/Celeb-synthesis/id47_id43_0000.mp4,celebdf
fake_id47_id43_0001,train,fake,/workspace/data/raw/celebdf/Celeb-synthesis/id47_id43_0001.mp4,celebdf
fake_id47_id43_0002,train,fake,/workspace/data/raw/celebdf/Celeb-synthesis/id47_id43_0002.mp4,celebdf
fake_id47_id43_0003,train,fake,/workspace/data/raw/celebdf/Celeb-synthesis/id47_id43_0003.mp4,celebdf
fake_id47_id43_0004,train,fake,/workspace/data/raw/celebdf/Celeb-synthesis/id47_id43_0004.mp4,celebdf
fake_id47_id43_0005,train,fake,/workspace/data/raw/celebdf/Celeb-synthesis/id47_id43_0005.mp4,celebdf
fake_id47_id43_0006,train,fake,/workspace/data/raw/celebdf/Celeb-synthesis/id47_id43_0006.mp4,celebdf
fake_id47_id43_0008,train,fake,/workspace/data/raw/celebdf/Celeb-synthesis/id47_id43_0008.mp4,celebdf
fake_id47_id43_0009,train,fake,/workspace/data/raw/celebdf/Celeb-synthesis/id47_id43_0009.mp4,celebdf
fake_id47_id44_0000,train,fake,/workspace/data/raw/celebdf/Celeb-synthesis/id47_id44_0000.mp4,celebdf
fake_id47_id44_0001,train,fake,/workspace/data/raw/celebdf/Celeb-synthesis/id47_id44_0001.mp4,celebdf
fake_id47_id44_0002,train,fake,/workspace/data/raw/celebdf/Celeb-synthesis/id47_id44_0002.mp4,celebdf
fake_id47_id44_0003,train,fake,/workspace/data/raw/celebdf/Celeb-synthesis/id47_id44_0003.mp4,celebdf
fake_id47_id44_0004,train,fake,/workspace/data/raw/celebdf/Celeb-synthesis/id47_id44_0004.mp4,celebdf
fake_id47_id44_0005,train,fake,/workspace/data/raw/celebdf/Celeb-synthesis/id47_id44_0005.mp4,celebdf
fake_id47_id44_0006,train,fake,/workspace/data/raw/celebdf/Celeb-synthesis/id47_id44_0006.mp4,celebdf
fake_id47_id44_0007,train,fake,/workspace/data/raw/celebdf/Celeb-synthesis/id47_id44_0007.mp4,celebdf
fake_id47_id44_0008,train,fake,/workspace/data/raw/celebdf/Celeb-synthesis/id47_id44_0008.mp4,celebdf
fake_id47_id44_0009,train,fake,/workspace/data/raw/celebdf/Celeb-synthesis/id47_id44_0009.mp4,celebdf
fake_id47_id45_0000,train,fake,/workspace/data/raw/celebdf/Celeb-synthesis/id47_id45_0000.mp4,celebdf
fake_id47_id45_0001,train,fake,/workspace/data/raw/celebdf/Celeb-synthesis/id47_id45_0001.mp4,celebdf
fake_id47_id45_0002,train,fake,/workspace/data/raw/celebdf/Celeb-synthesis/id47_id45_0002.mp4,celebdf
fake_id47_id45_0003,train,fake,/workspace/data/raw/celebdf/Celeb-synthesis/id47_id45_0003.mp4,celebdf
fake_id47_id45_0004,train,fake,/workspace/data/raw/celebdf/Celeb-synthesis/id47_id45_0004.mp4,celebdf
fake_id47_id45_0005,train,fake,/workspace/data/raw/celebdf/Celeb-synthesis/id47_id45_0005.mp4,celebdf
fake_id47_id45_0006,train,fake,/workspace/data/raw/celebdf/Celeb-synthesis/id47_id45_0006.mp4,celebdf
fake_id47_id45_0007,train,fake,/workspace/data/raw/celebdf/Celeb-synthesis/id47_id45_0007.mp4,celebdf
fake_id47_id45_0008,train,fake,/workspace/data/raw/celebdf/Celeb-synthesis/id47_id45_0008.mp4,celebdf
fake_id47_id45_0009,train,fake,/workspace/data/raw/celebdf/Celeb-synthesis/id47_id45_0009.mp4,celebdf
fake_id47_id46_0000,train,fake,/workspace/data/raw/celebdf/Celeb-synthesis/id47_id46_0000.mp4,celebdf
fake_id47_id46_0001,train,fake,/workspace/data/raw/celebdf/Celeb-synthesis/id47_id46_0001.mp4,celebdf
fake_id47_id46_0002,train,fake,/workspace/data/raw/celebdf/Celeb-synthesis/id47_id46_0002.mp4,celebdf
fake_id47_id46_0003,train,fake,/workspace/data/raw/celebdf/Celeb-synthesis/id47_id46_0003.mp4,celebdf
fake_id47_id46_0004,train,fake,/workspace/data/raw/celebdf/Celeb-synthesis/id47_id46_0004.mp4,celebdf
fake_id47_id46_0005,train,fake,/workspace/data/raw/celebdf/Celeb-synthesis/id47_id46_0005.mp4,celebdf
fake_id47_id46_0006,train,fake,/workspace/data/raw/celebdf/Celeb-synthesis/id47_id46_0006.mp4,celebdf
fake_id47_id46_0007,train,fake,/workspace/data/raw/celebdf/Celeb-synthesis/id47_id46_0007.mp4,celebdf
fake_id47_id46_0008,train,fake,/workspace/data/raw/celebdf/Celeb-synthesis/id47_id46_0008.mp4,celebdf
fake_id47_id46_0009,train,fake,/workspace/data/raw/celebdf/Celeb-synthesis/id47_id46_0009.mp4,celebdf
fake_id47_id48_0000,train,fake,/workspace/data/raw/celebdf/Celeb-synthesis/id47_id48_0000.mp4,celebdf
fake_id47_id48_0001,train,fake,/workspace/data/raw/celebdf/Celeb-synthesis/id47_id48_0001.mp4,celebdf
fake_id47_id48_0002,train,fake,/workspace/data/raw/celebdf/Celeb-synthesis/id47_id48_0002.mp4,celebdf
fake_id47_id48_0003,train,fake,/workspace/data/raw/celebdf/Celeb-synthesis/id47_id48_0003.mp4,celebdf
fake_id47_id48_0004,train,fake,/workspace/data/raw/celebdf/Celeb-synthesis/id47_id48_0004.mp4,celebdf
fake_id47_id48_0005,train,fake,/workspace/data/raw/celebdf/Celeb-synthesis/id47_id48_0005.mp4,celebdf
fake_id47_id48_0006,train,fake,/workspace/data/raw/celebdf/Celeb-synthesis/id47_id48_0006.mp4,celebdf
fake_id47_id48_0007,train,fake,/workspace/data/raw/celebdf/Celeb-synthesis/id47_id48_0007.mp4,celebdf
fake_id47_id48_0008,train,fake,/workspace/data/raw/celebdf/Celeb-synthesis/id47_id48_0008.mp4,celebdf
fake_id47_id48_0009,train,fake,/workspace/data/raw/celebdf/Celeb-synthesis/id47_id48_0009.mp4,celebdf
fake_id48_id39_0000,train,fake,/workspace/data/raw/celebdf/Celeb-synthesis/id48_id39_0000.mp4,celebdf
fake_id48_id39_0001,train,fake,/workspace/data/raw/celebdf/Celeb-synthesis/id48_id39_0001.mp4,celebdf
fake_id48_id39_0002,train,fake,/workspace/data/raw/celebdf/Celeb-synthesis/id48_id39_0002.mp4,celebdf
fake_id48_id39_0003,train,fake,/workspace/data/raw/celebdf/Celeb-synthesis/id48_id39_0003.mp4,celebdf
fake_id48_id39_0004,train,fake,/workspace/data/raw/celebdf/Celeb-synthesis/id48_id39_0004.mp4,celebdf
fake_id48_id39_0005,train,fake,/workspace/data/raw/celebdf/Celeb-synthesis/id48_id39_0005.mp4,celebdf
fake_id48_id39_0006,train,fake,/workspace/data/raw/celebdf/Celeb-synthesis/id48_id39_0006.mp4,celebdf
fake_id48_id39_0007,train,fake,/workspace/data/raw/celebdf/Celeb-synthesis/id48_id39_0007.mp4,celebdf
fake_id48_id39_0008,train,fake,/workspace/data/raw/celebdf/Celeb-synthesis/id48_id39_0008.mp4,celebdf
fake_id48_id39_0009,train,fake,/workspace/data/raw/celebdf/Celeb-synthesis/id48_id39_0009.mp4,celebdf
fake_id48_id40_0000,train,fake,/workspace/data/raw/celebdf/Celeb-synthesis/id48_id40_0000.mp4,celebdf
fake_id48_id40_0001,train,fake,/workspace/data/raw/celebdf/Celeb-synthesis/id48_id40_0001.mp4,celebdf
fake_id48_id40_0002,train,fake,/workspace/data/raw/celebdf/Celeb-synthesis/id48_id40_0002.mp4,celebdf
fake_id48_id40_0003,train,fake,/workspace/data/raw/celebdf/Celeb-synthesis/id48_id40_0003.mp4,celebdf
fake_id48_id40_0004,train,fake,/workspace/data/raw/celebdf/Celeb-synthesis/id48_id40_0004.mp4,celebdf
fake_id48_id40_0005,train,fake,/workspace/data/raw/celebdf/Celeb-synthesis/id48_id40_0005.mp4,celebdf
fake_id48_id40_0006,train,fake,/workspace/data/raw/celebdf/Celeb-synthesis/id48_id40_0006.mp4,celebdf
fake_id48_id40_0007,train,fake,/workspace/data/raw/celebdf/Celeb-synthesis/id48_id40_0007.mp4,celebdf
fake_id48_id40_0008,train,fake,/workspace/data/raw/celebdf/Celeb-synthesis/id48_id40_0008.mp4,celebdf
fake_id48_id40_0009,train,fake,/workspace/data/raw/celebdf/Celeb-synthesis/id48_id40_0009.mp4,celebdf
fake_id48_id41_0002,train,fake,/workspace/data/raw/celebdf/Celeb-synthesis/id48_id41_0002.mp4,celebdf
fake_id48_id41_0003,train,fake,/workspace/data/raw/celebdf/Celeb-synthesis/id48_id41_0003.mp4,celebdf
fake_id48_id41_0004,train,fake,/workspace/data/raw/celebdf/Celeb-synthesis/id48_id41_0004.mp4,celebdf
fake_id48_id41_0006,train,fake,/workspace/data/raw/celebdf/Celeb-synthesis/id48_id41_0006.mp4,celebdf
fake_id48_id41_0007,train,fake,/workspace/data/raw/celebdf/Celeb-synthesis/id48_id41_0007.mp4,celebdf
fake_id48_id41_0009,train,fake,/workspace/data/raw/celebdf/Celeb-synthesis/id48_id41_0009.mp4,celebdf
fake_id48_id42_0000,train,fake,/workspace/data/raw/celebdf/Celeb-synthesis/id48_id42_0000.mp4,celebdf
fake_id48_id42_0001,train,fake,/workspace/data/raw/celebdf/Celeb-synthesis/id48_id42_0001.mp4,celebdf
fake_id48_id42_0002,train,fake,/workspace/data/raw/celebdf/Celeb-synthesis/id48_id42_0002.mp4,celebdf
fake_id48_id42_0003,train,fake,/workspace/data/raw/celebdf/Celeb-synthesis/id48_id42_0003.mp4,celebdf
fake_id48_id42_0004,train,fake,/workspace/data/raw/celebdf/Celeb-synthesis/id48_id42_0004.mp4,celebdf
fake_id48_id42_0005,train,fake,/workspace/data/raw/celebdf/Celeb-synthesis/id48_id42_0005.mp4,celebdf
fake_id48_id42_0006,train,fake,/workspace/data/raw/celebdf/Celeb-synthesis/id48_id42_0006.mp4,celebdf
fake_id48_id42_0007,train,fake,/workspace/data/raw/celebdf/Celeb-synthesis/id48_id42_0007.mp4,celebdf
fake_id48_id42_0008,train,fake,/workspace/data/raw/celebdf/Celeb-synthesis/id48_id42_0008.mp4,celebdf
fake_id48_id42_0009,train,fake,/workspace/data/raw/celebdf/Celeb-synthesis/id48_id42_0009.mp4,celebdf
fake_id48_id43_0001,train,fake,/workspace/data/raw/celebdf/Celeb-synthesis/id48_id43_0001.mp4,celebdf
fake_id48_id43_0002,train,fake,/workspace/data/raw/celebdf/Celeb-synthesis/id48_id43_0002.mp4,celebdf
fake_id48_id43_0003,train,fake,/workspace/data/raw/celebdf/Celeb-synthesis/id48_id43_0003.mp4,celebdf
fake_id48_id43_0004,train,fake,/workspace/data/raw/celebdf/Celeb-synthesis/id48_id43_0004.mp4,celebdf
fake_id48_id43_0005,train,fake,/workspace/data/raw/celebdf/Celeb-synthesis/id48_id43_0005.mp4,celebdf
fake_id48_id43_0006,train,fake,/workspace/data/raw/celebdf/Celeb-synthesis/id48_id43_0006.mp4,celebdf
fake_id48_id43_0007,train,fake,/workspace/data/raw/celebdf/Celeb-synthesis/id48_id43_0007.mp4,celebdf
fake_id48_id43_0008,train,fake,/workspace/data/raw/celebdf/Celeb-synthesis/id48_id43_0008.mp4,celebdf
fake_id48_id43_0009,train,fake,/workspace/data/raw/celebdf/Celeb-synthesis/id48_id43_0009.mp4,celebdf
fake_id48_id44_0000,train,fake,/workspace/data/raw/celebdf/Celeb-synthesis/id48_id44_0000.mp4,celebdf
fake_id48_id44_0001,train,fake,/workspace/data/raw/celebdf/Celeb-synthesis/id48_id44_0001.mp4,celebdf
fake_id48_id44_0002,train,fake,/workspace/data/raw/celebdf/Celeb-synthesis/id48_id44_0002.mp4,celebdf
fake_id48_id44_0003,train,fake,/workspace/data/raw/celebdf/Celeb-synthesis/id48_id44_0003.mp4,celebdf
fake_id48_id44_0004,train,fake,/workspace/data/raw/celebdf/Celeb-synthesis/id48_id44_0004.mp4,celebdf
fake_id48_id44_0005,train,fake,/workspace/data/raw/celebdf/Celeb-synthesis/id48_id44_0005.mp4,celebdf
fake_id48_id44_0006,train,fake,/workspace/data/raw/celebdf/Celeb-synthesis/id48_id44_0006.mp4,celebdf
fake_id48_id44_0007,train,fake,/workspace/data/raw/celebdf/Celeb-synthesis/id48_id44_0007.mp4,celebdf
fake_id48_id44_0008,train,fake,/workspace/data/raw/celebdf/Celeb-synthesis/id48_id44_0008.mp4,celebdf
fake_id48_id44_0009,train,fake,/workspace/data/raw/celebdf/Celeb-synthesis/id48_id44_0009.mp4,celebdf
fake_id48_id45_0000,train,fake,/workspace/data/raw/celebdf/Celeb-synthesis/id48_id45_0000.mp4,celebdf
fake_id48_id45_0001,train,fake,/workspace/data/raw/celebdf/Celeb-synthesis/id48_id45_0001.mp4,celebdf
fake_id48_id45_0003,train,fake,/workspace/data/raw/celebdf/Celeb-synthesis/id48_id45_0003.mp4,celebdf
fake_id48_id45_0004,train,fake,/workspace/data/raw/celebdf/Celeb-synthesis/id48_id45_0004.mp4,celebdf
fake_id48_id45_0005,train,fake,/workspace/data/raw/celebdf/Celeb-synthesis/id48_id45_0005.mp4,celebdf
fake_id48_id45_0006,train,fake,/workspace/data/raw/celebdf/Celeb-synthesis/id48_id45_0006.mp4,celebdf
fake_id48_id45_0007,train,fake,/workspace/data/raw/celebdf/Celeb-synthesis/id48_id45_0007.mp4,celebdf
fake_id48_id45_0008,train,fake,/workspace/data/raw/celebdf/Celeb-synthesis/id48_id45_0008.mp4,celebdf
fake_id48_id45_0009,train,fake,/workspace/data/raw/celebdf/Celeb-synthesis/id48_id45_0009.mp4,celebdf
fake_id48_id46_0001,train,fake,/workspace/data/raw/celebdf/Celeb-synthesis/id48_id46_0001.mp4,celebdf
fake_id48_id46_0002,train,fake,/workspace/data/raw/celebdf/Celeb-synthesis/id48_id46_0002.mp4,celebdf
fake_id48_id46_0003,train,fake,/workspace/data/raw/celebdf/Celeb-synthesis/id48_id46_0003.mp4,celebdf
fake_id48_id46_0004,train,fake,/workspace/data/raw/celebdf/Celeb-synthesis/id48_id46_0004.mp4,celebdf
fake_id48_id46_0005,train,fake,/workspace/data/raw/celebdf/Celeb-synthesis/id48_id46_0005.mp4,celebdf
fake_id48_id46_0006,train,fake,/workspace/data/raw/celebdf/Celeb-synthesis/id48_id46_0006.mp4,celebdf
fake_id48_id46_0007,train,fake,/workspace/data/raw/celebdf/Celeb-synthesis/id48_id46_0007.mp4,celebdf
fake_id48_id46_0009,train,fake,/workspace/data/raw/celebdf/Celeb-synthesis/id48_id46_0009.mp4,celebdf
fake_id48_id47_0000,train,fake,/workspace/data/raw/celebdf/Celeb-synthesis/id48_id47_0000.mp4,celebdf
fake_id48_id47_0001,train,fake,/workspace/data/raw/celebdf/Celeb-synthesis/id48_id47_0001.mp4,celebdf
fake_id48_id47_0002,train,fake,/workspace/data/raw/celebdf/Celeb-synthesis/id48_id47_0002.mp4,celebdf
fake_id48_id47_0003,train,fake,/workspace/data/raw/celebdf/Celeb-synthesis/id48_id47_0003.mp4,celebdf
fake_id48_id47_0004,train,fake,/workspace/data/raw/celebdf/Celeb-synthesis/id48_id47_0004.mp4,celebdf
fake_id48_id47_0005,train,fake,/workspace/data/raw/celebdf/Celeb-synthesis/id48_id47_0005.mp4,celebdf
fake_id48_id47_0006,train,fake,/workspace/data/raw/celebdf/Celeb-synthesis/id48_id47_0006.mp4,celebdf
fake_id48_id47_0007,train,fake,/workspace/data/raw/celebdf/Celeb-synthesis/id48_id47_0007.mp4,celebdf
fake_id48_id47_0009,train,fake,/workspace/data/raw/celebdf/Celeb-synthesis/id48_id47_0009.mp4,celebdf
fake_id49_id50_0000,train,fake,/workspace/data/raw/celebdf/Celeb-synthesis/id49_id50_0000.mp4,celebdf
fake_id49_id50_0001,train,fake,/workspace/data/raw/celebdf/Celeb-synthesis/id49_id50_0001.mp4,celebdf
fake_id49_id50_0002,train,fake,/workspace/data/raw/celebdf/Celeb-synthesis/id49_id50_0002.mp4,celebdf
fake_id49_id50_0003,train,fake,/workspace/data/raw/celebdf/Celeb-synthesis/id49_id50_0003.mp4,celebdf
fake_id49_id50_0004,train,fake,/workspace/data/raw/celebdf/Celeb-synthesis/id49_id50_0004.mp4,celebdf
fake_id49_id50_0005,train,fake,/workspace/data/raw/celebdf/Celeb-synthesis/id49_id50_0005.mp4,celebdf
fake_id49_id50_0006,train,fake,/workspace/data/raw/celebdf/Celeb-synthesis/id49_id50_0006.mp4,celebdf
fake_id49_id50_0007,train,fake,/workspace/data/raw/celebdf/Celeb-synthesis/id49_id50_0007.mp4,celebdf
fake_id49_id50_0008,train,fake,/workspace/data/raw/celebdf/Celeb-synthesis/id49_id50_0008.mp4,celebdf
fake_id49_id50_0009,train,fake,/workspace/data/raw/celebdf/Celeb-synthesis/id49_id50_0009.mp4,celebdf
fake_id49_id51_0000,train,fake,/workspace/data/raw/celebdf/Celeb-synthesis/id49_id51_0000.mp4,celebdf
fake_id49_id51_0001,train,fake,/workspace/data/raw/celebdf/Celeb-synthesis/id49_id51_0001.mp4,celebdf
fake_id49_id51_0002,train,fake,/workspace/data/raw/celebdf/Celeb-synthesis/id49_id51_0002.mp4,celebdf
fake_id49_id51_0003,train,fake,/workspace/data/raw/celebdf/Celeb-synthesis/id49_id51_0003.mp4,celebdf
fake_id49_id51_0004,train,fake,/workspace/data/raw/celebdf/Celeb-synthesis/id49_id51_0004.mp4,celebdf
fake_id49_id51_0005,train,fake,/workspace/data/raw/celebdf/Celeb-synthesis/id49_id51_0005.mp4,celebdf
fake_id49_id51_0006,train,fake,/workspace/data/raw/celebdf/Celeb-synthesis/id49_id51_0006.mp4,celebdf
fake_id49_id51_0007,train,fake,/workspace/data/raw/celebdf/Celeb-synthesis/id49_id51_0007.mp4,celebdf
fake_id49_id51_0008,train,fake,/workspace/data/raw/celebdf/Celeb-synthesis/id49_id51_0008.mp4,celebdf
fake_id49_id51_0009,train,fake,/workspace/data/raw/celebdf/Celeb-synthesis/id49_id51_0009.mp4,celebdf
fake_id49_id52_0000,train,fake,/workspace/data/raw/celebdf/Celeb-synthesis/id49_id52_0000.mp4,celebdf
fake_id49_id52_0001,train,fake,/workspace/data/raw/celebdf/Celeb-synthesis/id49_id52_0001.mp4,celebdf
fake_id49_id52_0002,train,fake,/workspace/data/raw/celebdf/Celeb-synthesis/id49_id52_0002.mp4,celebdf
fake_id49_id52_0003,train,fake,/workspace/data/raw/celebdf/Celeb-synthesis/id49_id52_0003.mp4,celebdf
fake_id49_id52_0004,train,fake,/workspace/data/raw/celebdf/Celeb-synthesis/id49_id52_0004.mp4,celebdf
fake_id49_id52_0006,train,fake,/workspace/data/raw/celebdf/Celeb-synthesis/id49_id52_0006.mp4,celebdf
fake_id49_id52_0008,train,fake,/workspace/data/raw/celebdf/Celeb-synthesis/id49_id52_0008.mp4,celebdf
fake_id49_id52_0009,train,fake,/workspace/data/raw/celebdf/Celeb-synthesis/id49_id52_0009.mp4,celebdf
fake_id49_id53_0000,train,fake,/workspace/data/raw/celebdf/Celeb-synthesis/id49_id53_0000.mp4,celebdf
fake_id49_id53_0001,train,fake,/workspace/data/raw/celebdf/Celeb-synthesis/id49_id53_0001.mp4,celebdf
fake_id49_id53_0002,train,fake,/workspace/data/raw/celebdf/Celeb-synthesis/id49_id53_0002.mp4,celebdf
fake_id49_id53_0004,train,fake,/workspace/data/raw/celebdf/Celeb-synthesis/id49_id53_0004.mp4,celebdf
fake_id49_id53_0005,train,fake,/workspace/data/raw/celebdf/Celeb-synthesis/id49_id53_0005.mp4,celebdf
fake_id49_id53_0006,train,fake,/workspace/data/raw/celebdf/Celeb-synthesis/id49_id53_0006.mp4,celebdf
fake_id49_id53_0007,train,fake,/workspace/data/raw/celebdf/Celeb-synthesis/id49_id53_0007.mp4,celebdf
fake_id49_id53_0008,train,fake,/workspace/data/raw/celebdf/Celeb-synthesis/id49_id53_0008.mp4,celebdf
fake_id49_id54_0000,train,fake,/workspace/data/raw/celebdf/Celeb-synthesis/id49_id54_0000.mp4,celebdf
fake_id49_id54_0001,train,fake,/workspace/data/raw/celebdf/Celeb-synthesis/id49_id54_0001.mp4,celebdf
fake_id49_id54_0002,train,fake,/workspace/data/raw/celebdf/Celeb-synthesis/id49_id54_0002.mp4,celebdf
fake_id49_id54_0003,train,fake,/workspace/data/raw/celebdf/Celeb-synthesis/id49_id54_0003.mp4,celebdf
fake_id49_id54_0004,train,fake,/workspace/data/raw/celebdf/Celeb-synthesis/id49_id54_0004.mp4,celebdf
fake_id49_id54_0005,train,fake,/workspace/data/raw/celebdf/Celeb-synthesis/id49_id54_0005.mp4,celebdf
fake_id49_id54_0006,train,fake,/workspace/data/raw/celebdf/Celeb-synthesis/id49_id54_0006.mp4,celebdf
fake_id49_id54_0007,train,fake,/workspace/data/raw/celebdf/Celeb-synthesis/id49_id54_0007.mp4,celebdf
fake_id49_id54_0008,train,fake,/workspace/data/raw/celebdf/Celeb-synthesis/id49_id54_0008.mp4,celebdf
fake_id49_id54_0009,train,fake,/workspace/data/raw/celebdf/Celeb-synthesis/id49_id54_0009.mp4,celebdf
fake_id49_id55_0000,train,fake,/workspace/data/raw/celebdf/Celeb-synthesis/id49_id55_0000.mp4,celebdf
fake_id49_id55_0001,train,fake,/workspace/data/raw/celebdf/Celeb-synthesis/id49_id55_0001.mp4,celebdf
fake_id49_id55_0002,train,fake,/workspace/data/raw/celebdf/Celeb-synthesis/id49_id55_0002.mp4,celebdf
fake_id49_id55_0003,train,fake,/workspace/data/raw/celebdf/Celeb-synthesis/id49_id55_0003.mp4,celebdf
fake_id49_id55_0004,train,fake,/workspace/data/raw/celebdf/Celeb-synthesis/id49_id55_0004.mp4,celebdf
fake_id49_id55_0005,train,fake,/workspace/data/raw/celebdf/Celeb-synthesis/id49_id55_0005.mp4,celebdf
fake_id49_id55_0006,train,fake,/workspace/data/raw/celebdf/Celeb-synthesis/id49_id55_0006.mp4,celebdf
fake_id49_id55_0007,train,fake,/workspace/data/raw/celebdf/Celeb-synthesis/id49_id55_0007.mp4,celebdf
fake_id49_id55_0008,train,fake,/workspace/data/raw/celebdf/Celeb-synthesis/id49_id55_0008.mp4,celebdf
fake_id49_id55_0009,train,fake,/workspace/data/raw/celebdf/Celeb-synthesis/id49_id55_0009.mp4,celebdf
fake_id49_id56_0000,train,fake,/workspace/data/raw/celebdf/Celeb-synthesis/id49_id56_0000.mp4,celebdf
fake_id49_id56_0001,train,fake,/workspace/data/raw/celebdf/Celeb-synthesis/id49_id56_0001.mp4,celebdf
fake_id49_id56_0002,train,fake,/workspace/data/raw/celebdf/Celeb-synthesis/id49_id56_0002.mp4,celebdf
fake_id49_id56_0004,train,fake,/workspace/data/raw/celebdf/Celeb-synthesis/id49_id56_0004.mp4,celebdf
fake_id49_id56_0005,train,fake,/workspace/data/raw/celebdf/Celeb-synthesis/id49_id56_0005.mp4,celebdf
fake_id49_id56_0006,train,fake,/workspace/data/raw/celebdf/Celeb-synthesis/id49_id56_0006.mp4,celebdf
fake_id49_id56_0007,train,fake,/workspace/data/raw/celebdf/Celeb-synthesis/id49_id56_0007.mp4,celebdf
fake_id49_id56_0008,train,fake,/workspace/data/raw/celebdf/Celeb-synthesis/id49_id56_0008.mp4,celebdf
fake_id49_id56_0009,train,fake,/workspace/data/raw/celebdf/Celeb-synthesis/id49_id56_0009.mp4,celebdf
fake_id49_id57_0000,train,fake,/workspace/data/raw/celebdf/Celeb-synthesis/id49_id57_0000.mp4,celebdf
fake_id49_id57_0001,train,fake,/workspace/data/raw/celebdf/Celeb-synthesis/id49_id57_0001.mp4,celebdf
fake_id49_id57_0002,train,fake,/workspace/data/raw/celebdf/Celeb-synthesis/id49_id57_0002.mp4,celebdf
fake_id49_id57_0004,train,fake,/workspace/data/raw/celebdf/Celeb-synthesis/id49_id57_0004.mp4,celebdf
fake_id49_id57_0005,train,fake,/workspace/data/raw/celebdf/Celeb-synthesis/id49_id57_0005.mp4,celebdf
fake_id49_id57_0006,train,fake,/workspace/data/raw/celebdf/Celeb-synthesis/id49_id57_0006.mp4,celebdf
fake_id49_id57_0007,train,fake,/workspace/data/raw/celebdf/Celeb-synthesis/id49_id57_0007.mp4,celebdf
fake_id49_id57_0008,train,fake,/workspace/data/raw/celebdf/Celeb-synthesis/id49_id57_0008.mp4,celebdf
fake_id49_id58_0000,train,fake,/workspace/data/raw/celebdf/Celeb-synthesis/id49_id58_0000.mp4,celebdf
fake_id49_id58_0001,train,fake,/workspace/data/raw/celebdf/Celeb-synthesis/id49_id58_0001.mp4,celebdf
fake_id49_id58_0002,train,fake,/workspace/data/raw/celebdf/Celeb-synthesis/id49_id58_0002.mp4,celebdf
fake_id49_id58_0004,train,fake,/workspace/data/raw/celebdf/Celeb-synthesis/id49_id58_0004.mp4,celebdf
fake_id49_id58_0005,train,fake,/workspace/data/raw/celebdf/Celeb-synthesis/id49_id58_0005.mp4,celebdf
fake_id49_id58_0006,train,fake,/workspace/data/raw/celebdf/Celeb-synthesis/id49_id58_0006.mp4,celebdf
fake_id49_id58_0007,train,fake,/workspace/data/raw/celebdf/Celeb-synthesis/id49_id58_0007.mp4,celebdf
fake_id49_id58_0008,train,fake,/workspace/data/raw/celebdf/Celeb-synthesis/id49_id58_0008.mp4,celebdf
fake_id49_id58_0009,train,fake,/workspace/data/raw/celebdf/Celeb-synthesis/id49_id58_0009.mp4,celebdf
fake_id4_id0_0002,train,fake,/workspace/data/raw/celebdf/Celeb-synthesis/id4_id0_0002.mp4,celebdf
fake_id4_id0_0003,train,fake,/workspace/data/raw/celebdf/Celeb-synthesis/id4_id0_0003.mp4,celebdf
fake_id4_id0_0005,train,fake,/workspace/data/raw/celebdf/Celeb-synthesis/id4_id0_0005.mp4,celebdf
fake_id4_id0_0006,train,fake,/workspace/data/raw/celebdf/Celeb-synthesis/id4_id0_0006.mp4,celebdf
fake_id4_id0_0007,train,fake,/workspace/data/raw/celebdf/Celeb-synthesis/id4_id0_0007.mp4,celebdf
fake_id4_id0_0008,train,fake,/workspace/data/raw/celebdf/Celeb-synthesis/id4_id0_0008.mp4,celebdf
fake_id4_id0_0009,train,fake,/workspace/data/raw/celebdf/Celeb-synthesis/id4_id0_0009.mp4,celebdf
fake_id4_id1_0000,train,fake,/workspace/data/raw/celebdf/Celeb-synthesis/id4_id1_0000.mp4,celebdf
fake_id4_id1_0001,train,fake,/workspace/data/raw/celebdf/Celeb-synthesis/id4_id1_0001.mp4,celebdf
fake_id4_id1_0004,train,fake,/workspace/data/raw/celebdf/Celeb-synthesis/id4_id1_0004.mp4,celebdf
fake_id4_id1_0005,train,fake,/workspace/data/raw/celebdf/Celeb-synthesis/id4_id1_0005.mp4,celebdf
fake_id4_id1_0006,train,fake,/workspace/data/raw/celebdf/Celeb-synthesis/id4_id1_0006.mp4,celebdf
fake_id4_id1_0007,train,fake,/workspace/data/raw/celebdf/Celeb-synthesis/id4_id1_0007.mp4,celebdf
fake_id4_id1_0008,train,fake,/workspace/data/raw/celebdf/Celeb-synthesis/id4_id1_0008.mp4,celebdf
fake_id4_id1_0009,train,fake,/workspace/data/raw/celebdf/Celeb-synthesis/id4_id1_0009.mp4,celebdf
fake_id4_id20_0002,train,fake,/workspace/data/raw/celebdf/Celeb-synthesis/id4_id20_0002.mp4,celebdf
fake_id4_id20_0003,train,fake,/workspace/data/raw/celebdf/Celeb-synthesis/id4_id20_0003.mp4,celebdf
fake_id4_id20_0004,train,fake,/workspace/data/raw/celebdf/Celeb-synthesis/id4_id20_0004.mp4,celebdf
fake_id4_id20_0005,train,fake,/workspace/data/raw/celebdf/Celeb-synthesis/id4_id20_0005.mp4,celebdf
fake_id4_id20_0006,train,fake,/workspace/data/raw/celebdf/Celeb-synthesis/id4_id20_0006.mp4,celebdf
fake_id4_id20_0007,train,fake,/workspace/data/raw/celebdf/Celeb-synthesis/id4_id20_0007.mp4,celebdf
fake_id4_id20_0009,train,fake,/workspace/data/raw/celebdf/Celeb-synthesis/id4_id20_0009.mp4,celebdf
fake_id4_id21_0002,train,fake,/workspace/data/raw/celebdf/Celeb-synthesis/id4_id21_0002.mp4,celebdf
fake_id4_id21_0006,train,fake,/workspace/data/raw/celebdf/Celeb-synthesis/id4_id21_0006.mp4,celebdf
fake_id4_id21_0007,train,fake,/workspace/data/raw/celebdf/Celeb-synthesis/id4_id21_0007.mp4,celebdf
fake_id4_id21_0008,train,fake,/workspace/data/raw/celebdf/Celeb-synthesis/id4_id21_0008.mp4,celebdf
fake_id4_id23_0000,train,fake,/workspace/data/raw/celebdf/Celeb-synthesis/id4_id23_0000.mp4,celebdf
fake_id4_id23_0001,train,fake,/workspace/data/raw/celebdf/Celeb-synthesis/id4_id23_0001.mp4,celebdf
fake_id4_id23_0002,train,fake,/workspace/data/raw/celebdf/Celeb-synthesis/id4_id23_0002.mp4,celebdf
fake_id4_id23_0003,train,fake,/workspace/data/raw/celebdf/Celeb-synthesis/id4_id23_0003.mp4,celebdf
fake_id4_id23_0004,train,fake,/workspace/data/raw/celebdf/Celeb-synthesis/id4_id23_0004.mp4,celebdf
fake_id4_id23_0005,train,fake,/workspace/data/raw/celebdf/Celeb-synthesis/id4_id23_0005.mp4,celebdf
fake_id4_id23_0007,train,fake,/workspace/data/raw/celebdf/Celeb-synthesis/id4_id23_0007.mp4,celebdf
fake_id4_id23_0008,train,fake,/workspace/data/raw/celebdf/Celeb-synthesis/id4_id23_0008.mp4,celebdf
fake_id4_id23_0009,train,fake,/workspace/data/raw/celebdf/Celeb-synthesis/id4_id23_0009.mp4,celebdf
fake_id4_id26_0000,train,fake,/workspace/data/raw/celebdf/Celeb-synthesis/id4_id26_0000.mp4,celebdf
fake_id4_id26_0001,train,fake,/workspace/data/raw/celebdf/Celeb-synthesis/id4_id26_0001.mp4,celebdf
fake_id4_id26_0002,train,fake,/workspace/data/raw/celebdf/Celeb-synthesis/id4_id26_0002.mp4,celebdf
fake_id4_id26_0003,train,fake,/workspace/data/raw/celebdf/Celeb-synthesis/id4_id26_0003.mp4,celebdf
fake_id4_id26_0004,train,fake,/workspace/data/raw/celebdf/Celeb-synthesis/id4_id26_0004.mp4,celebdf
fake_id4_id26_0005,train,fake,/workspace/data/raw/celebdf/Celeb-synthesis/id4_id26_0005.mp4,celebdf
fake_id4_id26_0006,train,fake,/workspace/data/raw/celebdf/Celeb-synthesis/id4_id26_0006.mp4,celebdf
fake_id4_id26_0008,train,fake,/workspace/data/raw/celebdf/Celeb-synthesis/id4_id26_0008.mp4,celebdf
fake_id4_id26_0009,train,fake,/workspace/data/raw/celebdf/Celeb-synthesis/id4_id26_0009.mp4,celebdf
fake_id4_id28_0000,train,fake,/workspace/data/raw/celebdf/Celeb-synthesis/id4_id28_0000.mp4,celebdf
fake_id4_id28_0001,train,fake,/workspace/data/raw/celebdf/Celeb-synthesis/id4_id28_0001.mp4,celebdf
fake_id4_id28_0002,train,fake,/workspace/data/raw/celebdf/Celeb-synthesis/id4_id28_0002.mp4,celebdf
fake_id4_id28_0003,train,fake,/workspace/data/raw/celebdf/Celeb-synthesis/id4_id28_0003.mp4,celebdf
fake_id4_id28_0004,train,fake,/workspace/data/raw/celebdf/Celeb-synthesis/id4_id28_0004.mp4,celebdf
fake_id4_id28_0005,train,fake,/workspace/data/raw/celebdf/Celeb-synthesis/id4_id28_0005.mp4,celebdf
fake_id4_id28_0008,train,fake,/workspace/data/raw/celebdf/Celeb-synthesis/id4_id28_0008.mp4,celebdf
fake_id4_id28_0009,train,fake,/workspace/data/raw/celebdf/Celeb-synthesis/id4_id28_0009.mp4,celebdf
fake_id4_id2_0000,train,fake,/workspace/data/raw/celebdf/Celeb-synthesis/id4_id2_0000.mp4,celebdf
fake_id4_id2_0001,train,fake,/workspace/data/raw/celebdf/Celeb-synthesis/id4_id2_0001.mp4,celebdf
fake_id4_id2_0002,train,fake,/workspace/data/raw/celebdf/Celeb-synthesis/id4_id2_0002.mp4,celebdf
fake_id4_id2_0004,train,fake,/workspace/data/raw/celebdf/Celeb-synthesis/id4_id2_0004.mp4,celebdf
fake_id4_id2_0005,train,fake,/workspace/data/raw/celebdf/Celeb-synthesis/id4_id2_0005.mp4,celebdf
fake_id4_id2_0006,train,fake,/workspace/data/raw/celebdf/Celeb-synthesis/id4_id2_0006.mp4,celebdf
fake_id4_id2_0007,train,fake,/workspace/data/raw/celebdf/Celeb-synthesis/id4_id2_0007.mp4,celebdf
fake_id4_id2_0008,train,fake,/workspace/data/raw/celebdf/Celeb-synthesis/id4_id2_0008.mp4,celebdf
fake_id4_id2_0009,train,fake,/workspace/data/raw/celebdf/Celeb-synthesis/id4_id2_0009.mp4,celebdf
fake_id4_id30_0001,train,fake,/workspace/data/raw/celebdf/Celeb-synthesis/id4_id30_0001.mp4,celebdf
fake_id4_id30_0002,train,fake,/workspace/data/raw/celebdf/Celeb-synthesis/id4_id30_0002.mp4,celebdf
fake_id4_id30_0004,train,fake,/workspace/data/raw/celebdf/Celeb-synthesis/id4_id30_0004.mp4,celebdf
fake_id4_id30_0005,train,fake,/workspace/data/raw/celebdf/Celeb-synthesis/id4_id30_0005.mp4,celebdf
fake_id4_id30_0006,train,fake,/workspace/data/raw/celebdf/Celeb-synthesis/id4_id30_0006.mp4,celebdf
fake_id4_id30_0007,train,fake,/workspace/data/raw/celebdf/Celeb-synthesis/id4_id30_0007.mp4,celebdf
fake_id4_id30_0009,train,fake,/workspace/data/raw/celebdf/Celeb-synthesis/id4_id30_0009.mp4,celebdf
fake_id4_id31_0000,train,fake,/workspace/data/raw/celebdf/Celeb-synthesis/id4_id31_0000.mp4,celebdf
fake_id4_id31_0002,train,fake,/workspace/data/raw/celebdf/Celeb-synthesis/id4_id31_0002.mp4,celebdf
fake_id4_id31_0003,train,fake,/workspace/data/raw/celebdf/Celeb-synthesis/id4_id31_0003.mp4,celebdf
fake_id4_id31_0004,train,fake,/workspace/data/raw/celebdf/Celeb-synthesis/id4_id31_0004.mp4,celebdf
fake_id4_id31_0005,train,fake,/workspace/data/raw/celebdf/Celeb-synthesis/id4_id31_0005.mp4,celebdf
fake_id4_id31_0006,train,fake,/workspace/data/raw/celebdf/Celeb-synthesis/id4_id31_0006.mp4,celebdf
fake_id4_id31_0007,train,fake,/workspace/data/raw/celebdf/Celeb-synthesis/id4_id31_0007.mp4,celebdf
fake_id4_id31_0008,train,fake,/workspace/data/raw/celebdf/Celeb-synthesis/id4_id31_0008.mp4,celebdf
fake_id4_id31_0009,train,fake,/workspace/data/raw/celebdf/Celeb-synthesis/id4_id31_0009.mp4,celebdf
fake_id4_id35_0000,train,fake,/workspace/data/raw/celebdf/Celeb-synthesis/id4_id35_0000.mp4,celebdf
fake_id4_id35_0001,train,fake,/workspace/data/raw/celebdf/Celeb-synthesis/id4_id35_0001.mp4,celebdf
fake_id4_id35_0002,train,fake,/workspace/data/raw/celebdf/Celeb-synthesis/id4_id35_0002.mp4,celebdf
fake_id4_id35_0003,train,fake,/workspace/data/raw/celebdf/Celeb-synthesis/id4_id35_0003.mp4,celebdf
fake_id4_id35_0004,train,fake,/workspace/data/raw/celebdf/Celeb-synthesis/id4_id35_0004.mp4,celebdf
fake_id4_id35_0005,train,fake,/workspace/data/raw/celebdf/Celeb-synthesis/id4_id35_0005.mp4,celebdf
fake_id4_id35_0006,train,fake,/workspace/data/raw/celebdf/Celeb-synthesis/id4_id35_0006.mp4,celebdf
fake_id4_id35_0008,train,fake,/workspace/data/raw/celebdf/Celeb-synthesis/id4_id35_0008.mp4,celebdf
fake_id4_id35_0009,train,fake,/workspace/data/raw/celebdf/Celeb-synthesis/id4_id35_0009.mp4,celebdf
fake_id4_id37_0000,train,fake,/workspace/data/raw/celebdf/Celeb-synthesis/id4_id37_0000.mp4,celebdf
fake_id4_id37_0001,train,fake,/workspace/data/raw/celebdf/Celeb-synthesis/id4_id37_0001.mp4,celebdf
fake_id4_id37_0002,train,fake,/workspace/data/raw/celebdf/Celeb-synthesis/id4_id37_0002.mp4,celebdf
fake_id4_id37_0003,train,fake,/workspace/data/raw/celebdf/Celeb-synthesis/id4_id37_0003.mp4,celebdf
fake_id4_id37_0004,train,fake,/workspace/data/raw/celebdf/Celeb-synthesis/id4_id37_0004.mp4,celebdf
fake_id4_id37_0005,train,fake,/workspace/data/raw/celebdf/Celeb-synthesis/id4_id37_0005.mp4,celebdf
fake_id4_id37_0007,train,fake,/workspace/data/raw/celebdf/Celeb-synthesis/id4_id37_0007.mp4,celebdf
fake_id4_id37_0008,train,fake,/workspace/data/raw/celebdf/Celeb-synthesis/id4_id37_0008.mp4,celebdf
fake_id4_id37_0009,train,fake,/workspace/data/raw/celebdf/Celeb-synthesis/id4_id37_0009.mp4,celebdf
fake_id4_id3_0000,train,fake,/workspace/data/raw/celebdf/Celeb-synthesis/id4_id3_0000.mp4,celebdf
fake_id4_id3_0001,train,fake,/workspace/data/raw/celebdf/Celeb-synthesis/id4_id3_0001.mp4,celebdf
fake_id4_id3_0002,train,fake,/workspace/data/raw/celebdf/Celeb-synthesis/id4_id3_0002.mp4,celebdf
fake_id4_id3_0003,train,fake,/workspace/data/raw/celebdf/Celeb-synthesis/id4_id3_0003.mp4,celebdf
fake_id4_id3_0004,train,fake,/workspace/data/raw/celebdf/Celeb-synthesis/id4_id3_0004.mp4,celebdf
fake_id4_id3_0005,train,fake,/workspace/data/raw/celebdf/Celeb-synthesis/id4_id3_0005.mp4,celebdf
fake_id4_id3_0006,train,fake,/workspace/data/raw/celebdf/Celeb-synthesis/id4_id3_0006.mp4,celebdf
fake_id4_id3_0007,train,fake,/workspace/data/raw/celebdf/Celeb-synthesis/id4_id3_0007.mp4,celebdf
fake_id4_id3_0008,train,fake,/workspace/data/raw/celebdf/Celeb-synthesis/id4_id3_0008.mp4,celebdf
fake_id4_id3_0009,train,fake,/workspace/data/raw/celebdf/Celeb-synthesis/id4_id3_0009.mp4,celebdf
fake_id4_id6_0000,train,fake,/workspace/data/raw/celebdf/Celeb-synthesis/id4_id6_0000.mp4,celebdf
fake_id4_id6_0001,train,fake,/workspace/data/raw/celebdf/Celeb-synthesis/id4_id6_0001.mp4,celebdf
fake_id4_id6_0003,train,fake,/workspace/data/raw/celebdf/Celeb-synthesis/id4_id6_0003.mp4,celebdf
fake_id4_id6_0004,train,fake,/workspace/data/raw/celebdf/Celeb-synthesis/id4_id6_0004.mp4,celebdf
fake_id4_id6_0005,train,fake,/workspace/data/raw/celebdf/Celeb-synthesis/id4_id6_0005.mp4,celebdf
fake_id4_id6_0006,train,fake,/workspace/data/raw/celebdf/Celeb-synthesis/id4_id6_0006.mp4,celebdf
fake_id4_id6_0007,train,fake,/workspace/data/raw/celebdf/Celeb-synthesis/id4_id6_0007.mp4,celebdf
fake_id4_id6_0009,train,fake,/workspace/data/raw/celebdf/Celeb-synthesis/id4_id6_0009.mp4,celebdf
fake_id4_id9_0000,train,fake,/workspace/data/raw/celebdf/Celeb-synthesis/id4_id9_0000.mp4,celebdf
fake_id4_id9_0001,train,fake,/workspace/data/raw/celebdf/Celeb-synthesis/id4_id9_0001.mp4,celebdf
fake_id4_id9_0002,train,fake,/workspace/data/raw/celebdf/Celeb-synthesis/id4_id9_0002.mp4,celebdf
fake_id4_id9_0003,train,fake,/workspace/data/raw/celebdf/Celeb-synthesis/id4_id9_0003.mp4,celebdf
fake_id4_id9_0004,train,fake,/workspace/data/raw/celebdf/Celeb-synthesis/id4_id9_0004.mp4,celebdf
fake_id4_id9_0005,train,fake,/workspace/data/raw/celebdf/Celeb-synthesis/id4_id9_0005.mp4,celebdf
fake_id4_id9_0006,train,fake,/workspace/data/raw/celebdf/Celeb-synthesis/id4_id9_0006.mp4,celebdf
fake_id4_id9_0007,train,fake,/workspace/data/raw/celebdf/Celeb-synthesis/id4_id9_0007.mp4,celebdf
fake_id4_id9_0008,train,fake,/workspace/data/raw/celebdf/Celeb-synthesis/id4_id9_0008.mp4,celebdf
fake_id50_id49_0000,train,fake,/workspace/data/raw/celebdf/Celeb-synthesis/id50_id49_0000.mp4,celebdf
fake_id50_id49_0002,train,fake,/workspace/data/raw/celebdf/Celeb-synthesis/id50_id49_0002.mp4,celebdf
fake_id50_id49_0003,train,fake,/workspace/data/raw/celebdf/Celeb-synthesis/id50_id49_0003.mp4,celebdf
fake_id50_id49_0004,train,fake,/workspace/data/raw/celebdf/Celeb-synthesis/id50_id49_0004.mp4,celebdf
fake_id50_id49_0005,train,fake,/workspace/data/raw/celebdf/Celeb-synthesis/id50_id49_0005.mp4,celebdf
fake_id50_id49_0006,train,fake,/workspace/data/raw/celebdf/Celeb-synthesis/id50_id49_0006.mp4,celebdf
fake_id50_id49_0007,train,fake,/workspace/data/raw/celebdf/Celeb-synthesis/id50_id49_0007.mp4,celebdf
fake_id50_id49_0009,train,fake,/workspace/data/raw/celebdf/Celeb-synthesis/id50_id49_0009.mp4,celebdf
fake_id50_id51_0000,train,fake,/workspace/data/raw/celebdf/Celeb-synthesis/id50_id51_0000.mp4,celebdf
fake_id50_id51_0001,train,fake,/workspace/data/raw/celebdf/Celeb-synthesis/id50_id51_0001.mp4,celebdf
fake_id50_id51_0002,train,fake,/workspace/data/raw/celebdf/Celeb-synthesis/id50_id51_0002.mp4,celebdf
fake_id50_id51_0003,train,fake,/workspace/data/raw/celebdf/Celeb-synthesis/id50_id51_0003.mp4,celebdf
fake_id50_id51_0004,train,fake,/workspace/data/raw/celebdf/Celeb-synthesis/id50_id51_0004.mp4,celebdf
fake_id50_id51_0005,train,fake,/workspace/data/raw/celebdf/Celeb-synthesis/id50_id51_0005.mp4,celebdf
fake_id50_id51_0006,train,fake,/workspace/data/raw/celebdf/Celeb-synthesis/id50_id51_0006.mp4,celebdf
fake_id50_id51_0007,train,fake,/workspace/data/raw/celebdf/Celeb-synthesis/id50_id51_0007.mp4,celebdf
fake_id50_id51_0008,train,fake,/workspace/data/raw/celebdf/Celeb-synthesis/id50_id51_0008.mp4,celebdf
fake_id50_id51_0009,train,fake,/workspace/data/raw/celebdf/Celeb-synthesis/id50_id51_0009.mp4,celebdf
fake_id50_id52_0000,train,fake,/workspace/data/raw/celebdf/Celeb-synthesis/id50_id52_0000.mp4,celebdf
fake_id50_id52_0001,train,fake,/workspace/data/raw/celebdf/Celeb-synthesis/id50_id52_0001.mp4,celebdf
fake_id50_id52_0002,train,fake,/workspace/data/raw/celebdf/Celeb-synthesis/id50_id52_0002.mp4,celebdf
fake_id50_id52_0003,train,fake,/workspace/data/raw/celebdf/Celeb-synthesis/id50_id52_0003.mp4,celebdf
fake_id50_id52_0004,train,fake,/workspace/data/raw/celebdf/Celeb-synthesis/id50_id52_0004.mp4,celebdf
fake_id50_id52_0006,train,fake,/workspace/data/raw/celebdf/Celeb-synthesis/id50_id52_0006.mp4,celebdf
fake_id50_id52_0007,train,fake,/workspace/data/raw/celebdf/Celeb-synthesis/id50_id52_0007.mp4,celebdf
fake_id50_id52_0009,train,fake,/workspace/data/raw/celebdf/Celeb-synthesis/id50_id52_0009.mp4,celebdf
fake_id50_id53_0001,train,fake,/workspace/data/raw/celebdf/Celeb-synthesis/id50_id53_0001.mp4,celebdf
fake_id50_id53_0002,train,fake,/workspace/data/raw/celebdf/Celeb-synthesis/id50_id53_0002.mp4,celebdf
fake_id50_id53_0004,train,fake,/workspace/data/raw/celebdf/Celeb-synthesis/id50_id53_0004.mp4,celebdf
fake_id50_id53_0005,train,fake,/workspace/data/raw/celebdf/Celeb-synthesis/id50_id53_0005.mp4,celebdf
fake_id50_id53_0006,train,fake,/workspace/data/raw/celebdf/Celeb-synthesis/id50_id53_0006.mp4,celebdf
fake_id50_id53_0007,train,fake,/workspace/data/raw/celebdf/Celeb-synthesis/id50_id53_0007.mp4,celebdf
fake_id50_id53_0009,train,fake,/workspace/data/raw/celebdf/Celeb-synthesis/id50_id53_0009.mp4,celebdf
fake_id50_id54_0000,train,fake,/workspace/data/raw/celebdf/Celeb-synthesis/id50_id54_0000.mp4,celebdf
fake_id50_id54_0001,train,fake,/workspace/data/raw/celebdf/Celeb-synthesis/id50_id54_0001.mp4,celebdf
fake_id50_id54_0002,train,fake,/workspace/data/raw/celebdf/Celeb-synthesis/id50_id54_0002.mp4,celebdf
fake_id50_id54_0004,train,fake,/workspace/data/raw/celebdf/Celeb-synthesis/id50_id54_0004.mp4,celebdf
fake_id50_id54_0005,train,fake,/workspace/data/raw/celebdf/Celeb-synthesis/id50_id54_0005.mp4,celebdf
fake_id50_id54_0006,train,fake,/workspace/data/raw/celebdf/Celeb-synthesis/id50_id54_0006.mp4,celebdf
fake_id50_id54_0007,train,fake,/workspace/data/raw/celebdf/Celeb-synthesis/id50_id54_0007.mp4,celebdf
fake_id50_id54_0009,train,fake,/workspace/data/raw/celebdf/Celeb-synthesis/id50_id54_0009.mp4,celebdf
fake_id50_id55_0000,train,fake,/workspace/data/raw/celebdf/Celeb-synthesis/id50_id55_0000.mp4,celebdf
fake_id50_id55_0001,train,fake,/workspace/data/raw/celebdf/Celeb-synthesis/id50_id55_0001.mp4,celebdf
fake_id50_id55_0002,train,fake,/workspace/data/raw/celebdf/Celeb-synthesis/id50_id55_0002.mp4,celebdf
fake_id50_id55_0003,train,fake,/workspace/data/raw/celebdf/Celeb-synthesis/id50_id55_0003.mp4,celebdf
fake_id50_id55_0004,train,fake,/workspace/data/raw/celebdf/Celeb-synthesis/id50_id55_0004.mp4,celebdf
fake_id50_id55_0005,train,fake,/workspace/data/raw/celebdf/Celeb-synthesis/id50_id55_0005.mp4,celebdf
fake_id50_id55_0006,train,fake,/workspace/data/raw/celebdf/Celeb-synthesis/id50_id55_0006.mp4,celebdf
fake_id50_id55_0007,train,fake,/workspace/data/raw/celebdf/Celeb-synthesis/id50_id55_0007.mp4,celebdf
fake_id50_id55_0009,train,fake,/workspace/data/raw/celebdf/Celeb-synthesis/id50_id55_0009.mp4,celebdf
fake_id50_id56_0000,train,fake,/workspace/data/raw/celebdf/Celeb-synthesis/id50_id56_0000.mp4,celebdf
fake_id50_id56_0001,train,fake,/workspace/data/raw/celebdf/Celeb-synthesis/id50_id56_0001.mp4,celebdf
fake_id50_id56_0002,train,fake,/workspace/data/raw/celebdf/Celeb-synthesis/id50_id56_0002.mp4,celebdf
fake_id50_id56_0004,train,fake,/workspace/data/raw/celebdf/Celeb-synthesis/id50_id56_0004.mp4,celebdf
fake_id50_id56_0006,train,fake,/workspace/data/raw/celebdf/Celeb-synthesis/id50_id56_0006.mp4,celebdf
fake_id50_id56_0007,train,fake,/workspace/data/raw/celebdf/Celeb-synthesis/id50_id56_0007.mp4,celebdf
fake_id50_id56_0008,train,fake,/workspace/data/raw/celebdf/Celeb-synthesis/id50_id56_0008.mp4,celebdf
fake_id50_id56_0009,train,fake,/workspace/data/raw/celebdf/Celeb-synthesis/id50_id56_0009.mp4,celebdf
fake_id50_id57_0000,train,fake,/workspace/data/raw/celebdf/Celeb-synthesis/id50_id57_0000.mp4,celebdf
fake_id50_id57_0001,train,fake,/workspace/data/raw/celebdf/Celeb-synthesis/id50_id57_0001.mp4,celebdf
fake_id50_id57_0002,train,fake,/workspace/data/raw/celebdf/Celeb-synthesis/id50_id57_0002.mp4,celebdf
fake_id50_id57_0003,train,fake,/workspace/data/raw/celebdf/Celeb-synthesis/id50_id57_0003.mp4,celebdf
fake_id50_id57_0004,train,fake,/workspace/data/raw/celebdf/Celeb-synthesis/id50_id57_0004.mp4,celebdf
fake_id50_id57_0005,train,fake,/workspace/data/raw/celebdf/Celeb-synthesis/id50_id57_0005.mp4,celebdf
fake_id50_id57_0006,train,fake,/workspace/data/raw/celebdf/Celeb-synthesis/id50_id57_0006.mp4,celebdf
fake_id50_id57_0007,train,fake,/workspace/data/raw/celebdf/Celeb-synthesis/id50_id57_0007.mp4,celebdf
fake_id50_id57_0008,train,fake,/workspace/data/raw/celebdf/Celeb-synthesis/id50_id57_0008.mp4,celebdf
fake_id50_id57_0009,train,fake,/workspace/data/raw/celebdf/Celeb-synthesis/id50_id57_0009.mp4,celebdf
fake_id51_id49_0000,val,fake,/workspace/data/raw/celebdf/Celeb-synthesis/id51_id49_0000.mp4,celebdf
fake_id51_id49_0001,val,fake,/workspace/data/raw/celebdf/Celeb-synthesis/id51_id49_0001.mp4,celebdf
fake_id51_id49_0002,val,fake,/workspace/data/raw/celebdf/Celeb-synthesis/id51_id49_0002.mp4,celebdf
fake_id51_id49_0004,val,fake,/workspace/data/raw/celebdf/Celeb-synthesis/id51_id49_0004.mp4,celebdf
fake_id51_id49_0005,val,fake,/workspace/data/raw/celebdf/Celeb-synthesis/id51_id49_0005.mp4,celebdf
fake_id51_id49_0006,val,fake,/workspace/data/raw/celebdf/Celeb-synthesis/id51_id49_0006.mp4,celebdf
fake_id51_id49_0007,val,fake,/workspace/data/raw/celebdf/Celeb-synthesis/id51_id49_0007.mp4,celebdf
fake_id51_id49_0008,val,fake,/workspace/data/raw/celebdf/Celeb-synthesis/id51_id49_0008.mp4,celebdf
fake_id51_id50_0000,val,fake,/workspace/data/raw/celebdf/Celeb-synthesis/id51_id50_0000.mp4,celebdf
fake_id51_id50_0001,val,fake,/workspace/data/raw/celebdf/Celeb-synthesis/id51_id50_0001.mp4,celebdf
fake_id51_id50_0002,val,fake,/workspace/data/raw/celebdf/Celeb-synthesis/id51_id50_0002.mp4,celebdf
fake_id51_id50_0004,val,fake,/workspace/data/raw/celebdf/Celeb-synthesis/id51_id50_0004.mp4,celebdf
fake_id51_id50_0005,val,fake,/workspace/data/raw/celebdf/Celeb-synthesis/id51_id50_0005.mp4,celebdf
fake_id51_id50_0006,val,fake,/workspace/data/raw/celebdf/Celeb-synthesis/id51_id50_0006.mp4,celebdf
fake_id51_id50_0007,val,fake,/workspace/data/raw/celebdf/Celeb-synthesis/id51_id50_0007.mp4,celebdf
fake_id51_id53_0000,val,fake,/workspace/data/raw/celebdf/Celeb-synthesis/id51_id53_0000.mp4,celebdf
fake_id51_id53_0001,val,fake,/workspace/data/raw/celebdf/Celeb-synthesis/id51_id53_0001.mp4,celebdf
fake_id51_id53_0002,val,fake,/workspace/data/raw/celebdf/Celeb-synthesis/id51_id53_0002.mp4,celebdf
fake_id51_id53_0004,val,fake,/workspace/data/raw/celebdf/Celeb-synthesis/id51_id53_0004.mp4,celebdf
fake_id51_id53_0005,val,fake,/workspace/data/raw/celebdf/Celeb-synthesis/id51_id53_0005.mp4,celebdf
fake_id51_id53_0006,val,fake,/workspace/data/raw/celebdf/Celeb-synthesis/id51_id53_0006.mp4,celebdf
fake_id51_id53_0007,val,fake,/workspace/data/raw/celebdf/Celeb-synthesis/id51_id53_0007.mp4,celebdf
fake_id51_id53_0008,val,fake,/workspace/data/raw/celebdf/Celeb-synthesis/id51_id53_0008.mp4,celebdf
fake_id51_id53_0009,val,fake,/workspace/data/raw/celebdf/Celeb-synthesis/id51_id53_0009.mp4,celebdf
fake_id51_id54_0000,val,fake,/workspace/data/raw/celebdf/Celeb-synthesis/id51_id54_0000.mp4,celebdf
fake_id51_id54_0001,val,fake,/workspace/data/raw/celebdf/Celeb-synthesis/id51_id54_0001.mp4,celebdf
fake_id51_id54_0002,val,fake,/workspace/data/raw/celebdf/Celeb-synthesis/id51_id54_0002.mp4,celebdf
fake_id51_id54_0004,val,fake,/workspace/data/raw/celebdf/Celeb-synthesis/id51_id54_0004.mp4,celebdf
fake_id51_id54_0005,val,fake,/workspace/data/raw/celebdf/Celeb-synthesis/id51_id54_0005.mp4,celebdf
fake_id51_id54_0006,val,fake,/workspace/data/raw/celebdf/Celeb-synthesis/id51_id54_0006.mp4,celebdf
fake_id51_id54_0007,val,fake,/workspace/data/raw/celebdf/Celeb-synthesis/id51_id54_0007.mp4,celebdf
fake_id51_id54_0008,val,fake,/workspace/data/raw/celebdf/Celeb-synthesis/id51_id54_0008.mp4,celebdf
fake_id51_id54_0009,val,fake,/workspace/data/raw/celebdf/Celeb-synthesis/id51_id54_0009.mp4,celebdf
fake_id51_id55_0000,val,fake,/workspace/data/raw/celebdf/Celeb-synthesis/id51_id55_0000.mp4,celebdf
fake_id51_id55_0001,val,fake,/workspace/data/raw/celebdf/Celeb-synthesis/id51_id55_0001.mp4,celebdf
fake_id51_id55_0002,val,fake,/workspace/data/raw/celebdf/Celeb-synthesis/id51_id55_0002.mp4,celebdf
fake_id51_id55_0004,val,fake,/workspace/data/raw/celebdf/Celeb-synthesis/id51_id55_0004.mp4,celebdf
fake_id51_id55_0005,val,fake,/workspace/data/raw/celebdf/Celeb-synthesis/id51_id55_0005.mp4,celebdf
fake_id51_id55_0006,val,fake,/workspace/data/raw/celebdf/Celeb-synthesis/id51_id55_0006.mp4,celebdf
fake_id51_id55_0007,val,fake,/workspace/data/raw/celebdf/Celeb-synthesis/id51_id55_0007.mp4,celebdf
fake_id51_id55_0008,val,fake,/workspace/data/raw/celebdf/Celeb-synthesis/id51_id55_0008.mp4,celebdf
fake_id51_id56_0000,val,fake,/workspace/data/raw/celebdf/Celeb-synthesis/id51_id56_0000.mp4,celebdf
fake_id51_id56_0001,val,fake,/workspace/data/raw/celebdf/Celeb-synthesis/id51_id56_0001.mp4,celebdf
fake_id51_id56_0002,val,fake,/workspace/data/raw/celebdf/Celeb-synthesis/id51_id56_0002.mp4,celebdf
fake_id51_id56_0004,val,fake,/workspace/data/raw/celebdf/Celeb-synthesis/id51_id56_0004.mp4,celebdf
fake_id51_id56_0005,val,fake,/workspace/data/raw/celebdf/Celeb-synthesis/id51_id56_0005.mp4,celebdf
fake_id51_id56_0006,val,fake,/workspace/data/raw/celebdf/Celeb-synthesis/id51_id56_0006.mp4,celebdf
fake_id51_id56_0007,val,fake,/workspace/data/raw/celebdf/Celeb-synthesis/id51_id56_0007.mp4,celebdf
fake_id51_id56_0008,val,fake,/workspace/data/raw/celebdf/Celeb-synthesis/id51_id56_0008.mp4,celebdf
fake_id51_id57_0000,val,fake,/workspace/data/raw/celebdf/Celeb-synthesis/id51_id57_0000.mp4,celebdf
fake_id51_id57_0001,val,fake,/workspace/data/raw/celebdf/Celeb-synthesis/id51_id57_0001.mp4,celebdf
fake_id51_id57_0002,val,fake,/workspace/data/raw/celebdf/Celeb-synthesis/id51_id57_0002.mp4,celebdf
fake_id51_id57_0005,val,fake,/workspace/data/raw/celebdf/Celeb-synthesis/id51_id57_0005.mp4,celebdf
fake_id51_id57_0006,val,fake,/workspace/data/raw/celebdf/Celeb-synthesis/id51_id57_0006.mp4,celebdf
fake_id51_id57_0007,val,fake,/workspace/data/raw/celebdf/Celeb-synthesis/id51_id57_0007.mp4,celebdf
fake_id51_id57_0008,val,fake,/workspace/data/raw/celebdf/Celeb-synthesis/id51_id57_0008.mp4,celebdf
fake_id51_id58_0000,val,fake,/workspace/data/raw/celebdf/Celeb-synthesis/id51_id58_0000.mp4,celebdf
fake_id51_id58_0001,val,fake,/workspace/data/raw/celebdf/Celeb-synthesis/id51_id58_0001.mp4,celebdf
fake_id51_id58_0002,val,fake,/workspace/data/raw/celebdf/Celeb-synthesis/id51_id58_0002.mp4,celebdf
fake_id51_id58_0004,val,fake,/workspace/data/raw/celebdf/Celeb-synthesis/id51_id58_0004.mp4,celebdf
fake_id51_id58_0005,val,fake,/workspace/data/raw/celebdf/Celeb-synthesis/id51_id58_0005.mp4,celebdf
fake_id51_id58_0006,val,fake,/workspace/data/raw/celebdf/Celeb-synthesis/id51_id58_0006.mp4,celebdf
fake_id51_id58_0007,val,fake,/workspace/data/raw/celebdf/Celeb-synthesis/id51_id58_0007.mp4,celebdf
fake_id51_id58_0008,val,fake,/workspace/data/raw/celebdf/Celeb-synthesis/id51_id58_0008.mp4,celebdf
fake_id51_id58_0009,val,fake,/workspace/data/raw/celebdf/Celeb-synthesis/id51_id58_0009.mp4,celebdf
fake_id52_id49_0000,train,fake,/workspace/data/raw/celebdf/Celeb-synthesis/id52_id49_0000.mp4,celebdf
fake_id52_id49_0001,train,fake,/workspace/data/raw/celebdf/Celeb-synthesis/id52_id49_0001.mp4,celebdf
fake_id52_id49_0002,train,fake,/workspace/data/raw/celebdf/Celeb-synthesis/id52_id49_0002.mp4,celebdf
fake_id52_id49_0003,train,fake,/workspace/data/raw/celebdf/Celeb-synthesis/id52_id49_0003.mp4,celebdf
fake_id52_id49_0004,train,fake,/workspace/data/raw/celebdf/Celeb-synthesis/id52_id49_0004.mp4,celebdf
fake_id52_id49_0005,train,fake,/workspace/data/raw/celebdf/Celeb-synthesis/id52_id49_0005.mp4,celebdf
fake_id52_id49_0006,train,fake,/workspace/data/raw/celebdf/Celeb-synthesis/id52_id49_0006.mp4,celebdf
fake_id52_id49_0007,train,fake,/workspace/data/raw/celebdf/Celeb-synthesis/id52_id49_0007.mp4,celebdf
fake_id52_id49_0008,train,fake,/workspace/data/raw/celebdf/Celeb-synthesis/id52_id49_0008.mp4,celebdf
fake_id52_id49_0009,train,fake,/workspace/data/raw/celebdf/Celeb-synthesis/id52_id49_0009.mp4,celebdf
fake_id52_id50_0000,train,fake,/workspace/data/raw/celebdf/Celeb-synthesis/id52_id50_0000.mp4,celebdf
fake_id52_id50_0001,train,fake,/workspace/data/raw/celebdf/Celeb-synthesis/id52_id50_0001.mp4,celebdf
fake_id52_id50_0002,train,fake,/workspace/data/raw/celebdf/Celeb-synthesis/id52_id50_0002.mp4,celebdf
fake_id52_id50_0003,train,fake,/workspace/data/raw/celebdf/Celeb-synthesis/id52_id50_0003.mp4,celebdf
fake_id52_id50_0004,train,fake,/workspace/data/raw/celebdf/Celeb-synthesis/id52_id50_0004.mp4,celebdf
fake_id52_id50_0005,train,fake,/workspace/data/raw/celebdf/Celeb-synthesis/id52_id50_0005.mp4,celebdf
fake_id52_id50_0006,train,fake,/workspace/data/raw/celebdf/Celeb-synthesis/id52_id50_0006.mp4,celebdf
fake_id52_id50_0008,train,fake,/workspace/data/raw/celebdf/Celeb-synthesis/id52_id50_0008.mp4,celebdf
fake_id52_id50_0009,train,fake,/workspace/data/raw/celebdf/Celeb-synthesis/id52_id50_0009.mp4,celebdf
fake_id52_id53_0000,train,fake,/workspace/data/raw/celebdf/Celeb-synthesis/id52_id53_0000.mp4,celebdf
fake_id52_id53_0001,train,fake,/workspace/data/raw/celebdf/Celeb-synthesis/id52_id53_0001.mp4,celebdf
fake_id52_id53_0002,train,fake,/workspace/data/raw/celebdf/Celeb-synthesis/id52_id53_0002.mp4,celebdf
fake_id52_id53_0003,train,fake,/workspace/data/raw/celebdf/Celeb-synthesis/id52_id53_0003.mp4,celebdf
fake_id52_id53_0004,train,fake,/workspace/data/raw/celebdf/Celeb-synthesis/id52_id53_0004.mp4,celebdf
fake_id52_id53_0005,train,fake,/workspace/data/raw/celebdf/Celeb-synthesis/id52_id53_0005.mp4,celebdf
fake_id52_id53_0006,train,fake,/workspace/data/raw/celebdf/Celeb-synthesis/id52_id53_0006.mp4,celebdf
fake_id52_id53_0007,train,fake,/workspace/data/raw/celebdf/Celeb-synthesis/id52_id53_0007.mp4,celebdf
fake_id52_id53_0008,train,fake,/workspace/data/raw/celebdf/Celeb-synthesis/id52_id53_0008.mp4,celebdf
fake_id52_id53_0009,train,fake,/workspace/data/raw/celebdf/Celeb-synthesis/id52_id53_0009.mp4,celebdf
fake_id52_id54_0000,train,fake,/workspace/data/raw/celebdf/Celeb-synthesis/id52_id54_0000.mp4,celebdf
fake_id52_id54_0001,train,fake,/workspace/data/raw/celebdf/Celeb-synthesis/id52_id54_0001.mp4,celebdf
fake_id52_id54_0002,train,fake,/workspace/data/raw/celebdf/Celeb-synthesis/id52_id54_0002.mp4,celebdf
fake_id52_id54_0003,train,fake,/workspace/data/raw/celebdf/Celeb-synthesis/id52_id54_0003.mp4,celebdf
fake_id52_id54_0004,train,fake,/workspace/data/raw/celebdf/Celeb-synthesis/id52_id54_0004.mp4,celebdf
fake_id52_id54_0005,train,fake,/workspace/data/raw/celebdf/Celeb-synthesis/id52_id54_0005.mp4,celebdf
fake_id52_id54_0006,train,fake,/workspace/data/raw/celebdf/Celeb-synthesis/id52_id54_0006.mp4,celebdf
fake_id52_id54_0007,train,fake,/workspace/data/raw/celebdf/Celeb-synthesis/id52_id54_0007.mp4,celebdf
fake_id52_id54_0008,train,fake,/workspace/data/raw/celebdf/Celeb-synthesis/id52_id54_0008.mp4,celebdf
fake_id52_id54_0009,train,fake,/workspace/data/raw/celebdf/Celeb-synthesis/id52_id54_0009.mp4,celebdf
fake_id52_id55_0000,train,fake,/workspace/data/raw/celebdf/Celeb-synthesis/id52_id55_0000.mp4,celebdf
fake_id52_id55_0001,train,fake,/workspace/data/raw/celebdf/Celeb-synthesis/id52_id55_0001.mp4,celebdf
fake_id52_id55_0002,train,fake,/workspace/data/raw/celebdf/Celeb-synthesis/id52_id55_0002.mp4,celebdf
fake_id52_id55_0003,train,fake,/workspace/data/raw/celebdf/Celeb-synthesis/id52_id55_0003.mp4,celebdf
fake_id52_id55_0004,train,fake,/workspace/data/raw/celebdf/Celeb-synthesis/id52_id55_0004.mp4,celebdf
fake_id52_id55_0005,train,fake,/workspace/data/raw/celebdf/Celeb-synthesis/id52_id55_0005.mp4,celebdf
fake_id52_id55_0006,train,fake,/workspace/data/raw/celebdf/Celeb-synthesis/id52_id55_0006.mp4,celebdf
fake_id52_id55_0007,train,fake,/workspace/data/raw/celebdf/Celeb-synthesis/id52_id55_0007.mp4,celebdf
fake_id52_id55_0008,train,fake,/workspace/data/raw/celebdf/Celeb-synthesis/id52_id55_0008.mp4,celebdf
fake_id52_id55_0009,train,fake,/workspace/data/raw/celebdf/Celeb-synthesis/id52_id55_0009.mp4,celebdf
fake_id52_id56_0000,train,fake,/workspace/data/raw/celebdf/Celeb-synthesis/id52_id56_0000.mp4,celebdf
fake_id52_id56_0001,train,fake,/workspace/data/raw/celebdf/Celeb-synthesis/id52_id56_0001.mp4,celebdf
fake_id52_id56_0002,train,fake,/workspace/data/raw/celebdf/Celeb-synthesis/id52_id56_0002.mp4,celebdf
fake_id52_id56_0003,train,fake,/workspace/data/raw/celebdf/Celeb-synthesis/id52_id56_0003.mp4,celebdf
fake_id52_id56_0004,train,fake,/workspace/data/raw/celebdf/Celeb-synthesis/id52_id56_0004.mp4,celebdf
fake_id52_id56_0005,train,fake,/workspace/data/raw/celebdf/Celeb-synthesis/id52_id56_0005.mp4,celebdf
fake_id52_id56_0006,train,fake,/workspace/data/raw/celebdf/Celeb-synthesis/id52_id56_0006.mp4,celebdf
fake_id52_id56_0007,train,fake,/workspace/data/raw/celebdf/Celeb-synthesis/id52_id56_0007.mp4,celebdf
fake_id52_id56_0008,train,fake,/workspace/data/raw/celebdf/Celeb-synthesis/id52_id56_0008.mp4,celebdf
fake_id52_id56_0009,train,fake,/workspace/data/raw/celebdf/Celeb-synthesis/id52_id56_0009.mp4,celebdf
fake_id52_id57_0000,train,fake,/workspace/data/raw/celebdf/Celeb-synthesis/id52_id57_0000.mp4,celebdf
fake_id52_id57_0001,train,fake,/workspace/data/raw/celebdf/Celeb-synthesis/id52_id57_0001.mp4,celebdf
fake_id52_id57_0002,train,fake,/workspace/data/raw/celebdf/Celeb-synthesis/id52_id57_0002.mp4,celebdf
fake_id52_id57_0003,train,fake,/workspace/data/raw/celebdf/Celeb-synthesis/id52_id57_0003.mp4,celebdf
fake_id52_id57_0004,train,fake,/workspace/data/raw/celebdf/Celeb-synthesis/id52_id57_0004.mp4,celebdf
fake_id52_id57_0005,train,fake,/workspace/data/raw/celebdf/Celeb-synthesis/id52_id57_0005.mp4,celebdf
fake_id52_id57_0006,train,fake,/workspace/data/raw/celebdf/Celeb-synthesis/id52_id57_0006.mp4,celebdf
fake_id52_id57_0007,train,fake,/workspace/data/raw/celebdf/Celeb-synthesis/id52_id57_0007.mp4,celebdf
fake_id52_id57_0008,train,fake,/workspace/data/raw/celebdf/Celeb-synthesis/id52_id57_0008.mp4,celebdf
fake_id52_id57_0009,train,fake,/workspace/data/raw/celebdf/Celeb-synthesis/id52_id57_0009.mp4,celebdf
fake_id52_id58_0000,train,fake,/workspace/data/raw/celebdf/Celeb-synthesis/id52_id58_0000.mp4,celebdf
fake_id52_id58_0001,train,fake,/workspace/data/raw/celebdf/Celeb-synthesis/id52_id58_0001.mp4,celebdf
fake_id52_id58_0002,train,fake,/workspace/data/raw/celebdf/Celeb-synthesis/id52_id58_0002.mp4,celebdf
fake_id52_id58_0003,train,fake,/workspace/data/raw/celebdf/Celeb-synthesis/id52_id58_0003.mp4,celebdf
fake_id52_id58_0004,train,fake,/workspace/data/raw/celebdf/Celeb-synthesis/id52_id58_0004.mp4,celebdf
fake_id52_id58_0007,train,fake,/workspace/data/raw/celebdf/Celeb-synthesis/id52_id58_0007.mp4,celebdf
fake_id52_id58_0008,train,fake,/workspace/data/raw/celebdf/Celeb-synthesis/id52_id58_0008.mp4,celebdf
fake_id52_id58_0009,train,fake,/workspace/data/raw/celebdf/Celeb-synthesis/id52_id58_0009.mp4,celebdf
fake_id53_id49_0000,train,fake,/workspace/data/raw/celebdf/Celeb-synthesis/id53_id49_0000.mp4,celebdf
fake_id53_id49_0001,train,fake,/workspace/data/raw/celebdf/Celeb-synthesis/id53_id49_0001.mp4,celebdf
fake_id53_id49_0002,train,fake,/workspace/data/raw/celebdf/Celeb-synthesis/id53_id49_0002.mp4,celebdf
fake_id53_id49_0003,train,fake,/workspace/data/raw/celebdf/Celeb-synthesis/id53_id49_0003.mp4,celebdf
fake_id53_id49_0004,train,fake,/workspace/data/raw/celebdf/Celeb-synthesis/id53_id49_0004.mp4,celebdf
fake_id53_id49_0005,train,fake,/workspace/data/raw/celebdf/Celeb-synthesis/id53_id49_0005.mp4,celebdf
fake_id53_id49_0006,train,fake,/workspace/data/raw/celebdf/Celeb-synthesis/id53_id49_0006.mp4,celebdf
fake_id53_id49_0008,train,fake,/workspace/data/raw/celebdf/Celeb-synthesis/id53_id49_0008.mp4,celebdf
fake_id53_id49_0009,train,fake,/workspace/data/raw/celebdf/Celeb-synthesis/id53_id49_0009.mp4,celebdf
fake_id53_id50_0000,train,fake,/workspace/data/raw/celebdf/Celeb-synthesis/id53_id50_0000.mp4,celebdf
fake_id53_id50_0001,train,fake,/workspace/data/raw/celebdf/Celeb-synthesis/id53_id50_0001.mp4,celebdf
fake_id53_id50_0002,train,fake,/workspace/data/raw/celebdf/Celeb-synthesis/id53_id50_0002.mp4,celebdf
fake_id53_id50_0003,train,fake,/workspace/data/raw/celebdf/Celeb-synthesis/id53_id50_0003.mp4,celebdf
fake_id53_id50_0004,train,fake,/workspace/data/raw/celebdf/Celeb-synthesis/id53_id50_0004.mp4,celebdf
fake_id53_id50_0005,train,fake,/workspace/data/raw/celebdf/Celeb-synthesis/id53_id50_0005.mp4,celebdf
fake_id53_id50_0006,train,fake,/workspace/data/raw/celebdf/Celeb-synthesis/id53_id50_0006.mp4,celebdf
fake_id53_id50_0007,train,fake,/workspace/data/raw/celebdf/Celeb-synthesis/id53_id50_0007.mp4,celebdf
fake_id53_id50_0008,train,fake,/workspace/data/raw/celebdf/Celeb-synthesis/id53_id50_0008.mp4,celebdf
fake_id53_id50_0009,train,fake,/workspace/data/raw/celebdf/Celeb-synthesis/id53_id50_0009.mp4,celebdf
fake_id53_id51_0000,train,fake,/workspace/data/raw/celebdf/Celeb-synthesis/id53_id51_0000.mp4,celebdf
fake_id53_id51_0001,train,fake,/workspace/data/raw/celebdf/Celeb-synthesis/id53_id51_0001.mp4,celebdf
fake_id53_id51_0002,train,fake,/workspace/data/raw/celebdf/Celeb-synthesis/id53_id51_0002.mp4,celebdf
fake_id53_id51_0003,train,fake,/workspace/data/raw/celebdf/Celeb-synthesis/id53_id51_0003.mp4,celebdf
fake_id53_id51_0004,train,fake,/workspace/data/raw/celebdf/Celeb-synthesis/id53_id51_0004.mp4,celebdf
fake_id53_id51_0005,train,fake,/workspace/data/raw/celebdf/Celeb-synthesis/id53_id51_0005.mp4,celebdf
fake_id53_id51_0006,train,fake,/workspace/data/raw/celebdf/Celeb-synthesis/id53_id51_0006.mp4,celebdf
fake_id53_id51_0007,train,fake,/workspace/data/raw/celebdf/Celeb-synthesis/id53_id51_0007.mp4,celebdf
fake_id53_id51_0008,train,fake,/workspace/data/raw/celebdf/Celeb-synthesis/id53_id51_0008.mp4,celebdf
fake_id53_id51_0009,train,fake,/workspace/data/raw/celebdf/Celeb-synthesis/id53_id51_0009.mp4,celebdf
fake_id53_id52_0000,train,fake,/workspace/data/raw/celebdf/Celeb-synthesis/id53_id52_0000.mp4,celebdf
fake_id53_id52_0001,train,fake,/workspace/data/raw/celebdf/Celeb-synthesis/id53_id52_0001.mp4,celebdf
fake_id53_id52_0002,train,fake,/workspace/data/raw/celebdf/Celeb-synthesis/id53_id52_0002.mp4,celebdf
fake_id53_id52_0004,train,fake,/workspace/data/raw/celebdf/Celeb-synthesis/id53_id52_0004.mp4,celebdf
fake_id53_id52_0005,train,fake,/workspace/data/raw/celebdf/Celeb-synthesis/id53_id52_0005.mp4,celebdf
fake_id53_id52_0006,train,fake,/workspace/data/raw/celebdf/Celeb-synthesis/id53_id52_0006.mp4,celebdf
fake_id53_id52_0007,train,fake,/workspace/data/raw/celebdf/Celeb-synthesis/id53_id52_0007.mp4,celebdf
fake_id53_id52_0008,train,fake,/workspace/data/raw/celebdf/Celeb-synthesis/id53_id52_0008.mp4,celebdf
fake_id53_id52_0009,train,fake,/workspace/data/raw/celebdf/Celeb-synthesis/id53_id52_0009.mp4,celebdf
fake_id53_id54_0000,train,fake,/workspace/data/raw/celebdf/Celeb-synthesis/id53_id54_0000.mp4,celebdf
fake_id53_id54_0001,train,fake,/workspace/data/raw/celebdf/Celeb-synthesis/id53_id54_0001.mp4,celebdf
fake_id53_id54_0002,train,fake,/workspace/data/raw/celebdf/Celeb-synthesis/id53_id54_0002.mp4,celebdf
fake_id53_id54_0003,train,fake,/workspace/data/raw/celebdf/Celeb-synthesis/id53_id54_0003.mp4,celebdf
fake_id53_id54_0004,train,fake,/workspace/data/raw/celebdf/Celeb-synthesis/id53_id54_0004.mp4,celebdf
fake_id53_id54_0005,train,fake,/workspace/data/raw/celebdf/Celeb-synthesis/id53_id54_0005.mp4,celebdf
fake_id53_id54_0006,train,fake,/workspace/data/raw/celebdf/Celeb-synthesis/id53_id54_0006.mp4,celebdf
fake_id53_id54_0008,train,fake,/workspace/data/raw/celebdf/Celeb-synthesis/id53_id54_0008.mp4,celebdf
fake_id53_id54_0009,train,fake,/workspace/data/raw/celebdf/Celeb-synthesis/id53_id54_0009.mp4,celebdf
fake_id53_id55_0000,train,fake,/workspace/data/raw/celebdf/Celeb-synthesis/id53_id55_0000.mp4,celebdf
fake_id53_id55_0001,train,fake,/workspace/data/raw/celebdf/Celeb-synthesis/id53_id55_0001.mp4,celebdf
fake_id53_id55_0002,train,fake,/workspace/data/raw/celebdf/Celeb-synthesis/id53_id55_0002.mp4,celebdf
fake_id53_id55_0003,train,fake,/workspace/data/raw/celebdf/Celeb-synthesis/id53_id55_0003.mp4,celebdf
fake_id53_id55_0004,train,fake,/workspace/data/raw/celebdf/Celeb-synthesis/id53_id55_0004.mp4,celebdf
fake_id53_id55_0005,train,fake,/workspace/data/raw/celebdf/Celeb-synthesis/id53_id55_0005.mp4,celebdf
fake_id53_id55_0006,train,fake,/workspace/data/raw/celebdf/Celeb-synthesis/id53_id55_0006.mp4,celebdf
fake_id53_id55_0007,train,fake,/workspace/data/raw/celebdf/Celeb-synthesis/id53_id55_0007.mp4,celebdf
fake_id53_id55_0008,train,fake,/workspace/data/raw/celebdf/Celeb-synthesis/id53_id55_0008.mp4,celebdf
fake_id53_id55_0009,train,fake,/workspace/data/raw/celebdf/Celeb-synthesis/id53_id55_0009.mp4,celebdf
fake_id53_id56_0000,train,fake,/workspace/data/raw/celebdf/Celeb-synthesis/id53_id56_0000.mp4,celebdf
fake_id53_id56_0001,train,fake,/workspace/data/raw/celebdf/Celeb-synthesis/id53_id56_0001.mp4,celebdf
fake_id53_id56_0002,train,fake,/workspace/data/raw/celebdf/Celeb-synthesis/id53_id56_0002.mp4,celebdf
fake_id53_id56_0003,train,fake,/workspace/data/raw/celebdf/Celeb-synthesis/id53_id56_0003.mp4,celebdf
fake_id53_id56_0004,train,fake,/workspace/data/raw/celebdf/Celeb-synthesis/id53_id56_0004.mp4,celebdf
fake_id53_id56_0005,train,fake,/workspace/data/raw/celebdf/Celeb-synthesis/id53_id56_0005.mp4,celebdf
fake_id53_id56_0006,train,fake,/workspace/data/raw/celebdf/Celeb-synthesis/id53_id56_0006.mp4,celebdf
fake_id53_id56_0007,train,fake,/workspace/data/raw/celebdf/Celeb-synthesis/id53_id56_0007.mp4,celebdf
fake_id53_id56_0008,train,fake,/workspace/data/raw/celebdf/Celeb-synthesis/id53_id56_0008.mp4,celebdf
fake_id53_id56_0009,train,fake,/workspace/data/raw/celebdf/Celeb-synthesis/id53_id56_0009.mp4,celebdf
fake_id53_id57_0000,train,fake,/workspace/data/raw/celebdf/Celeb-synthesis/id53_id57_0000.mp4,celebdf
fake_id53_id57_0002,train,fake,/workspace/data/raw/celebdf/Celeb-synthesis/id53_id57_0002.mp4,celebdf
fake_id53_id57_0003,train,fake,/workspace/data/raw/celebdf/Celeb-synthesis/id53_id57_0003.mp4,celebdf
fake_id53_id57_0004,train,fake,/workspace/data/raw/celebdf/Celeb-synthesis/id53_id57_0004.mp4,celebdf
fake_id53_id57_0006,train,fake,/workspace/data/raw/celebdf/Celeb-synthesis/id53_id57_0006.mp4,celebdf
fake_id53_id57_0007,train,fake,/workspace/data/raw/celebdf/Celeb-synthesis/id53_id57_0007.mp4,celebdf
fake_id53_id57_0008,train,fake,/workspace/data/raw/celebdf/Celeb-synthesis/id53_id57_0008.mp4,celebdf
fake_id53_id58_0000,train,fake,/workspace/data/raw/celebdf/Celeb-synthesis/id53_id58_0000.mp4,celebdf
fake_id53_id58_0001,train,fake,/workspace/data/raw/celebdf/Celeb-synthesis/id53_id58_0001.mp4,celebdf
fake_id53_id58_0002,train,fake,/workspace/data/raw/celebdf/Celeb-synthesis/id53_id58_0002.mp4,celebdf
fake_id53_id58_0003,train,fake,/workspace/data/raw/celebdf/Celeb-synthesis/id53_id58_0003.mp4,celebdf
fake_id53_id58_0004,train,fake,/workspace/data/raw/celebdf/Celeb-synthesis/id53_id58_0004.mp4,celebdf
fake_id53_id58_0006,train,fake,/workspace/data/raw/celebdf/Celeb-synthesis/id53_id58_0006.mp4,celebdf
fake_id53_id58_0007,train,fake,/workspace/data/raw/celebdf/Celeb-synthesis/id53_id58_0007.mp4,celebdf
fake_id53_id58_0008,train,fake,/workspace/data/raw/celebdf/Celeb-synthesis/id53_id58_0008.mp4,celebdf
fake_id53_id58_0009,train,fake,/workspace/data/raw/celebdf/Celeb-synthesis/id53_id58_0009.mp4,celebdf
fake_id54_id49_0000,train,fake,/workspace/data/raw/celebdf/Celeb-synthesis/id54_id49_0000.mp4,celebdf
fake_id54_id49_0001,train,fake,/workspace/data/raw/celebdf/Celeb-synthesis/id54_id49_0001.mp4,celebdf
fake_id54_id49_0002,train,fake,/workspace/data/raw/celebdf/Celeb-synthesis/id54_id49_0002.mp4,celebdf
fake_id54_id49_0004,train,fake,/workspace/data/raw/celebdf/Celeb-synthesis/id54_id49_0004.mp4,celebdf
fake_id54_id49_0005,train,fake,/workspace/data/raw/celebdf/Celeb-synthesis/id54_id49_0005.mp4,celebdf
fake_id54_id49_0006,train,fake,/workspace/data/raw/celebdf/Celeb-synthesis/id54_id49_0006.mp4,celebdf
fake_id54_id49_0007,train,fake,/workspace/data/raw/celebdf/Celeb-synthesis/id54_id49_0007.mp4,celebdf
fake_id54_id49_0008,train,fake,/workspace/data/raw/celebdf/Celeb-synthesis/id54_id49_0008.mp4,celebdf
fake_id54_id49_0009,train,fake,/workspace/data/raw/celebdf/Celeb-synthesis/id54_id49_0009.mp4,celebdf
fake_id54_id50_0001,train,fake,/workspace/data/raw/celebdf/Celeb-synthesis/id54_id50_0001.mp4,celebdf
fake_id54_id50_0002,train,fake,/workspace/data/raw/celebdf/Celeb-synthesis/id54_id50_0002.mp4,celebdf
fake_id54_id50_0003,train,fake,/workspace/data/raw/celebdf/Celeb-synthesis/id54_id50_0003.mp4,celebdf
fake_id54_id50_0004,train,fake,/workspace/data/raw/celebdf/Celeb-synthesis/id54_id50_0004.mp4,celebdf
fake_id54_id50_0005,train,fake,/workspace/data/raw/celebdf/Celeb-synthesis/id54_id50_0005.mp4,celebdf
fake_id54_id50_0006,train,fake,/workspace/data/raw/celebdf/Celeb-synthesis/id54_id50_0006.mp4,celebdf
fake_id54_id50_0008,train,fake,/workspace/data/raw/celebdf/Celeb-synthesis/id54_id50_0008.mp4,celebdf
fake_id54_id50_0009,train,fake,/workspace/data/raw/celebdf/Celeb-synthesis/id54_id50_0009.mp4,celebdf
fake_id54_id51_0000,train,fake,/workspace/data/raw/celebdf/Celeb-synthesis/id54_id51_0000.mp4,celebdf
fake_id54_id51_0001,train,fake,/workspace/data/raw/celebdf/Celeb-synthesis/id54_id51_0001.mp4,celebdf
fake_id54_id51_0002,train,fake,/workspace/data/raw/celebdf/Celeb-synthesis/id54_id51_0002.mp4,celebdf
fake_id54_id51_0003,train,fake,/workspace/data/raw/celebdf/Celeb-synthesis/id54_id51_0003.mp4,celebdf
fake_id54_id51_0005,train,fake,/workspace/data/raw/celebdf/Celeb-synthesis/id54_id51_0005.mp4,celebdf
fake_id54_id51_0006,train,fake,/workspace/data/raw/celebdf/Celeb-synthesis/id54_id51_0006.mp4,celebdf
fake_id54_id51_0008,train,fake,/workspace/data/raw/celebdf/Celeb-synthesis/id54_id51_0008.mp4,celebdf
fake_id54_id51_0009,train,fake,/workspace/data/raw/celebdf/Celeb-synthesis/id54_id51_0009.mp4,celebdf
fake_id54_id52_0000,train,fake,/workspace/data/raw/celebdf/Celeb-synthesis/id54_id52_0000.mp4,celebdf
fake_id54_id52_0001,train,fake,/workspace/data/raw/celebdf/Celeb-synthesis/id54_id52_0001.mp4,celebdf
fake_id54_id52_0003,train,fake,/workspace/data/raw/celebdf/Celeb-synthesis/id54_id52_0003.mp4,celebdf
fake_id54_id52_0004,train,fake,/workspace/data/raw/celebdf/Celeb-synthesis/id54_id52_0004.mp4,celebdf
fake_id54_id52_0005,train,fake,/workspace/data/raw/celebdf/Celeb-synthesis/id54_id52_0005.mp4,celebdf
fake_id54_id52_0006,train,fake,/workspace/data/raw/celebdf/Celeb-synthesis/id54_id52_0006.mp4,celebdf
fake_id54_id52_0008,train,fake,/workspace/data/raw/celebdf/Celeb-synthesis/id54_id52_0008.mp4,celebdf
fake_id54_id52_0009,train,fake,/workspace/data/raw/celebdf/Celeb-synthesis/id54_id52_0009.mp4,celebdf
fake_id54_id53_0000,train,fake,/workspace/data/raw/celebdf/Celeb-synthesis/id54_id53_0000.mp4,celebdf
fake_id54_id53_0001,train,fake,/workspace/data/raw/celebdf/Celeb-synthesis/id54_id53_0001.mp4,celebdf
fake_id54_id53_0003,train,fake,/workspace/data/raw/celebdf/Celeb-synthesis/id54_id53_0003.mp4,celebdf
fake_id54_id53_0004,train,fake,/workspace/data/raw/celebdf/Celeb-synthesis/id54_id53_0004.mp4,celebdf
fake_id54_id53_0005,train,fake,/workspace/data/raw/celebdf/Celeb-synthesis/id54_id53_0005.mp4,celebdf
fake_id54_id53_0006,train,fake,/workspace/data/raw/celebdf/Celeb-synthesis/id54_id53_0006.mp4,celebdf
fake_id54_id53_0008,train,fake,/workspace/data/raw/celebdf/Celeb-synthesis/id54_id53_0008.mp4,celebdf
fake_id54_id53_0009,train,fake,/workspace/data/raw/celebdf/Celeb-synthesis/id54_id53_0009.mp4,celebdf
fake_id54_id55_0000,train,fake,/workspace/data/raw/celebdf/Celeb-synthesis/id54_id55_0000.mp4,celebdf
fake_id54_id55_0001,train,fake,/workspace/data/raw/celebdf/Celeb-synthesis/id54_id55_0001.mp4,celebdf
fake_id54_id55_0002,train,fake,/workspace/data/raw/celebdf/Celeb-synthesis/id54_id55_0002.mp4,celebdf
fake_id54_id55_0003,train,fake,/workspace/data/raw/celebdf/Celeb-synthesis/id54_id55_0003.mp4,celebdf
fake_id54_id55_0004,train,fake,/workspace/data/raw/celebdf/Celeb-synthesis/id54_id55_0004.mp4,celebdf
fake_id54_id55_0005,train,fake,/workspace/data/raw/celebdf/Celeb-synthesis/id54_id55_0005.mp4,celebdf
fake_id54_id55_0006,train,fake,/workspace/data/raw/celebdf/Celeb-synthesis/id54_id55_0006.mp4,celebdf
fake_id54_id55_0007,train,fake,/workspace/data/raw/celebdf/Celeb-synthesis/id54_id55_0007.mp4,celebdf
fake_id54_id55_0008,train,fake,/workspace/data/raw/celebdf/Celeb-synthesis/id54_id55_0008.mp4,celebdf
fake_id54_id55_0009,train,fake,/workspace/data/raw/celebdf/Celeb-synthesis/id54_id55_0009.mp4,celebdf
fake_id54_id56_0001,train,fake,/workspace/data/raw/celebdf/Celeb-synthesis/id54_id56_0001.mp4,celebdf
fake_id54_id56_0002,train,fake,/workspace/data/raw/celebdf/Celeb-synthesis/id54_id56_0002.mp4,celebdf
fake_id54_id56_0003,train,fake,/workspace/data/raw/celebdf/Celeb-synthesis/id54_id56_0003.mp4,celebdf
fake_id54_id56_0004,train,fake,/workspace/data/raw/celebdf/Celeb-synthesis/id54_id56_0004.mp4,celebdf
fake_id54_id56_0005,train,fake,/workspace/data/raw/celebdf/Celeb-synthesis/id54_id56_0005.mp4,celebdf
fake_id54_id56_0007,train,fake,/workspace/data/raw/celebdf/Celeb-synthesis/id54_id56_0007.mp4,celebdf
fake_id54_id56_0008,train,fake,/workspace/data/raw/celebdf/Celeb-synthesis/id54_id56_0008.mp4,celebdf
fake_id54_id56_0009,train,fake,/workspace/data/raw/celebdf/Celeb-synthesis/id54_id56_0009.mp4,celebdf
fake_id54_id57_0001,train,fake,/workspace/data/raw/celebdf/Celeb-synthesis/id54_id57_0001.mp4,celebdf
fake_id54_id57_0002,train,fake,/workspace/data/raw/celebdf/Celeb-synthesis/id54_id57_0002.mp4,celebdf
fake_id54_id57_0003,train,fake,/workspace/data/raw/celebdf/Celeb-synthesis/id54_id57_0003.mp4,celebdf
fake_id54_id57_0004,train,fake,/workspace/data/raw/celebdf/Celeb-synthesis/id54_id57_0004.mp4,celebdf
fake_id54_id57_0005,train,fake,/workspace/data/raw/celebdf/Celeb-synthesis/id54_id57_0005.mp4,celebdf
fake_id54_id57_0006,train,fake,/workspace/data/raw/celebdf/Celeb-synthesis/id54_id57_0006.mp4,celebdf
fake_id54_id57_0007,train,fake,/workspace/data/raw/celebdf/Celeb-synthesis/id54_id57_0007.mp4,celebdf
fake_id54_id57_0008,train,fake,/workspace/data/raw/celebdf/Celeb-synthesis/id54_id57_0008.mp4,celebdf
fake_id54_id57_0009,train,fake,/workspace/data/raw/celebdf/Celeb-synthesis/id54_id57_0009.mp4,celebdf
fake_id54_id58_0001,train,fake,/workspace/data/raw/celebdf/Celeb-synthesis/id54_id58_0001.mp4,celebdf
fake_id54_id58_0002,train,fake,/workspace/data/raw/celebdf/Celeb-synthesis/id54_id58_0002.mp4,celebdf
fake_id54_id58_0003,train,fake,/workspace/data/raw/celebdf/Celeb-synthesis/id54_id58_0003.mp4,celebdf
fake_id54_id58_0004,train,fake,/workspace/data/raw/celebdf/Celeb-synthesis/id54_id58_0004.mp4,celebdf
fake_id54_id58_0005,train,fake,/workspace/data/raw/celebdf/Celeb-synthesis/id54_id58_0005.mp4,celebdf
fake_id54_id58_0007,train,fake,/workspace/data/raw/celebdf/Celeb-synthesis/id54_id58_0007.mp4,celebdf
fake_id54_id58_0008,train,fake,/workspace/data/raw/celebdf/Celeb-synthesis/id54_id58_0008.mp4,celebdf
fake_id54_id58_0009,train,fake,/workspace/data/raw/celebdf/Celeb-synthesis/id54_id58_0009.mp4,celebdf
fake_id55_id49_0000,train,fake,/workspace/data/raw/celebdf/Celeb-synthesis/id55_id49_0000.mp4,celebdf
fake_id55_id49_0002,train,fake,/workspace/data/raw/celebdf/Celeb-synthesis/id55_id49_0002.mp4,celebdf
fake_id55_id49_0003,train,fake,/workspace/data/raw/celebdf/Celeb-synthesis/id55_id49_0003.mp4,celebdf
fake_id55_id49_0006,train,fake,/workspace/data/raw/celebdf/Celeb-synthesis/id55_id49_0006.mp4,celebdf
fake_id55_id49_0007,train,fake,/workspace/data/raw/celebdf/Celeb-synthesis/id55_id49_0007.mp4,celebdf
fake_id55_id49_0008,train,fake,/workspace/data/raw/celebdf/Celeb-synthesis/id55_id49_0008.mp4,celebdf
fake_id55_id49_0009,train,fake,/workspace/data/raw/celebdf/Celeb-synthesis/id55_id49_0009.mp4,celebdf
fake_id55_id50_0000,train,fake,/workspace/data/raw/celebdf/Celeb-synthesis/id55_id50_0000.mp4,celebdf
fake_id55_id50_0001,train,fake,/workspace/data/raw/celebdf/Celeb-synthesis/id55_id50_0001.mp4,celebdf
fake_id55_id50_0002,train,fake,/workspace/data/raw/celebdf/Celeb-synthesis/id55_id50_0002.mp4,celebdf
fake_id55_id50_0003,train,fake,/workspace/data/raw/celebdf/Celeb-synthesis/id55_id50_0003.mp4,celebdf
fake_id55_id50_0004,train,fake,/workspace/data/raw/celebdf/Celeb-synthesis/id55_id50_0004.mp4,celebdf
fake_id55_id50_0005,train,fake,/workspace/data/raw/celebdf/Celeb-synthesis/id55_id50_0005.mp4,celebdf
fake_id55_id50_0006,train,fake,/workspace/data/raw/celebdf/Celeb-synthesis/id55_id50_0006.mp4,celebdf
fake_id55_id50_0007,train,fake,/workspace/data/raw/celebdf/Celeb-synthesis/id55_id50_0007.mp4,celebdf
fake_id55_id50_0009,train,fake,/workspace/data/raw/celebdf/Celeb-synthesis/id55_id50_0009.mp4,celebdf
fake_id55_id51_0000,train,fake,/workspace/data/raw/celebdf/Celeb-synthesis/id55_id51_0000.mp4,celebdf
fake_id55_id51_0001,train,fake,/workspace/data/raw/celebdf/Celeb-synthesis/id55_id51_0001.mp4,celebdf
fake_id55_id51_0002,train,fake,/workspace/data/raw/celebdf/Celeb-synthesis/id55_id51_0002.mp4,celebdf
fake_id55_id51_0003,train,fake,/workspace/data/raw/celebdf/Celeb-synthesis/id55_id51_0003.mp4,celebdf
fake_id55_id51_0004,train,fake,/workspace/data/raw/celebdf/Celeb-synthesis/id55_id51_0004.mp4,celebdf
fake_id55_id51_0006,train,fake,/workspace/data/raw/celebdf/Celeb-synthesis/id55_id51_0006.mp4,celebdf
fake_id55_id51_0007,train,fake,/workspace/data/raw/celebdf/Celeb-synthesis/id55_id51_0007.mp4,celebdf
fake_id55_id51_0008,train,fake,/workspace/data/raw/celebdf/Celeb-synthesis/id55_id51_0008.mp4,celebdf
fake_id55_id51_0009,train,fake,/workspace/data/raw/celebdf/Celeb-synthesis/id55_id51_0009.mp4,celebdf
fake_id55_id52_0000,train,fake,/workspace/data/raw/celebdf/Celeb-synthesis/id55_id52_0000.mp4,celebdf
fake_id55_id52_0001,train,fake,/workspace/data/raw/celebdf/Celeb-synthesis/id55_id52_0001.mp4,celebdf
fake_id55_id52_0002,train,fake,/workspace/data/raw/celebdf/Celeb-synthesis/id55_id52_0002.mp4,celebdf
fake_id55_id52_0004,train,fake,/workspace/data/raw/celebdf/Celeb-synthesis/id55_id52_0004.mp4,celebdf
fake_id55_id52_0005,train,fake,/workspace/data/raw/celebdf/Celeb-synthesis/id55_id52_0005.mp4,celebdf
fake_id55_id52_0006,train,fake,/workspace/data/raw/celebdf/Celeb-synthesis/id55_id52_0006.mp4,celebdf
fake_id55_id52_0007,train,fake,/workspace/data/raw/celebdf/Celeb-synthesis/id55_id52_0007.mp4,celebdf
fake_id55_id52_0008,train,fake,/workspace/data/raw/celebdf/Celeb-synthesis/id55_id52_0008.mp4,celebdf
fake_id55_id52_0009,train,fake,/workspace/data/raw/celebdf/Celeb-synthesis/id55_id52_0009.mp4,celebdf
fake_id55_id53_0001,train,fake,/workspace/data/raw/celebdf/Celeb-synthesis/id55_id53_0001.mp4,celebdf
fake_id55_id53_0002,train,fake,/workspace/data/raw/celebdf/Celeb-synthesis/id55_id53_0002.mp4,celebdf
fake_id55_id53_0004,train,fake,/workspace/data/raw/celebdf/Celeb-synthesis/id55_id53_0004.mp4,celebdf
fake_id55_id53_0006,train,fake,/workspace/data/raw/celebdf/Celeb-synthesis/id55_id53_0006.mp4,celebdf
fake_id55_id53_0007,train,fake,/workspace/data/raw/celebdf/Celeb-synthesis/id55_id53_0007.mp4,celebdf
fake_id55_id53_0009,train,fake,/workspace/data/raw/celebdf/Celeb-synthesis/id55_id53_0009.mp4,celebdf
fake_id55_id54_0000,train,fake,/workspace/data/raw/celebdf/Celeb-synthesis/id55_id54_0000.mp4,celebdf
fake_id55_id54_0003,train,fake,/workspace/data/raw/celebdf/Celeb-synthesis/id55_id54_0003.mp4,celebdf
fake_id55_id54_0005,train,fake,/workspace/data/raw/celebdf/Celeb-synthesis/id55_id54_0005.mp4,celebdf
fake_id55_id54_0006,train,fake,/workspace/data/raw/celebdf/Celeb-synthesis/id55_id54_0006.mp4,celebdf
fake_id55_id54_0007,train,fake,/workspace/data/raw/celebdf/Celeb-synthesis/id55_id54_0007.mp4,celebdf
fake_id55_id54_0008,train,fake,/workspace/data/raw/celebdf/Celeb-synthesis/id55_id54_0008.mp4,celebdf
fake_id55_id54_0009,train,fake,/workspace/data/raw/celebdf/Celeb-synthesis/id55_id54_0009.mp4,celebdf
fake_id55_id56_0000,train,fake,/workspace/data/raw/celebdf/Celeb-synthesis/id55_id56_0000.mp4,celebdf
fake_id55_id56_0002,train,fake,/workspace/data/raw/celebdf/Celeb-synthesis/id55_id56_0002.mp4,celebdf
fake_id55_id56_0004,train,fake,/workspace/data/raw/celebdf/Celeb-synthesis/id55_id56_0004.mp4,celebdf
fake_id55_id56_0007,train,fake,/workspace/data/raw/celebdf/Celeb-synthesis/id55_id56_0007.mp4,celebdf
fake_id55_id56_0008,train,fake,/workspace/data/raw/celebdf/Celeb-synthesis/id55_id56_0008.mp4,celebdf
fake_id55_id56_0009,train,fake,/workspace/data/raw/celebdf/Celeb-synthesis/id55_id56_0009.mp4,celebdf
fake_id55_id57_0001,train,fake,/workspace/data/raw/celebdf/Celeb-synthesis/id55_id57_0001.mp4,celebdf
fake_id55_id57_0004,train,fake,/workspace/data/raw/celebdf/Celeb-synthesis/id55_id57_0004.mp4,celebdf
fake_id55_id57_0005,train,fake,/workspace/data/raw/celebdf/Celeb-synthesis/id55_id57_0005.mp4,celebdf
fake_id55_id57_0007,train,fake,/workspace/data/raw/celebdf/Celeb-synthesis/id55_id57_0007.mp4,celebdf
fake_id55_id57_0009,train,fake,/workspace/data/raw/celebdf/Celeb-synthesis/id55_id57_0009.mp4,celebdf
fake_id55_id58_0002,train,fake,/workspace/data/raw/celebdf/Celeb-synthesis/id55_id58_0002.mp4,celebdf
fake_id55_id58_0006,train,fake,/workspace/data/raw/celebdf/Celeb-synthesis/id55_id58_0006.mp4,celebdf
fake_id55_id58_0007,train,fake,/workspace/data/raw/celebdf/Celeb-synthesis/id55_id58_0007.mp4,celebdf
fake_id55_id58_0008,train,fake,/workspace/data/raw/celebdf/Celeb-synthesis/id55_id58_0008.mp4,celebdf
fake_id55_id58_0009,train,fake,/workspace/data/raw/celebdf/Celeb-synthesis/id55_id58_0009.mp4,celebdf
fake_id56_id49_0000,train,fake,/workspace/data/raw/celebdf/Celeb-synthesis/id56_id49_0000.mp4,celebdf
fake_id56_id49_0001,train,fake,/workspace/data/raw/celebdf/Celeb-synthesis/id56_id49_0001.mp4,celebdf
fake_id56_id49_0002,train,fake,/workspace/data/raw/celebdf/Celeb-synthesis/id56_id49_0002.mp4,celebdf
fake_id56_id49_0003,train,fake,/workspace/data/raw/celebdf/Celeb-synthesis/id56_id49_0003.mp4,celebdf
fake_id56_id49_0005,train,fake,/workspace/data/raw/celebdf/Celeb-synthesis/id56_id49_0005.mp4,celebdf
fake_id56_id49_0006,train,fake,/workspace/data/raw/celebdf/Celeb-synthesis/id56_id49_0006.mp4,celebdf
fake_id56_id49_0007,train,fake,/workspace/data/raw/celebdf/Celeb-synthesis/id56_id49_0007.mp4,celebdf
fake_id56_id49_0008,train,fake,/workspace/data/raw/celebdf/Celeb-synthesis/id56_id49_0008.mp4,celebdf
fake_id56_id49_0009,train,fake,/workspace/data/raw/celebdf/Celeb-synthesis/id56_id49_0009.mp4,celebdf
fake_id56_id50_0000,train,fake,/workspace/data/raw/celebdf/Celeb-synthesis/id56_id50_0000.mp4,celebdf
fake_id56_id50_0001,train,fake,/workspace/data/raw/celebdf/Celeb-synthesis/id56_id50_0001.mp4,celebdf
fake_id56_id50_0002,train,fake,/workspace/data/raw/celebdf/Celeb-synthesis/id56_id50_0002.mp4,celebdf
fake_id56_id50_0003,train,fake,/workspace/data/raw/celebdf/Celeb-synthesis/id56_id50_0003.mp4,celebdf
fake_id56_id50_0005,train,fake,/workspace/data/raw/celebdf/Celeb-synthesis/id56_id50_0005.mp4,celebdf
fake_id56_id50_0006,train,fake,/workspace/data/raw/celebdf/Celeb-synthesis/id56_id50_0006.mp4,celebdf
fake_id56_id50_0007,train,fake,/workspace/data/raw/celebdf/Celeb-synthesis/id56_id50_0007.mp4,celebdf
fake_id56_id50_0008,train,fake,/workspace/data/raw/celebdf/Celeb-synthesis/id56_id50_0008.mp4,celebdf
fake_id56_id50_0009,train,fake,/workspace/data/raw/celebdf/Celeb-synthesis/id56_id50_0009.mp4,celebdf
fake_id56_id51_0001,train,fake,/workspace/data/raw/celebdf/Celeb-synthesis/id56_id51_0001.mp4,celebdf
fake_id56_id51_0002,train,fake,/workspace/data/raw/celebdf/Celeb-synthesis/id56_id51_0002.mp4,celebdf
fake_id56_id51_0003,train,fake,/workspace/data/raw/celebdf/Celeb-synthesis/id56_id51_0003.mp4,celebdf
fake_id56_id51_0005,train,fake,/workspace/data/raw/celebdf/Celeb-synthesis/id56_id51_0005.mp4,celebdf
fake_id56_id51_0006,train,fake,/workspace/data/raw/celebdf/Celeb-synthesis/id56_id51_0006.mp4,celebdf
fake_id56_id51_0007,train,fake,/workspace/data/raw/celebdf/Celeb-synthesis/id56_id51_0007.mp4,celebdf
fake_id56_id51_0008,train,fake,/workspace/data/raw/celebdf/Celeb-synthesis/id56_id51_0008.mp4,celebdf
fake_id56_id51_0009,train,fake,/workspace/data/raw/celebdf/Celeb-synthesis/id56_id51_0009.mp4,celebdf
fake_id56_id52_0000,train,fake,/workspace/data/raw/celebdf/Celeb-synthesis/id56_id52_0000.mp4,celebdf
fake_id56_id52_0001,train,fake,/workspace/data/raw/celebdf/Celeb-synthesis/id56_id52_0001.mp4,celebdf
fake_id56_id52_0002,train,fake,/workspace/data/raw/celebdf/Celeb-synthesis/id56_id52_0002.mp4,celebdf
fake_id56_id52_0003,train,fake,/workspace/data/raw/celebdf/Celeb-synthesis/id56_id52_0003.mp4,celebdf
fake_id56_id52_0005,train,fake,/workspace/data/raw/celebdf/Celeb-synthesis/id56_id52_0005.mp4,celebdf
fake_id56_id52_0006,train,fake,/workspace/data/raw/celebdf/Celeb-synthesis/id56_id52_0006.mp4,celebdf
fake_id56_id52_0007,train,fake,/workspace/data/raw/celebdf/Celeb-synthesis/id56_id52_0007.mp4,celebdf
fake_id56_id52_0008,train,fake,/workspace/data/raw/celebdf/Celeb-synthesis/id56_id52_0008.mp4,celebdf
fake_id56_id52_0009,train,fake,/workspace/data/raw/celebdf/Celeb-synthesis/id56_id52_0009.mp4,celebdf
fake_id56_id53_0000,train,fake,/workspace/data/raw/celebdf/Celeb-synthesis/id56_id53_0000.mp4,celebdf
fake_id56_id53_0001,train,fake,/workspace/data/raw/celebdf/Celeb-synthesis/id56_id53_0001.mp4,celebdf
fake_id56_id53_0002,train,fake,/workspace/data/raw/celebdf/Celeb-synthesis/id56_id53_0002.mp4,celebdf
fake_id56_id53_0003,train,fake,/workspace/data/raw/celebdf/Celeb-synthesis/id56_id53_0003.mp4,celebdf
fake_id56_id53_0005,train,fake,/workspace/data/raw/celebdf/Celeb-synthesis/id56_id53_0005.mp4,celebdf
fake_id56_id53_0006,train,fake,/workspace/data/raw/celebdf/Celeb-synthesis/id56_id53_0006.mp4,celebdf
fake_id56_id53_0008,train,fake,/workspace/data/raw/celebdf/Celeb-synthesis/id56_id53_0008.mp4,celebdf
fake_id56_id53_0009,train,fake,/workspace/data/raw/celebdf/Celeb-synthesis/id56_id53_0009.mp4,celebdf
fake_id56_id54_0000,train,fake,/workspace/data/raw/celebdf/Celeb-synthesis/id56_id54_0000.mp4,celebdf
fake_id56_id54_0001,train,fake,/workspace/data/raw/celebdf/Celeb-synthesis/id56_id54_0001.mp4,celebdf
fake_id56_id54_0002,train,fake,/workspace/data/raw/celebdf/Celeb-synthesis/id56_id54_0002.mp4,celebdf
fake_id56_id54_0003,train,fake,/workspace/data/raw/celebdf/Celeb-synthesis/id56_id54_0003.mp4,celebdf
fake_id56_id54_0005,train,fake,/workspace/data/raw/celebdf/Celeb-synthesis/id56_id54_0005.mp4,celebdf
fake_id56_id54_0006,train,fake,/workspace/data/raw/celebdf/Celeb-synthesis/id56_id54_0006.mp4,celebdf
fake_id56_id54_0008,train,fake,/workspace/data/raw/celebdf/Celeb-synthesis/id56_id54_0008.mp4,celebdf
fake_id56_id54_0009,train,fake,/workspace/data/raw/celebdf/Celeb-synthesis/id56_id54_0009.mp4,celebdf
fake_id56_id55_0000,train,fake,/workspace/data/raw/celebdf/Celeb-synthesis/id56_id55_0000.mp4,celebdf
fake_id56_id55_0001,train,fake,/workspace/data/raw/celebdf/Celeb-synthesis/id56_id55_0001.mp4,celebdf
fake_id56_id55_0002,train,fake,/workspace/data/raw/celebdf/Celeb-synthesis/id56_id55_0002.mp4,celebdf
fake_id56_id55_0003,train,fake,/workspace/data/raw/celebdf/Celeb-synthesis/id56_id55_0003.mp4,celebdf
fake_id56_id55_0005,train,fake,/workspace/data/raw/celebdf/Celeb-synthesis/id56_id55_0005.mp4,celebdf
fake_id56_id55_0006,train,fake,/workspace/data/raw/celebdf/Celeb-synthesis/id56_id55_0006.mp4,celebdf
fake_id56_id55_0007,train,fake,/workspace/data/raw/celebdf/Celeb-synthesis/id56_id55_0007.mp4,celebdf
fake_id56_id55_0008,train,fake,/workspace/data/raw/celebdf/Celeb-synthesis/id56_id55_0008.mp4,celebdf
fake_id56_id57_0000,train,fake,/workspace/data/raw/celebdf/Celeb-synthesis/id56_id57_0000.mp4,celebdf
fake_id56_id57_0001,train,fake,/workspace/data/raw/celebdf/Celeb-synthesis/id56_id57_0001.mp4,celebdf
fake_id56_id57_0002,train,fake,/workspace/data/raw/celebdf/Celeb-synthesis/id56_id57_0002.mp4,celebdf
fake_id56_id57_0003,train,fake,/workspace/data/raw/celebdf/Celeb-synthesis/id56_id57_0003.mp4,celebdf
fake_id56_id57_0005,train,fake,/workspace/data/raw/celebdf/Celeb-synthesis/id56_id57_0005.mp4,celebdf
fake_id56_id57_0006,train,fake,/workspace/data/raw/celebdf/Celeb-synthesis/id56_id57_0006.mp4,celebdf
fake_id56_id57_0008,train,fake,/workspace/data/raw/celebdf/Celeb-synthesis/id56_id57_0008.mp4,celebdf
fake_id56_id57_0009,train,fake,/workspace/data/raw/celebdf/Celeb-synthesis/id56_id57_0009.mp4,celebdf
fake_id56_id58_0000,train,fake,/workspace/data/raw/celebdf/Celeb-synthesis/id56_id58_0000.mp4,celebdf
fake_id56_id58_0001,train,fake,/workspace/data/raw/celebdf/Celeb-synthesis/id56_id58_0001.mp4,celebdf
fake_id56_id58_0002,train,fake,/workspace/data/raw/celebdf/Celeb-synthesis/id56_id58_0002.mp4,celebdf
fake_id56_id58_0003,train,fake,/workspace/data/raw/celebdf/Celeb-synthesis/id56_id58_0003.mp4,celebdf
fake_id56_id58_0005,train,fake,/workspace/data/raw/celebdf/Celeb-synthesis/id56_id58_0005.mp4,celebdf
fake_id56_id58_0006,train,fake,/workspace/data/raw/celebdf/Celeb-synthesis/id56_id58_0006.mp4,celebdf
fake_id56_id58_0008,train,fake,/workspace/data/raw/celebdf/Celeb-synthesis/id56_id58_0008.mp4,celebdf
fake_id56_id58_0009,train,fake,/workspace/data/raw/celebdf/Celeb-synthesis/id56_id58_0009.mp4,celebdf
fake_id57_id49_0000,train,fake,/workspace/data/raw/celebdf/Celeb-synthesis/id57_id49_0000.mp4,celebdf
fake_id57_id49_0002,train,fake,/workspace/data/raw/celebdf/Celeb-synthesis/id57_id49_0002.mp4,celebdf
fake_id57_id49_0007,train,fake,/workspace/data/raw/celebdf/Celeb-synthesis/id57_id49_0007.mp4,celebdf
fake_id57_id50_0000,train,fake,/workspace/data/raw/celebdf/Celeb-synthesis/id57_id50_0000.mp4,celebdf
fake_id57_id50_0002,train,fake,/workspace/data/raw/celebdf/Celeb-synthesis/id57_id50_0002.mp4,celebdf
fake_id57_id50_0004,train,fake,/workspace/data/raw/celebdf/Celeb-synthesis/id57_id50_0004.mp4,celebdf
fake_id57_id50_0005,train,fake,/workspace/data/raw/celebdf/Celeb-synthesis/id57_id50_0005.mp4,celebdf
fake_id57_id50_0006,train,fake,/workspace/data/raw/celebdf/Celeb-synthesis/id57_id50_0006.mp4,celebdf
fake_id57_id50_0007,train,fake,/workspace/data/raw/celebdf/Celeb-synthesis/id57_id50_0007.mp4,celebdf
fake_id57_id50_0008,train,fake,/workspace/data/raw/celebdf/Celeb-synthesis/id57_id50_0008.mp4,celebdf
fake_id57_id51_0002,train,fake,/workspace/data/raw/celebdf/Celeb-synthesis/id57_id51_0002.mp4,celebdf
fake_id57_id51_0003,train,fake,/workspace/data/raw/celebdf/Celeb-synthesis/id57_id51_0003.mp4,celebdf
fake_id57_id51_0004,train,fake,/workspace/data/raw/celebdf/Celeb-synthesis/id57_id51_0004.mp4,celebdf
fake_id57_id51_0005,train,fake,/workspace/data/raw/celebdf/Celeb-synthesis/id57_id51_0005.mp4,celebdf
fake_id57_id51_0006,train,fake,/workspace/data/raw/celebdf/Celeb-synthesis/id57_id51_0006.mp4,celebdf
fake_id57_id51_0007,train,fake,/workspace/data/raw/celebdf/Celeb-synthesis/id57_id51_0007.mp4,celebdf
fake_id57_id51_0008,train,fake,/workspace/data/raw/celebdf/Celeb-synthesis/id57_id51_0008.mp4,celebdf
fake_id57_id52_0000,train,fake,/workspace/data/raw/celebdf/Celeb-synthesis/id57_id52_0000.mp4,celebdf
fake_id57_id52_0002,train,fake,/workspace/data/raw/celebdf/Celeb-synthesis/id57_id52_0002.mp4,celebdf
fake_id57_id52_0003,train,fake,/workspace/data/raw/celebdf/Celeb-synthesis/id57_id52_0003.mp4,celebdf
fake_id57_id52_0004,train,fake,/workspace/data/raw/celebdf/Celeb-synthesis/id57_id52_0004.mp4,celebdf
fake_id57_id52_0005,train,fake,/workspace/data/raw/celebdf/Celeb-synthesis/id57_id52_0005.mp4,celebdf
fake_id57_id52_0006,train,fake,/workspace/data/raw/celebdf/Celeb-synthesis/id57_id52_0006.mp4,celebdf
fake_id57_id52_0007,train,fake,/workspace/data/raw/celebdf/Celeb-synthesis/id57_id52_0007.mp4,celebdf
fake_id57_id52_0008,train,fake,/workspace/data/raw/celebdf/Celeb-synthesis/id57_id52_0008.mp4,celebdf
fake_id57_id53_0000,train,fake,/workspace/data/raw/celebdf/Celeb-synthesis/id57_id53_0000.mp4,celebdf
fake_id57_id53_0002,train,fake,/workspace/data/raw/celebdf/Celeb-synthesis/id57_id53_0002.mp4,celebdf
fake_id57_id53_0003,train,fake,/workspace/data/raw/celebdf/Celeb-synthesis/id57_id53_0003.mp4,celebdf
fake_id57_id53_0004,train,fake,/workspace/data/raw/celebdf/Celeb-synthesis/id57_id53_0004.mp4,celebdf
fake_id57_id53_0007,train,fake,/workspace/data/raw/celebdf/Celeb-synthesis/id57_id53_0007.mp4,celebdf
fake_id57_id53_0008,train,fake,/workspace/data/raw/celebdf/Celeb-synthesis/id57_id53_0008.mp4,celebdf
fake_id57_id54_0000,train,fake,/workspace/data/raw/celebdf/Celeb-synthesis/id57_id54_0000.mp4,celebdf
fake_id57_id54_0002,train,fake,/workspace/data/raw/celebdf/Celeb-synthesis/id57_id54_0002.mp4,celebdf
fake_id57_id54_0004,train,fake,/workspace/data/raw/celebdf/Celeb-synthesis/id57_id54_0004.mp4,celebdf
fake_id57_id54_0006,train,fake,/workspace/data/raw/celebdf/Celeb-synthesis/id57_id54_0006.mp4,celebdf
fake_id57_id54_0007,train,fake,/workspace/data/raw/celebdf/Celeb-synthesis/id57_id54_0007.mp4,celebdf
fake_id57_id54_0008,train,fake,/workspace/data/raw/celebdf/Celeb-synthesis/id57_id54_0008.mp4,celebdf
fake_id57_id55_0000,train,fake,/workspace/data/raw/celebdf/Celeb-synthesis/id57_id55_0000.mp4,celebdf
fake_id57_id55_0001,train,fake,/workspace/data/raw/celebdf/Celeb-synthesis/id57_id55_0001.mp4,celebdf
fake_id57_id55_0002,train,fake,/workspace/data/raw/celebdf/Celeb-synthesis/id57_id55_0002.mp4,celebdf
fake_id57_id55_0003,train,fake,/workspace/data/raw/celebdf/Celeb-synthesis/id57_id55_0003.mp4,celebdf
fake_id57_id55_0004,train,fake,/workspace/data/raw/celebdf/Celeb-synthesis/id57_id55_0004.mp4,celebdf
fake_id57_id55_0006,train,fake,/workspace/data/raw/celebdf/Celeb-synthesis/id57_id55_0006.mp4,celebdf
fake_id57_id55_0007,train,fake,/workspace/data/raw/celebdf/Celeb-synthesis/id57_id55_0007.mp4,celebdf
fake_id57_id55_0008,train,fake,/workspace/data/raw/celebdf/Celeb-synthesis/id57_id55_0008.mp4,celebdf
fake_id57_id56_0000,train,fake,/workspace/data/raw/celebdf/Celeb-synthesis/id57_id56_0000.mp4,celebdf
fake_id57_id56_0001,train,fake,/workspace/data/raw/celebdf/Celeb-synthesis/id57_id56_0001.mp4,celebdf
fake_id57_id56_0002,train,fake,/workspace/data/raw/celebdf/Celeb-synthesis/id57_id56_0002.mp4,celebdf
fake_id57_id56_0003,train,fake,/workspace/data/raw/celebdf/Celeb-synthesis/id57_id56_0003.mp4,celebdf
fake_id57_id56_0004,train,fake,/workspace/data/raw/celebdf/Celeb-synthesis/id57_id56_0004.mp4,celebdf
fake_id57_id56_0005,train,fake,/workspace/data/raw/celebdf/Celeb-synthesis/id57_id56_0005.mp4,celebdf
fake_id57_id56_0006,train,fake,/workspace/data/raw/celebdf/Celeb-synthesis/id57_id56_0006.mp4,celebdf
fake_id57_id56_0007,train,fake,/workspace/data/raw/celebdf/Celeb-synthesis/id57_id56_0007.mp4,celebdf
fake_id57_id56_0008,train,fake,/workspace/data/raw/celebdf/Celeb-synthesis/id57_id56_0008.mp4,celebdf
fake_id57_id58_0000,train,fake,/workspace/data/raw/celebdf/Celeb-synthesis/id57_id58_0000.mp4,celebdf
fake_id57_id58_0002,train,fake,/workspace/data/raw/celebdf/Celeb-synthesis/id57_id58_0002.mp4,celebdf
fake_id57_id58_0003,train,fake,/workspace/data/raw/celebdf/Celeb-synthesis/id57_id58_0003.mp4,celebdf
fake_id57_id58_0004,train,fake,/workspace/data/raw/celebdf/Celeb-synthesis/id57_id58_0004.mp4,celebdf
fake_id57_id58_0005,train,fake,/workspace/data/raw/celebdf/Celeb-synthesis/id57_id58_0005.mp4,celebdf
fake_id57_id58_0006,train,fake,/workspace/data/raw/celebdf/Celeb-synthesis/id57_id58_0006.mp4,celebdf
fake_id57_id58_0007,train,fake,/workspace/data/raw/celebdf/Celeb-synthesis/id57_id58_0007.mp4,celebdf
fake_id58_id49_0002,val,fake,/workspace/data/raw/celebdf/Celeb-synthesis/id58_id49_0002.mp4,celebdf
fake_id58_id49_0003,val,fake,/workspace/data/raw/celebdf/Celeb-synthesis/id58_id49_0003.mp4,celebdf
fake_id58_id49_0004,val,fake,/workspace/data/raw/celebdf/Celeb-synthesis/id58_id49_0004.mp4,celebdf
fake_id58_id49_0005,val,fake,/workspace/data/raw/celebdf/Celeb-synthesis/id58_id49_0005.mp4,celebdf
fake_id58_id49_0006,val,fake,/workspace/data/raw/celebdf/Celeb-synthesis/id58_id49_0006.mp4,celebdf
fake_id58_id49_0007,val,fake,/workspace/data/raw/celebdf/Celeb-synthesis/id58_id49_0007.mp4,celebdf
fake_id58_id49_0008,val,fake,/workspace/data/raw/celebdf/Celeb-synthesis/id58_id49_0008.mp4,celebdf
fake_id58_id51_0001,val,fake,/workspace/data/raw/celebdf/Celeb-synthesis/id58_id51_0001.mp4,celebdf
fake_id58_id51_0002,val,fake,/workspace/data/raw/celebdf/Celeb-synthesis/id58_id51_0002.mp4,celebdf
fake_id58_id51_0003,val,fake,/workspace/data/raw/celebdf/Celeb-synthesis/id58_id51_0003.mp4,celebdf
fake_id58_id51_0004,val,fake,/workspace/data/raw/celebdf/Celeb-synthesis/id58_id51_0004.mp4,celebdf
fake_id58_id51_0005,val,fake,/workspace/data/raw/celebdf/Celeb-synthesis/id58_id51_0005.mp4,celebdf
fake_id58_id51_0006,val,fake,/workspace/data/raw/celebdf/Celeb-synthesis/id58_id51_0006.mp4,celebdf
fake_id58_id51_0007,val,fake,/workspace/data/raw/celebdf/Celeb-synthesis/id58_id51_0007.mp4,celebdf
fake_id58_id51_0008,val,fake,/workspace/data/raw/celebdf/Celeb-synthesis/id58_id51_0008.mp4,celebdf
fake_id58_id52_0002,val,fake,/workspace/data/raw/celebdf/Celeb-synthesis/id58_id52_0002.mp4,celebdf
fake_id58_id52_0003,val,fake,/workspace/data/raw/celebdf/Celeb-synthesis/id58_id52_0003.mp4,celebdf
fake_id58_id52_0004,val,fake,/workspace/data/raw/celebdf/Celeb-synthesis/id58_id52_0004.mp4,celebdf
fake_id58_id52_0005,val,fake,/workspace/data/raw/celebdf/Celeb-synthesis/id58_id52_0005.mp4,celebdf
fake_id58_id52_0006,val,fake,/workspace/data/raw/celebdf/Celeb-synthesis/id58_id52_0006.mp4,celebdf
fake_id58_id52_0007,val,fake,/workspace/data/raw/celebdf/Celeb-synthesis/id58_id52_0007.mp4,celebdf
fake_id58_id52_0008,val,fake,/workspace/data/raw/celebdf/Celeb-synthesis/id58_id52_0008.mp4,celebdf
fake_id58_id53_0002,val,fake,/workspace/data/raw/celebdf/Celeb-synthesis/id58_id53_0002.mp4,celebdf
fake_id58_id53_0005,val,fake,/workspace/data/raw/celebdf/Celeb-synthesis/id58_id53_0005.mp4,celebdf
fake_id58_id53_0006,val,fake,/workspace/data/raw/celebdf/Celeb-synthesis/id58_id53_0006.mp4,celebdf
fake_id58_id53_0007,val,fake,/workspace/data/raw/celebdf/Celeb-synthesis/id58_id53_0007.mp4,celebdf
fake_id58_id54_0001,val,fake,/workspace/data/raw/celebdf/Celeb-synthesis/id58_id54_0001.mp4,celebdf
fake_id58_id54_0002,val,fake,/workspace/data/raw/celebdf/Celeb-synthesis/id58_id54_0002.mp4,celebdf
fake_id58_id54_0003,val,fake,/workspace/data/raw/celebdf/Celeb-synthesis/id58_id54_0003.mp4,celebdf
fake_id58_id54_0004,val,fake,/workspace/data/raw/celebdf/Celeb-synthesis/id58_id54_0004.mp4,celebdf
fake_id58_id54_0005,val,fake,/workspace/data/raw/celebdf/Celeb-synthesis/id58_id54_0005.mp4,celebdf
fake_id58_id54_0006,val,fake,/workspace/data/raw/celebdf/Celeb-synthesis/id58_id54_0006.mp4,celebdf
fake_id58_id54_0007,val,fake,/workspace/data/raw/celebdf/Celeb-synthesis/id58_id54_0007.mp4,celebdf
fake_id58_id55_0002,val,fake,/workspace/data/raw/celebdf/Celeb-synthesis/id58_id55_0002.mp4,celebdf
fake_id58_id55_0003,val,fake,/workspace/data/raw/celebdf/Celeb-synthesis/id58_id55_0003.mp4,celebdf
fake_id58_id55_0004,val,fake,/workspace/data/raw/celebdf/Celeb-synthesis/id58_id55_0004.mp4,celebdf
fake_id58_id55_0005,val,fake,/workspace/data/raw/celebdf/Celeb-synthesis/id58_id55_0005.mp4,celebdf
fake_id58_id55_0006,val,fake,/workspace/data/raw/celebdf/Celeb-synthesis/id58_id55_0006.mp4,celebdf
fake_id58_id55_0007,val,fake,/workspace/data/raw/celebdf/Celeb-synthesis/id58_id55_0007.mp4,celebdf
fake_id58_id55_0008,val,fake,/workspace/data/raw/celebdf/Celeb-synthesis/id58_id55_0008.mp4,celebdf
fake_id58_id56_0001,val,fake,/workspace/data/raw/celebdf/Celeb-synthesis/id58_id56_0001.mp4,celebdf
fake_id58_id56_0002,val,fake,/workspace/data/raw/celebdf/Celeb-synthesis/id58_id56_0002.mp4,celebdf
fake_id58_id56_0003,val,fake,/workspace/data/raw/celebdf/Celeb-synthesis/id58_id56_0003.mp4,celebdf
fake_id58_id56_0004,val,fake,/workspace/data/raw/celebdf/Celeb-synthesis/id58_id56_0004.mp4,celebdf
fake_id58_id56_0005,val,fake,/workspace/data/raw/celebdf/Celeb-synthesis/id58_id56_0005.mp4,celebdf
fake_id58_id56_0006,val,fake,/workspace/data/raw/celebdf/Celeb-synthesis/id58_id56_0006.mp4,celebdf
fake_id58_id56_0007,val,fake,/workspace/data/raw/celebdf/Celeb-synthesis/id58_id56_0007.mp4,celebdf
fake_id58_id57_0001,val,fake,/workspace/data/raw/celebdf/Celeb-synthesis/id58_id57_0001.mp4,celebdf
fake_id58_id57_0002,val,fake,/workspace/data/raw/celebdf/Celeb-synthesis/id58_id57_0002.mp4,celebdf
fake_id58_id57_0003,val,fake,/workspace/data/raw/celebdf/Celeb-synthesis/id58_id57_0003.mp4,celebdf
fake_id58_id57_0004,val,fake,/workspace/data/raw/celebdf/Celeb-synthesis/id58_id57_0004.mp4,celebdf
fake_id58_id57_0005,val,fake,/workspace/data/raw/celebdf/Celeb-synthesis/id58_id57_0005.mp4,celebdf
fake_id58_id57_0006,val,fake,/workspace/data/raw/celebdf/Celeb-synthesis/id58_id57_0006.mp4,celebdf
fake_id58_id57_0007,val,fake,/workspace/data/raw/celebdf/Celeb-synthesis/id58_id57_0007.mp4,celebdf
fake_id59_id5_0000,train,fake,/workspace/data/raw/celebdf/Celeb-synthesis/id59_id5_0000.mp4,celebdf
fake_id59_id5_0001,train,fake,/workspace/data/raw/celebdf/Celeb-synthesis/id59_id5_0001.mp4,celebdf
fake_id59_id5_0002,train,fake,/workspace/data/raw/celebdf/Celeb-synthesis/id59_id5_0002.mp4,celebdf
fake_id59_id5_0004,train,fake,/workspace/data/raw/celebdf/Celeb-synthesis/id59_id5_0004.mp4,celebdf
fake_id59_id5_0005,train,fake,/workspace/data/raw/celebdf/Celeb-synthesis/id59_id5_0005.mp4,celebdf
fake_id59_id5_0006,train,fake,/workspace/data/raw/celebdf/Celeb-synthesis/id59_id5_0006.mp4,celebdf
fake_id59_id5_0007,train,fake,/workspace/data/raw/celebdf/Celeb-synthesis/id59_id5_0007.mp4,celebdf
fake_id59_id5_0008,train,fake,/workspace/data/raw/celebdf/Celeb-synthesis/id59_id5_0008.mp4,celebdf
fake_id59_id60_0000,train,fake,/workspace/data/raw/celebdf/Celeb-synthesis/id59_id60_0000.mp4,celebdf
fake_id59_id60_0001,train,fake,/workspace/data/raw/celebdf/Celeb-synthesis/id59_id60_0001.mp4,celebdf
fake_id59_id60_0004,train,fake,/workspace/data/raw/celebdf/Celeb-synthesis/id59_id60_0004.mp4,celebdf
fake_id59_id60_0005,train,fake,/workspace/data/raw/celebdf/Celeb-synthesis/id59_id60_0005.mp4,celebdf
fake_id59_id60_0006,train,fake,/workspace/data/raw/celebdf/Celeb-synthesis/id59_id60_0006.mp4,celebdf
fake_id59_id60_0007,train,fake,/workspace/data/raw/celebdf/Celeb-synthesis/id59_id60_0007.mp4,celebdf
fake_id59_id60_0008,train,fake,/workspace/data/raw/celebdf/Celeb-synthesis/id59_id60_0008.mp4,celebdf
fake_id59_id61_0000,train,fake,/workspace/data/raw/celebdf/Celeb-synthesis/id59_id61_0000.mp4,celebdf
fake_id59_id61_0001,train,fake,/workspace/data/raw/celebdf/Celeb-synthesis/id59_id61_0001.mp4,celebdf
fake_id59_id61_0002,train,fake,/workspace/data/raw/celebdf/Celeb-synthesis/id59_id61_0002.mp4,celebdf
fake_id59_id61_0004,train,fake,/workspace/data/raw/celebdf/Celeb-synthesis/id59_id61_0004.mp4,celebdf
fake_id59_id61_0005,train,fake,/workspace/data/raw/celebdf/Celeb-synthesis/id59_id61_0005.mp4,celebdf
fake_id59_id61_0006,train,fake,/workspace/data/raw/celebdf/Celeb-synthesis/id59_id61_0006.mp4,celebdf
fake_id59_id61_0007,train,fake,/workspace/data/raw/celebdf/Celeb-synthesis/id59_id61_0007.mp4,celebdf
fake_id59_id61_0008,train,fake,/workspace/data/raw/celebdf/Celeb-synthesis/id59_id61_0008.mp4,celebdf
fake_id5_id59_0000,train,fake,/workspace/data/raw/celebdf/Celeb-synthesis/id5_id59_0000.mp4,celebdf
fake_id5_id59_0001,train,fake,/workspace/data/raw/celebdf/Celeb-synthesis/id5_id59_0001.mp4,celebdf
fake_id5_id59_0003,train,fake,/workspace/data/raw/celebdf/Celeb-synthesis/id5_id59_0003.mp4,celebdf
fake_id5_id59_0004,train,fake,/workspace/data/raw/celebdf/Celeb-synthesis/id5_id59_0004.mp4,celebdf
fake_id5_id59_0007,train,fake,/workspace/data/raw/celebdf/Celeb-synthesis/id5_id59_0007.mp4,celebdf
fake_id5_id59_0008,train,fake,/workspace/data/raw/celebdf/Celeb-synthesis/id5_id59_0008.mp4,celebdf
fake_id5_id60_0000,train,fake,/workspace/data/raw/celebdf/Celeb-synthesis/id5_id60_0000.mp4,celebdf
fake_id5_id60_0001,train,fake,/workspace/data/raw/celebdf/Celeb-synthesis/id5_id60_0001.mp4,celebdf
fake_id5_id60_0003,train,fake,/workspace/data/raw/celebdf/Celeb-synthesis/id5_id60_0003.mp4,celebdf
fake_id5_id60_0004,train,fake,/workspace/data/raw/celebdf/Celeb-synthesis/id5_id60_0004.mp4,celebdf
fake_id5_id60_0007,train,fake,/workspace/data/raw/celebdf/Celeb-synthesis/id5_id60_0007.mp4,celebdf
fake_id5_id60_0008,train,fake,/workspace/data/raw/celebdf/Celeb-synthesis/id5_id60_0008.mp4,celebdf
fake_id5_id61_0000,train,fake,/workspace/data/raw/celebdf/Celeb-synthesis/id5_id61_0000.mp4,celebdf
fake_id5_id61_0001,train,fake,/workspace/data/raw/celebdf/Celeb-synthesis/id5_id61_0001.mp4,celebdf
fake_id5_id61_0003,train,fake,/workspace/data/raw/celebdf/Celeb-synthesis/id5_id61_0003.mp4,celebdf
fake_id5_id61_0004,train,fake,/workspace/data/raw/celebdf/Celeb-synthesis/id5_id61_0004.mp4,celebdf
fake_id5_id61_0007,train,fake,/workspace/data/raw/celebdf/Celeb-synthesis/id5_id61_0007.mp4,celebdf
fake_id5_id61_0008,train,fake,/workspace/data/raw/celebdf/Celeb-synthesis/id5_id61_0008.mp4,celebdf
fake_id60_id59_0000,val,fake,/workspace/data/raw/celebdf/Celeb-synthesis/id60_id59_0000.mp4,celebdf
fake_id60_id59_0001,val,fake,/workspace/data/raw/celebdf/Celeb-synthesis/id60_id59_0001.mp4,celebdf
fake_id60_id59_0002,val,fake,/workspace/data/raw/celebdf/Celeb-synthesis/id60_id59_0002.mp4,celebdf
fake_id60_id59_0003,val,fake,/workspace/data/raw/celebdf/Celeb-synthesis/id60_id59_0003.mp4,celebdf
fake_id60_id59_0004,val,fake,/workspace/data/raw/celebdf/Celeb-synthesis/id60_id59_0004.mp4,celebdf
fake_id60_id59_0005,val,fake,/workspace/data/raw/celebdf/Celeb-synthesis/id60_id59_0005.mp4,celebdf
fake_id60_id59_0006,val,fake,/workspace/data/raw/celebdf/Celeb-synthesis/id60_id59_0006.mp4,celebdf
fake_id60_id59_0007,val,fake,/workspace/data/raw/celebdf/Celeb-synthesis/id60_id59_0007.mp4,celebdf
fake_id60_id59_0008,val,fake,/workspace/data/raw/celebdf/Celeb-synthesis/id60_id59_0008.mp4,celebdf
fake_id60_id59_0009,val,fake,/workspace/data/raw/celebdf/Celeb-synthesis/id60_id59_0009.mp4,celebdf
fake_id60_id5_0000,val,fake,/workspace/data/raw/celebdf/Celeb-synthesis/id60_id5_0000.mp4,celebdf
fake_id60_id5_0001,val,fake,/workspace/data/raw/celebdf/Celeb-synthesis/id60_id5_0001.mp4,celebdf
fake_id60_id5_0002,val,fake,/workspace/data/raw/celebdf/Celeb-synthesis/id60_id5_0002.mp4,celebdf
fake_id60_id5_0003,val,fake,/workspace/data/raw/celebdf/Celeb-synthesis/id60_id5_0003.mp4,celebdf
fake_id60_id5_0004,val,fake,/workspace/data/raw/celebdf/Celeb-synthesis/id60_id5_0004.mp4,celebdf
fake_id60_id5_0005,val,fake,/workspace/data/raw/celebdf/Celeb-synthesis/id60_id5_0005.mp4,celebdf
fake_id60_id5_0006,val,fake,/workspace/data/raw/celebdf/Celeb-synthesis/id60_id5_0006.mp4,celebdf
fake_id60_id5_0007,val,fake,/workspace/data/raw/celebdf/Celeb-synthesis/id60_id5_0007.mp4,celebdf
fake_id60_id5_0008,val,fake,/workspace/data/raw/celebdf/Celeb-synthesis/id60_id5_0008.mp4,celebdf
fake_id60_id5_0009,val,fake,/workspace/data/raw/celebdf/Celeb-synthesis/id60_id5_0009.mp4,celebdf
fake_id60_id61_0000,val,fake,/workspace/data/raw/celebdf/Celeb-synthesis/id60_id61_0000.mp4,celebdf
fake_id60_id61_0001,val,fake,/workspace/data/raw/celebdf/Celeb-synthesis/id60_id61_0001.mp4,celebdf
fake_id60_id61_0002,val,fake,/workspace/data/raw/celebdf/Celeb-synthesis/id60_id61_0002.mp4,celebdf
fake_id60_id61_0003,val,fake,/workspace/data/raw/celebdf/Celeb-synthesis/id60_id61_0003.mp4,celebdf
fake_id60_id61_0004,val,fake,/workspace/data/raw/celebdf/Celeb-synthesis/id60_id61_0004.mp4,celebdf
fake_id60_id61_0005,val,fake,/workspace/data/raw/celebdf/Celeb-synthesis/id60_id61_0005.mp4,celebdf
fake_id60_id61_0006,val,fake,/workspace/data/raw/celebdf/Celeb-synthesis/id60_id61_0006.mp4,celebdf
fake_id60_id61_0007,val,fake,/workspace/data/raw/celebdf/Celeb-synthesis/id60_id61_0007.mp4,celebdf
fake_id60_id61_0008,val,fake,/workspace/data/raw/celebdf/Celeb-synthesis/id60_id61_0008.mp4,celebdf
fake_id60_id61_0009,val,fake,/workspace/data/raw/celebdf/Celeb-synthesis/id60_id61_0009.mp4,celebdf
fake_id61_id59_0000,val,fake,/workspace/data/raw/celebdf/Celeb-synthesis/id61_id59_0000.mp4,celebdf
fake_id61_id59_0002,val,fake,/workspace/data/raw/celebdf/Celeb-synthesis/id61_id59_0002.mp4,celebdf
fake_id61_id59_0005,val,fake,/workspace/data/raw/celebdf/Celeb-synthesis/id61_id59_0005.mp4,celebdf
fake_id61_id59_0006,val,fake,/workspace/data/raw/celebdf/Celeb-synthesis/id61_id59_0006.mp4,celebdf
fake_id61_id59_0009,val,fake,/workspace/data/raw/celebdf/Celeb-synthesis/id61_id59_0009.mp4,celebdf
fake_id61_id5_0000,val,fake,/workspace/data/raw/celebdf/Celeb-synthesis/id61_id5_0000.mp4,celebdf
fake_id61_id5_0002,val,fake,/workspace/data/raw/celebdf/Celeb-synthesis/id61_id5_0002.mp4,celebdf
fake_id61_id5_0005,val,fake,/workspace/data/raw/celebdf/Celeb-synthesis/id61_id5_0005.mp4,celebdf
fake_id61_id5_0006,val,fake,/workspace/data/raw/celebdf/Celeb-synthesis/id61_id5_0006.mp4,celebdf
fake_id61_id5_0009,val,fake,/workspace/data/raw/celebdf/Celeb-synthesis/id61_id5_0009.mp4,celebdf
fake_id61_id60_0000,val,fake,/workspace/data/raw/celebdf/Celeb-synthesis/id61_id60_0000.mp4,celebdf
fake_id61_id60_0002,val,fake,/workspace/data/raw/celebdf/Celeb-synthesis/id61_id60_0002.mp4,celebdf
fake_id61_id60_0005,val,fake,/workspace/data/raw/celebdf/Celeb-synthesis/id61_id60_0005.mp4,celebdf
fake_id61_id60_0006,val,fake,/workspace/data/raw/celebdf/Celeb-synthesis/id61_id60_0006.mp4,celebdf
fake_id61_id60_0009,val,fake,/workspace/data/raw/celebdf/Celeb-synthesis/id61_id60_0009.mp4,celebdf
fake_id6_id0_0000,train,fake,/workspace/data/raw/celebdf/Celeb-synthesis/id6_id0_0000.mp4,celebdf
fake_id6_id0_0001,train,fake,/workspace/data/raw/celebdf/Celeb-synthesis/id6_id0_0001.mp4,celebdf
fake_id6_id0_0002,train,fake,/workspace/data/raw/celebdf/Celeb-synthesis/id6_id0_0002.mp4,celebdf
fake_id6_id0_0003,train,fake,/workspace/data/raw/celebdf/Celeb-synthesis/id6_id0_0003.mp4,celebdf
fake_id6_id0_0004,train,fake,/workspace/data/raw/celebdf/Celeb-synthesis/id6_id0_0004.mp4,celebdf
fake_id6_id0_0006,train,fake,/workspace/data/raw/celebdf/Celeb-synthesis/id6_id0_0006.mp4,celebdf
fake_id6_id0_0007,train,fake,/workspace/data/raw/celebdf/Celeb-synthesis/id6_id0_0007.mp4,celebdf
fake_id6_id0_0008,train,fake,/workspace/data/raw/celebdf/Celeb-synthesis/id6_id0_0008.mp4,celebdf
fake_id6_id0_0009,train,fake,/workspace/data/raw/celebdf/Celeb-synthesis/id6_id0_0009.mp4,celebdf
fake_id6_id16_0000,train,fake,/workspace/data/raw/celebdf/Celeb-synthesis/id6_id16_0000.mp4,celebdf
fake_id6_id16_0001,train,fake,/workspace/data/raw/celebdf/Celeb-synthesis/id6_id16_0001.mp4,celebdf
fake_id6_id16_0002,train,fake,/workspace/data/raw/celebdf/Celeb-synthesis/id6_id16_0002.mp4,celebdf
fake_id6_id16_0003,train,fake,/workspace/data/raw/celebdf/Celeb-synthesis/id6_id16_0003.mp4,celebdf
fake_id6_id16_0004,train,fake,/workspace/data/raw/celebdf/Celeb-synthesis/id6_id16_0004.mp4,celebdf
fake_id6_id16_0006,train,fake,/workspace/data/raw/celebdf/Celeb-synthesis/id6_id16_0006.mp4,celebdf
fake_id6_id16_0007,train,fake,/workspace/data/raw/celebdf/Celeb-synthesis/id6_id16_0007.mp4,celebdf
fake_id6_id16_0008,train,fake,/workspace/data/raw/celebdf/Celeb-synthesis/id6_id16_0008.mp4,celebdf
fake_id6_id16_0009,train,fake,/workspace/data/raw/celebdf/Celeb-synthesis/id6_id16_0009.mp4,celebdf
fake_id6_id17_0000,train,fake,/workspace/data/raw/celebdf/Celeb-synthesis/id6_id17_0000.mp4,celebdf
fake_id6_id17_0001,train,fake,/workspace/data/raw/celebdf/Celeb-synthesis/id6_id17_0001.mp4,celebdf
fake_id6_id17_0002,train,fake,/workspace/data/raw/celebdf/Celeb-synthesis/id6_id17_0002.mp4,celebdf
fake_id6_id17_0003,train,fake,/workspace/data/raw/celebdf/Celeb-synthesis/id6_id17_0003.mp4,celebdf
fake_id6_id17_0004,train,fake,/workspace/data/raw/celebdf/Celeb-synthesis/id6_id17_0004.mp4,celebdf
fake_id6_id17_0005,train,fake,/workspace/data/raw/celebdf/Celeb-synthesis/id6_id17_0005.mp4,celebdf
fake_id6_id17_0006,train,fake,/workspace/data/raw/celebdf/Celeb-synthesis/id6_id17_0006.mp4,celebdf
fake_id6_id17_0007,train,fake,/workspace/data/raw/celebdf/Celeb-synthesis/id6_id17_0007.mp4,celebdf
fake_id6_id17_0008,train,fake,/workspace/data/raw/celebdf/Celeb-synthesis/id6_id17_0008.mp4,celebdf
fake_id6_id17_0009,train,fake,/workspace/data/raw/celebdf/Celeb-synthesis/id6_id17_0009.mp4,celebdf
fake_id6_id1_0000,train,fake,/workspace/data/raw/celebdf/Celeb-synthesis/id6_id1_0000.mp4,celebdf
fake_id6_id1_0001,train,fake,/workspace/data/raw/celebdf/Celeb-synthesis/id6_id1_0001.mp4,celebdf
fake_id6_id1_0002,train,fake,/workspace/data/raw/celebdf/Celeb-synthesis/id6_id1_0002.mp4,celebdf
fake_id6_id1_0003,train,fake,/workspace/data/raw/celebdf/Celeb-synthesis/id6_id1_0003.mp4,celebdf
fake_id6_id1_0004,train,fake,/workspace/data/raw/celebdf/Celeb-synthesis/id6_id1_0004.mp4,celebdf
fake_id6_id1_0006,train,fake,/workspace/data/raw/celebdf/Celeb-synthesis/id6_id1_0006.mp4,celebdf
fake_id6_id1_0008,train,fake,/workspace/data/raw/celebdf/Celeb-synthesis/id6_id1_0008.mp4,celebdf
fake_id6_id1_0009,train,fake,/workspace/data/raw/celebdf/Celeb-synthesis/id6_id1_0009.mp4,celebdf
fake_id6_id20_0004,train,fake,/workspace/data/raw/celebdf/Celeb-synthesis/id6_id20_0004.mp4,celebdf
fake_id6_id20_0006,train,fake,/workspace/data/raw/celebdf/Celeb-synthesis/id6_id20_0006.mp4,celebdf
fake_id6_id20_0008,train,fake,/workspace/data/raw/celebdf/Celeb-synthesis/id6_id20_0008.mp4,celebdf
fake_id6_id21_0001,train,fake,/workspace/data/raw/celebdf/Celeb-synthesis/id6_id21_0001.mp4,celebdf
fake_id6_id21_0002,train,fake,/workspace/data/raw/celebdf/Celeb-synthesis/id6_id21_0002.mp4,celebdf
fake_id6_id21_0004,train,fake,/workspace/data/raw/celebdf/Celeb-synthesis/id6_id21_0004.mp4,celebdf
fake_id6_id21_0005,train,fake,/workspace/data/raw/celebdf/Celeb-synthesis/id6_id21_0005.mp4,celebdf
fake_id6_id21_0007,train,fake,/workspace/data/raw/celebdf/Celeb-synthesis/id6_id21_0007.mp4,celebdf
fake_id6_id21_0008,train,fake,/workspace/data/raw/celebdf/Celeb-synthesis/id6_id21_0008.mp4,celebdf
fake_id6_id21_0009,train,fake,/workspace/data/raw/celebdf/Celeb-synthesis/id6_id21_0009.mp4,celebdf
fake_id6_id23_0000,train,fake,/workspace/data/raw/celebdf/Celeb-synthesis/id6_id23_0000.mp4,celebdf
fake_id6_id23_0005,train,fake,/workspace/data/raw/celebdf/Celeb-synthesis/id6_id23_0005.mp4,celebdf
fake_id6_id23_0007,train,fake,/workspace/data/raw/celebdf/Celeb-synthesis/id6_id23_0007.mp4,celebdf
fake_id6_id23_0008,train,fake,/workspace/data/raw/celebdf/Celeb-synthesis/id6_id23_0008.mp4,celebdf
fake_id6_id23_0009,train,fake,/workspace/data/raw/celebdf/Celeb-synthesis/id6_id23_0009.mp4,celebdf
fake_id6_id26_0000,train,fake,/workspace/data/raw/celebdf/Celeb-synthesis/id6_id26_0000.mp4,celebdf
fake_id6_id26_0001,train,fake,/workspace/data/raw/celebdf/Celeb-synthesis/id6_id26_0001.mp4,celebdf
fake_id6_id26_0004,train,fake,/workspace/data/raw/celebdf/Celeb-synthesis/id6_id26_0004.mp4,celebdf
fake_id6_id26_0005,train,fake,/workspace/data/raw/celebdf/Celeb-synthesis/id6_id26_0005.mp4,celebdf
fake_id6_id26_0008,train,fake,/workspace/data/raw/celebdf/Celeb-synthesis/id6_id26_0008.mp4,celebdf
fake_id6_id28_0000,train,fake,/workspace/data/raw/celebdf/Celeb-synthesis/id6_id28_0000.mp4,celebdf
fake_id6_id28_0001,train,fake,/workspace/data/raw/celebdf/Celeb-synthesis/id6_id28_0001.mp4,celebdf
fake_id6_id28_0004,train,fake,/workspace/data/raw/celebdf/Celeb-synthesis/id6_id28_0004.mp4,celebdf
fake_id6_id28_0005,train,fake,/workspace/data/raw/celebdf/Celeb-synthesis/id6_id28_0005.mp4,celebdf
fake_id6_id28_0006,train,fake,/workspace/data/raw/celebdf/Celeb-synthesis/id6_id28_0006.mp4,celebdf
fake_id6_id28_0007,train,fake,/workspace/data/raw/celebdf/Celeb-synthesis/id6_id28_0007.mp4,celebdf
fake_id6_id28_0008,train,fake,/workspace/data/raw/celebdf/Celeb-synthesis/id6_id28_0008.mp4,celebdf
fake_id6_id28_0009,train,fake,/workspace/data/raw/celebdf/Celeb-synthesis/id6_id28_0009.mp4,celebdf
fake_id6_id2_0000,train,fake,/workspace/data/raw/celebdf/Celeb-synthesis/id6_id2_0000.mp4,celebdf
fake_id6_id2_0001,train,fake,/workspace/data/raw/celebdf/Celeb-synthesis/id6_id2_0001.mp4,celebdf
fake_id6_id2_0002,train,fake,/workspace/data/raw/celebdf/Celeb-synthesis/id6_id2_0002.mp4,celebdf
fake_id6_id2_0003,train,fake,/workspace/data/raw/celebdf/Celeb-synthesis/id6_id2_0003.mp4,celebdf
fake_id6_id2_0004,train,fake,/workspace/data/raw/celebdf/Celeb-synthesis/id6_id2_0004.mp4,celebdf
fake_id6_id2_0006,train,fake,/workspace/data/raw/celebdf/Celeb-synthesis/id6_id2_0006.mp4,celebdf
fake_id6_id2_0007,train,fake,/workspace/data/raw/celebdf/Celeb-synthesis/id6_id2_0007.mp4,celebdf
fake_id6_id2_0009,train,fake,/workspace/data/raw/celebdf/Celeb-synthesis/id6_id2_0009.mp4,celebdf
fake_id6_id30_0001,train,fake,/workspace/data/raw/celebdf/Celeb-synthesis/id6_id30_0001.mp4,celebdf
fake_id6_id30_0006,train,fake,/workspace/data/raw/celebdf/Celeb-synthesis/id6_id30_0006.mp4,celebdf
fake_id6_id30_0007,train,fake,/workspace/data/raw/celebdf/Celeb-synthesis/id6_id30_0007.mp4,celebdf
fake_id6_id30_0008,train,fake,/workspace/data/raw/celebdf/Celeb-synthesis/id6_id30_0008.mp4,celebdf
fake_id6_id30_0009,train,fake,/workspace/data/raw/celebdf/Celeb-synthesis/id6_id30_0009.mp4,celebdf
fake_id6_id31_0001,train,fake,/workspace/data/raw/celebdf/Celeb-synthesis/id6_id31_0001.mp4,celebdf
fake_id6_id31_0002,train,fake,/workspace/data/raw/celebdf/Celeb-synthesis/id6_id31_0002.mp4,celebdf
fake_id6_id31_0004,train,fake,/workspace/data/raw/celebdf/Celeb-synthesis/id6_id31_0004.mp4,celebdf
fake_id6_id31_0005,train,fake,/workspace/data/raw/celebdf/Celeb-synthesis/id6_id31_0005.mp4,celebdf
fake_id6_id31_0006,train,fake,/workspace/data/raw/celebdf/Celeb-synthesis/id6_id31_0006.mp4,celebdf
fake_id6_id31_0007,train,fake,/workspace/data/raw/celebdf/Celeb-synthesis/id6_id31_0007.mp4,celebdf
fake_id6_id31_0008,train,fake,/workspace/data/raw/celebdf/Celeb-synthesis/id6_id31_0008.mp4,celebdf
fake_id6_id31_0009,train,fake,/workspace/data/raw/celebdf/Celeb-synthesis/id6_id31_0009.mp4,celebdf
fake_id6_id35_0001,train,fake,/workspace/data/raw/celebdf/Celeb-synthesis/id6_id35_0001.mp4,celebdf
fake_id6_id35_0005,train,fake,/workspace/data/raw/celebdf/Celeb-synthesis/id6_id35_0005.mp4,celebdf
fake_id6_id35_0006,train,fake,/workspace/data/raw/celebdf/Celeb-synthesis/id6_id35_0006.mp4,celebdf
fake_id6_id35_0007,train,fake,/workspace/data/raw/celebdf/Celeb-synthesis/id6_id35_0007.mp4,celebdf
fake_id6_id35_0009,train,fake,/workspace/data/raw/celebdf/Celeb-synthesis/id6_id35_0009.mp4,celebdf
fake_id6_id37_0001,train,fake,/workspace/data/raw/celebdf/Celeb-synthesis/id6_id37_0001.mp4,celebdf
fake_id6_id37_0004,train,fake,/workspace/data/raw/celebdf/Celeb-synthesis/id6_id37_0004.mp4,celebdf
fake_id6_id37_0005,train,fake,/workspace/data/raw/celebdf/Celeb-synthesis/id6_id37_0005.mp4,celebdf
fake_id6_id37_0006,train,fake,/workspace/data/raw/celebdf/Celeb-synthesis/id6_id37_0006.mp4,celebdf
fake_id6_id37_0007,train,fake,/workspace/data/raw/celebdf/Celeb-synthesis/id6_id37_0007.mp4,celebdf
fake_id6_id37_0009,train,fake,/workspace/data/raw/celebdf/Celeb-synthesis/id6_id37_0009.mp4,celebdf
fake_id6_id3_0000,train,fake,/workspace/data/raw/celebdf/Celeb-synthesis/id6_id3_0000.mp4,celebdf
fake_id6_id3_0001,train,fake,/workspace/data/raw/celebdf/Celeb-synthesis/id6_id3_0001.mp4,celebdf
fake_id6_id3_0002,train,fake,/workspace/data/raw/celebdf/Celeb-synthesis/id6_id3_0002.mp4,celebdf
fake_id6_id3_0003,train,fake,/workspace/data/raw/celebdf/Celeb-synthesis/id6_id3_0003.mp4,celebdf
fake_id6_id3_0004,train,fake,/workspace/data/raw/celebdf/Celeb-synthesis/id6_id3_0004.mp4,celebdf
fake_id6_id3_0006,train,fake,/workspace/data/raw/celebdf/Celeb-synthesis/id6_id3_0006.mp4,celebdf
fake_id6_id3_0007,train,fake,/workspace/data/raw/celebdf/Celeb-synthesis/id6_id3_0007.mp4,celebdf
fake_id6_id3_0008,train,fake,/workspace/data/raw/celebdf/Celeb-synthesis/id6_id3_0008.mp4,celebdf
fake_id6_id3_0009,train,fake,/workspace/data/raw/celebdf/Celeb-synthesis/id6_id3_0009.mp4,celebdf
fake_id6_id4_0001,train,fake,/workspace/data/raw/celebdf/Celeb-synthesis/id6_id4_0001.mp4,celebdf
fake_id6_id4_0004,train,fake,/workspace/data/raw/celebdf/Celeb-synthesis/id6_id4_0004.mp4,celebdf
fake_id6_id4_0005,train,fake,/workspace/data/raw/celebdf/Celeb-synthesis/id6_id4_0005.mp4,celebdf
fake_id6_id4_0006,train,fake,/workspace/data/raw/celebdf/Celeb-synthesis/id6_id4_0006.mp4,celebdf
fake_id6_id4_0007,train,fake,/workspace/data/raw/celebdf/Celeb-synthesis/id6_id4_0007.mp4,celebdf
fake_id6_id4_0008,train,fake,/workspace/data/raw/celebdf/Celeb-synthesis/id6_id4_0008.mp4,celebdf
fake_id6_id4_0009,train,fake,/workspace/data/raw/celebdf/Celeb-synthesis/id6_id4_0009.mp4,celebdf
fake_id6_id9_0000,train,fake,/workspace/data/raw/celebdf/Celeb-synthesis/id6_id9_0000.mp4,celebdf
fake_id6_id9_0001,train,fake,/workspace/data/raw/celebdf/Celeb-synthesis/id6_id9_0001.mp4,celebdf
fake_id6_id9_0002,train,fake,/workspace/data/raw/celebdf/Celeb-synthesis/id6_id9_0002.mp4,celebdf
fake_id6_id9_0003,train,fake,/workspace/data/raw/celebdf/Celeb-synthesis/id6_id9_0003.mp4,celebdf
fake_id6_id9_0004,train,fake,/workspace/data/raw/celebdf/Celeb-synthesis/id6_id9_0004.mp4,celebdf
fake_id6_id9_0005,train,fake,/workspace/data/raw/celebdf/Celeb-synthesis/id6_id9_0005.mp4,celebdf
fake_id6_id9_0007,train,fake,/workspace/data/raw/celebdf/Celeb-synthesis/id6_id9_0007.mp4,celebdf
fake_id6_id9_0008,train,fake,/workspace/data/raw/celebdf/Celeb-synthesis/id6_id9_0008.mp4,celebdf
fake_id6_id9_0009,train,fake,/workspace/data/raw/celebdf/Celeb-synthesis/id6_id9_0009.mp4,celebdf
fake_id7_id10_0001,train,fake,/workspace/data/raw/celebdf/Celeb-synthesis/id7_id10_0001.mp4,celebdf
fake_id7_id10_0002,train,fake,/workspace/data/raw/celebdf/Celeb-synthesis/id7_id10_0002.mp4,celebdf
fake_id7_id10_0003,train,fake,/workspace/data/raw/celebdf/Celeb-synthesis/id7_id10_0003.mp4,celebdf
fake_id7_id10_0004,train,fake,/workspace/data/raw/celebdf/Celeb-synthesis/id7_id10_0004.mp4,celebdf
fake_id7_id10_0005,train,fake,/workspace/data/raw/celebdf/Celeb-synthesis/id7_id10_0005.mp4,celebdf
fake_id7_id10_0007,train,fake,/workspace/data/raw/celebdf/Celeb-synthesis/id7_id10_0007.mp4,celebdf
fake_id7_id11_0000,train,fake,/workspace/data/raw/celebdf/Celeb-synthesis/id7_id11_0000.mp4,celebdf
fake_id7_id11_0001,train,fake,/workspace/data/raw/celebdf/Celeb-synthesis/id7_id11_0001.mp4,celebdf
fake_id7_id11_0002,train,fake,/workspace/data/raw/celebdf/Celeb-synthesis/id7_id11_0002.mp4,celebdf
fake_id7_id11_0004,train,fake,/workspace/data/raw/celebdf/Celeb-synthesis/id7_id11_0004.mp4,celebdf
fake_id7_id11_0005,train,fake,/workspace/data/raw/celebdf/Celeb-synthesis/id7_id11_0005.mp4,celebdf
fake_id7_id11_0006,train,fake,/workspace/data/raw/celebdf/Celeb-synthesis/id7_id11_0006.mp4,celebdf
fake_id7_id12_0000,train,fake,/workspace/data/raw/celebdf/Celeb-synthesis/id7_id12_0000.mp4,celebdf
fake_id7_id12_0002,train,fake,/workspace/data/raw/celebdf/Celeb-synthesis/id7_id12_0002.mp4,celebdf
fake_id7_id12_0004,train,fake,/workspace/data/raw/celebdf/Celeb-synthesis/id7_id12_0004.mp4,celebdf
fake_id7_id12_0005,train,fake,/workspace/data/raw/celebdf/Celeb-synthesis/id7_id12_0005.mp4,celebdf
fake_id7_id12_0007,train,fake,/workspace/data/raw/celebdf/Celeb-synthesis/id7_id12_0007.mp4,celebdf
fake_id7_id12_0009,train,fake,/workspace/data/raw/celebdf/Celeb-synthesis/id7_id12_0009.mp4,celebdf
fake_id7_id13_0000,train,fake,/workspace/data/raw/celebdf/Celeb-synthesis/id7_id13_0000.mp4,celebdf
fake_id7_id13_0001,train,fake,/workspace/data/raw/celebdf/Celeb-synthesis/id7_id13_0001.mp4,celebdf
fake_id7_id13_0002,train,fake,/workspace/data/raw/celebdf/Celeb-synthesis/id7_id13_0002.mp4,celebdf
fake_id7_id13_0004,train,fake,/workspace/data/raw/celebdf/Celeb-synthesis/id7_id13_0004.mp4,celebdf
fake_id7_id13_0005,train,fake,/workspace/data/raw/celebdf/Celeb-synthesis/id7_id13_0005.mp4,celebdf
fake_id7_id13_0006,train,fake,/workspace/data/raw/celebdf/Celeb-synthesis/id7_id13_0006.mp4,celebdf
fake_id7_id13_0007,train,fake,/workspace/data/raw/celebdf/Celeb-synthesis/id7_id13_0007.mp4,celebdf
fake_id8_id0_0003,train,fake,/workspace/data/raw/celebdf/Celeb-synthesis/id8_id0_0003.mp4,celebdf
fake_id8_id0_0007,train,fake,/workspace/data/raw/celebdf/Celeb-synthesis/id8_id0_0007.mp4,celebdf
fake_id8_id0_0008,train,fake,/workspace/data/raw/celebdf/Celeb-synthesis/id8_id0_0008.mp4,celebdf
fake_id8_id1_0002,train,fake,/workspace/data/raw/celebdf/Celeb-synthesis/id8_id1_0002.mp4,celebdf
fake_id8_id1_0003,train,fake,/workspace/data/raw/celebdf/Celeb-synthesis/id8_id1_0003.mp4,celebdf
fake_id8_id1_0007,train,fake,/workspace/data/raw/celebdf/Celeb-synthesis/id8_id1_0007.mp4,celebdf
fake_id8_id1_0008,train,fake,/workspace/data/raw/celebdf/Celeb-synthesis/id8_id1_0008.mp4,celebdf
fake_id8_id2_0002,train,fake,/workspace/data/raw/celebdf/Celeb-synthesis/id8_id2_0002.mp4,celebdf
fake_id8_id2_0003,train,fake,/workspace/data/raw/celebdf/Celeb-synthesis/id8_id2_0003.mp4,celebdf
fake_id8_id2_0007,train,fake,/workspace/data/raw/celebdf/Celeb-synthesis/id8_id2_0007.mp4,celebdf
fake_id8_id2_0008,train,fake,/workspace/data/raw/celebdf/Celeb-synthesis/id8_id2_0008.mp4,celebdf
fake_id8_id3_0002,train,fake,/workspace/data/raw/celebdf/Celeb-synthesis/id8_id3_0002.mp4,celebdf
fake_id8_id3_0007,train,fake,/workspace/data/raw/celebdf/Celeb-synthesis/id8_id3_0007.mp4,celebdf
fake_id8_id3_0008,train,fake,/workspace/data/raw/celebdf/Celeb-synthesis/id8_id3_0008.mp4,celebdf
fake_id8_id4_0007,train,fake,/workspace/data/raw/celebdf/Celeb-synthesis/id8_id4_0007.mp4,celebdf
fake_id8_id5_0002,train,fake,/workspace/data/raw/celebdf/Celeb-synthesis/id8_id5_0002.mp4,celebdf
fake_id8_id5_0003,train,fake,/workspace/data/raw/celebdf/Celeb-synthesis/id8_id5_0003.mp4,celebdf
fake_id8_id5_0007,train,fake,/workspace/data/raw/celebdf/Celeb-synthesis/id8_id5_0007.mp4,celebdf
fake_id8_id6_0003,train,fake,/workspace/data/raw/celebdf/Celeb-synthesis/id8_id6_0003.mp4,celebdf
fake_id8_id6_0007,train,fake,/workspace/data/raw/celebdf/Celeb-synthesis/id8_id6_0007.mp4,celebdf
fake_id8_id6_0008,train,fake,/workspace/data/raw/celebdf/Celeb-synthesis/id8_id6_0008.mp4,celebdf
fake_id8_id7_0002,train,fake,/workspace/data/raw/celebdf/Celeb-synthesis/id8_id7_0002.mp4,celebdf
fake_id8_id7_0003,train,fake,/workspace/data/raw/celebdf/Celeb-synthesis/id8_id7_0003.mp4,celebdf
fake_id8_id7_0007,train,fake,/workspace/data/raw/celebdf/Celeb-synthesis/id8_id7_0007.mp4,celebdf
fake_id8_id7_0008,train,fake,/workspace/data/raw/celebdf/Celeb-synthesis/id8_id7_0008.mp4,celebdf
fake_id8_id9_0002,train,fake,/workspace/data/raw/celebdf/Celeb-synthesis/id8_id9_0002.mp4,celebdf
fake_id8_id9_0003,train,fake,/workspace/data/raw/celebdf/Celeb-synthesis/id8_id9_0003.mp4,celebdf
fake_id8_id9_0007,train,fake,/workspace/data/raw/celebdf/Celeb-synthesis/id8_id9_0007.mp4,celebdf
fake_id8_id9_0008,train,fake,/workspace/data/raw/celebdf/Celeb-synthesis/id8_id9_0008.mp4,celebdf
fake_id9_id0_0001,train,fake,/workspace/data/raw/celebdf/Celeb-synthesis/id9_id0_0001.mp4,celebdf
fake_id9_id0_0003,train,fake,/workspace/data/raw/celebdf/Celeb-synthesis/id9_id0_0003.mp4,celebdf
fake_id9_id0_0004,train,fake,/workspace/data/raw/celebdf/Celeb-synthesis/id9_id0_0004.mp4,celebdf
fake_id9_id0_0005,train,fake,/workspace/data/raw/celebdf/Celeb-synthesis/id9_id0_0005.mp4,celebdf
fake_id9_id0_0007,train,fake,/workspace/data/raw/celebdf/Celeb-synthesis/id9_id0_0007.mp4,celebdf
fake_id9_id0_0009,train,fake,/workspace/data/raw/celebdf/Celeb-synthesis/id9_id0_0009.mp4,celebdf
fake_id9_id16_0001,train,fake,/workspace/data/raw/celebdf/Celeb-synthesis/id9_id16_0001.mp4,celebdf
fake_id9_id16_0002,train,fake,/workspace/data/raw/celebdf/Celeb-synthesis/id9_id16_0002.mp4,celebdf
fake_id9_id16_0003,train,fake,/workspace/data/raw/celebdf/Celeb-synthesis/id9_id16_0003.mp4,celebdf
fake_id9_id16_0004,train,fake,/workspace/data/raw/celebdf/Celeb-synthesis/id9_id16_0004.mp4,celebdf
fake_id9_id16_0005,train,fake,/workspace/data/raw/celebdf/Celeb-synthesis/id9_id16_0005.mp4,celebdf
fake_id9_id16_0006,train,fake,/workspace/data/raw/celebdf/Celeb-synthesis/id9_id16_0006.mp4,celebdf
fake_id9_id16_0008,train,fake,/workspace/data/raw/celebdf/Celeb-synthesis/id9_id16_0008.mp4,celebdf
fake_id9_id16_0009,train,fake,/workspace/data/raw/celebdf/Celeb-synthesis/id9_id16_0009.mp4,celebdf
fake_id9_id17_0000,train,fake,/workspace/data/raw/celebdf/Celeb-synthesis/id9_id17_0000.mp4,celebdf
fake_id9_id17_0001,train,fake,/workspace/data/raw/celebdf/Celeb-synthesis/id9_id17_0001.mp4,celebdf
fake_id9_id17_0002,train,fake,/workspace/data/raw/celebdf/Celeb-synthesis/id9_id17_0002.mp4,celebdf
fake_id9_id17_0003,train,fake,/workspace/data/raw/celebdf/Celeb-synthesis/id9_id17_0003.mp4,celebdf
fake_id9_id17_0004,train,fake,/workspace/data/raw/celebdf/Celeb-synthesis/id9_id17_0004.mp4,celebdf
fake_id9_id17_0005,train,fake,/workspace/data/raw/celebdf/Celeb-synthesis/id9_id17_0005.mp4,celebdf
fake_id9_id17_0006,train,fake,/workspace/data/raw/celebdf/Celeb-synthesis/id9_id17_0006.mp4,celebdf
fake_id9_id17_0007,train,fake,/workspace/data/raw/celebdf/Celeb-synthesis/id9_id17_0007.mp4,celebdf
fake_id9_id17_0008,train,fake,/workspace/data/raw/celebdf/Celeb-synthesis/id9_id17_0008.mp4,celebdf
fake_id9_id17_0009,train,fake,/workspace/data/raw/celebdf/Celeb-synthesis/id9_id17_0009.mp4,celebdf
fake_id9_id1_0001,train,fake,/workspace/data/raw/celebdf/Celeb-synthesis/id9_id1_0001.mp4,celebdf
fake_id9_id1_0002,train,fake,/workspace/data/raw/celebdf/Celeb-synthesis/id9_id1_0002.mp4,celebdf
fake_id9_id1_0004,train,fake,/workspace/data/raw/celebdf/Celeb-synthesis/id9_id1_0004.mp4,celebdf
fake_id9_id1_0005,train,fake,/workspace/data/raw/celebdf/Celeb-synthesis/id9_id1_0005.mp4,celebdf
fake_id9_id1_0006,train,fake,/workspace/data/raw/celebdf/Celeb-synthesis/id9_id1_0006.mp4,celebdf
fake_id9_id1_0008,train,fake,/workspace/data/raw/celebdf/Celeb-synthesis/id9_id1_0008.mp4,celebdf
fake_id9_id1_0009,train,fake,/workspace/data/raw/celebdf/Celeb-synthesis/id9_id1_0009.mp4,celebdf
fake_id9_id20_0004,train,fake,/workspace/data/raw/celebdf/Celeb-synthesis/id9_id20_0004.mp4,celebdf
fake_id9_id20_0005,train,fake,/workspace/data/raw/celebdf/Celeb-synthesis/id9_id20_0005.mp4,celebdf
fake_id9_id20_0006,train,fake,/workspace/data/raw/celebdf/Celeb-synthesis/id9_id20_0006.mp4,celebdf
fake_id9_id21_0000,train,fake,/workspace/data/raw/celebdf/Celeb-synthesis/id9_id21_0000.mp4,celebdf
fake_id9_id21_0001,train,fake,/workspace/data/raw/celebdf/Celeb-synthesis/id9_id21_0001.mp4,celebdf
fake_id9_id21_0002,train,fake,/workspace/data/raw/celebdf/Celeb-synthesis/id9_id21_0002.mp4,celebdf
fake_id9_id21_0005,train,fake,/workspace/data/raw/celebdf/Celeb-synthesis/id9_id21_0005.mp4,celebdf
fake_id9_id21_0006,train,fake,/workspace/data/raw/celebdf/Celeb-synthesis/id9_id21_0006.mp4,celebdf
fake_id9_id21_0009,train,fake,/workspace/data/raw/celebdf/Celeb-synthesis/id9_id21_0009.mp4,celebdf
fake_id9_id23_0000,train,fake,/workspace/data/raw/celebdf/Celeb-synthesis/id9_id23_0000.mp4,celebdf
fake_id9_id23_0001,train,fake,/workspace/data/raw/celebdf/Celeb-synthesis/id9_id23_0001.mp4,celebdf
fake_id9_id23_0002,train,fake,/workspace/data/raw/celebdf/Celeb-synthesis/id9_id23_0002.mp4,celebdf
fake_id9_id23_0004,train,fake,/workspace/data/raw/celebdf/Celeb-synthesis/id9_id23_0004.mp4,celebdf
fake_id9_id23_0005,train,fake,/workspace/data/raw/celebdf/Celeb-synthesis/id9_id23_0005.mp4,celebdf
fake_id9_id23_0006,train,fake,/workspace/data/raw/celebdf/Celeb-synthesis/id9_id23_0006.mp4,celebdf
fake_id9_id26_0001,train,fake,/workspace/data/raw/celebdf/Celeb-synthesis/id9_id26_0001.mp4,celebdf
fake_id9_id26_0002,train,fake,/workspace/data/raw/celebdf/Celeb-synthesis/id9_id26_0002.mp4,celebdf
fake_id9_id26_0004,train,fake,/workspace/data/raw/celebdf/Celeb-synthesis/id9_id26_0004.mp4,celebdf
fake_id9_id26_0005,train,fake,/workspace/data/raw/celebdf/Celeb-synthesis/id9_id26_0005.mp4,celebdf
fake_id9_id26_0006,train,fake,/workspace/data/raw/celebdf/Celeb-synthesis/id9_id26_0006.mp4,celebdf
fake_id9_id26_0007,train,fake,/workspace/data/raw/celebdf/Celeb-synthesis/id9_id26_0007.mp4,celebdf
fake_id9_id26_0008,train,fake,/workspace/data/raw/celebdf/Celeb-synthesis/id9_id26_0008.mp4,celebdf
fake_id9_id26_0009,train,fake,/workspace/data/raw/celebdf/Celeb-synthesis/id9_id26_0009.mp4,celebdf
fake_id9_id28_0000,train,fake,/workspace/data/raw/celebdf/Celeb-synthesis/id9_id28_0000.mp4,celebdf
fake_id9_id28_0001,train,fake,/workspace/data/raw/celebdf/Celeb-synthesis/id9_id28_0001.mp4,celebdf
fake_id9_id28_0003,train,fake,/workspace/data/raw/celebdf/Celeb-synthesis/id9_id28_0003.mp4,celebdf
fake_id9_id28_0004,train,fake,/workspace/data/raw/celebdf/Celeb-synthesis/id9_id28_0004.mp4,celebdf
fake_id9_id28_0005,train,fake,/workspace/data/raw/celebdf/Celeb-synthesis/id9_id28_0005.mp4,celebdf
fake_id9_id28_0006,train,fake,/workspace/data/raw/celebdf/Celeb-synthesis/id9_id28_0006.mp4,celebdf
fake_id9_id28_0008,train,fake,/workspace/data/raw/celebdf/Celeb-synthesis/id9_id28_0008.mp4,celebdf
fake_id9_id28_0009,train,fake,/workspace/data/raw/celebdf/Celeb-synthesis/id9_id28_0009.mp4,celebdf
fake_id9_id2_0001,train,fake,/workspace/data/raw/celebdf/Celeb-synthesis/id9_id2_0001.mp4,celebdf
fake_id9_id2_0002,train,fake,/workspace/data/raw/celebdf/Celeb-synthesis/id9_id2_0002.mp4,celebdf
fake_id9_id2_0004,train,fake,/workspace/data/raw/celebdf/Celeb-synthesis/id9_id2_0004.mp4,celebdf
fake_id9_id2_0005,train,fake,/workspace/data/raw/celebdf/Celeb-synthesis/id9_id2_0005.mp4,celebdf
fake_id9_id2_0009,train,fake,/workspace/data/raw/celebdf/Celeb-synthesis/id9_id2_0009.mp4,celebdf
fake_id9_id30_0000,train,fake,/workspace/data/raw/celebdf/Celeb-synthesis/id9_id30_0000.mp4,celebdf
fake_id9_id30_0001,train,fake,/workspace/data/raw/celebdf/Celeb-synthesis/id9_id30_0001.mp4,celebdf
fake_id9_id30_0002,train,fake,/workspace/data/raw/celebdf/Celeb-synthesis/id9_id30_0002.mp4,celebdf
fake_id9_id30_0004,train,fake,/workspace/data/raw/celebdf/Celeb-synthesis/id9_id30_0004.mp4,celebdf
fake_id9_id30_0005,train,fake,/workspace/data/raw/celebdf/Celeb-synthesis/id9_id30_0005.mp4,celebdf
fake_id9_id30_0006,train,fake,/workspace/data/raw/celebdf/Celeb-synthesis/id9_id30_0006.mp4,celebdf
fake_id9_id30_0009,train,fake,/workspace/data/raw/celebdf/Celeb-synthesis/id9_id30_0009.mp4,celebdf
fake_id9_id31_0001,train,fake,/workspace/data/raw/celebdf/Celeb-synthesis/id9_id31_0001.mp4,celebdf
fake_id9_id31_0002,train,fake,/workspace/data/raw/celebdf/Celeb-synthesis/id9_id31_0002.mp4,celebdf
fake_id9_id31_0003,train,fake,/workspace/data/raw/celebdf/Celeb-synthesis/id9_id31_0003.mp4,celebdf
fake_id9_id31_0006,train,fake,/workspace/data/raw/celebdf/Celeb-synthesis/id9_id31_0006.mp4,celebdf
fake_id9_id35_0000,train,fake,/workspace/data/raw/celebdf/Celeb-synthesis/id9_id35_0000.mp4,celebdf
fake_id9_id35_0001,train,fake,/workspace/data/raw/celebdf/Celeb-synthesis/id9_id35_0001.mp4,celebdf
fake_id9_id35_0002,train,fake,/workspace/data/raw/celebdf/Celeb-synthesis/id9_id35_0002.mp4,celebdf
fake_id9_id35_0004,train,fake,/workspace/data/raw/celebdf/Celeb-synthesis/id9_id35_0004.mp4,celebdf
fake_id9_id35_0005,train,fake,/workspace/data/raw/celebdf/Celeb-synthesis/id9_id35_0005.mp4,celebdf
fake_id9_id35_0007,train,fake,/workspace/data/raw/celebdf/Celeb-synthesis/id9_id35_0007.mp4,celebdf
fake_id9_id35_0009,train,fake,/workspace/data/raw/celebdf/Celeb-synthesis/id9_id35_0009.mp4,celebdf
fake_id9_id37_0000,train,fake,/workspace/data/raw/celebdf/Celeb-synthesis/id9_id37_0000.mp4,celebdf
fake_id9_id37_0001,train,fake,/workspace/data/raw/celebdf/Celeb-synthesis/id9_id37_0001.mp4,celebdf
fake_id9_id37_0004,train,fake,/workspace/data/raw/celebdf/Celeb-synthesis/id9_id37_0004.mp4,celebdf
fake_id9_id37_0006,train,fake,/workspace/data/raw/celebdf/Celeb-synthesis/id9_id37_0006.mp4,celebdf
fake_id9_id37_0009,train,fake,/workspace/data/raw/celebdf/Celeb-synthesis/id9_id37_0009.mp4,celebdf
fake_id9_id3_0001,train,fake,/workspace/data/raw/celebdf/Celeb-synthesis/id9_id3_0001.mp4,celebdf
fake_id9_id3_0002,train,fake,/workspace/data/raw/celebdf/Celeb-synthesis/id9_id3_0002.mp4,celebdf
fake_id9_id3_0004,train,fake,/workspace/data/raw/celebdf/Celeb-synthesis/id9_id3_0004.mp4,celebdf
fake_id9_id3_0005,train,fake,/workspace/data/raw/celebdf/Celeb-synthesis/id9_id3_0005.mp4,celebdf
fake_id9_id3_0006,train,fake,/workspace/data/raw/celebdf/Celeb-synthesis/id9_id3_0006.mp4,celebdf
fake_id9_id3_0007,train,fake,/workspace/data/raw/celebdf/Celeb-synthesis/id9_id3_0007.mp4,celebdf
fake_id9_id3_0008,train,fake,/workspace/data/raw/celebdf/Celeb-synthesis/id9_id3_0008.mp4,celebdf
fake_id9_id4_0000,train,fake,/workspace/data/raw/celebdf/Celeb-synthesis/id9_id4_0000.mp4,celebdf
fake_id9_id4_0002,train,fake,/workspace/data/raw/celebdf/Celeb-synthesis/id9_id4_0002.mp4,celebdf
fake_id9_id4_0004,train,fake,/workspace/data/raw/celebdf/Celeb-synthesis/id9_id4_0004.mp4,celebdf
fake_id9_id4_0005,train,fake,/workspace/data/raw/celebdf/Celeb-synthesis/id9_id4_0005.mp4,celebdf
fake_id9_id4_0006,train,fake,/workspace/data/raw/celebdf/Celeb-synthesis/id9_id4_0006.mp4,celebdf
fake_id9_id6_0001,train,fake,/workspace/data/raw/celebdf/Celeb-synthesis/id9_id6_0001.mp4,celebdf
fake_id9_id6_0002,train,fake,/workspace/data/raw/celebdf/Celeb-synthesis/id9_id6_0002.mp4,celebdf
fake_id9_id6_0004,train,fake,/workspace/data/raw/celebdf/Celeb-synthesis/id9_id6_0004.mp4,celebdf
fake_id9_id6_0006,train,fake,/workspace/data/raw/celebdf/Celeb-synthesis/id9_id6_0006.mp4,celebdf
fake_id9_id6_0007,train,fake,/workspace/data/raw/celebdf/Celeb-synthesis/id9_id6_0007.mp4,celebdf
fake_id9_id6_0008,train,fake,/workspace/data/raw/celebdf/Celeb-synthesis/id9_id6_0008.mp4,celebdf
fake_id9_id6_0009,train,fake,/workspace/data/raw/celebdf/Celeb-synthesis/id9_id6_0009.mp4,celebdf
real_id0_0001,test,real,/workspace/data/raw/celebdf/Celeb-real/id0_0001.mp4,celebdf
real_id10_0001,test,real,/workspace/data/raw/celebdf/Celeb-real/id10_0001.mp4,celebdf
real_id10_0007,test,real,/workspace/data/raw/celebdf/Celeb-real/id10_0007.mp4,celebdf
real_id11_0006,test,real,/workspace/data/raw/celebdf/Celeb-real/id11_0006.mp4,celebdf
real_id11_0008,test,real,/workspace/data/raw/celebdf/Celeb-real/id11_0008.mp4,celebdf
real_id12_0000,test,real,/workspace/data/raw/celebdf/Celeb-real/id12_0000.mp4,celebdf
real_id12_0005,test,real,/workspace/data/raw/celebdf/Celeb-real/id12_0005.mp4,celebdf
real_id13_0004,test,real,/workspace/data/raw/celebdf/Celeb-real/id13_0004.mp4,celebdf
real_id13_0011,test,real,/workspace/data/raw/celebdf/Celeb-real/id13_0011.mp4,celebdf
real_id13_0013,test,real,/workspace/data/raw/celebdf/Celeb-real/id13_0013.mp4,celebdf
real_id16_0007,test,real,/workspace/data/raw/celebdf/Celeb-real/id16_0007.mp4,celebdf
real_id16_0010,test,real,/workspace/data/raw/celebdf/Celeb-real/id16_0010.mp4,celebdf
real_id16_0011,test,real,/workspace/data/raw/celebdf/Celeb-real/id16_0011.mp4,celebdf
real_id17_0000,test,real,/workspace/data/raw/celebdf/Celeb-real/id17_0000.mp4,celebdf
real_id17_0002,test,real,/workspace/data/raw/celebdf/Celeb-real/id17_0002.mp4,celebdf
real_id19_0005,test,real,/workspace/data/raw/celebdf/Celeb-real/id19_0005.mp4,celebdf
real_id19_0007,test,real,/workspace/data/raw/celebdf/Celeb-real/id19_0007.mp4,celebdf
real_id1_0001,test,real,/workspace/data/raw/celebdf/Celeb-real/id1_0001.mp4,celebdf
real_id1_0006,test,real,/workspace/data/raw/celebdf/Celeb-real/id1_0006.mp4,celebdf
real_id1_0007,test,real,/workspace/data/raw/celebdf/Celeb-real/id1_0007.mp4,celebdf
real_id1_0008,test,real,/workspace/data/raw/celebdf/Celeb-real/id1_0008.mp4,celebdf
real_id20_0008,test,real,/workspace/data/raw/celebdf/Celeb-real/id20_0008.mp4,celebdf
real_id21_0006,test,real,/workspace/data/raw/celebdf/Celeb-real/id21_0006.mp4,celebdf
real_id21_0009,test,real,/workspace/data/raw/celebdf/Celeb-real/id21_0009.mp4,celebdf
real_id22_0000,test,real,/workspace/data/raw/celebdf/Celeb-real/id22_0000.mp4,celebdf
real_id22_0009,test,real,/workspace/data/raw/celebdf/Celeb-real/id22_0009.mp4,celebdf
real_id23_0001,test,real,/workspace/data/raw/celebdf/Celeb-real/id23_0001.mp4,celebdf
real_id24_0009,test,real,/workspace/data/raw/celebdf/Celeb-real/id24_0009.mp4,celebdf
real_id25_0010,test,real,/workspace/data/raw/celebdf/Celeb-real/id25_0010.mp4,celebdf
real_id26_0008,test,real,/workspace/data/raw/celebdf/Celeb-real/id26_0008.mp4,celebdf
real_id27_0008,test,real,/workspace/data/raw/celebdf/Celeb-real/id27_0008.mp4,celebdf
real_id27_0009,test,real,/workspace/data/raw/celebdf/Celeb-real/id27_0009.mp4,celebdf
real_id28_0004,test,real,/workspace/data/raw/celebdf/Celeb-real/id28_0004.mp4,celebdf
real_id28_0007,test,real,/workspace/data/raw/celebdf/Celeb-real/id28_0007.mp4,celebdf
real_id28_0009,test,real,/workspace/data/raw/celebdf/Celeb-real/id28_0009.mp4,celebdf
real_id29_0008,test,real,/workspace/data/raw/celebdf/Celeb-real/id29_0008.mp4,celebdf
real_id29_0009,test,real,/workspace/data/raw/celebdf/Celeb-real/id29_0009.mp4,celebdf
real_id2_0001,test,real,/workspace/data/raw/celebdf/Celeb-real/id2_0001.mp4,celebdf
real_id2_0002,test,real,/workspace/data/raw/celebdf/Celeb-real/id2_0002.mp4,celebdf
real_id2_0003,test,real,/workspace/data/raw/celebdf/Celeb-real/id2_0003.mp4,celebdf
real_id2_0004,test,real,/workspace/data/raw/celebdf/Celeb-real/id2_0004.mp4,celebdf
real_id2_0008,test,real,/workspace/data/raw/celebdf/Celeb-real/id2_0008.mp4,celebdf
real_id30_0007,test,real,/workspace/data/raw/celebdf/Celeb-real/id30_0007.mp4,celebdf
real_id31_0003,test,real,/workspace/data/raw/celebdf/Celeb-real/id31_0003.mp4,celebdf
real_id31_0004,test,real,/workspace/data/raw/celebdf/Celeb-real/id31_0004.mp4,celebdf
real_id31_0007,test,real,/workspace/data/raw/celebdf/Celeb-real/id31_0007.mp4,celebdf
real_id32_0002,test,real,/workspace/data/raw/celebdf/Celeb-real/id32_0002.mp4,celebdf
real_id32_0003,test,real,/workspace/data/raw/celebdf/Celeb-real/id32_0003.mp4,celebdf
real_id32_0006,test,real,/workspace/data/raw/celebdf/Celeb-real/id32_0006.mp4,celebdf
real_id32_0008,test,real,/workspace/data/raw/celebdf/Celeb-real/id32_0008.mp4,celebdf
real_id33_0002,test,real,/workspace/data/raw/celebdf/Celeb-real/id33_0002.mp4,celebdf
real_id33_0005,test,real,/workspace/data/raw/celebdf/Celeb-real/id33_0005.mp4,celebdf
real_id33_0008,test,real,/workspace/data/raw/celebdf/Celeb-real/id33_0008.mp4,celebdf
real_id34_0006,test,real,/workspace/data/raw/celebdf/Celeb-real/id34_0006.mp4,celebdf
real_id35_0000,test,real,/workspace/data/raw/celebdf/Celeb-real/id35_0000.mp4,celebdf
real_id35_0003,test,real,/workspace/data/raw/celebdf/Celeb-real/id35_0003.mp4,celebdf
real_id35_0008,test,real,/workspace/data/raw/celebdf/Celeb-real/id35_0008.mp4,celebdf
real_id36_0000,test,real,/workspace/data/raw/celebdf/Celeb-real/id36_0000.mp4,celebdf
real_id36_0001,test,real,/workspace/data/raw/celebdf/Celeb-real/id36_0001.mp4,celebdf
real_id36_0002,test,real,/workspace/data/raw/celebdf/Celeb-real/id36_0002.mp4,celebdf
real_id36_0006,test,real,/workspace/data/raw/celebdf/Celeb-real/id36_0006.mp4,celebdf
real_id36_0008,test,real,/workspace/data/raw/celebdf/Celeb-real/id36_0008.mp4,celebdf
real_id37_0004,test,real,/workspace/data/raw/celebdf/Celeb-real/id37_0004.mp4,celebdf
real_id37_0005,test,real,/workspace/data/raw/celebdf/Celeb-real/id37_0005.mp4,celebdf
real_id37_0009,test,real,/workspace/data/raw/celebdf/Celeb-real/id37_0009.mp4,celebdf
real_id39_0004,test,real,/workspace/data/raw/celebdf/Celeb-real/id39_0004.mp4,celebdf
real_id39_0005,test,real,/workspace/data/raw/celebdf/Celeb-real/id39_0005.mp4,celebdf
real_id3_0001,test,real,/workspace/data/raw/celebdf/Celeb-real/id3_0001.mp4,celebdf
real_id3_0002,test,real,/workspace/data/raw/celebdf/Celeb-real/id3_0002.mp4,celebdf
real_id3_0008,test,real,/workspace/data/raw/celebdf/Celeb-real/id3_0008.mp4,celebdf
real_id40_0003,test,real,/workspace/data/raw/celebdf/Celeb-real/id40_0003.mp4,celebdf
real_id40_0009,test,real,/workspace/data/raw/celebdf/Celeb-real/id40_0009.mp4,celebdf
real_id42_0002,test,real,/workspace/data/raw/celebdf/Celeb-real/id42_0002.mp4,celebdf
real_id43_0001,test,real,/workspace/data/raw/celebdf/Celeb-real/id43_0001.mp4,celebdf
real_id43_0002,test,real,/workspace/data/raw/celebdf/Celeb-real/id43_0002.mp4,celebdf
real_id43_0006,test,real,/workspace/data/raw/celebdf/Celeb-real/id43_0006.mp4,celebdf
real_id44_0001,test,real,/workspace/data/raw/celebdf/Celeb-real/id44_0001.mp4,celebdf
real_id44_0003,test,real,/workspace/data/raw/celebdf/Celeb-real/id44_0003.mp4,celebdf
real_id45_0003,test,real,/workspace/data/raw/celebdf/Celeb-real/id45_0003.mp4,celebdf
real_id46_0000,test,real,/workspace/data/raw/celebdf/Celeb-real/id46_0000.mp4,celebdf
real_id48_0000,test,real,/workspace/data/raw/celebdf/Celeb-real/id48_0000.mp4,celebdf
real_id48_0003,test,real,/workspace/data/raw/celebdf/Celeb-real/id48_0003.mp4,celebdf
real_id49_0004,test,real,/workspace/data/raw/celebdf/Celeb-real/id49_0004.mp4,celebdf
real_id4_0004,test,real,/workspace/data/raw/celebdf/Celeb-real/id4_0004.mp4,celebdf
real_id50_0000,test,real,/workspace/data/raw/celebdf/Celeb-real/id50_0000.mp4,celebdf
real_id50_0003,test,real,/workspace/data/raw/celebdf/Celeb-real/id50_0003.mp4,celebdf
real_id50_0006,test,real,/workspace/data/raw/celebdf/Celeb-real/id50_0006.mp4,celebdf
real_id51_0001,test,real,/workspace/data/raw/celebdf/Celeb-real/id51_0001.mp4,celebdf
real_id51_0005,test,real,/workspace/data/raw/celebdf/Celeb-real/id51_0005.mp4,celebdf
real_id51_0006,test,real,/workspace/data/raw/celebdf/Celeb-real/id51_0006.mp4,celebdf
real_id52_0001,test,real,/workspace/data/raw/celebdf/Celeb-real/id52_0001.mp4,celebdf
real_id52_0002,test,real,/workspace/data/raw/celebdf/Celeb-real/id52_0002.mp4,celebdf
real_id53_0000,test,real,/workspace/data/raw/celebdf/Celeb-real/id53_0000.mp4,celebdf
real_id53_0003,test,real,/workspace/data/raw/celebdf/Celeb-real/id53_0003.mp4,celebdf
real_id53_0007,test,real,/workspace/data/raw/celebdf/Celeb-real/id53_0007.mp4,celebdf
real_id54_0007,test,real,/workspace/data/raw/celebdf/Celeb-real/id54_0007.mp4,celebdf
real_id56_0000,test,real,/workspace/data/raw/celebdf/Celeb-real/id56_0000.mp4,celebdf
real_id56_0002,test,real,/workspace/data/raw/celebdf/Celeb-real/id56_0002.mp4,celebdf
real_id56_0009,test,real,/workspace/data/raw/celebdf/Celeb-real/id56_0009.mp4,celebdf
real_id57_0003,test,real,/workspace/data/raw/celebdf/Celeb-real/id57_0003.mp4,celebdf
real_id57_0007,test,real,/workspace/data/raw/celebdf/Celeb-real/id57_0007.mp4,celebdf
real_id58_0002,test,real,/workspace/data/raw/celebdf/Celeb-real/id58_0002.mp4,celebdf
real_id6_0002,test,real,/workspace/data/raw/celebdf/Celeb-real/id6_0002.mp4,celebdf
real_id6_0005,test,real,/workspace/data/raw/celebdf/Celeb-real/id6_0005.mp4,celebdf
real_id7_0006,test,real,/workspace/data/raw/celebdf/Celeb-real/id7_0006.mp4,celebdf
real_id8_0000,test,real,/workspace/data/raw/celebdf/Celeb-real/id8_0000.mp4,celebdf
real_id8_0009,test,real,/workspace/data/raw/celebdf/Celeb-real/id8_0009.mp4,celebdf
real_id9_0000,test,real,/workspace/data/raw/celebdf/Celeb-real/id9_0000.mp4,celebdf
real_00011,test,real,/workspace/data/raw/celebdf/YouTube-real/00011.mp4,celebdf
real_00021,test,real,/workspace/data/raw/celebdf/YouTube-real/00021.mp4,celebdf
real_00023,test,real,/workspace/data/raw/celebdf/YouTube-real/00023.mp4,celebdf
real_00024,test,real,/workspace/data/raw/celebdf/YouTube-real/00024.mp4,celebdf
real_00036,test,real,/workspace/data/raw/celebdf/YouTube-real/00036.mp4,celebdf
real_00047,test,real,/workspace/data/raw/celebdf/YouTube-real/00047.mp4,celebdf
real_00048,test,real,/workspace/data/raw/celebdf/YouTube-real/00048.mp4,celebdf
real_00061,test,real,/workspace/data/raw/celebdf/YouTube-real/00061.mp4,celebdf
real_00063,test,real,/workspace/data/raw/celebdf/YouTube-real/00063.mp4,celebdf
real_00076,test,real,/workspace/data/raw/celebdf/YouTube-real/00076.mp4,celebdf
real_00082,test,real,/workspace/data/raw/celebdf/YouTube-real/00082.mp4,celebdf
real_00092,test,real,/workspace/data/raw/celebdf/YouTube-real/00092.mp4,celebdf
real_00095,test,real,/workspace/data/raw/celebdf/YouTube-real/00095.mp4,celebdf
real_00106,test,real,/workspace/data/raw/celebdf/YouTube-real/00106.mp4,celebdf
real_00119,test,real,/workspace/data/raw/celebdf/YouTube-real/00119.mp4,celebdf
real_00133,test,real,/workspace/data/raw/celebdf/YouTube-real/00133.mp4,celebdf
real_00138,test,real,/workspace/data/raw/celebdf/YouTube-real/00138.mp4,celebdf
real_00168,test,real,/workspace/data/raw/celebdf/YouTube-real/00168.mp4,celebdf
real_00170,test,real,/workspace/data/raw/celebdf/YouTube-real/00170.mp4,celebdf
real_00188,test,real,/workspace/data/raw/celebdf/YouTube-real/00188.mp4,celebdf
real_00193,test,real,/workspace/data/raw/celebdf/YouTube-real/00193.mp4,celebdf
real_00194,test,real,/workspace/data/raw/celebdf/YouTube-real/00194.mp4,celebdf
real_00197,test,real,/workspace/data/raw/celebdf/YouTube-real/00197.mp4,celebdf
real_00202,test,real,/workspace/data/raw/celebdf/YouTube-real/00202.mp4,celebdf
real_00207,test,real,/workspace/data/raw/celebdf/YouTube-real/00207.mp4,celebdf
real_00208,test,real,/workspace/data/raw/celebdf/YouTube-real/00208.mp4,celebdf
real_00213,test,real,/workspace/data/raw/celebdf/YouTube-real/00213.mp4,celebdf
real_00227,test,real,/workspace/data/raw/celebdf/YouTube-real/00227.mp4,celebdf
real_00236,test,real,/workspace/data/raw/celebdf/YouTube-real/00236.mp4,celebdf
real_00244,test,real,/workspace/data/raw/celebdf/YouTube-real/00244.mp4,celebdf
real_00250,test,real,/workspace/data/raw/celebdf/YouTube-real/00250.mp4,celebdf
real_00251,test,real,/workspace/data/raw/celebdf/YouTube-real/00251.mp4,celebdf
real_00252,test,real,/workspace/data/raw/celebdf/YouTube-real/00252.mp4,celebdf
real_00253,test,real,/workspace/data/raw/celebdf/YouTube-real/00253.mp4,celebdf
real_00254,test,real,/workspace/data/raw/celebdf/YouTube-real/00254.mp4,celebdf
real_00255,test,real,/workspace/data/raw/celebdf/YouTube-real/00255.mp4,celebdf
real_00256,test,real,/workspace/data/raw/celebdf/YouTube-real/00256.mp4,celebdf
real_00257,test,real,/workspace/data/raw/celebdf/YouTube-real/00257.mp4,celebdf
real_00258,test,real,/workspace/data/raw/celebdf/YouTube-real/00258.mp4,celebdf
real_00259,test,real,/workspace/data/raw/celebdf/YouTube-real/00259.mp4,celebdf
real_00260,test,real,/workspace/data/raw/celebdf/YouTube-real/00260.mp4,celebdf
real_00261,test,real,/workspace/data/raw/celebdf/YouTube-real/00261.mp4,celebdf
real_00262,test,real,/workspace/data/raw/celebdf/YouTube-real/00262.mp4,celebdf
real_00263,test,real,/workspace/data/raw/celebdf/YouTube-real/00263.mp4,celebdf
real_00264,test,real,/workspace/data/raw/celebdf/YouTube-real/00264.mp4,celebdf
real_00265,test,real,/workspace/data/raw/celebdf/YouTube-real/00265.mp4,celebdf
real_00266,test,real,/workspace/data/raw/celebdf/YouTube-real/00266.mp4,celebdf
real_00267,test,real,/workspace/data/raw/celebdf/YouTube-real/00267.mp4,celebdf
real_00268,test,real,/workspace/data/raw/celebdf/YouTube-real/00268.mp4,celebdf
real_00269,test,real,/workspace/data/raw/celebdf/YouTube-real/00269.mp4,celebdf
real_00270,test,real,/workspace/data/raw/celebdf/YouTube-real/00270.mp4,celebdf
real_00271,test,real,/workspace/data/raw/celebdf/YouTube-real/00271.mp4,celebdf
real_00272,test,real,/workspace/data/raw/celebdf/YouTube-real/00272.mp4,celebdf
real_00273,test,real,/workspace/data/raw/celebdf/YouTube-real/00273.mp4,celebdf
real_00274,test,real,/workspace/data/raw/celebdf/YouTube-real/00274.mp4,celebdf
real_00275,test,real,/workspace/data/raw/celebdf/YouTube-real/00275.mp4,celebdf
real_00276,test,real,/workspace/data/raw/celebdf/YouTube-real/00276.mp4,celebdf
real_00277,test,real,/workspace/data/raw/celebdf/YouTube-real/00277.mp4,celebdf
real_00278,test,real,/workspace/data/raw/celebdf/YouTube-real/00278.mp4,celebdf
real_00279,test,real,/workspace/data/raw/celebdf/YouTube-real/00279.mp4,celebdf
real_00280,test,real,/workspace/data/raw/celebdf/YouTube-real/00280.mp4,celebdf
real_00281,test,real,/workspace/data/raw/celebdf/YouTube-real/00281.mp4,celebdf
real_00282,test,real,/workspace/data/raw/celebdf/YouTube-real/00282.mp4,celebdf
real_00283,test,real,/workspace/data/raw/celebdf/YouTube-real/00283.mp4,celebdf
real_00284,test,real,/workspace/data/raw/celebdf/YouTube-real/00284.mp4,celebdf
real_00285,test,real,/workspace/data/raw/celebdf/YouTube-real/00285.mp4,celebdf
real_00286,test,real,/workspace/data/raw/celebdf/YouTube-real/00286.mp4,celebdf
real_00287,test,real,/workspace/data/raw/celebdf/YouTube-real/00287.mp4,celebdf
real_00288,test,real,/workspace/data/raw/celebdf/YouTube-real/00288.mp4,celebdf
real_00289,test,real,/workspace/data/raw/celebdf/YouTube-real/00289.mp4,celebdf
fake_id0_id16_0003,test,fake,/workspace/data/raw/celebdf/Celeb-synthesis/id0_id16_0003.mp4,celebdf
fake_id0_id16_0004,test,fake,/workspace/data/raw/celebdf/Celeb-synthesis/id0_id16_0004.mp4,celebdf
fake_id0_id16_0007,test,fake,/workspace/data/raw/celebdf/Celeb-synthesis/id0_id16_0007.mp4,celebdf
fake_id0_id1_0000,test,fake,/workspace/data/raw/celebdf/Celeb-synthesis/id0_id1_0000.mp4,celebdf
fake_id0_id1_0001,test,fake,/workspace/data/raw/celebdf/Celeb-synthesis/id0_id1_0001.mp4,celebdf
fake_id0_id1_0005,test,fake,/workspace/data/raw/celebdf/Celeb-synthesis/id0_id1_0005.mp4,celebdf
fake_id0_id21_0000,test,fake,/workspace/data/raw/celebdf/Celeb-synthesis/id0_id21_0000.mp4,celebdf
fake_id0_id26_0009,test,fake,/workspace/data/raw/celebdf/Celeb-synthesis/id0_id26_0009.mp4,celebdf
fake_id0_id3_0007,test,fake,/workspace/data/raw/celebdf/Celeb-synthesis/id0_id3_0007.mp4,celebdf
fake_id0_id6_0007,test,fake,/workspace/data/raw/celebdf/Celeb-synthesis/id0_id6_0007.mp4,celebdf
fake_id10_id11_0001,test,fake,/workspace/data/raw/celebdf/Celeb-synthesis/id10_id11_0001.mp4,celebdf
fake_id10_id11_0004,test,fake,/workspace/data/raw/celebdf/Celeb-synthesis/id10_id11_0004.mp4,celebdf
fake_id10_id12_0001,test,fake,/workspace/data/raw/celebdf/Celeb-synthesis/id10_id12_0001.mp4,celebdf
fake_id10_id12_0004,test,fake,/workspace/data/raw/celebdf/Celeb-synthesis/id10_id12_0004.mp4,celebdf
fake_id10_id13_0001,test,fake,/workspace/data/raw/celebdf/Celeb-synthesis/id10_id13_0001.mp4,celebdf
fake_id10_id13_0004,test,fake,/workspace/data/raw/celebdf/Celeb-synthesis/id10_id13_0004.mp4,celebdf
fake_id10_id13_0007,test,fake,/workspace/data/raw/celebdf/Celeb-synthesis/id10_id13_0007.mp4,celebdf
fake_id10_id7_0001,test,fake,/workspace/data/raw/celebdf/Celeb-synthesis/id10_id7_0001.mp4,celebdf
fake_id10_id7_0004,test,fake,/workspace/data/raw/celebdf/Celeb-synthesis/id10_id7_0004.mp4,celebdf
fake_id10_id7_0005,test,fake,/workspace/data/raw/celebdf/Celeb-synthesis/id10_id7_0005.mp4,celebdf
fake_id10_id7_0008,test,fake,/workspace/data/raw/celebdf/Celeb-synthesis/id10_id7_0008.mp4,celebdf
fake_id11_id7_0008,test,fake,/workspace/data/raw/celebdf/Celeb-synthesis/id11_id7_0008.mp4,celebdf
fake_id12_id10_0002,test,fake,/workspace/data/raw/celebdf/Celeb-synthesis/id12_id10_0002.mp4,celebdf
fake_id12_id10_0005,test,fake,/workspace/data/raw/celebdf/Celeb-synthesis/id12_id10_0005.mp4,celebdf
fake_id12_id7_0006,test,fake,/workspace/data/raw/celebdf/Celeb-synthesis/id12_id7_0006.mp4,celebdf
fake_id13_id10_0005,test,fake,/workspace/data/raw/celebdf/Celeb-synthesis/id13_id10_0005.mp4,celebdf
fake_id13_id10_0008,test,fake,/workspace/data/raw/celebdf/Celeb-synthesis/id13_id10_0008.mp4,celebdf
fake_id13_id7_0000,test,fake,/workspace/data/raw/celebdf/Celeb-synthesis/id13_id7_0000.mp4,celebdf
fake_id13_id7_0012,test,fake,/workspace/data/raw/celebdf/Celeb-synthesis/id13_id7_0012.mp4,celebdf
fake_id16_id0_0011,test,fake,/workspace/data/raw/celebdf/Celeb-synthesis/id16_id0_0011.mp4,celebdf
fake_id16_id1_0011,test,fake,/workspace/data/raw/celebdf/Celeb-synthesis/id16_id1_0011.mp4,celebdf
fake_id16_id20_0000,test,fake,/workspace/data/raw/celebdf/Celeb-synthesis/id16_id20_0000.mp4,celebdf
fake_id16_id20_0006,test,fake,/workspace/data/raw/celebdf/Celeb-synthesis/id16_id20_0006.mp4,celebdf
fake_id16_id20_0012,test,fake,/workspace/data/raw/celebdf/Celeb-synthesis/id16_id20_0012.mp4,celebdf
fake_id16_id21_0002,test,fake,/workspace/data/raw/celebdf/Celeb-synthesis/id16_id21_0002.mp4,celebdf
fake_id16_id23_0011,test,fake,/workspace/data/raw/celebdf/Celeb-synthesis/id16_id23_0011.mp4,celebdf
fake_id16_id28_0005,test,fake,/workspace/data/raw/celebdf/Celeb-synthesis/id16_id28_0005.mp4,celebdf
fake_id16_id2_0001,test,fake,/workspace/data/raw/celebdf/Celeb-synthesis/id16_id2_0001.mp4,celebdf
fake_id16_id2_0006,test,fake,/workspace/data/raw/celebdf/Celeb-synthesis/id16_id2_0006.mp4,celebdf
fake_id16_id2_0011,test,fake,/workspace/data/raw/celebdf/Celeb-synthesis/id16_id2_0011.mp4,celebdf
fake_id16_id3_0009,test,fake,/workspace/data/raw/celebdf/Celeb-synthesis/id16_id3_0009.mp4,celebdf
fake_id16_id3_0010,test,fake,/workspace/data/raw/celebdf/Celeb-synthesis/id16_id3_0010.mp4,celebdf
fake_id16_id3_0011,test,fake,/workspace/data/raw/celebdf/Celeb-synthesis/id16_id3_0011.mp4,celebdf
fake_id16_id6_0001,test,fake,/workspace/data/raw/celebdf/Celeb-synthesis/id16_id6_0001.mp4,celebdf
fake_id16_id6_0011,test,fake,/workspace/data/raw/celebdf/Celeb-synthesis/id16_id6_0011.mp4,celebdf
fake_id17_id0_0000,test,fake,/workspace/data/raw/celebdf/Celeb-synthesis/id17_id0_0000.mp4,celebdf
fake_id17_id16_0000,test,fake,/workspace/data/raw/celebdf/Celeb-synthesis/id17_id16_0000.mp4,celebdf
fake_id17_id16_0007,test,fake,/workspace/data/raw/celebdf/Celeb-synthesis/id17_id16_0007.mp4,celebdf
fake_id17_id1_0000,test,fake,/workspace/data/raw/celebdf/Celeb-synthesis/id17_id1_0000.mp4,celebdf
fake_id17_id21_0000,test,fake,/workspace/data/raw/celebdf/Celeb-synthesis/id17_id21_0000.mp4,celebdf
fake_id17_id23_0000,test,fake,/workspace/data/raw/celebdf/Celeb-synthesis/id17_id23_0000.mp4,celebdf
fake_id17_id23_0009,test,fake,/workspace/data/raw/celebdf/Celeb-synthesis/id17_id23_0009.mp4,celebdf
fake_id17_id26_0006,test,fake,/workspace/data/raw/celebdf/Celeb-synthesis/id17_id26_0006.mp4,celebdf
fake_id17_id28_0001,test,fake,/workspace/data/raw/celebdf/Celeb-synthesis/id17_id28_0001.mp4,celebdf
fake_id17_id2_0000,test,fake,/workspace/data/raw/celebdf/Celeb-synthesis/id17_id2_0000.mp4,celebdf
fake_id17_id2_0003,test,fake,/workspace/data/raw/celebdf/Celeb-synthesis/id17_id2_0003.mp4,celebdf
fake_id17_id2_0007,test,fake,/workspace/data/raw/celebdf/Celeb-synthesis/id17_id2_0007.mp4,celebdf
fake_id17_id31_0009,test,fake,/workspace/data/raw/celebdf/Celeb-synthesis/id17_id31_0009.mp4,celebdf
fake_id17_id3_0000,test,fake,/workspace/data/raw/celebdf/Celeb-synthesis/id17_id3_0000.mp4,celebdf
fake_id17_id3_0007,test,fake,/workspace/data/raw/celebdf/Celeb-synthesis/id17_id3_0007.mp4,celebdf
fake_id17_id6_0000,test,fake,/workspace/data/raw/celebdf/Celeb-synthesis/id17_id6_0000.mp4,celebdf
fake_id17_id9_0000,test,fake,/workspace/data/raw/celebdf/Celeb-synthesis/id17_id9_0000.mp4,celebdf
fake_id19_id20_0000,test,fake,/workspace/data/raw/celebdf/Celeb-synthesis/id19_id20_0000.mp4,celebdf
fake_id19_id20_0004,test,fake,/workspace/data/raw/celebdf/Celeb-synthesis/id19_id20_0004.mp4,celebdf
fake_id19_id23_0001,test,fake,/workspace/data/raw/celebdf/Celeb-synthesis/id19_id23_0001.mp4,celebdf
fake_id1_id0_0007,test,fake,/workspace/data/raw/celebdf/Celeb-synthesis/id1_id0_0007.mp4,celebdf
fake_id1_id16_0004,test,fake,/workspace/data/raw/celebdf/Celeb-synthesis/id1_id16_0004.mp4,celebdf
fake_id1_id16_0007,test,fake,/workspace/data/raw/celebdf/Celeb-synthesis/id1_id16_0007.mp4,celebdf
fake_id1_id17_0007,test,fake,/workspace/data/raw/celebdf/Celeb-synthesis/id1_id17_0007.mp4,celebdf
fake_id1_id20_0001,test,fake,/workspace/data/raw/celebdf/Celeb-synthesis/id1_id20_0001.mp4,celebdf
fake_id1_id20_0002,test,fake,/workspace/data/raw/celebdf/Celeb-synthesis/id1_id20_0002.mp4,celebdf
fake_id1_id23_0006,test,fake,/workspace/data/raw/celebdf/Celeb-synthesis/id1_id23_0006.mp4,celebdf
fake_id1_id2_0002,test,fake,/workspace/data/raw/celebdf/Celeb-synthesis/id1_id2_0002.mp4,celebdf
fake_id1_id2_0007,test,fake,/workspace/data/raw/celebdf/Celeb-synthesis/id1_id2_0007.mp4,celebdf
fake_id1_id3_0002,test,fake,/workspace/data/raw/celebdf/Celeb-synthesis/id1_id3_0002.mp4,celebdf
fake_id1_id3_0003,test,fake,/workspace/data/raw/celebdf/Celeb-synthesis/id1_id3_0003.mp4,celebdf
fake_id1_id3_0006,test,fake,/workspace/data/raw/celebdf/Celeb-synthesis/id1_id3_0006.mp4,celebdf
fake_id1_id3_0007,test,fake,/workspace/data/raw/celebdf/Celeb-synthesis/id1_id3_0007.mp4,celebdf
fake_id1_id3_0009,test,fake,/workspace/data/raw/celebdf/Celeb-synthesis/id1_id3_0009.mp4,celebdf
fake_id1_id4_0007,test,fake,/workspace/data/raw/celebdf/Celeb-synthesis/id1_id4_0007.mp4,celebdf
fake_id1_id9_0007,test,fake,/workspace/data/raw/celebdf/Celeb-synthesis/id1_id9_0007.mp4,celebdf
fake_id20_id0_0006,test,fake,/workspace/data/raw/celebdf/Celeb-synthesis/id20_id0_0006.mp4,celebdf
fake_id20_id19_0002,test,fake,/workspace/data/raw/celebdf/Celeb-synthesis/id20_id19_0002.mp4,celebdf
fake_id20_id1_0003,test,fake,/workspace/data/raw/celebdf/Celeb-synthesis/id20_id1_0003.mp4,celebdf
fake_id20_id1_0007,test,fake,/workspace/data/raw/celebdf/Celeb-synthesis/id20_id1_0007.mp4,celebdf
fake_id20_id31_0006,test,fake,/workspace/data/raw/celebdf/Celeb-synthesis/id20_id31_0006.mp4,celebdf
fake_id20_id31_0008,test,fake,/workspace/data/raw/celebdf/Celeb-synthesis/id20_id31_0008.mp4,celebdf
fake_id20_id37_0004,test,fake,/workspace/data/raw/celebdf/Celeb-synthesis/id20_id37_0004.mp4,celebdf
fake_id20_id9_0008,test,fake,/workspace/data/raw/celebdf/Celeb-synthesis/id20_id9_0008.mp4,celebdf
fake_id21_id19_0005,test,fake,/workspace/data/raw/celebdf/Celeb-synthesis/id21_id19_0005.mp4,celebdf
fake_id21_id19_0009,test,fake,/workspace/data/raw/celebdf/Celeb-synthesis/id21_id19_0009.mp4,celebdf
fake_id21_id20_0006,test,fake,/workspace/data/raw/celebdf/Celeb-synthesis/id21_id20_0006.mp4,celebdf
fake_id21_id28_0001,test,fake,/workspace/data/raw/celebdf/Celeb-synthesis/id21_id28_0001.mp4,celebdf
fake_id21_id28_0009,test,fake,/workspace/data/raw/celebdf/Celeb-synthesis/id21_id28_0009.mp4,celebdf
fake_id21_id2_0000,test,fake,/workspace/data/raw/celebdf/Celeb-synthesis/id21_id2_0000.mp4,celebdf
fake_id21_id2_0002,test,fake,/workspace/data/raw/celebdf/Celeb-synthesis/id21_id2_0002.mp4,celebdf
fake_id21_id3_0009,test,fake,/workspace/data/raw/celebdf/Celeb-synthesis/id21_id3_0009.mp4,celebdf
fake_id21_id4_0002,test,fake,/workspace/data/raw/celebdf/Celeb-synthesis/id21_id4_0002.mp4,celebdf
fake_id21_id6_0005,test,fake,/workspace/data/raw/celebdf/Celeb-synthesis/id21_id6_0005.mp4,celebdf
fake_id21_id9_0008,test,fake,/workspace/data/raw/celebdf/Celeb-synthesis/id21_id9_0008.mp4,celebdf
fake_id22_id21_0005,test,fake,/workspace/data/raw/celebdf/Celeb-synthesis/id22_id21_0005.mp4,celebdf
fake_id22_id25_0001,test,fake,/workspace/data/raw/celebdf/Celeb-synthesis/id22_id25_0001.mp4,celebdf
fake_id22_id26_0005,test,fake,/workspace/data/raw/celebdf/Celeb-synthesis/id22_id26_0005.mp4,celebdf
fake_id22_id27_0001,test,fake,/workspace/data/raw/celebdf/Celeb-synthesis/id22_id27_0001.mp4,celebdf
fake_id22_id27_0005,test,fake,/workspace/data/raw/celebdf/Celeb-synthesis/id22_id27_0005.mp4,celebdf
fake_id22_id28_0006,test,fake,/workspace/data/raw/celebdf/Celeb-synthesis/id22_id28_0006.mp4,celebdf
fake_id23_id16_0003,test,fake,/workspace/data/raw/celebdf/Celeb-synthesis/id23_id16_0003.mp4,celebdf
fake_id23_id19_0000,test,fake,/workspace/data/raw/celebdf/Celeb-synthesis/id23_id19_0000.mp4,celebdf
fake_id23_id26_0003,test,fake,/workspace/data/raw/celebdf/Celeb-synthesis/id23_id26_0003.mp4,celebdf
fake_id23_id2_0007,test,fake,/workspace/data/raw/celebdf/Celeb-synthesis/id23_id2_0007.mp4,celebdf
fake_id23_id35_0006,test,fake,/workspace/data/raw/celebdf/Celeb-synthesis/id23_id35_0006.mp4,celebdf
fake_id23_id35_0009,test,fake,/workspace/data/raw/celebdf/Celeb-synthesis/id23_id35_0009.mp4,celebdf
fake_id23_id3_0004,test,fake,/workspace/data/raw/celebdf/Celeb-synthesis/id23_id3_0004.mp4,celebdf
fake_id23_id3_0009,test,fake,/workspace/data/raw/celebdf/Celeb-synthesis/id23_id3_0009.mp4,celebdf
fake_id24_id19_0000,test,fake,/workspace/data/raw/celebdf/Celeb-synthesis/id24_id19_0000.mp4,celebdf
fake_id24_id20_0009,test,fake,/workspace/data/raw/celebdf/Celeb-synthesis/id24_id20_0009.mp4,celebdf
fake_id24_id21_0006,test,fake,/workspace/data/raw/celebdf/Celeb-synthesis/id24_id21_0006.mp4,celebdf
fake_id24_id26_0004,test,fake,/workspace/data/raw/celebdf/Celeb-synthesis/id24_id26_0004.mp4,celebdf
fake_id24_id26_0009,test,fake,/workspace/data/raw/celebdf/Celeb-synthesis/id24_id26_0009.mp4,celebdf
fake_id25_id19_0002,test,fake,/workspace/data/raw/celebdf/Celeb-synthesis/id25_id19_0002.mp4,celebdf
fake_id25_id19_0008,test,fake,/workspace/data/raw/celebdf/Celeb-synthesis/id25_id19_0008.mp4,celebdf
fake_id25_id21_0005,test,fake,/workspace/data/raw/celebdf/Celeb-synthesis/id25_id21_0005.mp4,celebdf
fake_id25_id23_0010,test,fake,/workspace/data/raw/celebdf/Celeb-synthesis/id25_id23_0010.mp4,celebdf
fake_id25_id24_0003,test,fake,/workspace/data/raw/celebdf/Celeb-synthesis/id25_id24_0003.mp4,celebdf
fake_id25_id28_0003,test,fake,/workspace/data/raw/celebdf/Celeb-synthesis/id25_id28_0003.mp4,celebdf
fake_id25_id28_0010,test,fake,/workspace/data/raw/celebdf/Celeb-synthesis/id25_id28_0010.mp4,celebdf
fake_id26_id16_0001,test,fake,/workspace/data/raw/celebdf/Celeb-synthesis/id26_id16_0001.mp4,celebdf
fake_id26_id1_0002,test,fake,/workspace/data/raw/celebdf/Celeb-synthesis/id26_id1_0002.mp4,celebdf
fake_id26_id28_0002,test,fake,/workspace/data/raw/celebdf/Celeb-synthesis/id26_id28_0002.mp4,celebdf
fake_id26_id2_0005,test,fake,/workspace/data/raw/celebdf/Celeb-synthesis/id26_id2_0005.mp4,celebdf
fake_id26_id3_0002,test,fake,/workspace/data/raw/celebdf/Celeb-synthesis/id26_id3_0002.mp4,celebdf
fake_id27_id19_0001,test,fake,/workspace/data/raw/celebdf/Celeb-synthesis/id27_id19_0001.mp4,celebdf
fake_id27_id21_0002,test,fake,/workspace/data/raw/celebdf/Celeb-synthesis/id27_id21_0002.mp4,celebdf
fake_id27_id21_0008,test,fake,/workspace/data/raw/celebdf/Celeb-synthesis/id27_id21_0008.mp4,celebdf
fake_id27_id22_0007,test,fake,/workspace/data/raw/celebdf/Celeb-synthesis/id27_id22_0007.mp4,celebdf
fake_id27_id23_0008,test,fake,/workspace/data/raw/celebdf/Celeb-synthesis/id27_id23_0008.mp4,celebdf
fake_id27_id24_0007,test,fake,/workspace/data/raw/celebdf/Celeb-synthesis/id27_id24_0007.mp4,celebdf
fake_id27_id25_0008,test,fake,/workspace/data/raw/celebdf/Celeb-synthesis/id27_id25_0008.mp4,celebdf
fake_id27_id26_0006,test,fake,/workspace/data/raw/celebdf/Celeb-synthesis/id27_id26_0006.mp4,celebdf
fake_id28_id0_0009,test,fake,/workspace/data/raw/celebdf/Celeb-synthesis/id28_id0_0009.mp4,celebdf
fake_id28_id20_0006,test,fake,/workspace/data/raw/celebdf/Celeb-synthesis/id28_id20_0006.mp4,celebdf
fake_id28_id20_0008,test,fake,/workspace/data/raw/celebdf/Celeb-synthesis/id28_id20_0008.mp4,celebdf
fake_id28_id21_0006,test,fake,/workspace/data/raw/celebdf/Celeb-synthesis/id28_id21_0006.mp4,celebdf
fake_id28_id26_0000,test,fake,/workspace/data/raw/celebdf/Celeb-synthesis/id28_id26_0000.mp4,celebdf
fake_id28_id35_0008,test,fake,/workspace/data/raw/celebdf/Celeb-synthesis/id28_id35_0008.mp4,celebdf
fake_id28_id3_0001,test,fake,/workspace/data/raw/celebdf/Celeb-synthesis/id28_id3_0001.mp4,celebdf
fake_id28_id3_0004,test,fake,/workspace/data/raw/celebdf/Celeb-synthesis/id28_id3_0004.mp4,celebdf
fake_id28_id4_0000,test,fake,/workspace/data/raw/celebdf/Celeb-synthesis/id28_id4_0000.mp4,celebdf
fake_id28_id4_0006,test,fake,/workspace/data/raw/celebdf/Celeb-synthesis/id28_id4_0006.mp4,celebdf
fake_id28_id6_0006,test,fake,/workspace/data/raw/celebdf/Celeb-synthesis/id28_id6_0006.mp4,celebdf
fake_id28_id9_0000,test,fake,/workspace/data/raw/celebdf/Celeb-synthesis/id28_id9_0000.mp4,celebdf
fake_id29_id30_0000,test,fake,/workspace/data/raw/celebdf/Celeb-synthesis/id29_id30_0000.mp4,celebdf
fake_id29_id30_0009,test,fake,/workspace/data/raw/celebdf/Celeb-synthesis/id29_id30_0009.mp4,celebdf
fake_id29_id32_0000,test,fake,/workspace/data/raw/celebdf/Celeb-synthesis/id29_id32_0000.mp4,celebdf
fake_id29_id32_0003,test,fake,/workspace/data/raw/celebdf/Celeb-synthesis/id29_id32_0003.mp4,celebdf
fake_id29_id35_0000,test,fake,/workspace/data/raw/celebdf/Celeb-synthesis/id29_id35_0000.mp4,celebdf
fake_id29_id37_0005,test,fake,/workspace/data/raw/celebdf/Celeb-synthesis/id29_id37_0005.mp4,celebdf
fake_id29_id37_0008,test,fake,/workspace/data/raw/celebdf/Celeb-synthesis/id29_id37_0008.mp4,celebdf
fake_id29_id37_0009,test,fake,/workspace/data/raw/celebdf/Celeb-synthesis/id29_id37_0009.mp4,celebdf
fake_id29_id38_0008,test,fake,/workspace/data/raw/celebdf/Celeb-synthesis/id29_id38_0008.mp4,celebdf
fake_id2_id0_0002,test,fake,/workspace/data/raw/celebdf/Celeb-synthesis/id2_id0_0002.mp4,celebdf
fake_id2_id0_0008,test,fake,/workspace/data/raw/celebdf/Celeb-synthesis/id2_id0_0008.mp4,celebdf
fake_id2_id16_0004,test,fake,/workspace/data/raw/celebdf/Celeb-synthesis/id2_id16_0004.mp4,celebdf
fake_id2_id1_0004,test,fake,/workspace/data/raw/celebdf/Celeb-synthesis/id2_id1_0004.mp4,celebdf
fake_id2_id26_0001,test,fake,/workspace/data/raw/celebdf/Celeb-synthesis/id2_id26_0001.mp4,celebdf
fake_id2_id28_0003,test,fake,/workspace/data/raw/celebdf/Celeb-synthesis/id2_id28_0003.mp4,celebdf
fake_id2_id3_0008,test,fake,/workspace/data/raw/celebdf/Celeb-synthesis/id2_id3_0008.mp4,celebdf
fake_id2_id6_0002,test,fake,/workspace/data/raw/celebdf/Celeb-synthesis/id2_id6_0002.mp4,celebdf
fake_id2_id9_0008,test,fake,/workspace/data/raw/celebdf/Celeb-synthesis/id2_id9_0008.mp4,celebdf
fake_id30_id20_0004,test,fake,/workspace/data/raw/celebdf/Celeb-synthesis/id30_id20_0004.mp4,celebdf
fake_id30_id21_0002,test,fake,/workspace/data/raw/celebdf/Celeb-synthesis/id30_id21_0002.mp4,celebdf
fake_id30_id21_0005,test,fake,/workspace/data/raw/celebdf/Celeb-synthesis/id30_id21_0005.mp4,celebdf
fake_id30_id23_0002,test,fake,/workspace/data/raw/celebdf/Celeb-synthesis/id30_id23_0002.mp4,celebdf
fake_id30_id23_0007,test,fake,/workspace/data/raw/celebdf/Celeb-synthesis/id30_id23_0007.mp4,celebdf
fake_id30_id26_0004,test,fake,/workspace/data/raw/celebdf/Celeb-synthesis/id30_id26_0004.mp4,celebdf
fake_id30_id26_0006,test,fake,/workspace/data/raw/celebdf/Celeb-synthesis/id30_id26_0006.mp4,celebdf
fake_id30_id28_0000,test,fake,/workspace/data/raw/celebdf/Celeb-synthesis/id30_id28_0000.mp4,celebdf
fake_id30_id28_0004,test,fake,/workspace/data/raw/celebdf/Celeb-synthesis/id30_id28_0004.mp4,celebdf
fake_id30_id28_0006,test,fake,/workspace/data/raw/celebdf/Celeb-synthesis/id30_id28_0006.mp4,celebdf
fake_id30_id32_0006,test,fake,/workspace/data/raw/celebdf/Celeb-synthesis/id30_id32_0006.mp4,celebdf
fake_id30_id34_0003,test,fake,/workspace/data/raw/celebdf/Celeb-synthesis/id30_id34_0003.mp4,celebdf
fake_id30_id35_0009,test,fake,/workspace/data/raw/celebdf/Celeb-synthesis/id30_id35_0009.mp4,celebdf
fake_id30_id3_0002,test,fake,/workspace/data/raw/celebdf/Celeb-synthesis/id30_id3_0002.mp4,celebdf
fake_id30_id3_0006,test,fake,/workspace/data/raw/celebdf/Celeb-synthesis/id30_id3_0006.mp4,celebdf
fake_id30_id4_0001,test,fake,/workspace/data/raw/celebdf/Celeb-synthesis/id30_id4_0001.mp4,celebdf
fake_id30_id6_0007,test,fake,/workspace/data/raw/celebdf/Celeb-synthesis/id30_id6_0007.mp4,celebdf
fake_id31_id16_0002,test,fake,/workspace/data/raw/celebdf/Celeb-synthesis/id31_id16_0002.mp4,celebdf
fake_id31_id2_0004,test,fake,/workspace/data/raw/celebdf/Celeb-synthesis/id31_id2_0004.mp4,celebdf
fake_id31_id30_0009,test,fake,/workspace/data/raw/celebdf/Celeb-synthesis/id31_id30_0009.mp4,celebdf
fake_id31_id33_0008,test,fake,/workspace/data/raw/celebdf/Celeb-synthesis/id31_id33_0008.mp4,celebdf
fake_id31_id33_0009,test,fake,/workspace/data/raw/celebdf/Celeb-synthesis/id31_id33_0009.mp4,celebdf
fake_id32_id31_0006,test,fake,/workspace/data/raw/celebdf/Celeb-synthesis/id32_id31_0006.mp4,celebdf
fake_id32_id31_0008,test,fake,/workspace/data/raw/celebdf/Celeb-synthesis/id32_id31_0008.mp4,celebdf
fake_id32_id33_0002,test,fake,/workspace/data/raw/celebdf/Celeb-synthesis/id32_id33_0002.mp4,celebdf
fake_id32_id33_0004,test,fake,/workspace/data/raw/celebdf/Celeb-synthesis/id32_id33_0004.mp4,celebdf
fake_id33_id29_0004,test,fake,/workspace/data/raw/celebdf/Celeb-synthesis/id33_id29_0004.mp4,celebdf
fake_id33_id32_0006,test,fake,/workspace/data/raw/celebdf/Celeb-synthesis/id33_id32_0006.mp4,celebdf
fake_id33_id38_0001,test,fake,/workspace/data/raw/celebdf/Celeb-synthesis/id33_id38_0001.mp4,celebdf
fake_id34_id29_0008,test,fake,/workspace/data/raw/celebdf/Celeb-synthesis/id34_id29_0008.mp4,celebdf
fake_id34_id32_0007,test,fake,/workspace/data/raw/celebdf/Celeb-synthesis/id34_id32_0007.mp4,celebdf
fake_id34_id33_0002,test,fake,/workspace/data/raw/celebdf/Celeb-synthesis/id34_id33_0002.mp4,celebdf
fake_id34_id33_0005,test,fake,/workspace/data/raw/celebdf/Celeb-synthesis/id34_id33_0005.mp4,celebdf
fake_id35_id16_0004,test,fake,/workspace/data/raw/celebdf/Celeb-synthesis/id35_id16_0004.mp4,celebdf
fake_id35_id16_0007,test,fake,/workspace/data/raw/celebdf/Celeb-synthesis/id35_id16_0007.mp4,celebdf
fake_id35_id20_0007,test,fake,/workspace/data/raw/celebdf/Celeb-synthesis/id35_id20_0007.mp4,celebdf
fake_id35_id23_0007,test,fake,/workspace/data/raw/celebdf/Celeb-synthesis/id35_id23_0007.mp4,celebdf
fake_id35_id26_0003,test,fake,/workspace/data/raw/celebdf/Celeb-synthesis/id35_id26_0003.mp4,celebdf
fake_id35_id28_0006,test,fake,/workspace/data/raw/celebdf/Celeb-synthesis/id35_id28_0006.mp4,celebdf
fake_id35_id30_0006,test,fake,/workspace/data/raw/celebdf/Celeb-synthesis/id35_id30_0006.mp4,celebdf
fake_id35_id31_0006,test,fake,/workspace/data/raw/celebdf/Celeb-synthesis/id35_id31_0006.mp4,celebdf
fake_id35_id31_0007,test,fake,/workspace/data/raw/celebdf/Celeb-synthesis/id35_id31_0007.mp4,celebdf
fake_id35_id31_0009,test,fake,/workspace/data/raw/celebdf/Celeb-synthesis/id35_id31_0009.mp4,celebdf
fake_id35_id32_0007,test,fake,/workspace/data/raw/celebdf/Celeb-synthesis/id35_id32_0007.mp4,celebdf
fake_id35_id34_0002,test,fake,/workspace/data/raw/celebdf/Celeb-synthesis/id35_id34_0002.mp4,celebdf
fake_id37_id1_0002,test,fake,/workspace/data/raw/celebdf/Celeb-synthesis/id37_id1_0002.mp4,celebdf
fake_id37_id21_0000,test,fake,/workspace/data/raw/celebdf/Celeb-synthesis/id37_id21_0000.mp4,celebdf
fake_id37_id21_0005,test,fake,/workspace/data/raw/celebdf/Celeb-synthesis/id37_id21_0005.mp4,celebdf
fake_id37_id28_0007,test,fake,/workspace/data/raw/celebdf/Celeb-synthesis/id37_id28_0007.mp4,celebdf
fake_id37_id28_0008,test,fake,/workspace/data/raw/celebdf/Celeb-synthesis/id37_id28_0008.mp4,celebdf
fake_id37_id29_0002,test,fake,/workspace/data/raw/celebdf/Celeb-synthesis/id37_id29_0002.mp4,celebdf
fake_id37_id2_0009,test,fake,/workspace/data/raw/celebdf/Celeb-synthesis/id37_id2_0009.mp4,celebdf
fake_id37_id31_0008,test,fake,/workspace/data/raw/celebdf/Celeb-synthesis/id37_id31_0008.mp4,celebdf
fake_id37_id34_0008,test,fake,/workspace/data/raw/celebdf/Celeb-synthesis/id37_id34_0008.mp4,celebdf
fake_id37_id35_0001,test,fake,/workspace/data/raw/celebdf/Celeb-synthesis/id37_id35_0001.mp4,celebdf
fake_id37_id35_0005,test,fake,/workspace/data/raw/celebdf/Celeb-synthesis/id37_id35_0005.mp4,celebdf
fake_id37_id38_0009,test,fake,/workspace/data/raw/celebdf/Celeb-synthesis/id37_id38_0009.mp4,celebdf
fake_id37_id3_0004,test,fake,/workspace/data/raw/celebdf/Celeb-synthesis/id37_id3_0004.mp4,celebdf
fake_id37_id3_0006,test,fake,/workspace/data/raw/celebdf/Celeb-synthesis/id37_id3_0006.mp4,celebdf
fake_id37_id4_0000,test,fake,/workspace/data/raw/celebdf/Celeb-synthesis/id37_id4_0000.mp4,celebdf
fake_id38_id30_0006,test,fake,/workspace/data/raw/celebdf/Celeb-synthesis/id38_id30_0006.mp4,celebdf
fake_id38_id33_0005,test,fake,/workspace/data/raw/celebdf/Celeb-synthesis/id38_id33_0005.mp4,celebdf
fake_id38_id34_0003,test,fake,/workspace/data/raw/celebdf/Celeb-synthesis/id38_id34_0003.mp4,celebdf
fake_id38_id34_0004,test,fake,/workspace/data/raw/celebdf/Celeb-synthesis/id38_id34_0004.mp4,celebdf
fake_id39_id44_0000,test,fake,/workspace/data/raw/celebdf/Celeb-synthesis/id39_id44_0000.mp4,celebdf
fake_id39_id44_0008,test,fake,/workspace/data/raw/celebdf/Celeb-synthesis/id39_id44_0008.mp4,celebdf
fake_id39_id47_0004,test,fake,/workspace/data/raw/celebdf/Celeb-synthesis/id39_id47_0004.mp4,celebdf
fake_id3_id16_0001,test,fake,/workspace/data/raw/celebdf/Celeb-synthesis/id3_id16_0001.mp4,celebdf
fake_id3_id1_0001,test,fake,/workspace/data/raw/celebdf/Celeb-synthesis/id3_id1_0001.mp4,celebdf
fake_id3_id20_0008,test,fake,/workspace/data/raw/celebdf/Celeb-synthesis/id3_id20_0008.mp4,celebdf
fake_id3_id28_0001,test,fake,/workspace/data/raw/celebdf/Celeb-synthesis/id3_id28_0001.mp4,celebdf
fake_id3_id28_0002,test,fake,/workspace/data/raw/celebdf/Celeb-synthesis/id3_id28_0002.mp4,celebdf
fake_id3_id28_0009,test,fake,/workspace/data/raw/celebdf/Celeb-synthesis/id3_id28_0009.mp4,celebdf
fake_id3_id2_0001,test,fake,/workspace/data/raw/celebdf/Celeb-synthesis/id3_id2_0001.mp4,celebdf
fake_id3_id4_0001,test,fake,/workspace/data/raw/celebdf/Celeb-synthesis/id3_id4_0001.mp4,celebdf
fake_id3_id6_0001,test,fake,/workspace/data/raw/celebdf/Celeb-synthesis/id3_id6_0001.mp4,celebdf
fake_id3_id9_0001,test,fake,/workspace/data/raw/celebdf/Celeb-synthesis/id3_id9_0001.mp4,celebdf
fake_id3_id9_0003,test,fake,/workspace/data/raw/celebdf/Celeb-synthesis/id3_id9_0003.mp4,celebdf
fake_id42_id40_0001,test,fake,/workspace/data/raw/celebdf/Celeb-synthesis/id42_id40_0001.mp4,celebdf
fake_id43_id39_0000,test,fake,/workspace/data/raw/celebdf/Celeb-synthesis/id43_id39_0000.mp4,celebdf
fake_id43_id40_0005,test,fake,/workspace/data/raw/celebdf/Celeb-synthesis/id43_id40_0005.mp4,celebdf
fake_id44_id41_0005,test,fake,/workspace/data/raw/celebdf/Celeb-synthesis/id44_id41_0005.mp4,celebdf
fake_id44_id42_0001,test,fake,/workspace/data/raw/celebdf/Celeb-synthesis/id44_id42_0001.mp4,celebdf
fake_id44_id45_0000,test,fake,/workspace/data/raw/celebdf/Celeb-synthesis/id44_id45_0000.mp4,celebdf
fake_id45_id39_0008,test,fake,/workspace/data/raw/celebdf/Celeb-synthesis/id45_id39_0008.mp4,celebdf
fake_id45_id47_0002,test,fake,/workspace/data/raw/celebdf/Celeb-synthesis/id45_id47_0002.mp4,celebdf
fake_id46_id39_0000,test,fake,/workspace/data/raw/celebdf/Celeb-synthesis/id46_id39_0000.mp4,celebdf
fake_id46_id41_0000,test,fake,/workspace/data/raw/celebdf/Celeb-synthesis/id46_id41_0000.mp4,celebdf
fake_id46_id45_0001,test,fake,/workspace/data/raw/celebdf/Celeb-synthesis/id46_id45_0001.mp4,celebdf
fake_id47_id43_0007,test,fake,/workspace/data/raw/celebdf/Celeb-synthesis/id47_id43_0007.mp4,celebdf
fake_id48_id41_0001,test,fake,/workspace/data/raw/celebdf/Celeb-synthesis/id48_id41_0001.mp4,celebdf
fake_id48_id45_0002,test,fake,/workspace/data/raw/celebdf/Celeb-synthesis/id48_id45_0002.mp4,celebdf
fake_id48_id47_0008,test,fake,/workspace/data/raw/celebdf/Celeb-synthesis/id48_id47_0008.mp4,celebdf
fake_id49_id52_0005,test,fake,/workspace/data/raw/celebdf/Celeb-synthesis/id49_id52_0005.mp4,celebdf
fake_id49_id52_0007,test,fake,/workspace/data/raw/celebdf/Celeb-synthesis/id49_id52_0007.mp4,celebdf
fake_id4_id0_0000,test,fake,/workspace/data/raw/celebdf/Celeb-synthesis/id4_id0_0000.mp4,celebdf
fake_id4_id0_0001,test,fake,/workspace/data/raw/celebdf/Celeb-synthesis/id4_id0_0001.mp4,celebdf
fake_id4_id0_0004,test,fake,/workspace/data/raw/celebdf/Celeb-synthesis/id4_id0_0004.mp4,celebdf
fake_id4_id1_0002,test,fake,/workspace/data/raw/celebdf/Celeb-synthesis/id4_id1_0002.mp4,celebdf
fake_id4_id1_0003,test,fake,/workspace/data/raw/celebdf/Celeb-synthesis/id4_id1_0003.mp4,celebdf
fake_id4_id20_0000,test,fake,/workspace/data/raw/celebdf/Celeb-synthesis/id4_id20_0000.mp4,celebdf
fake_id4_id20_0001,test,fake,/workspace/data/raw/celebdf/Celeb-synthesis/id4_id20_0001.mp4,celebdf
fake_id4_id20_0008,test,fake,/workspace/data/raw/celebdf/Celeb-synthesis/id4_id20_0008.mp4,celebdf
fake_id4_id21_0004,test,fake,/workspace/data/raw/celebdf/Celeb-synthesis/id4_id21_0004.mp4,celebdf
fake_id4_id21_0009,test,fake,/workspace/data/raw/celebdf/Celeb-synthesis/id4_id21_0009.mp4,celebdf
fake_id4_id23_0006,test,fake,/workspace/data/raw/celebdf/Celeb-synthesis/id4_id23_0006.mp4,celebdf
fake_id4_id26_0007,test,fake,/workspace/data/raw/celebdf/Celeb-synthesis/id4_id26_0007.mp4,celebdf
fake_id4_id28_0006,test,fake,/workspace/data/raw/celebdf/Celeb-synthesis/id4_id28_0006.mp4,celebdf
fake_id4_id2_0003,test,fake,/workspace/data/raw/celebdf/Celeb-synthesis/id4_id2_0003.mp4,celebdf
fake_id4_id30_0000,test,fake,/workspace/data/raw/celebdf/Celeb-synthesis/id4_id30_0000.mp4,celebdf
fake_id4_id37_0006,test,fake,/workspace/data/raw/celebdf/Celeb-synthesis/id4_id37_0006.mp4,celebdf
fake_id4_id6_0002,test,fake,/workspace/data/raw/celebdf/Celeb-synthesis/id4_id6_0002.mp4,celebdf
fake_id4_id6_0008,test,fake,/workspace/data/raw/celebdf/Celeb-synthesis/id4_id6_0008.mp4,celebdf
fake_id50_id49_0001,test,fake,/workspace/data/raw/celebdf/Celeb-synthesis/id50_id49_0001.mp4,celebdf
fake_id50_id53_0000,test,fake,/workspace/data/raw/celebdf/Celeb-synthesis/id50_id53_0000.mp4,celebdf
fake_id50_id56_0005,test,fake,/workspace/data/raw/celebdf/Celeb-synthesis/id50_id56_0005.mp4,celebdf
fake_id51_id50_0008,test,fake,/workspace/data/raw/celebdf/Celeb-synthesis/id51_id50_0008.mp4,celebdf
fake_id51_id57_0004,test,fake,/workspace/data/raw/celebdf/Celeb-synthesis/id51_id57_0004.mp4,celebdf
fake_id52_id50_0007,test,fake,/workspace/data/raw/celebdf/Celeb-synthesis/id52_id50_0007.mp4,celebdf
fake_id52_id58_0005,test,fake,/workspace/data/raw/celebdf/Celeb-synthesis/id52_id58_0005.mp4,celebdf
fake_id53_id52_0003,test,fake,/workspace/data/raw/celebdf/Celeb-synthesis/id53_id52_0003.mp4,celebdf
fake_id53_id57_0005,test,fake,/workspace/data/raw/celebdf/Celeb-synthesis/id53_id57_0005.mp4,celebdf
fake_id53_id58_0005,test,fake,/workspace/data/raw/celebdf/Celeb-synthesis/id53_id58_0005.mp4,celebdf
fake_id54_id49_0003,test,fake,/workspace/data/raw/celebdf/Celeb-synthesis/id54_id49_0003.mp4,celebdf
fake_id54_id56_0000,test,fake,/workspace/data/raw/celebdf/Celeb-synthesis/id54_id56_0000.mp4,celebdf
fake_id54_id56_0006,test,fake,/workspace/data/raw/celebdf/Celeb-synthesis/id54_id56_0006.mp4,celebdf
fake_id54_id58_0006,test,fake,/workspace/data/raw/celebdf/Celeb-synthesis/id54_id58_0006.mp4,celebdf
fake_id55_id57_0002,test,fake,/workspace/data/raw/celebdf/Celeb-synthesis/id55_id57_0002.mp4,celebdf
fake_id56_id51_0000,test,fake,/workspace/data/raw/celebdf/Celeb-synthesis/id56_id51_0000.mp4,celebdf
fake_id56_id54_0007,test,fake,/workspace/data/raw/celebdf/Celeb-synthesis/id56_id54_0007.mp4,celebdf
fake_id56_id55_0009,test,fake,/workspace/data/raw/celebdf/Celeb-synthesis/id56_id55_0009.mp4,celebdf
fake_id56_id57_0007,test,fake,/workspace/data/raw/celebdf/Celeb-synthesis/id56_id57_0007.mp4,celebdf
fake_id57_id51_0000,test,fake,/workspace/data/raw/celebdf/Celeb-synthesis/id57_id51_0000.mp4,celebdf
fake_id57_id53_0006,test,fake,/workspace/data/raw/celebdf/Celeb-synthesis/id57_id53_0006.mp4,celebdf
fake_id58_id57_0008,test,fake,/workspace/data/raw/celebdf/Celeb-synthesis/id58_id57_0008.mp4,celebdf
fake_id6_id0_0005,test,fake,/workspace/data/raw/celebdf/Celeb-synthesis/id6_id0_0005.mp4,celebdf
fake_id6_id16_0005,test,fake,/workspace/data/raw/celebdf/Celeb-synthesis/id6_id16_0005.mp4,celebdf
fake_id6_id1_0005,test,fake,/workspace/data/raw/celebdf/Celeb-synthesis/id6_id1_0005.mp4,celebdf
fake_id6_id1_0007,test,fake,/workspace/data/raw/celebdf/Celeb-synthesis/id6_id1_0007.mp4,celebdf
fake_id6_id20_0007,test,fake,/workspace/data/raw/celebdf/Celeb-synthesis/id6_id20_0007.mp4,celebdf
fake_id6_id21_0006,test,fake,/workspace/data/raw/celebdf/Celeb-synthesis/id6_id21_0006.mp4,celebdf
fake_id6_id23_0001,test,fake,/workspace/data/raw/celebdf/Celeb-synthesis/id6_id23_0001.mp4,celebdf
fake_id6_id23_0006,test,fake,/workspace/data/raw/celebdf/Celeb-synthesis/id6_id23_0006.mp4,celebdf
fake_id6_id28_0002,test,fake,/workspace/data/raw/celebdf/Celeb-synthesis/id6_id28_0002.mp4,celebdf
fake_id6_id2_0005,test,fake,/workspace/data/raw/celebdf/Celeb-synthesis/id6_id2_0005.mp4,celebdf
fake_id6_id2_0008,test,fake,/workspace/data/raw/celebdf/Celeb-synthesis/id6_id2_0008.mp4,celebdf
fake_id6_id3_0005,test,fake,/workspace/data/raw/celebdf/Celeb-synthesis/id6_id3_0005.mp4,celebdf
fake_id6_id9_0006,test,fake,/workspace/data/raw/celebdf/Celeb-synthesis/id6_id9_0006.mp4,celebdf
fake_id7_id10_0009,test,fake,/workspace/data/raw/celebdf/Celeb-synthesis/id7_id10_0009.mp4,celebdf
fake_id7_id11_0007,test,fake,/workspace/data/raw/celebdf/Celeb-synthesis/id7_id11_0007.mp4,celebdf
fake_id7_id11_0009,test,fake,/workspace/data/raw/celebdf/Celeb-synthesis/id7_id11_0009.mp4,celebdf
fake_id7_id13_0009,test,fake,/workspace/data/raw/celebdf/Celeb-synthesis/id7_id13_0009.mp4,celebdf
fake_id8_id0_0002,test,fake,/workspace/data/raw/celebdf/Celeb-synthesis/id8_id0_0002.mp4,celebdf
fake_id8_id3_0003,test,fake,/workspace/data/raw/celebdf/Celeb-synthesis/id8_id3_0003.mp4,celebdf
fake_id8_id5_0008,test,fake,/workspace/data/raw/celebdf/Celeb-synthesis/id8_id5_0008.mp4,celebdf
fake_id8_id6_0002,test,fake,/workspace/data/raw/celebdf/Celeb-synthesis/id8_id6_0002.mp4,celebdf
fake_id9_id0_0000,test,fake,/workspace/data/raw/celebdf/Celeb-synthesis/id9_id0_0000.mp4,celebdf
fake_id9_id0_0006,test,fake,/workspace/data/raw/celebdf/Celeb-synthesis/id9_id0_0006.mp4,celebdf
fake_id9_id16_0000,test,fake,/workspace/data/raw/celebdf/Celeb-synthesis/id9_id16_0000.mp4,celebdf
fake_id9_id16_0007,test,fake,/workspace/data/raw/celebdf/Celeb-synthesis/id9_id16_0007.mp4,celebdf
fake_id9_id1_0000,test,fake,/workspace/data/raw/celebdf/Celeb-synthesis/id9_id1_0000.mp4,celebdf
fake_id9_id20_0002,test,fake,/workspace/data/raw/celebdf/Celeb-synthesis/id9_id20_0002.mp4,celebdf
fake_id9_id23_0009,test,fake,/workspace/data/raw/celebdf/Celeb-synthesis/id9_id23_0009.mp4,celebdf
fake_id9_id26_0000,test,fake,/workspace/data/raw/celebdf/Celeb-synthesis/id9_id26_0000.mp4,celebdf
fake_id9_id2_0000,test,fake,/workspace/data/raw/celebdf/Celeb-synthesis/id9_id2_0000.mp4,celebdf
fake_id9_id2_0006,test,fake,/workspace/data/raw/celebdf/Celeb-synthesis/id9_id2_0006.mp4,celebdf
fake_id9_id2_0008,test,fake,/workspace/data/raw/celebdf/Celeb-synthesis/id9_id2_0008.mp4,celebdf
fake_id9_id3_0000,test,fake,/workspace/data/raw/celebdf/Celeb-synthesis/id9_id3_0000.mp4,celebdf
fake_id9_id3_0009,test,fake,/workspace/data/raw/celebdf/Celeb-synthesis/id9_id3_0009.mp4,celebdf
fake_id9_id6_0000,test,fake,/workspace/data/raw/celebdf/Celeb-synthesis/id9_id6_0000.mp4,celebdf
fake_id9_id6_0005,test,fake,/workspace/data/raw/celebdf/Celeb-synthesis/id9_id6_0005.mp4,celebdf
