video_id,split,label,abs_path,source
dfdc_train_part_1_zumqqvixhu,train,fake,/workspace/data/raw/dfdc/dfdc_train_part_01/dfdc_train_part_1/zumqqvixhu.mp4,dfdc_train_part_1
dfdc_train_part_1_utdlsqfykm,train,fake,/workspace/data/raw/dfdc/dfdc_train_part_01/dfdc_train_part_1/utdlsqfykm.mp4,dfdc_train_part_1
dfdc_train_part_1_mdfndlljvt,train,fake,/workspace/data/raw/dfdc/dfdc_train_part_01/dfdc_train_part_1/mdfndlljvt.mp4,dfdc_train_part_1
dfdc_train_part_1_maktypgsfl,train,fake,/workspace/data/raw/dfdc/dfdc_train_part_01/dfdc_train_part_1/maktypgsfl.mp4,dfdc_train_part_1
dfdc_train_part_1_pleqihjpif,train,fake,/workspace/data/raw/dfdc/dfdc_train_part_01/dfdc_train_part_1/pleqihjpif.mp4,dfdc_train_part_1
dfdc_train_part_1_yejvlyggtw,train,fake,/workspace/data/raw/dfdc/dfdc_train_part_01/dfdc_train_part_1/yejvlyggtw.mp4,dfdc_train_part_1
dfdc_train_part_1_yotsfuryir,train,fake,/workspace/data/raw/dfdc/dfdc_train_part_01/dfdc_train_part_1/yotsfuryir.mp4,dfdc_train_part_1
dfdc_train_part_1_tguqyatciq,train,fake,/workspace/data/raw/dfdc/dfdc_train_part_01/dfdc_train_part_1/tguqyatciq.mp4,dfdc_train_part_1
dfdc_train_part_1_fjzrvkleur,train,fake,/workspace/data/raw/dfdc/dfdc_train_part_01/dfdc_train_part_1/fjzrvkleur.mp4,dfdc_train_part_1
dfdc_train_part_1_kylqyoxeqm,train,fake,/workspace/data/raw/dfdc/dfdc_train_part_01/dfdc_train_part_1/kylqyoxeqm.mp4,dfdc_train_part_1
dfdc_train_part_1_txvcwipjsf,train,fake,/workspace/data/raw/dfdc/dfdc_train_part_01/dfdc_train_part_1/txvcwipjsf.mp4,dfdc_train_part_1
dfdc_train_part_1_ehthgupumf,train,fake,/workspace/data/raw/dfdc/dfdc_train_part_01/dfdc_train_part_1/ehthgupumf.mp4,dfdc_train_part_1
dfdc_train_part_1_mmzyykqddf,train,fake,/workspace/data/raw/dfdc/dfdc_train_part_01/dfdc_train_part_1/mmzyykqddf.mp4,dfdc_train_part_1
dfdc_train_part_1_vnvqcbunxx,train,fake,/workspace/data/raw/dfdc/dfdc_train_part_01/dfdc_train_part_1/vnvqcbunxx.mp4,dfdc_train_part_1
dfdc_train_part_1_wqbetjqhaz,train,fake,/workspace/data/raw/dfdc/dfdc_train_part_01/dfdc_train_part_1/wqbetjqhaz.mp4,dfdc_train_part_1
dfdc_train_part_1_etkmawxvet,train,fake,/workspace/data/raw/dfdc/dfdc_train_part_01/dfdc_train_part_1/etkmawxvet.mp4,dfdc_train_part_1
dfdc_train_part_1_njtvpzyysk,train,fake,/workspace/data/raw/dfdc/dfdc_train_part_01/dfdc_train_part_1/njtvpzyysk.mp4,dfdc_train_part_1
dfdc_train_part_1_zmkmyjlzpt,train,fake,/workspace/data/raw/dfdc/dfdc_train_part_01/dfdc_train_part_1/zmkmyjlzpt.mp4,dfdc_train_part_1
dfdc_train_part_1_ooafcxxfrs,train,real,/workspace/data/raw/dfdc/dfdc_train_part_01/dfdc_train_part_1/ooafcxxfrs.mp4,dfdc_train_part_1
dfdc_train_part_1_gshruegrcb,train,fake,/workspace/data/raw/dfdc/dfdc_train_part_01/dfdc_train_part_1/gshruegrcb.mp4,dfdc_train_part_1
dfdc_train_part_1_fwifdmqqjc,train,fake,/workspace/data/raw/dfdc/dfdc_train_part_01/dfdc_train_part_1/fwifdmqqjc.mp4,dfdc_train_part_1
dfdc_train_part_1_spetzyllrv,train,fake,/workspace/data/raw/dfdc/dfdc_train_part_01/dfdc_train_part_1/spetzyllrv.mp4,dfdc_train_part_1
dfdc_train_part_1_lnfnzdyelg,train,fake,/workspace/data/raw/dfdc/dfdc_train_part_01/dfdc_train_part_1/lnfnzdyelg.mp4,dfdc_train_part_1
dfdc_train_part_1_lbflwoaoyu,train,fake,/workspace/data/raw/dfdc/dfdc_train_part_01/dfdc_train_part_1/lbflwoaoyu.mp4,dfdc_train_part_1
dfdc_train_part_1_mcjocflwhp,train,fake,/workspace/data/raw/dfdc/dfdc_train_part_01/dfdc_train_part_1/mcjocflwhp.mp4,dfdc_train_part_1
dfdc_train_part_1_ujslmfluwe,train,fake,/workspace/data/raw/dfdc/dfdc_train_part_01/dfdc_train_part_1/ujslmfluwe.mp4,dfdc_train_part_1
dfdc_train_part_1_kvmpmhdxly,train,real,/workspace/data/raw/dfdc/dfdc_train_part_01/dfdc_train_part_1/kvmpmhdxly.mp4,dfdc_train_part_1
dfdc_train_part_1_kgpibfbwhy,train,fake,/workspace/data/raw/dfdc/dfdc_train_part_01/dfdc_train_part_1/kgpibfbwhy.mp4,dfdc_train_part_1
dfdc_train_part_1_tlmlrntoxs,train,fake,/workspace/data/raw/dfdc/dfdc_train_part_01/dfdc_train_part_1/tlmlrntoxs.mp4,dfdc_train_part_1
dfdc_train_part_1_rzwpdhlyjs,train,fake,/workspace/data/raw/dfdc/dfdc_train_part_01/dfdc_train_part_1/rzwpdhlyjs.mp4,dfdc_train_part_1
dfdc_train_part_1_occenqcbkz,train,fake,/workspace/data/raw/dfdc/dfdc_train_part_01/dfdc_train_part_1/occenqcbkz.mp4,dfdc_train_part_1
dfdc_train_part_1_mfgihrurqm,train,fake,/workspace/data/raw/dfdc/dfdc_train_part_01/dfdc_train_part_1/mfgihrurqm.mp4,dfdc_train_part_1
dfdc_train_part_1_fyiymoftcx,train,fake,/workspace/data/raw/dfdc/dfdc_train_part_01/dfdc_train_part_1/fyiymoftcx.mp4,dfdc_train_part_1
dfdc_train_part_1_fmhiujydwo,train,real,/workspace/data/raw/dfdc/dfdc_train_part_01/dfdc_train_part_1/fmhiujydwo.mp4,dfdc_train_part_1
dfdc_train_part_1_orblnqzpra,train,real,/workspace/data/raw/dfdc/dfdc_train_part_01/dfdc_train_part_1/orblnqzpra.mp4,dfdc_train_part_1
dfdc_train_part_1_dikzljabcv,train,fake,/workspace/data/raw/dfdc/dfdc_train_part_01/dfdc_train_part_1/dikzljabcv.mp4,dfdc_train_part_1
dfdc_train_part_1_zhpatactee,train,fake,/workspace/data/raw/dfdc/dfdc_train_part_01/dfdc_train_part_1/zhpatactee.mp4,dfdc_train_part_1
dfdc_train_part_1_vdtsbqidjb,train,fake,/workspace/data/raw/dfdc/dfdc_train_part_01/dfdc_train_part_1/vdtsbqidjb.mp4,dfdc_train_part_1
dfdc_train_part_1_ettliojswb,train,fake,/workspace/data/raw/dfdc/dfdc_train_part_01/dfdc_train_part_1/ettliojswb.mp4,dfdc_train_part_1
dfdc_train_part_1_gyiknkigjg,train,fake,/workspace/data/raw/dfdc/dfdc_train_part_01/dfdc_train_part_1/gyiknkigjg.mp4,dfdc_train_part_1
dfdc_train_part_1_eyfliddvar,train,fake,/workspace/data/raw/dfdc/dfdc_train_part_01/dfdc_train_part_1/eyfliddvar.mp4,dfdc_train_part_1
dfdc_train_part_1_bjeiutsvuz,train,fake,/workspace/data/raw/dfdc/dfdc_train_part_01/dfdc_train_part_1/bjeiutsvuz.mp4,dfdc_train_part_1
dfdc_train_part_1_bkxxbtsvkz,train,fake,/workspace/data/raw/dfdc/dfdc_train_part_01/dfdc_train_part_1/bkxxbtsvkz.mp4,dfdc_train_part_1
dfdc_train_part_1_ifjqwcoaqa,train,fake,/workspace/data/raw/dfdc/dfdc_train_part_01/dfdc_train_part_1/ifjqwcoaqa.mp4,dfdc_train_part_1
dfdc_train_part_1_udynlsccpj,train,fake,/workspace/data/raw/dfdc/dfdc_train_part_01/dfdc_train_part_1/udynlsccpj.mp4,dfdc_train_part_1
dfdc_train_part_1_zzeircwkbh,train,fake,/workspace/data/raw/dfdc/dfdc_train_part_01/dfdc_train_part_1/zzeircwkbh.mp4,dfdc_train_part_1
dfdc_train_part_1_yowlrvmqyq,train,fake,/workspace/data/raw/dfdc/dfdc_train_part_01/dfdc_train_part_1/yowlrvmqyq.mp4,dfdc_train_part_1
dfdc_train_part_1_gfdocnszxc,train,fake,/workspace/data/raw/dfdc/dfdc_train_part_01/dfdc_train_part_1/gfdocnszxc.mp4,dfdc_train_part_1
dfdc_train_part_1_krxoipopjy,train,fake,/workspace/data/raw/dfdc/dfdc_train_part_01/dfdc_train_part_1/krxoipopjy.mp4,dfdc_train_part_1
dfdc_train_part_1_ssuteaoloo,train,fake,/workspace/data/raw/dfdc/dfdc_train_part_01/dfdc_train_part_1/ssuteaoloo.mp4,dfdc_train_part_1
dfdc_train_part_1_myseqtaakr,train,fake,/workspace/data/raw/dfdc/dfdc_train_part_01/dfdc_train_part_1/myseqtaakr.mp4,dfdc_train_part_1
dfdc_train_part_1_lthuwimxlk,train,fake,/workspace/data/raw/dfdc/dfdc_train_part_01/dfdc_train_part_1/lthuwimxlk.mp4,dfdc_train_part_1
dfdc_train_part_1_gkqzhnqfxo,train,fake,/workspace/data/raw/dfdc/dfdc_train_part_01/dfdc_train_part_1/gkqzhnqfxo.mp4,dfdc_train_part_1
dfdc_train_part_1_vgvqcbtepv,train,fake,/workspace/data/raw/dfdc/dfdc_train_part_01/dfdc_train_part_1/vgvqcbtepv.mp4,dfdc_train_part_1
dfdc_train_part_1_moytwoyusu,train,fake,/workspace/data/raw/dfdc/dfdc_train_part_01/dfdc_train_part_1/moytwoyusu.mp4,dfdc_train_part_1
dfdc_train_part_1_mhdugjpmkg,train,fake,/workspace/data/raw/dfdc/dfdc_train_part_01/dfdc_train_part_1/mhdugjpmkg.mp4,dfdc_train_part_1
dfdc_train_part_1_mubqivmfzp,train,fake,/workspace/data/raw/dfdc/dfdc_train_part_01/dfdc_train_part_1/mubqivmfzp.mp4,dfdc_train_part_1
dfdc_train_part_1_pjqwaiphnt,train,fake,/workspace/data/raw/dfdc/dfdc_train_part_01/dfdc_train_part_1/pjqwaiphnt.mp4,dfdc_train_part_1
dfdc_train_part_1_wzxhwvtloi,train,fake,/workspace/data/raw/dfdc/dfdc_train_part_01/dfdc_train_part_1/wzxhwvtloi.mp4,dfdc_train_part_1
dfdc_train_part_1_wldtjcifgl,train,fake,/workspace/data/raw/dfdc/dfdc_train_part_01/dfdc_train_part_1/wldtjcifgl.mp4,dfdc_train_part_1
dfdc_train_part_1_alxffdisev,train,fake,/workspace/data/raw/dfdc/dfdc_train_part_01/dfdc_train_part_1/alxffdisev.mp4,dfdc_train_part_1
dfdc_train_part_1_fomaiyrtin,train,fake,/workspace/data/raw/dfdc/dfdc_train_part_01/dfdc_train_part_1/fomaiyrtin.mp4,dfdc_train_part_1
dfdc_train_part_1_zrrncwxmdc,train,fake,/workspace/data/raw/dfdc/dfdc_train_part_01/dfdc_train_part_1/zrrncwxmdc.mp4,dfdc_train_part_1
dfdc_train_part_1_vbcgoyxsvn,train,fake,/workspace/data/raw/dfdc/dfdc_train_part_01/dfdc_train_part_1/vbcgoyxsvn.mp4,dfdc_train_part_1
dfdc_train_part_1_xenrrjivnr,train,fake,/workspace/data/raw/dfdc/dfdc_train_part_01/dfdc_train_part_1/xenrrjivnr.mp4,dfdc_train_part_1
dfdc_train_part_1_suracgxmob,train,fake,/workspace/data/raw/dfdc/dfdc_train_part_01/dfdc_train_part_1/suracgxmob.mp4,dfdc_train_part_1
dfdc_train_part_1_vlirighakl,train,fake,/workspace/data/raw/dfdc/dfdc_train_part_01/dfdc_train_part_1/vlirighakl.mp4,dfdc_train_part_1
dfdc_train_part_1_uidllncyjd,train,fake,/workspace/data/raw/dfdc/dfdc_train_part_01/dfdc_train_part_1/uidllncyjd.mp4,dfdc_train_part_1
dfdc_train_part_1_ldjhbsudib,train,fake,/workspace/data/raw/dfdc/dfdc_train_part_01/dfdc_train_part_1/ldjhbsudib.mp4,dfdc_train_part_1
dfdc_train_part_1_dfhthnhzrb,train,fake,/workspace/data/raw/dfdc/dfdc_train_part_01/dfdc_train_part_1/dfhthnhzrb.mp4,dfdc_train_part_1
dfdc_train_part_1_rubsrklwhx,train,fake,/workspace/data/raw/dfdc/dfdc_train_part_01/dfdc_train_part_1/rubsrklwhx.mp4,dfdc_train_part_1
dfdc_train_part_1_lhpinnfqas,train,fake,/workspace/data/raw/dfdc/dfdc_train_part_01/dfdc_train_part_1/lhpinnfqas.mp4,dfdc_train_part_1
dfdc_train_part_1_wwfdmnhlty,train,fake,/workspace/data/raw/dfdc/dfdc_train_part_01/dfdc_train_part_1/wwfdmnhlty.mp4,dfdc_train_part_1
dfdc_train_part_1_ezynyiyewj,train,fake,/workspace/data/raw/dfdc/dfdc_train_part_01/dfdc_train_part_1/ezynyiyewj.mp4,dfdc_train_part_1
dfdc_train_part_1_jmtspvpecy,train,fake,/workspace/data/raw/dfdc/dfdc_train_part_01/dfdc_train_part_1/jmtspvpecy.mp4,dfdc_train_part_1
dfdc_train_part_1_kewcrafasg,train,fake,/workspace/data/raw/dfdc/dfdc_train_part_01/dfdc_train_part_1/kewcrafasg.mp4,dfdc_train_part_1
dfdc_train_part_1_mzolcisxha,train,fake,/workspace/data/raw/dfdc/dfdc_train_part_01/dfdc_train_part_1/mzolcisxha.mp4,dfdc_train_part_1
dfdc_train_part_1_hmjiojxgwm,train,fake,/workspace/data/raw/dfdc/dfdc_train_part_01/dfdc_train_part_1/hmjiojxgwm.mp4,dfdc_train_part_1
dfdc_train_part_1_ntyxlzsxrz,train,fake,/workspace/data/raw/dfdc/dfdc_train_part_01/dfdc_train_part_1/ntyxlzsxrz.mp4,dfdc_train_part_1
dfdc_train_part_1_gzfkpecqls,train,fake,/workspace/data/raw/dfdc/dfdc_train_part_01/dfdc_train_part_1/gzfkpecqls.mp4,dfdc_train_part_1
dfdc_train_part_1_ugbymbawuh,train,fake,/workspace/data/raw/dfdc/dfdc_train_part_01/dfdc_train_part_1/ugbymbawuh.mp4,dfdc_train_part_1
dfdc_train_part_1_kxxiuspacl,train,fake,/workspace/data/raw/dfdc/dfdc_train_part_01/dfdc_train_part_1/kxxiuspacl.mp4,dfdc_train_part_1
dfdc_train_part_1_jqffbjwxre,train,fake,/workspace/data/raw/dfdc/dfdc_train_part_01/dfdc_train_part_1/jqffbjwxre.mp4,dfdc_train_part_1
dfdc_train_part_1_nzhsdscung,train,fake,/workspace/data/raw/dfdc/dfdc_train_part_01/dfdc_train_part_1/nzhsdscung.mp4,dfdc_train_part_1
dfdc_train_part_1_snqpxfecxh,train,fake,/workspace/data/raw/dfdc/dfdc_train_part_01/dfdc_train_part_1/snqpxfecxh.mp4,dfdc_train_part_1
dfdc_train_part_1_iluitobthi,train,fake,/workspace/data/raw/dfdc/dfdc_train_part_01/dfdc_train_part_1/iluitobthi.mp4,dfdc_train_part_1
dfdc_train_part_1_nfimdsszyf,train,real,/workspace/data/raw/dfdc/dfdc_train_part_01/dfdc_train_part_1/nfimdsszyf.mp4,dfdc_train_part_1
dfdc_train_part_1_tgkhgnukkq,train,fake,/workspace/data/raw/dfdc/dfdc_train_part_01/dfdc_train_part_1/tgkhgnukkq.mp4,dfdc_train_part_1
dfdc_train_part_1_tqviutgypu,train,fake,/workspace/data/raw/dfdc/dfdc_train_part_01/dfdc_train_part_1/tqviutgypu.mp4,dfdc_train_part_1
dfdc_train_part_1_cpxzktdxsi,train,fake,/workspace/data/raw/dfdc/dfdc_train_part_01/dfdc_train_part_1/cpxzktdxsi.mp4,dfdc_train_part_1
dfdc_train_part_1_bdgcinijzt,train,fake,/workspace/data/raw/dfdc/dfdc_train_part_01/dfdc_train_part_1/bdgcinijzt.mp4,dfdc_train_part_1
dfdc_train_part_1_wsbxcztvel,train,fake,/workspace/data/raw/dfdc/dfdc_train_part_01/dfdc_train_part_1/wsbxcztvel.mp4,dfdc_train_part_1
dfdc_train_part_1_httbasaevn,train,fake,/workspace/data/raw/dfdc/dfdc_train_part_01/dfdc_train_part_1/httbasaevn.mp4,dfdc_train_part_1
dfdc_train_part_1_smmtcxrcxx,train,fake,/workspace/data/raw/dfdc/dfdc_train_part_01/dfdc_train_part_1/smmtcxrcxx.mp4,dfdc_train_part_1
dfdc_train_part_1_wfihvsniyz,train,real,/workspace/data/raw/dfdc/dfdc_train_part_01/dfdc_train_part_1/wfihvsniyz.mp4,dfdc_train_part_1
dfdc_train_part_1_hntguogkqd,train,real,/workspace/data/raw/dfdc/dfdc_train_part_01/dfdc_train_part_1/hntguogkqd.mp4,dfdc_train_part_1
dfdc_train_part_1_wrwethjyrk,train,fake,/workspace/data/raw/dfdc/dfdc_train_part_01/dfdc_train_part_1/wrwethjyrk.mp4,dfdc_train_part_1
dfdc_train_part_1_bfpqojyrkp,train,fake,/workspace/data/raw/dfdc/dfdc_train_part_01/dfdc_train_part_1/bfpqojyrkp.mp4,dfdc_train_part_1
dfdc_train_part_1_msrexvwvrj,train,fake,/workspace/data/raw/dfdc/dfdc_train_part_01/dfdc_train_part_1/msrexvwvrj.mp4,dfdc_train_part_1
dfdc_train_part_1_ovpbnwrqwl,train,fake,/workspace/data/raw/dfdc/dfdc_train_part_01/dfdc_train_part_1/ovpbnwrqwl.mp4,dfdc_train_part_1
dfdc_train_part_1_yuteraqwck,train,fake,/workspace/data/raw/dfdc/dfdc_train_part_01/dfdc_train_part_1/yuteraqwck.mp4,dfdc_train_part_1
dfdc_train_part_1_xvrmugrctg,train,fake,/workspace/data/raw/dfdc/dfdc_train_part_01/dfdc_train_part_1/xvrmugrctg.mp4,dfdc_train_part_1
dfdc_train_part_1_atisizneup,train,fake,/workspace/data/raw/dfdc/dfdc_train_part_01/dfdc_train_part_1/atisizneup.mp4,dfdc_train_part_1
dfdc_train_part_1_gckdxfrstd,train,fake,/workspace/data/raw/dfdc/dfdc_train_part_01/dfdc_train_part_1/gckdxfrstd.mp4,dfdc_train_part_1
dfdc_train_part_1_bmsoarcvmn,train,fake,/workspace/data/raw/dfdc/dfdc_train_part_01/dfdc_train_part_1/bmsoarcvmn.mp4,dfdc_train_part_1
dfdc_train_part_1_gerhijzwvq,train,fake,/workspace/data/raw/dfdc/dfdc_train_part_01/dfdc_train_part_1/gerhijzwvq.mp4,dfdc_train_part_1
dfdc_train_part_1_lcpeyewsvl,train,fake,/workspace/data/raw/dfdc/dfdc_train_part_01/dfdc_train_part_1/lcpeyewsvl.mp4,dfdc_train_part_1
dfdc_train_part_1_izsiyppwbp,train,fake,/workspace/data/raw/dfdc/dfdc_train_part_01/dfdc_train_part_1/izsiyppwbp.mp4,dfdc_train_part_1
dfdc_train_part_1_kwfdyqofzw,train,real,/workspace/data/raw/dfdc/dfdc_train_part_01/dfdc_train_part_1/kwfdyqofzw.mp4,dfdc_train_part_1
dfdc_train_part_1_hqxpzbyijx,train,real,/workspace/data/raw/dfdc/dfdc_train_part_01/dfdc_train_part_1/hqxpzbyijx.mp4,dfdc_train_part_1
dfdc_train_part_1_yhylappzid,train,real,/workspace/data/raw/dfdc/dfdc_train_part_01/dfdc_train_part_1/yhylappzid.mp4,dfdc_train_part_1
dfdc_train_part_1_uqyicbrmuq,train,fake,/workspace/data/raw/dfdc/dfdc_train_part_01/dfdc_train_part_1/uqyicbrmuq.mp4,dfdc_train_part_1
dfdc_train_part_1_uonwfowmfa,train,real,/workspace/data/raw/dfdc/dfdc_train_part_01/dfdc_train_part_1/uonwfowmfa.mp4,dfdc_train_part_1
dfdc_train_part_1_vwdveepjhm,train,fake,/workspace/data/raw/dfdc/dfdc_train_part_01/dfdc_train_part_1/vwdveepjhm.mp4,dfdc_train_part_1
dfdc_train_part_1_jyrvsifszr,train,fake,/workspace/data/raw/dfdc/dfdc_train_part_01/dfdc_train_part_1/jyrvsifszr.mp4,dfdc_train_part_1
dfdc_train_part_1_sclvdumbkh,train,fake,/workspace/data/raw/dfdc/dfdc_train_part_01/dfdc_train_part_1/sclvdumbkh.mp4,dfdc_train_part_1
dfdc_train_part_1_ildymgduvu,train,fake,/workspace/data/raw/dfdc/dfdc_train_part_01/dfdc_train_part_1/ildymgduvu.mp4,dfdc_train_part_1
dfdc_train_part_1_orixbcfvdz,train,fake,/workspace/data/raw/dfdc/dfdc_train_part_01/dfdc_train_part_1/orixbcfvdz.mp4,dfdc_train_part_1
dfdc_train_part_1_hjezlaklbj,train,fake,/workspace/data/raw/dfdc/dfdc_train_part_01/dfdc_train_part_1/hjezlaklbj.mp4,dfdc_train_part_1
dfdc_train_part_1_fneqiqpqvs,train,real,/workspace/data/raw/dfdc/dfdc_train_part_01/dfdc_train_part_1/fneqiqpqvs.mp4,dfdc_train_part_1
dfdc_train_part_1_ifiuufdctp,train,fake,/workspace/data/raw/dfdc/dfdc_train_part_01/dfdc_train_part_1/ifiuufdctp.mp4,dfdc_train_part_1
dfdc_train_part_1_pdozhcjezh,train,fake,/workspace/data/raw/dfdc/dfdc_train_part_01/dfdc_train_part_1/pdozhcjezh.mp4,dfdc_train_part_1
dfdc_train_part_1_temeqbmzxu,train,fake,/workspace/data/raw/dfdc/dfdc_train_part_01/dfdc_train_part_1/temeqbmzxu.mp4,dfdc_train_part_1
dfdc_train_part_1_xfpznkgirw,train,fake,/workspace/data/raw/dfdc/dfdc_train_part_01/dfdc_train_part_1/xfpznkgirw.mp4,dfdc_train_part_1
dfdc_train_part_1_oozwmptkku,train,fake,/workspace/data/raw/dfdc/dfdc_train_part_01/dfdc_train_part_1/oozwmptkku.mp4,dfdc_train_part_1
dfdc_train_part_1_evvqlsuerd,train,fake,/workspace/data/raw/dfdc/dfdc_train_part_01/dfdc_train_part_1/evvqlsuerd.mp4,dfdc_train_part_1
dfdc_train_part_1_qcoiimlwmq,train,fake,/workspace/data/raw/dfdc/dfdc_train_part_01/dfdc_train_part_1/qcoiimlwmq.mp4,dfdc_train_part_1
dfdc_train_part_1_gruiiadqrh,train,fake,/workspace/data/raw/dfdc/dfdc_train_part_01/dfdc_train_part_1/gruiiadqrh.mp4,dfdc_train_part_1
dfdc_train_part_1_pitkhqasub,train,fake,/workspace/data/raw/dfdc/dfdc_train_part_01/dfdc_train_part_1/pitkhqasub.mp4,dfdc_train_part_1
dfdc_train_part_1_bhbbqmdjkv,train,fake,/workspace/data/raw/dfdc/dfdc_train_part_01/dfdc_train_part_1/bhbbqmdjkv.mp4,dfdc_train_part_1
dfdc_train_part_1_ybbziapzmv,train,fake,/workspace/data/raw/dfdc/dfdc_train_part_01/dfdc_train_part_1/ybbziapzmv.mp4,dfdc_train_part_1
dfdc_train_part_1_bjuhnomrsu,train,fake,/workspace/data/raw/dfdc/dfdc_train_part_01/dfdc_train_part_1/bjuhnomrsu.mp4,dfdc_train_part_1
dfdc_train_part_1_zcinpkwdpy,train,fake,/workspace/data/raw/dfdc/dfdc_train_part_01/dfdc_train_part_1/zcinpkwdpy.mp4,dfdc_train_part_1
dfdc_train_part_1_bmwacwpmqf,train,fake,/workspace/data/raw/dfdc/dfdc_train_part_01/dfdc_train_part_1/bmwacwpmqf.mp4,dfdc_train_part_1
dfdc_train_part_1_mhpmzqalov,train,fake,/workspace/data/raw/dfdc/dfdc_train_part_01/dfdc_train_part_1/mhpmzqalov.mp4,dfdc_train_part_1
dfdc_train_part_1_dmvalkjehr,train,fake,/workspace/data/raw/dfdc/dfdc_train_part_01/dfdc_train_part_1/dmvalkjehr.mp4,dfdc_train_part_1
dfdc_train_part_1_yxdgmeaisq,train,fake,/workspace/data/raw/dfdc/dfdc_train_part_01/dfdc_train_part_1/yxdgmeaisq.mp4,dfdc_train_part_1
dfdc_train_part_1_arvqhnzltg,train,fake,/workspace/data/raw/dfdc/dfdc_train_part_01/dfdc_train_part_1/arvqhnzltg.mp4,dfdc_train_part_1
dfdc_train_part_1_gftkrnewfv,train,fake,/workspace/data/raw/dfdc/dfdc_train_part_01/dfdc_train_part_1/gftkrnewfv.mp4,dfdc_train_part_1
dfdc_train_part_1_anorupqpeo,train,fake,/workspace/data/raw/dfdc/dfdc_train_part_01/dfdc_train_part_1/anorupqpeo.mp4,dfdc_train_part_1
dfdc_train_part_1_gunamloolc,train,fake,/workspace/data/raw/dfdc/dfdc_train_part_01/dfdc_train_part_1/gunamloolc.mp4,dfdc_train_part_1
dfdc_train_part_1_xvwbtrlokn,train,fake,/workspace/data/raw/dfdc/dfdc_train_part_01/dfdc_train_part_1/xvwbtrlokn.mp4,dfdc_train_part_1
dfdc_train_part_1_rroasyblee,train,fake,/workspace/data/raw/dfdc/dfdc_train_part_01/dfdc_train_part_1/rroasyblee.mp4,dfdc_train_part_1
dfdc_train_part_1_ldkqzyospt,train,fake,/workspace/data/raw/dfdc/dfdc_train_part_01/dfdc_train_part_1/ldkqzyospt.mp4,dfdc_train_part_1
dfdc_train_part_1_jgeiwlrjwk,train,fake,/workspace/data/raw/dfdc/dfdc_train_part_01/dfdc_train_part_1/jgeiwlrjwk.mp4,dfdc_train_part_1
dfdc_train_part_1_ekedvskayy,train,fake,/workspace/data/raw/dfdc/dfdc_train_part_01/dfdc_train_part_1/ekedvskayy.mp4,dfdc_train_part_1
dfdc_train_part_1_ytxwkxxdmq,train,fake,/workspace/data/raw/dfdc/dfdc_train_part_01/dfdc_train_part_1/ytxwkxxdmq.mp4,dfdc_train_part_1
dfdc_train_part_1_qiwddiorzh,train,fake,/workspace/data/raw/dfdc/dfdc_train_part_01/dfdc_train_part_1/qiwddiorzh.mp4,dfdc_train_part_1
dfdc_train_part_1_jsaxugyuqt,train,fake,/workspace/data/raw/dfdc/dfdc_train_part_01/dfdc_train_part_1/jsaxugyuqt.mp4,dfdc_train_part_1
dfdc_train_part_1_iktwckbykj,train,fake,/workspace/data/raw/dfdc/dfdc_train_part_01/dfdc_train_part_1/iktwckbykj.mp4,dfdc_train_part_1
dfdc_train_part_1_tvyjpshqql,train,fake,/workspace/data/raw/dfdc/dfdc_train_part_01/dfdc_train_part_1/tvyjpshqql.mp4,dfdc_train_part_1
dfdc_train_part_1_cwykfzwimc,train,fake,/workspace/data/raw/dfdc/dfdc_train_part_01/dfdc_train_part_1/cwykfzwimc.mp4,dfdc_train_part_1
dfdc_train_part_1_ofqnxzjaff,train,fake,/workspace/data/raw/dfdc/dfdc_train_part_01/dfdc_train_part_1/ofqnxzjaff.mp4,dfdc_train_part_1
dfdc_train_part_1_cqynoztleq,train,fake,/workspace/data/raw/dfdc/dfdc_train_part_01/dfdc_train_part_1/cqynoztleq.mp4,dfdc_train_part_1
dfdc_train_part_1_cctrhqvein,train,fake,/workspace/data/raw/dfdc/dfdc_train_part_01/dfdc_train_part_1/cctrhqvein.mp4,dfdc_train_part_1
dfdc_train_part_1_cmxooumvba,train,fake,/workspace/data/raw/dfdc/dfdc_train_part_01/dfdc_train_part_1/cmxooumvba.mp4,dfdc_train_part_1
dfdc_train_part_1_ysrddknlfm,train,fake,/workspace/data/raw/dfdc/dfdc_train_part_01/dfdc_train_part_1/ysrddknlfm.mp4,dfdc_train_part_1
dfdc_train_part_1_poeopbtivq,train,fake,/workspace/data/raw/dfdc/dfdc_train_part_01/dfdc_train_part_1/poeopbtivq.mp4,dfdc_train_part_1
dfdc_train_part_1_hftjyfuqcs,train,fake,/workspace/data/raw/dfdc/dfdc_train_part_01/dfdc_train_part_1/hftjyfuqcs.mp4,dfdc_train_part_1
dfdc_train_part_1_xgykwwczjw,train,fake,/workspace/data/raw/dfdc/dfdc_train_part_01/dfdc_train_part_1/xgykwwczjw.mp4,dfdc_train_part_1
dfdc_train_part_1_doeuqrqbmr,train,fake,/workspace/data/raw/dfdc/dfdc_train_part_01/dfdc_train_part_1/doeuqrqbmr.mp4,dfdc_train_part_1
dfdc_train_part_1_nybyfaqyjo,train,fake,/workspace/data/raw/dfdc/dfdc_train_part_01/dfdc_train_part_1/nybyfaqyjo.mp4,dfdc_train_part_1
dfdc_train_part_1_djjgzhluss,train,real,/workspace/data/raw/dfdc/dfdc_train_part_01/dfdc_train_part_1/djjgzhluss.mp4,dfdc_train_part_1
dfdc_train_part_1_agplffthuy,train,fake,/workspace/data/raw/dfdc/dfdc_train_part_01/dfdc_train_part_1/agplffthuy.mp4,dfdc_train_part_1
dfdc_train_part_1_blkbkvcffn,train,real,/workspace/data/raw/dfdc/dfdc_train_part_01/dfdc_train_part_1/blkbkvcffn.mp4,dfdc_train_part_1
dfdc_train_part_1_jmkkzjwnst,train,fake,/workspace/data/raw/dfdc/dfdc_train_part_01/dfdc_train_part_1/jmkkzjwnst.mp4,dfdc_train_part_1
dfdc_train_part_1_bzqzktvzdn,train,fake,/workspace/data/raw/dfdc/dfdc_train_part_01/dfdc_train_part_1/bzqzktvzdn.mp4,dfdc_train_part_1
dfdc_train_part_1_vvtcvjvkqx,train,fake,/workspace/data/raw/dfdc/dfdc_train_part_01/dfdc_train_part_1/vvtcvjvkqx.mp4,dfdc_train_part_1
dfdc_train_part_1_llohgjjwhy,train,fake,/workspace/data/raw/dfdc/dfdc_train_part_01/dfdc_train_part_1/llohgjjwhy.mp4,dfdc_train_part_1
dfdc_train_part_1_sgxuilsdgs,train,fake,/workspace/data/raw/dfdc/dfdc_train_part_01/dfdc_train_part_1/sgxuilsdgs.mp4,dfdc_train_part_1
dfdc_train_part_1_pxmhoaqcek,train,fake,/workspace/data/raw/dfdc/dfdc_train_part_01/dfdc_train_part_1/pxmhoaqcek.mp4,dfdc_train_part_1
dfdc_train_part_1_gbnjqvxvzj,train,fake,/workspace/data/raw/dfdc/dfdc_train_part_01/dfdc_train_part_1/gbnjqvxvzj.mp4,dfdc_train_part_1
dfdc_train_part_1_zkcajdijeo,train,fake,/workspace/data/raw/dfdc/dfdc_train_part_01/dfdc_train_part_1/zkcajdijeo.mp4,dfdc_train_part_1
dfdc_train_part_1_dlykyjfanz,train,fake,/workspace/data/raw/dfdc/dfdc_train_part_01/dfdc_train_part_1/dlykyjfanz.mp4,dfdc_train_part_1
dfdc_train_part_1_vwktthlqsh,train,fake,/workspace/data/raw/dfdc/dfdc_train_part_01/dfdc_train_part_1/vwktthlqsh.mp4,dfdc_train_part_1
dfdc_train_part_1_iiapzhuidn,train,fake,/workspace/data/raw/dfdc/dfdc_train_part_01/dfdc_train_part_1/iiapzhuidn.mp4,dfdc_train_part_1
dfdc_train_part_1_dpmngbibio,train,fake,/workspace/data/raw/dfdc/dfdc_train_part_01/dfdc_train_part_1/dpmngbibio.mp4,dfdc_train_part_1
dfdc_train_part_1_zobcwjtlir,train,fake,/workspace/data/raw/dfdc/dfdc_train_part_01/dfdc_train_part_1/zobcwjtlir.mp4,dfdc_train_part_1
dfdc_train_part_1_puapxpobsn,train,fake,/workspace/data/raw/dfdc/dfdc_train_part_01/dfdc_train_part_1/puapxpobsn.mp4,dfdc_train_part_1
dfdc_train_part_1_lyukwkabcx,train,fake,/workspace/data/raw/dfdc/dfdc_train_part_01/dfdc_train_part_1/lyukwkabcx.mp4,dfdc_train_part_1
dfdc_train_part_1_hvkmqifunx,train,fake,/workspace/data/raw/dfdc/dfdc_train_part_01/dfdc_train_part_1/hvkmqifunx.mp4,dfdc_train_part_1
dfdc_train_part_1_cmwqaulwau,train,fake,/workspace/data/raw/dfdc/dfdc_train_part_01/dfdc_train_part_1/cmwqaulwau.mp4,dfdc_train_part_1
dfdc_train_part_1_flycpukhem,train,fake,/workspace/data/raw/dfdc/dfdc_train_part_01/dfdc_train_part_1/flycpukhem.mp4,dfdc_train_part_1
dfdc_train_part_1_akfjqoantp,train,fake,/workspace/data/raw/dfdc/dfdc_train_part_01/dfdc_train_part_1/akfjqoantp.mp4,dfdc_train_part_1
dfdc_train_part_1_serxntdxpl,train,fake,/workspace/data/raw/dfdc/dfdc_train_part_01/dfdc_train_part_1/serxntdxpl.mp4,dfdc_train_part_1
dfdc_train_part_1_odnqiwftsb,train,fake,/workspace/data/raw/dfdc/dfdc_train_part_01/dfdc_train_part_1/odnqiwftsb.mp4,dfdc_train_part_1
dfdc_train_part_1_qyefejorlb,train,real,/workspace/data/raw/dfdc/dfdc_train_part_01/dfdc_train_part_1/qyefejorlb.mp4,dfdc_train_part_1
dfdc_train_part_1_vtlylvzfgc,train,fake,/workspace/data/raw/dfdc/dfdc_train_part_01/dfdc_train_part_1/vtlylvzfgc.mp4,dfdc_train_part_1
dfdc_train_part_1_odebvwocsf,train,fake,/workspace/data/raw/dfdc/dfdc_train_part_01/dfdc_train_part_1/odebvwocsf.mp4,dfdc_train_part_1
dfdc_train_part_1_atuvrbyqor,train,fake,/workspace/data/raw/dfdc/dfdc_train_part_01/dfdc_train_part_1/atuvrbyqor.mp4,dfdc_train_part_1
dfdc_train_part_1_jxemsrsrmc,train,fake,/workspace/data/raw/dfdc/dfdc_train_part_01/dfdc_train_part_1/jxemsrsrmc.mp4,dfdc_train_part_1
dfdc_train_part_1_xnjofwbsfg,train,fake,/workspace/data/raw/dfdc/dfdc_train_part_01/dfdc_train_part_1/xnjofwbsfg.mp4,dfdc_train_part_1
dfdc_train_part_1_ebrqqkgqnw,train,fake,/workspace/data/raw/dfdc/dfdc_train_part_01/dfdc_train_part_1/ebrqqkgqnw.mp4,dfdc_train_part_1
dfdc_train_part_1_esvhogkdzs,train,fake,/workspace/data/raw/dfdc/dfdc_train_part_01/dfdc_train_part_1/esvhogkdzs.mp4,dfdc_train_part_1
dfdc_train_part_1_jwqvujrofw,train,fake,/workspace/data/raw/dfdc/dfdc_train_part_01/dfdc_train_part_1/jwqvujrofw.mp4,dfdc_train_part_1
dfdc_train_part_1_oyzcrfhruy,train,fake,/workspace/data/raw/dfdc/dfdc_train_part_01/dfdc_train_part_1/oyzcrfhruy.mp4,dfdc_train_part_1
dfdc_train_part_1_aeovzefbpr,train,fake,/workspace/data/raw/dfdc/dfdc_train_part_01/dfdc_train_part_1/aeovzefbpr.mp4,dfdc_train_part_1
dfdc_train_part_1_rxwetxsexq,train,fake,/workspace/data/raw/dfdc/dfdc_train_part_01/dfdc_train_part_1/rxwetxsexq.mp4,dfdc_train_part_1
dfdc_train_part_1_ewsdluigpt,train,fake,/workspace/data/raw/dfdc/dfdc_train_part_01/dfdc_train_part_1/ewsdluigpt.mp4,dfdc_train_part_1
dfdc_train_part_1_svynysfmaq,train,fake,/workspace/data/raw/dfdc/dfdc_train_part_01/dfdc_train_part_1/svynysfmaq.mp4,dfdc_train_part_1
dfdc_train_part_1_qezhpkeajf,train,fake,/workspace/data/raw/dfdc/dfdc_train_part_01/dfdc_train_part_1/qezhpkeajf.mp4,dfdc_train_part_1
dfdc_train_part_1_xqofjuekpv,train,fake,/workspace/data/raw/dfdc/dfdc_train_part_01/dfdc_train_part_1/xqofjuekpv.mp4,dfdc_train_part_1
dfdc_train_part_1_fuqgzmlfcx,train,fake,/workspace/data/raw/dfdc/dfdc_train_part_01/dfdc_train_part_1/fuqgzmlfcx.mp4,dfdc_train_part_1
dfdc_train_part_1_dgsqlajbme,train,fake,/workspace/data/raw/dfdc/dfdc_train_part_01/dfdc_train_part_1/dgsqlajbme.mp4,dfdc_train_part_1
dfdc_train_part_1_pakaqfunjq,train,fake,/workspace/data/raw/dfdc/dfdc_train_part_01/dfdc_train_part_1/pakaqfunjq.mp4,dfdc_train_part_1
dfdc_train_part_1_oebeexyutq,train,fake,/workspace/data/raw/dfdc/dfdc_train_part_01/dfdc_train_part_1/oebeexyutq.mp4,dfdc_train_part_1
dfdc_train_part_1_hezbrjjjba,train,fake,/workspace/data/raw/dfdc/dfdc_train_part_01/dfdc_train_part_1/hezbrjjjba.mp4,dfdc_train_part_1
dfdc_train_part_1_nsvumcpmkk,train,fake,/workspace/data/raw/dfdc/dfdc_train_part_01/dfdc_train_part_1/nsvumcpmkk.mp4,dfdc_train_part_1
dfdc_train_part_1_ktikdxgsun,train,fake,/workspace/data/raw/dfdc/dfdc_train_part_01/dfdc_train_part_1/ktikdxgsun.mp4,dfdc_train_part_1
dfdc_train_part_1_ykonyxjpma,train,fake,/workspace/data/raw/dfdc/dfdc_train_part_01/dfdc_train_part_1/ykonyxjpma.mp4,dfdc_train_part_1
dfdc_train_part_1_fyfbkzthko,train,fake,/workspace/data/raw/dfdc/dfdc_train_part_01/dfdc_train_part_1/fyfbkzthko.mp4,dfdc_train_part_1
dfdc_train_part_1_fakcmcbsax,train,fake,/workspace/data/raw/dfdc/dfdc_train_part_01/dfdc_train_part_1/fakcmcbsax.mp4,dfdc_train_part_1
dfdc_train_part_1_vblfzgmypv,train,fake,/workspace/data/raw/dfdc/dfdc_train_part_01/dfdc_train_part_1/vblfzgmypv.mp4,dfdc_train_part_1
dfdc_train_part_1_tlrnbcrjqg,train,fake,/workspace/data/raw/dfdc/dfdc_train_part_01/dfdc_train_part_1/tlrnbcrjqg.mp4,dfdc_train_part_1
dfdc_train_part_1_gafhwdmidq,train,fake,/workspace/data/raw/dfdc/dfdc_train_part_01/dfdc_train_part_1/gafhwdmidq.mp4,dfdc_train_part_1
dfdc_train_part_1_yjvtkxiglv,train,fake,/workspace/data/raw/dfdc/dfdc_train_part_01/dfdc_train_part_1/yjvtkxiglv.mp4,dfdc_train_part_1
dfdc_train_part_1_aokxvqadsx,train,real,/workspace/data/raw/dfdc/dfdc_train_part_01/dfdc_train_part_1/aokxvqadsx.mp4,dfdc_train_part_1
dfdc_train_part_1_gsshxchgqv,train,real,/workspace/data/raw/dfdc/dfdc_train_part_01/dfdc_train_part_1/gsshxchgqv.mp4,dfdc_train_part_1
dfdc_train_part_1_comqkwjrft,train,real,/workspace/data/raw/dfdc/dfdc_train_part_01/dfdc_train_part_1/comqkwjrft.mp4,dfdc_train_part_1
dfdc_train_part_1_objgwnmscm,train,real,/workspace/data/raw/dfdc/dfdc_train_part_01/dfdc_train_part_1/objgwnmscm.mp4,dfdc_train_part_1
dfdc_train_part_1_kvbmuuywfy,train,fake,/workspace/data/raw/dfdc/dfdc_train_part_01/dfdc_train_part_1/kvbmuuywfy.mp4,dfdc_train_part_1
dfdc_train_part_1_hzsywornrw,train,fake,/workspace/data/raw/dfdc/dfdc_train_part_01/dfdc_train_part_1/hzsywornrw.mp4,dfdc_train_part_1
dfdc_train_part_1_iudybadbqa,train,fake,/workspace/data/raw/dfdc/dfdc_train_part_01/dfdc_train_part_1/iudybadbqa.mp4,dfdc_train_part_1
dfdc_train_part_1_lujvyveojc,train,real,/workspace/data/raw/dfdc/dfdc_train_part_01/dfdc_train_part_1/lujvyveojc.mp4,dfdc_train_part_1
dfdc_train_part_1_xpqlcziqqb,train,fake,/workspace/data/raw/dfdc/dfdc_train_part_01/dfdc_train_part_1/xpqlcziqqb.mp4,dfdc_train_part_1
dfdc_train_part_1_jgpxmqxazp,train,fake,/workspace/data/raw/dfdc/dfdc_train_part_01/dfdc_train_part_1/jgpxmqxazp.mp4,dfdc_train_part_1
dfdc_train_part_1_woxnvxbmbx,train,fake,/workspace/data/raw/dfdc/dfdc_train_part_01/dfdc_train_part_1/woxnvxbmbx.mp4,dfdc_train_part_1
dfdc_train_part_1_mzigbjvwii,train,fake,/workspace/data/raw/dfdc/dfdc_train_part_01/dfdc_train_part_1/mzigbjvwii.mp4,dfdc_train_part_1
dfdc_train_part_1_rcecrgeotc,train,fake,/workspace/data/raw/dfdc/dfdc_train_part_01/dfdc_train_part_1/rcecrgeotc.mp4,dfdc_train_part_1
dfdc_train_part_1_yuqzdnztdn,train,fake,/workspace/data/raw/dfdc/dfdc_train_part_01/dfdc_train_part_1/yuqzdnztdn.mp4,dfdc_train_part_1
dfdc_train_part_1_rlpzlortnh,train,fake,/workspace/data/raw/dfdc/dfdc_train_part_01/dfdc_train_part_1/rlpzlortnh.mp4,dfdc_train_part_1
dfdc_train_part_1_cfsbzeyhpl,train,fake,/workspace/data/raw/dfdc/dfdc_train_part_01/dfdc_train_part_1/cfsbzeyhpl.mp4,dfdc_train_part_1
dfdc_train_part_1_yzwrfgghhm,train,fake,/workspace/data/raw/dfdc/dfdc_train_part_01/dfdc_train_part_1/yzwrfgghhm.mp4,dfdc_train_part_1
dfdc_train_part_1_uqfnqniamo,train,fake,/workspace/data/raw/dfdc/dfdc_train_part_01/dfdc_train_part_1/uqfnqniamo.mp4,dfdc_train_part_1
dfdc_train_part_1_qgmxbftvrn,train,fake,/workspace/data/raw/dfdc/dfdc_train_part_01/dfdc_train_part_1/qgmxbftvrn.mp4,dfdc_train_part_1
dfdc_train_part_1_iwtjdkrtgx,train,fake,/workspace/data/raw/dfdc/dfdc_train_part_01/dfdc_train_part_1/iwtjdkrtgx.mp4,dfdc_train_part_1
dfdc_train_part_1_omzttvdbva,train,fake,/workspace/data/raw/dfdc/dfdc_train_part_01/dfdc_train_part_1/omzttvdbva.mp4,dfdc_train_part_1
dfdc_train_part_1_eupisnxhsb,train,fake,/workspace/data/raw/dfdc/dfdc_train_part_01/dfdc_train_part_1/eupisnxhsb.mp4,dfdc_train_part_1
dfdc_train_part_1_ujaszufrwz,train,fake,/workspace/data/raw/dfdc/dfdc_train_part_01/dfdc_train_part_1/ujaszufrwz.mp4,dfdc_train_part_1
dfdc_train_part_1_yegvwrsewn,train,fake,/workspace/data/raw/dfdc/dfdc_train_part_01/dfdc_train_part_1/yegvwrsewn.mp4,dfdc_train_part_1
dfdc_train_part_1_isoxfyhcuu,train,fake,/workspace/data/raw/dfdc/dfdc_train_part_01/dfdc_train_part_1/isoxfyhcuu.mp4,dfdc_train_part_1
dfdc_train_part_1_qyyhuvqmyf,train,fake,/workspace/data/raw/dfdc/dfdc_train_part_01/dfdc_train_part_1/qyyhuvqmyf.mp4,dfdc_train_part_1
dfdc_train_part_1_lzkyontpcf,train,fake,/workspace/data/raw/dfdc/dfdc_train_part_01/dfdc_train_part_1/lzkyontpcf.mp4,dfdc_train_part_1
dfdc_train_part_1_dcnegjsubk,train,fake,/workspace/data/raw/dfdc/dfdc_train_part_01/dfdc_train_part_1/dcnegjsubk.mp4,dfdc_train_part_1
dfdc_train_part_1_ardmfelhgw,train,fake,/workspace/data/raw/dfdc/dfdc_train_part_01/dfdc_train_part_1/ardmfelhgw.mp4,dfdc_train_part_1
dfdc_train_part_1_loqbryihps,train,fake,/workspace/data/raw/dfdc/dfdc_train_part_01/dfdc_train_part_1/loqbryihps.mp4,dfdc_train_part_1
dfdc_train_part_1_rnvcglroyq,train,fake,/workspace/data/raw/dfdc/dfdc_train_part_01/dfdc_train_part_1/rnvcglroyq.mp4,dfdc_train_part_1
dfdc_train_part_1_lmdyicksrv,train,fake,/workspace/data/raw/dfdc/dfdc_train_part_01/dfdc_train_part_1/lmdyicksrv.mp4,dfdc_train_part_1
dfdc_train_part_1_hkgldamgcb,train,fake,/workspace/data/raw/dfdc/dfdc_train_part_01/dfdc_train_part_1/hkgldamgcb.mp4,dfdc_train_part_1
dfdc_train_part_1_zkmhhwmzgn,train,fake,/workspace/data/raw/dfdc/dfdc_train_part_01/dfdc_train_part_1/zkmhhwmzgn.mp4,dfdc_train_part_1
dfdc_train_part_1_lvomvkrszu,train,fake,/workspace/data/raw/dfdc/dfdc_train_part_01/dfdc_train_part_1/lvomvkrszu.mp4,dfdc_train_part_1
dfdc_train_part_1_wqttejdexc,train,fake,/workspace/data/raw/dfdc/dfdc_train_part_01/dfdc_train_part_1/wqttejdexc.mp4,dfdc_train_part_1
dfdc_train_part_1_ukqpqrioss,train,fake,/workspace/data/raw/dfdc/dfdc_train_part_01/dfdc_train_part_1/ukqpqrioss.mp4,dfdc_train_part_1
dfdc_train_part_1_erdozpufuh,train,fake,/workspace/data/raw/dfdc/dfdc_train_part_01/dfdc_train_part_1/erdozpufuh.mp4,dfdc_train_part_1
dfdc_train_part_1_iikxnaedah,train,fake,/workspace/data/raw/dfdc/dfdc_train_part_01/dfdc_train_part_1/iikxnaedah.mp4,dfdc_train_part_1
dfdc_train_part_1_klcgzimbce,train,fake,/workspace/data/raw/dfdc/dfdc_train_part_01/dfdc_train_part_1/klcgzimbce.mp4,dfdc_train_part_1
dfdc_train_part_1_opifbarfwa,train,fake,/workspace/data/raw/dfdc/dfdc_train_part_01/dfdc_train_part_1/opifbarfwa.mp4,dfdc_train_part_1
dfdc_train_part_1_rfqxewdkgx,train,fake,/workspace/data/raw/dfdc/dfdc_train_part_01/dfdc_train_part_1/rfqxewdkgx.mp4,dfdc_train_part_1
dfdc_train_part_1_fxvvifwvir,train,fake,/workspace/data/raw/dfdc/dfdc_train_part_01/dfdc_train_part_1/fxvvifwvir.mp4,dfdc_train_part_1
dfdc_train_part_1_flvgffvrxx,train,fake,/workspace/data/raw/dfdc/dfdc_train_part_01/dfdc_train_part_1/flvgffvrxx.mp4,dfdc_train_part_1
dfdc_train_part_1_aqejlaudtq,train,fake,/workspace/data/raw/dfdc/dfdc_train_part_01/dfdc_train_part_1/aqejlaudtq.mp4,dfdc_train_part_1
dfdc_train_part_1_zrbzxxlylo,train,fake,/workspace/data/raw/dfdc/dfdc_train_part_01/dfdc_train_part_1/zrbzxxlylo.mp4,dfdc_train_part_1
dfdc_train_part_1_knddyeyosu,train,fake,/workspace/data/raw/dfdc/dfdc_train_part_01/dfdc_train_part_1/knddyeyosu.mp4,dfdc_train_part_1
dfdc_train_part_1_cqtjxkuwrv,train,fake,/workspace/data/raw/dfdc/dfdc_train_part_01/dfdc_train_part_1/cqtjxkuwrv.mp4,dfdc_train_part_1
dfdc_train_part_1_kqjsssjqll,train,fake,/workspace/data/raw/dfdc/dfdc_train_part_01/dfdc_train_part_1/kqjsssjqll.mp4,dfdc_train_part_1
dfdc_train_part_1_ugzpmmyogi,train,fake,/workspace/data/raw/dfdc/dfdc_train_part_01/dfdc_train_part_1/ugzpmmyogi.mp4,dfdc_train_part_1
dfdc_train_part_1_ehrtdalgon,train,fake,/workspace/data/raw/dfdc/dfdc_train_part_01/dfdc_train_part_1/ehrtdalgon.mp4,dfdc_train_part_1
dfdc_train_part_1_dedaztepmu,train,fake,/workspace/data/raw/dfdc/dfdc_train_part_01/dfdc_train_part_1/dedaztepmu.mp4,dfdc_train_part_1
dfdc_train_part_1_bcbqxhziqz,train,real,/workspace/data/raw/dfdc/dfdc_train_part_01/dfdc_train_part_1/bcbqxhziqz.mp4,dfdc_train_part_1
dfdc_train_part_1_mjjfachjxw,train,fake,/workspace/data/raw/dfdc/dfdc_train_part_01/dfdc_train_part_1/mjjfachjxw.mp4,dfdc_train_part_1
dfdc_train_part_1_gxuncqgppg,train,fake,/workspace/data/raw/dfdc/dfdc_train_part_01/dfdc_train_part_1/gxuncqgppg.mp4,dfdc_train_part_1
dfdc_train_part_1_murnucmpqu,train,fake,/workspace/data/raw/dfdc/dfdc_train_part_01/dfdc_train_part_1/murnucmpqu.mp4,dfdc_train_part_1
dfdc_train_part_1_xqpkmgfyhn,train,fake,/workspace/data/raw/dfdc/dfdc_train_part_01/dfdc_train_part_1/xqpkmgfyhn.mp4,dfdc_train_part_1
dfdc_train_part_1_rcjfxxhcal,train,fake,/workspace/data/raw/dfdc/dfdc_train_part_01/dfdc_train_part_1/rcjfxxhcal.mp4,dfdc_train_part_1
dfdc_train_part_1_yaqzcoozsx,train,fake,/workspace/data/raw/dfdc/dfdc_train_part_01/dfdc_train_part_1/yaqzcoozsx.mp4,dfdc_train_part_1
dfdc_train_part_1_vxcdlcipsv,train,fake,/workspace/data/raw/dfdc/dfdc_train_part_01/dfdc_train_part_1/vxcdlcipsv.mp4,dfdc_train_part_1
dfdc_train_part_1_icbylspzoe,train,fake,/workspace/data/raw/dfdc/dfdc_train_part_01/dfdc_train_part_1/icbylspzoe.mp4,dfdc_train_part_1
dfdc_train_part_1_wqnurrssux,train,fake,/workspace/data/raw/dfdc/dfdc_train_part_01/dfdc_train_part_1/wqnurrssux.mp4,dfdc_train_part_1
dfdc_train_part_1_ftylolqzmd,train,fake,/workspace/data/raw/dfdc/dfdc_train_part_01/dfdc_train_part_1/ftylolqzmd.mp4,dfdc_train_part_1
dfdc_train_part_1_atrmrdhzrk,train,fake,/workspace/data/raw/dfdc/dfdc_train_part_01/dfdc_train_part_1/atrmrdhzrk.mp4,dfdc_train_part_1
dfdc_train_part_1_oecamgmbpk,train,fake,/workspace/data/raw/dfdc/dfdc_train_part_01/dfdc_train_part_1/oecamgmbpk.mp4,dfdc_train_part_1
dfdc_train_part_1_cobiwoqcbv,train,fake,/workspace/data/raw/dfdc/dfdc_train_part_01/dfdc_train_part_1/cobiwoqcbv.mp4,dfdc_train_part_1
dfdc_train_part_1_nkhzxomani,train,fake,/workspace/data/raw/dfdc/dfdc_train_part_01/dfdc_train_part_1/nkhzxomani.mp4,dfdc_train_part_1
dfdc_train_part_1_cwbaihpjtx,train,fake,/workspace/data/raw/dfdc/dfdc_train_part_01/dfdc_train_part_1/cwbaihpjtx.mp4,dfdc_train_part_1
dfdc_train_part_1_rmhsahyvta,train,real,/workspace/data/raw/dfdc/dfdc_train_part_01/dfdc_train_part_1/rmhsahyvta.mp4,dfdc_train_part_1
dfdc_train_part_1_xnevdkbmkd,train,fake,/workspace/data/raw/dfdc/dfdc_train_part_01/dfdc_train_part_1/xnevdkbmkd.mp4,dfdc_train_part_1
dfdc_train_part_1_ssmpmogtsg,train,fake,/workspace/data/raw/dfdc/dfdc_train_part_01/dfdc_train_part_1/ssmpmogtsg.mp4,dfdc_train_part_1
dfdc_train_part_1_syqmrinrir,train,fake,/workspace/data/raw/dfdc/dfdc_train_part_01/dfdc_train_part_1/syqmrinrir.mp4,dfdc_train_part_1
dfdc_train_part_1_dvkdfhrpph,train,fake,/workspace/data/raw/dfdc/dfdc_train_part_01/dfdc_train_part_1/dvkdfhrpph.mp4,dfdc_train_part_1
dfdc_train_part_1_cakngmoakn,train,fake,/workspace/data/raw/dfdc/dfdc_train_part_01/dfdc_train_part_1/cakngmoakn.mp4,dfdc_train_part_1
dfdc_train_part_1_pqlirihvaz,train,fake,/workspace/data/raw/dfdc/dfdc_train_part_01/dfdc_train_part_1/pqlirihvaz.mp4,dfdc_train_part_1
dfdc_train_part_1_wzoanvyeef,train,fake,/workspace/data/raw/dfdc/dfdc_train_part_01/dfdc_train_part_1/wzoanvyeef.mp4,dfdc_train_part_1
dfdc_train_part_1_bvekwhumry,train,fake,/workspace/data/raw/dfdc/dfdc_train_part_01/dfdc_train_part_1/bvekwhumry.mp4,dfdc_train_part_1
dfdc_train_part_1_rpieqdamhl,train,fake,/workspace/data/raw/dfdc/dfdc_train_part_01/dfdc_train_part_1/rpieqdamhl.mp4,dfdc_train_part_1
dfdc_train_part_1_ydxutkwsoa,train,fake,/workspace/data/raw/dfdc/dfdc_train_part_01/dfdc_train_part_1/ydxutkwsoa.mp4,dfdc_train_part_1
dfdc_train_part_1_bnuwxhfahw,train,real,/workspace/data/raw/dfdc/dfdc_train_part_01/dfdc_train_part_1/bnuwxhfahw.mp4,dfdc_train_part_1
dfdc_train_part_1_hvmpghzrwc,train,fake,/workspace/data/raw/dfdc/dfdc_train_part_01/dfdc_train_part_1/hvmpghzrwc.mp4,dfdc_train_part_1
dfdc_train_part_1_bdpwzkrofr,train,fake,/workspace/data/raw/dfdc/dfdc_train_part_01/dfdc_train_part_1/bdpwzkrofr.mp4,dfdc_train_part_1
dfdc_train_part_1_tlphauhdyr,train,fake,/workspace/data/raw/dfdc/dfdc_train_part_01/dfdc_train_part_1/tlphauhdyr.mp4,dfdc_train_part_1
dfdc_train_part_1_czjxkqbhmy,train,fake,/workspace/data/raw/dfdc/dfdc_train_part_01/dfdc_train_part_1/czjxkqbhmy.mp4,dfdc_train_part_1
dfdc_train_part_1_gnpaehuyie,train,fake,/workspace/data/raw/dfdc/dfdc_train_part_01/dfdc_train_part_1/gnpaehuyie.mp4,dfdc_train_part_1
dfdc_train_part_1_fypipkbohl,train,fake,/workspace/data/raw/dfdc/dfdc_train_part_01/dfdc_train_part_1/fypipkbohl.mp4,dfdc_train_part_1
dfdc_train_part_1_mkzaekkvej,train,real,/workspace/data/raw/dfdc/dfdc_train_part_01/dfdc_train_part_1/mkzaekkvej.mp4,dfdc_train_part_1
dfdc_train_part_1_hxsuisonbd,train,fake,/workspace/data/raw/dfdc/dfdc_train_part_01/dfdc_train_part_1/hxsuisonbd.mp4,dfdc_train_part_1
dfdc_train_part_1_byrzacjmjl,train,fake,/workspace/data/raw/dfdc/dfdc_train_part_01/dfdc_train_part_1/byrzacjmjl.mp4,dfdc_train_part_1
dfdc_train_part_1_peemztweyz,train,fake,/workspace/data/raw/dfdc/dfdc_train_part_01/dfdc_train_part_1/peemztweyz.mp4,dfdc_train_part_1
dfdc_train_part_1_vduuwytkka,train,fake,/workspace/data/raw/dfdc/dfdc_train_part_01/dfdc_train_part_1/vduuwytkka.mp4,dfdc_train_part_1
dfdc_train_part_1_ebwvoufqvr,train,fake,/workspace/data/raw/dfdc/dfdc_train_part_01/dfdc_train_part_1/ebwvoufqvr.mp4,dfdc_train_part_1
dfdc_train_part_1_ptkcmwnfjv,train,real,/workspace/data/raw/dfdc/dfdc_train_part_01/dfdc_train_part_1/ptkcmwnfjv.mp4,dfdc_train_part_1
dfdc_train_part_1_avjwhrqbwl,train,fake,/workspace/data/raw/dfdc/dfdc_train_part_01/dfdc_train_part_1/avjwhrqbwl.mp4,dfdc_train_part_1
dfdc_train_part_1_uimraybknu,train,fake,/workspace/data/raw/dfdc/dfdc_train_part_01/dfdc_train_part_1/uimraybknu.mp4,dfdc_train_part_1
dfdc_train_part_1_kbmyurapjd,train,fake,/workspace/data/raw/dfdc/dfdc_train_part_01/dfdc_train_part_1/kbmyurapjd.mp4,dfdc_train_part_1
dfdc_train_part_1_yzpjwsfgob,train,fake,/workspace/data/raw/dfdc/dfdc_train_part_01/dfdc_train_part_1/yzpjwsfgob.mp4,dfdc_train_part_1
dfdc_train_part_1_opsgvfjlgh,train,real,/workspace/data/raw/dfdc/dfdc_train_part_01/dfdc_train_part_1/opsgvfjlgh.mp4,dfdc_train_part_1
dfdc_train_part_1_jzneqofkrp,train,fake,/workspace/data/raw/dfdc/dfdc_train_part_01/dfdc_train_part_1/jzneqofkrp.mp4,dfdc_train_part_1
dfdc_train_part_1_ilxaolkkpb,train,fake,/workspace/data/raw/dfdc/dfdc_train_part_01/dfdc_train_part_1/ilxaolkkpb.mp4,dfdc_train_part_1
dfdc_train_part_1_lpcdphzgnw,train,fake,/workspace/data/raw/dfdc/dfdc_train_part_01/dfdc_train_part_1/lpcdphzgnw.mp4,dfdc_train_part_1
dfdc_train_part_1_kbntqomiww,train,fake,/workspace/data/raw/dfdc/dfdc_train_part_01/dfdc_train_part_1/kbntqomiww.mp4,dfdc_train_part_1
dfdc_train_part_1_zjthkylwry,train,fake,/workspace/data/raw/dfdc/dfdc_train_part_01/dfdc_train_part_1/zjthkylwry.mp4,dfdc_train_part_1
dfdc_train_part_1_eceoujbjts,train,fake,/workspace/data/raw/dfdc/dfdc_train_part_01/dfdc_train_part_1/eceoujbjts.mp4,dfdc_train_part_1
dfdc_train_part_1_assnxglavo,train,fake,/workspace/data/raw/dfdc/dfdc_train_part_01/dfdc_train_part_1/assnxglavo.mp4,dfdc_train_part_1
dfdc_train_part_1_yjxsncqvjh,train,fake,/workspace/data/raw/dfdc/dfdc_train_part_01/dfdc_train_part_1/yjxsncqvjh.mp4,dfdc_train_part_1
dfdc_train_part_1_cloymwmsgb,train,fake,/workspace/data/raw/dfdc/dfdc_train_part_01/dfdc_train_part_1/cloymwmsgb.mp4,dfdc_train_part_1
dfdc_train_part_1_ncicqareep,train,fake,/workspace/data/raw/dfdc/dfdc_train_part_01/dfdc_train_part_1/ncicqareep.mp4,dfdc_train_part_1
dfdc_train_part_1_mtyspxmnci,train,fake,/workspace/data/raw/dfdc/dfdc_train_part_01/dfdc_train_part_1/mtyspxmnci.mp4,dfdc_train_part_1
dfdc_train_part_1_hppkohwkwb,train,fake,/workspace/data/raw/dfdc/dfdc_train_part_01/dfdc_train_part_1/hppkohwkwb.mp4,dfdc_train_part_1
dfdc_train_part_1_zwswwwrefl,train,real,/workspace/data/raw/dfdc/dfdc_train_part_01/dfdc_train_part_1/zwswwwrefl.mp4,dfdc_train_part_1
dfdc_train_part_1_eqsnaqrnmz,train,fake,/workspace/data/raw/dfdc/dfdc_train_part_01/dfdc_train_part_1/eqsnaqrnmz.mp4,dfdc_train_part_1
dfdc_train_part_1_rxjalpwkha,train,fake,/workspace/data/raw/dfdc/dfdc_train_part_01/dfdc_train_part_1/rxjalpwkha.mp4,dfdc_train_part_1
dfdc_train_part_1_opoodcszjf,train,fake,/workspace/data/raw/dfdc/dfdc_train_part_01/dfdc_train_part_1/opoodcszjf.mp4,dfdc_train_part_1
dfdc_train_part_1_huuguibhfq,train,fake,/workspace/data/raw/dfdc/dfdc_train_part_01/dfdc_train_part_1/huuguibhfq.mp4,dfdc_train_part_1
dfdc_train_part_1_tgyyqyyfau,train,fake,/workspace/data/raw/dfdc/dfdc_train_part_01/dfdc_train_part_1/tgyyqyyfau.mp4,dfdc_train_part_1
dfdc_train_part_1_dzdbunuaag,train,fake,/workspace/data/raw/dfdc/dfdc_train_part_01/dfdc_train_part_1/dzdbunuaag.mp4,dfdc_train_part_1
dfdc_train_part_1_kslfjqibrf,train,fake,/workspace/data/raw/dfdc/dfdc_train_part_01/dfdc_train_part_1/kslfjqibrf.mp4,dfdc_train_part_1
dfdc_train_part_1_rbpzdyxdtr,train,fake,/workspace/data/raw/dfdc/dfdc_train_part_01/dfdc_train_part_1/rbpzdyxdtr.mp4,dfdc_train_part_1
dfdc_train_part_1_lxuefcwyyk,train,fake,/workspace/data/raw/dfdc/dfdc_train_part_01/dfdc_train_part_1/lxuefcwyyk.mp4,dfdc_train_part_1
dfdc_train_part_1_flfrcaoluu,train,fake,/workspace/data/raw/dfdc/dfdc_train_part_01/dfdc_train_part_1/flfrcaoluu.mp4,dfdc_train_part_1
dfdc_train_part_1_emqeprwwpi,train,fake,/workspace/data/raw/dfdc/dfdc_train_part_01/dfdc_train_part_1/emqeprwwpi.mp4,dfdc_train_part_1
dfdc_train_part_1_ijvlstcjsa,train,fake,/workspace/data/raw/dfdc/dfdc_train_part_01/dfdc_train_part_1/ijvlstcjsa.mp4,dfdc_train_part_1
dfdc_train_part_1_wuejumpnpj,train,fake,/workspace/data/raw/dfdc/dfdc_train_part_01/dfdc_train_part_1/wuejumpnpj.mp4,dfdc_train_part_1
dfdc_train_part_1_alkomvbvah,train,fake,/workspace/data/raw/dfdc/dfdc_train_part_01/dfdc_train_part_1/alkomvbvah.mp4,dfdc_train_part_1
dfdc_train_part_1_qhornnqxmb,train,fake,/workspace/data/raw/dfdc/dfdc_train_part_01/dfdc_train_part_1/qhornnqxmb.mp4,dfdc_train_part_1
dfdc_train_part_1_dzshbwcwyu,train,fake,/workspace/data/raw/dfdc/dfdc_train_part_01/dfdc_train_part_1/dzshbwcwyu.mp4,dfdc_train_part_1
dfdc_train_part_1_hbufmvbium,train,real,/workspace/data/raw/dfdc/dfdc_train_part_01/dfdc_train_part_1/hbufmvbium.mp4,dfdc_train_part_1
dfdc_train_part_1_slhkaosehs,train,fake,/workspace/data/raw/dfdc/dfdc_train_part_01/dfdc_train_part_1/slhkaosehs.mp4,dfdc_train_part_1
dfdc_train_part_1_qkzrtibkdi,train,fake,/workspace/data/raw/dfdc/dfdc_train_part_01/dfdc_train_part_1/qkzrtibkdi.mp4,dfdc_train_part_1
dfdc_train_part_1_iagberxnov,train,fake,/workspace/data/raw/dfdc/dfdc_train_part_01/dfdc_train_part_1/iagberxnov.mp4,dfdc_train_part_1
dfdc_train_part_1_lurzowfubv,train,fake,/workspace/data/raw/dfdc/dfdc_train_part_01/dfdc_train_part_1/lurzowfubv.mp4,dfdc_train_part_1
dfdc_train_part_1_wyuwbkywwa,train,fake,/workspace/data/raw/dfdc/dfdc_train_part_01/dfdc_train_part_1/wyuwbkywwa.mp4,dfdc_train_part_1
dfdc_train_part_1_vyazlprxqy,train,fake,/workspace/data/raw/dfdc/dfdc_train_part_01/dfdc_train_part_1/vyazlprxqy.mp4,dfdc_train_part_1
dfdc_train_part_1_qwxekdfymh,train,fake,/workspace/data/raw/dfdc/dfdc_train_part_01/dfdc_train_part_1/qwxekdfymh.mp4,dfdc_train_part_1
dfdc_train_part_1_dztvxrzuta,train,fake,/workspace/data/raw/dfdc/dfdc_train_part_01/dfdc_train_part_1/dztvxrzuta.mp4,dfdc_train_part_1
dfdc_train_part_1_hlmhrkcemk,train,fake,/workspace/data/raw/dfdc/dfdc_train_part_01/dfdc_train_part_1/hlmhrkcemk.mp4,dfdc_train_part_1
dfdc_train_part_1_eszjbqahzh,train,fake,/workspace/data/raw/dfdc/dfdc_train_part_01/dfdc_train_part_1/eszjbqahzh.mp4,dfdc_train_part_1
dfdc_train_part_1_fvmtnwkoab,train,fake,/workspace/data/raw/dfdc/dfdc_train_part_01/dfdc_train_part_1/fvmtnwkoab.mp4,dfdc_train_part_1
dfdc_train_part_1_xmbtnyfimf,train,fake,/workspace/data/raw/dfdc/dfdc_train_part_01/dfdc_train_part_1/xmbtnyfimf.mp4,dfdc_train_part_1
dfdc_train_part_1_hxtdygilhn,train,fake,/workspace/data/raw/dfdc/dfdc_train_part_01/dfdc_train_part_1/hxtdygilhn.mp4,dfdc_train_part_1
dfdc_train_part_1_edudlkyelu,train,fake,/workspace/data/raw/dfdc/dfdc_train_part_01/dfdc_train_part_1/edudlkyelu.mp4,dfdc_train_part_1
dfdc_train_part_1_mdlztfqcvx,train,fake,/workspace/data/raw/dfdc/dfdc_train_part_01/dfdc_train_part_1/mdlztfqcvx.mp4,dfdc_train_part_1
dfdc_train_part_1_fernwnthuy,train,fake,/workspace/data/raw/dfdc/dfdc_train_part_01/dfdc_train_part_1/fernwnthuy.mp4,dfdc_train_part_1
dfdc_train_part_1_honxqdilvv,train,fake,/workspace/data/raw/dfdc/dfdc_train_part_01/dfdc_train_part_1/honxqdilvv.mp4,dfdc_train_part_1
dfdc_train_part_1_liwnbexxlg,train,fake,/workspace/data/raw/dfdc/dfdc_train_part_01/dfdc_train_part_1/liwnbexxlg.mp4,dfdc_train_part_1
dfdc_train_part_1_yskcbgayhp,train,fake,/workspace/data/raw/dfdc/dfdc_train_part_01/dfdc_train_part_1/yskcbgayhp.mp4,dfdc_train_part_1
dfdc_train_part_1_tvktmvdnqm,train,fake,/workspace/data/raw/dfdc/dfdc_train_part_01/dfdc_train_part_1/tvktmvdnqm.mp4,dfdc_train_part_1
dfdc_train_part_1_vvisqkvlgb,train,fake,/workspace/data/raw/dfdc/dfdc_train_part_01/dfdc_train_part_1/vvisqkvlgb.mp4,dfdc_train_part_1
dfdc_train_part_1_zxknocbndw,train,fake,/workspace/data/raw/dfdc/dfdc_train_part_01/dfdc_train_part_1/zxknocbndw.mp4,dfdc_train_part_1
dfdc_train_part_1_pllpgldqxd,train,fake,/workspace/data/raw/dfdc/dfdc_train_part_01/dfdc_train_part_1/pllpgldqxd.mp4,dfdc_train_part_1
dfdc_train_part_1_rbvrmojort,train,fake,/workspace/data/raw/dfdc/dfdc_train_part_01/dfdc_train_part_1/rbvrmojort.mp4,dfdc_train_part_1
dfdc_train_part_1_fpawgawyqs,train,fake,/workspace/data/raw/dfdc/dfdc_train_part_01/dfdc_train_part_1/fpawgawyqs.mp4,dfdc_train_part_1
dfdc_train_part_1_lwrjzzlyje,train,fake,/workspace/data/raw/dfdc/dfdc_train_part_01/dfdc_train_part_1/lwrjzzlyje.mp4,dfdc_train_part_1
dfdc_train_part_1_qlvsqdroqo,train,fake,/workspace/data/raw/dfdc/dfdc_train_part_01/dfdc_train_part_1/qlvsqdroqo.mp4,dfdc_train_part_1
dfdc_train_part_1_xbkltcjfoq,train,fake,/workspace/data/raw/dfdc/dfdc_train_part_01/dfdc_train_part_1/xbkltcjfoq.mp4,dfdc_train_part_1
dfdc_train_part_1_pdebgrasgr,train,fake,/workspace/data/raw/dfdc/dfdc_train_part_01/dfdc_train_part_1/pdebgrasgr.mp4,dfdc_train_part_1
dfdc_train_part_1_htnbqxsgmo,train,fake,/workspace/data/raw/dfdc/dfdc_train_part_01/dfdc_train_part_1/htnbqxsgmo.mp4,dfdc_train_part_1
dfdc_train_part_1_gabjvcgjcg,train,fake,/workspace/data/raw/dfdc/dfdc_train_part_01/dfdc_train_part_1/gabjvcgjcg.mp4,dfdc_train_part_1
dfdc_train_part_1_vewoqdyhfb,train,fake,/workspace/data/raw/dfdc/dfdc_train_part_01/dfdc_train_part_1/vewoqdyhfb.mp4,dfdc_train_part_1
dfdc_train_part_1_zopwbknvuj,train,fake,/workspace/data/raw/dfdc/dfdc_train_part_01/dfdc_train_part_1/zopwbknvuj.mp4,dfdc_train_part_1
dfdc_train_part_1_iwatktqcfd,train,fake,/workspace/data/raw/dfdc/dfdc_train_part_01/dfdc_train_part_1/iwatktqcfd.mp4,dfdc_train_part_1
dfdc_train_part_1_onoowfeded,train,fake,/workspace/data/raw/dfdc/dfdc_train_part_01/dfdc_train_part_1/onoowfeded.mp4,dfdc_train_part_1
dfdc_train_part_1_irnflhiciu,train,fake,/workspace/data/raw/dfdc/dfdc_train_part_01/dfdc_train_part_1/irnflhiciu.mp4,dfdc_train_part_1
dfdc_train_part_1_vtfpbtmgfh,train,fake,/workspace/data/raw/dfdc/dfdc_train_part_01/dfdc_train_part_1/vtfpbtmgfh.mp4,dfdc_train_part_1
dfdc_train_part_1_modwqruopr,train,fake,/workspace/data/raw/dfdc/dfdc_train_part_01/dfdc_train_part_1/modwqruopr.mp4,dfdc_train_part_1
dfdc_train_part_1_vvrkupqacj,train,fake,/workspace/data/raw/dfdc/dfdc_train_part_01/dfdc_train_part_1/vvrkupqacj.mp4,dfdc_train_part_1
dfdc_train_part_1_anmzhupzpa,train,fake,/workspace/data/raw/dfdc/dfdc_train_part_01/dfdc_train_part_1/anmzhupzpa.mp4,dfdc_train_part_1
dfdc_train_part_1_kfhdsjswbp,train,fake,/workspace/data/raw/dfdc/dfdc_train_part_01/dfdc_train_part_1/kfhdsjswbp.mp4,dfdc_train_part_1
dfdc_train_part_1_aelsfznuqw,train,fake,/workspace/data/raw/dfdc/dfdc_train_part_01/dfdc_train_part_1/aelsfznuqw.mp4,dfdc_train_part_1
dfdc_train_part_1_vssasohihx,train,fake,/workspace/data/raw/dfdc/dfdc_train_part_01/dfdc_train_part_1/vssasohihx.mp4,dfdc_train_part_1
dfdc_train_part_1_onqfohuqip,train,fake,/workspace/data/raw/dfdc/dfdc_train_part_01/dfdc_train_part_1/onqfohuqip.mp4,dfdc_train_part_1
dfdc_train_part_1_xhourslujq,train,fake,/workspace/data/raw/dfdc/dfdc_train_part_01/dfdc_train_part_1/xhourslujq.mp4,dfdc_train_part_1
dfdc_train_part_1_oyzyyowcts,train,fake,/workspace/data/raw/dfdc/dfdc_train_part_01/dfdc_train_part_1/oyzyyowcts.mp4,dfdc_train_part_1
dfdc_train_part_1_katmliewya,train,fake,/workspace/data/raw/dfdc/dfdc_train_part_01/dfdc_train_part_1/katmliewya.mp4,dfdc_train_part_1
dfdc_train_part_1_fyyyoslpgo,train,real,/workspace/data/raw/dfdc/dfdc_train_part_01/dfdc_train_part_1/fyyyoslpgo.mp4,dfdc_train_part_1
dfdc_train_part_1_juwmdknrki,train,fake,/workspace/data/raw/dfdc/dfdc_train_part_01/dfdc_train_part_1/juwmdknrki.mp4,dfdc_train_part_1
dfdc_train_part_1_uckwrdlojc,train,fake,/workspace/data/raw/dfdc/dfdc_train_part_01/dfdc_train_part_1/uckwrdlojc.mp4,dfdc_train_part_1
dfdc_train_part_1_dimizkqjfg,train,fake,/workspace/data/raw/dfdc/dfdc_train_part_01/dfdc_train_part_1/dimizkqjfg.mp4,dfdc_train_part_1
dfdc_train_part_1_bsarexshsm,train,fake,/workspace/data/raw/dfdc/dfdc_train_part_01/dfdc_train_part_1/bsarexshsm.mp4,dfdc_train_part_1
dfdc_train_part_1_fymagspffs,train,fake,/workspace/data/raw/dfdc/dfdc_train_part_01/dfdc_train_part_1/fymagspffs.mp4,dfdc_train_part_1
dfdc_train_part_1_lwaavueeng,train,fake,/workspace/data/raw/dfdc/dfdc_train_part_01/dfdc_train_part_1/lwaavueeng.mp4,dfdc_train_part_1
dfdc_train_part_1_goecylbbks,train,fake,/workspace/data/raw/dfdc/dfdc_train_part_01/dfdc_train_part_1/goecylbbks.mp4,dfdc_train_part_1
dfdc_train_part_1_fmtryaszxl,train,fake,/workspace/data/raw/dfdc/dfdc_train_part_01/dfdc_train_part_1/fmtryaszxl.mp4,dfdc_train_part_1
dfdc_train_part_1_zjtloxnavk,train,fake,/workspace/data/raw/dfdc/dfdc_train_part_01/dfdc_train_part_1/zjtloxnavk.mp4,dfdc_train_part_1
dfdc_train_part_1_thqkpnwxit,train,fake,/workspace/data/raw/dfdc/dfdc_train_part_01/dfdc_train_part_1/thqkpnwxit.mp4,dfdc_train_part_1
dfdc_train_part_1_qeefkatpus,train,fake,/workspace/data/raw/dfdc/dfdc_train_part_01/dfdc_train_part_1/qeefkatpus.mp4,dfdc_train_part_1
dfdc_train_part_1_drkgogkpqi,train,fake,/workspace/data/raw/dfdc/dfdc_train_part_01/dfdc_train_part_1/drkgogkpqi.mp4,dfdc_train_part_1
dfdc_train_part_1_ejagjdpovw,train,fake,/workspace/data/raw/dfdc/dfdc_train_part_01/dfdc_train_part_1/ejagjdpovw.mp4,dfdc_train_part_1
dfdc_train_part_1_tqteokvspn,train,fake,/workspace/data/raw/dfdc/dfdc_train_part_01/dfdc_train_part_1/tqteokvspn.mp4,dfdc_train_part_1
dfdc_train_part_1_nnchfswufs,train,fake,/workspace/data/raw/dfdc/dfdc_train_part_01/dfdc_train_part_1/nnchfswufs.mp4,dfdc_train_part_1
dfdc_train_part_1_jdztasqled,train,fake,/workspace/data/raw/dfdc/dfdc_train_part_01/dfdc_train_part_1/jdztasqled.mp4,dfdc_train_part_1
dfdc_train_part_1_wlcdfpjyhi,train,fake,/workspace/data/raw/dfdc/dfdc_train_part_01/dfdc_train_part_1/wlcdfpjyhi.mp4,dfdc_train_part_1
dfdc_train_part_1_vphvagjvlh,train,fake,/workspace/data/raw/dfdc/dfdc_train_part_01/dfdc_train_part_1/vphvagjvlh.mp4,dfdc_train_part_1
dfdc_train_part_1_oznyyhvzxk,train,real,/workspace/data/raw/dfdc/dfdc_train_part_01/dfdc_train_part_1/oznyyhvzxk.mp4,dfdc_train_part_1
dfdc_train_part_1_wmcwqmiawm,train,fake,/workspace/data/raw/dfdc/dfdc_train_part_01/dfdc_train_part_1/wmcwqmiawm.mp4,dfdc_train_part_1
dfdc_train_part_1_nebhktvwcf,train,fake,/workspace/data/raw/dfdc/dfdc_train_part_01/dfdc_train_part_1/nebhktvwcf.mp4,dfdc_train_part_1
dfdc_train_part_1_pmzfmajnzh,train,fake,/workspace/data/raw/dfdc/dfdc_train_part_01/dfdc_train_part_1/pmzfmajnzh.mp4,dfdc_train_part_1
dfdc_train_part_1_mkokzwtuoq,train,fake,/workspace/data/raw/dfdc/dfdc_train_part_01/dfdc_train_part_1/mkokzwtuoq.mp4,dfdc_train_part_1
dfdc_train_part_1_lpheupsipg,train,fake,/workspace/data/raw/dfdc/dfdc_train_part_01/dfdc_train_part_1/lpheupsipg.mp4,dfdc_train_part_1
dfdc_train_part_1_oeehuctlac,train,fake,/workspace/data/raw/dfdc/dfdc_train_part_01/dfdc_train_part_1/oeehuctlac.mp4,dfdc_train_part_1
dfdc_train_part_1_yoyhmxtrys,train,fake,/workspace/data/raw/dfdc/dfdc_train_part_01/dfdc_train_part_1/yoyhmxtrys.mp4,dfdc_train_part_1
dfdc_train_part_1_pduskesxgz,train,fake,/workspace/data/raw/dfdc/dfdc_train_part_01/dfdc_train_part_1/pduskesxgz.mp4,dfdc_train_part_1
dfdc_train_part_1_tvzpsgkdvx,train,fake,/workspace/data/raw/dfdc/dfdc_train_part_01/dfdc_train_part_1/tvzpsgkdvx.mp4,dfdc_train_part_1
dfdc_train_part_1_eccwrliesa,train,fake,/workspace/data/raw/dfdc/dfdc_train_part_01/dfdc_train_part_1/eccwrliesa.mp4,dfdc_train_part_1
dfdc_train_part_1_lpmjgfjpec,train,fake,/workspace/data/raw/dfdc/dfdc_train_part_01/dfdc_train_part_1/lpmjgfjpec.mp4,dfdc_train_part_1
dfdc_train_part_1_cgkorxrqlv,train,fake,/workspace/data/raw/dfdc/dfdc_train_part_01/dfdc_train_part_1/cgkorxrqlv.mp4,dfdc_train_part_1
dfdc_train_part_1_ynilamdpnj,train,fake,/workspace/data/raw/dfdc/dfdc_train_part_01/dfdc_train_part_1/ynilamdpnj.mp4,dfdc_train_part_1
dfdc_train_part_1_onewdbuehd,train,fake,/workspace/data/raw/dfdc/dfdc_train_part_01/dfdc_train_part_1/onewdbuehd.mp4,dfdc_train_part_1
dfdc_train_part_1_wakshhcdwv,train,fake,/workspace/data/raw/dfdc/dfdc_train_part_01/dfdc_train_part_1/wakshhcdwv.mp4,dfdc_train_part_1
dfdc_train_part_1_xljemofssi,train,fake,/workspace/data/raw/dfdc/dfdc_train_part_01/dfdc_train_part_1/xljemofssi.mp4,dfdc_train_part_1
dfdc_train_part_1_uhghcnbnsc,train,fake,/workspace/data/raw/dfdc/dfdc_train_part_01/dfdc_train_part_1/uhghcnbnsc.mp4,dfdc_train_part_1
dfdc_train_part_1_fgwiypyxom,train,fake,/workspace/data/raw/dfdc/dfdc_train_part_01/dfdc_train_part_1/fgwiypyxom.mp4,dfdc_train_part_1
dfdc_train_part_1_sxyzmmjchv,train,fake,/workspace/data/raw/dfdc/dfdc_train_part_01/dfdc_train_part_1/sxyzmmjchv.mp4,dfdc_train_part_1
dfdc_train_part_1_galsstznjd,train,fake,/workspace/data/raw/dfdc/dfdc_train_part_01/dfdc_train_part_1/galsstznjd.mp4,dfdc_train_part_1
dfdc_train_part_1_xjzmkuxskq,train,real,/workspace/data/raw/dfdc/dfdc_train_part_01/dfdc_train_part_1/xjzmkuxskq.mp4,dfdc_train_part_1
dfdc_train_part_1_jpvkoxrueh,train,real,/workspace/data/raw/dfdc/dfdc_train_part_01/dfdc_train_part_1/jpvkoxrueh.mp4,dfdc_train_part_1
dfdc_train_part_1_lklfngotia,train,fake,/workspace/data/raw/dfdc/dfdc_train_part_01/dfdc_train_part_1/lklfngotia.mp4,dfdc_train_part_1
dfdc_train_part_1_hweshqpfwe,train,fake,/workspace/data/raw/dfdc/dfdc_train_part_01/dfdc_train_part_1/hweshqpfwe.mp4,dfdc_train_part_1
dfdc_train_part_1_jvhmnsksbf,train,fake,/workspace/data/raw/dfdc/dfdc_train_part_01/dfdc_train_part_1/jvhmnsksbf.mp4,dfdc_train_part_1
dfdc_train_part_1_qwxtwaqlpb,train,fake,/workspace/data/raw/dfdc/dfdc_train_part_01/dfdc_train_part_1/qwxtwaqlpb.mp4,dfdc_train_part_1
dfdc_train_part_1_oukblvbyxv,train,fake,/workspace/data/raw/dfdc/dfdc_train_part_01/dfdc_train_part_1/oukblvbyxv.mp4,dfdc_train_part_1
dfdc_train_part_1_kmnpesunza,train,fake,/workspace/data/raw/dfdc/dfdc_train_part_01/dfdc_train_part_1/kmnpesunza.mp4,dfdc_train_part_1
dfdc_train_part_1_oojowbflrz,train,fake,/workspace/data/raw/dfdc/dfdc_train_part_01/dfdc_train_part_1/oojowbflrz.mp4,dfdc_train_part_1
dfdc_train_part_1_avlmlshqjh,train,fake,/workspace/data/raw/dfdc/dfdc_train_part_01/dfdc_train_part_1/avlmlshqjh.mp4,dfdc_train_part_1
dfdc_train_part_1_wfuywqqkrt,train,fake,/workspace/data/raw/dfdc/dfdc_train_part_01/dfdc_train_part_1/wfuywqqkrt.mp4,dfdc_train_part_1
dfdc_train_part_1_oaknfjboxe,train,fake,/workspace/data/raw/dfdc/dfdc_train_part_01/dfdc_train_part_1/oaknfjboxe.mp4,dfdc_train_part_1
dfdc_train_part_1_sfcsjsisqe,train,fake,/workspace/data/raw/dfdc/dfdc_train_part_01/dfdc_train_part_1/sfcsjsisqe.mp4,dfdc_train_part_1
dfdc_train_part_1_ieojvnabjg,train,fake,/workspace/data/raw/dfdc/dfdc_train_part_01/dfdc_train_part_1/ieojvnabjg.mp4,dfdc_train_part_1
dfdc_train_part_1_zrhxaamlrw,train,fake,/workspace/data/raw/dfdc/dfdc_train_part_01/dfdc_train_part_1/zrhxaamlrw.mp4,dfdc_train_part_1
dfdc_train_part_1_tvboyzurgi,train,fake,/workspace/data/raw/dfdc/dfdc_train_part_01/dfdc_train_part_1/tvboyzurgi.mp4,dfdc_train_part_1
dfdc_train_part_1_znjrxvpcmk,train,fake,/workspace/data/raw/dfdc/dfdc_train_part_01/dfdc_train_part_1/znjrxvpcmk.mp4,dfdc_train_part_1
dfdc_train_part_1_eobtpresst,train,fake,/workspace/data/raw/dfdc/dfdc_train_part_01/dfdc_train_part_1/eobtpresst.mp4,dfdc_train_part_1
dfdc_train_part_1_cgzehrnpvv,train,fake,/workspace/data/raw/dfdc/dfdc_train_part_01/dfdc_train_part_1/cgzehrnpvv.mp4,dfdc_train_part_1
dfdc_train_part_1_icklgrlvqs,train,fake,/workspace/data/raw/dfdc/dfdc_train_part_01/dfdc_train_part_1/icklgrlvqs.mp4,dfdc_train_part_1
dfdc_train_part_1_wapflpdhyi,train,real,/workspace/data/raw/dfdc/dfdc_train_part_01/dfdc_train_part_1/wapflpdhyi.mp4,dfdc_train_part_1
dfdc_train_part_1_erzfabwflz,train,fake,/workspace/data/raw/dfdc/dfdc_train_part_01/dfdc_train_part_1/erzfabwflz.mp4,dfdc_train_part_1
dfdc_train_part_1_pjgqyoywlq,train,fake,/workspace/data/raw/dfdc/dfdc_train_part_01/dfdc_train_part_1/pjgqyoywlq.mp4,dfdc_train_part_1
dfdc_train_part_1_lhksewixyd,train,fake,/workspace/data/raw/dfdc/dfdc_train_part_01/dfdc_train_part_1/lhksewixyd.mp4,dfdc_train_part_1
dfdc_train_part_1_wjnfdnfqiy,train,fake,/workspace/data/raw/dfdc/dfdc_train_part_01/dfdc_train_part_1/wjnfdnfqiy.mp4,dfdc_train_part_1
dfdc_train_part_1_wrliclxsom,train,fake,/workspace/data/raw/dfdc/dfdc_train_part_01/dfdc_train_part_1/wrliclxsom.mp4,dfdc_train_part_1
dfdc_train_part_1_cxzqexgpeu,train,fake,/workspace/data/raw/dfdc/dfdc_train_part_01/dfdc_train_part_1/cxzqexgpeu.mp4,dfdc_train_part_1
dfdc_train_part_1_kowiwvrjht,train,fake,/workspace/data/raw/dfdc/dfdc_train_part_01/dfdc_train_part_1/kowiwvrjht.mp4,dfdc_train_part_1
dfdc_train_part_1_uxssisvfez,train,fake,/workspace/data/raw/dfdc/dfdc_train_part_01/dfdc_train_part_1/uxssisvfez.mp4,dfdc_train_part_1
dfdc_train_part_1_lpsjuvtlbq,train,fake,/workspace/data/raw/dfdc/dfdc_train_part_01/dfdc_train_part_1/lpsjuvtlbq.mp4,dfdc_train_part_1
dfdc_train_part_1_icbsahlivv,train,fake,/workspace/data/raw/dfdc/dfdc_train_part_01/dfdc_train_part_1/icbsahlivv.mp4,dfdc_train_part_1
dfdc_train_part_1_mlxhjqdglp,train,fake,/workspace/data/raw/dfdc/dfdc_train_part_01/dfdc_train_part_1/mlxhjqdglp.mp4,dfdc_train_part_1
dfdc_train_part_1_kmquivkgue,train,fake,/workspace/data/raw/dfdc/dfdc_train_part_01/dfdc_train_part_1/kmquivkgue.mp4,dfdc_train_part_1
dfdc_train_part_1_gmvebzkncg,train,fake,/workspace/data/raw/dfdc/dfdc_train_part_01/dfdc_train_part_1/gmvebzkncg.mp4,dfdc_train_part_1
dfdc_train_part_1_ncqvkpojuu,train,fake,/workspace/data/raw/dfdc/dfdc_train_part_01/dfdc_train_part_1/ncqvkpojuu.mp4,dfdc_train_part_1
dfdc_train_part_1_tehzhlryre,train,fake,/workspace/data/raw/dfdc/dfdc_train_part_01/dfdc_train_part_1/tehzhlryre.mp4,dfdc_train_part_1
dfdc_train_part_1_vjuxdcaaew,train,fake,/workspace/data/raw/dfdc/dfdc_train_part_01/dfdc_train_part_1/vjuxdcaaew.mp4,dfdc_train_part_1
dfdc_train_part_1_yqqwycbfqn,train,fake,/workspace/data/raw/dfdc/dfdc_train_part_01/dfdc_train_part_1/yqqwycbfqn.mp4,dfdc_train_part_1
dfdc_train_part_1_thyliacqnm,train,fake,/workspace/data/raw/dfdc/dfdc_train_part_01/dfdc_train_part_1/thyliacqnm.mp4,dfdc_train_part_1
dfdc_train_part_1_vuonuxzhhb,train,fake,/workspace/data/raw/dfdc/dfdc_train_part_01/dfdc_train_part_1/vuonuxzhhb.mp4,dfdc_train_part_1
dfdc_train_part_1_mxtnyysfuj,train,fake,/workspace/data/raw/dfdc/dfdc_train_part_01/dfdc_train_part_1/mxtnyysfuj.mp4,dfdc_train_part_1
dfdc_train_part_1_vizerpsvbz,train,real,/workspace/data/raw/dfdc/dfdc_train_part_01/dfdc_train_part_1/vizerpsvbz.mp4,dfdc_train_part_1
dfdc_train_part_1_qvipgwiujw,train,fake,/workspace/data/raw/dfdc/dfdc_train_part_01/dfdc_train_part_1/qvipgwiujw.mp4,dfdc_train_part_1
dfdc_train_part_1_qvaxapfttc,train,fake,/workspace/data/raw/dfdc/dfdc_train_part_01/dfdc_train_part_1/qvaxapfttc.mp4,dfdc_train_part_1
dfdc_train_part_1_otzmadzzqa,train,fake,/workspace/data/raw/dfdc/dfdc_train_part_01/dfdc_train_part_1/otzmadzzqa.mp4,dfdc_train_part_1
dfdc_train_part_1_emfkryqdmk,train,fake,/workspace/data/raw/dfdc/dfdc_train_part_01/dfdc_train_part_1/emfkryqdmk.mp4,dfdc_train_part_1
dfdc_train_part_1_umysbzmrku,train,fake,/workspace/data/raw/dfdc/dfdc_train_part_01/dfdc_train_part_1/umysbzmrku.mp4,dfdc_train_part_1
dfdc_train_part_1_rtjcbaqrks,train,fake,/workspace/data/raw/dfdc/dfdc_train_part_01/dfdc_train_part_1/rtjcbaqrks.mp4,dfdc_train_part_1
dfdc_train_part_1_cqxxumarvp,train,real,/workspace/data/raw/dfdc/dfdc_train_part_01/dfdc_train_part_1/cqxxumarvp.mp4,dfdc_train_part_1
dfdc_train_part_1_rulvnayuug,train,fake,/workspace/data/raw/dfdc/dfdc_train_part_01/dfdc_train_part_1/rulvnayuug.mp4,dfdc_train_part_1
dfdc_train_part_1_bpcimjvhlu,train,fake,/workspace/data/raw/dfdc/dfdc_train_part_01/dfdc_train_part_1/bpcimjvhlu.mp4,dfdc_train_part_1
dfdc_train_part_1_bcunmpqmwf,train,fake,/workspace/data/raw/dfdc/dfdc_train_part_01/dfdc_train_part_1/bcunmpqmwf.mp4,dfdc_train_part_1
dfdc_train_part_1_qaccjuutkr,train,fake,/workspace/data/raw/dfdc/dfdc_train_part_01/dfdc_train_part_1/qaccjuutkr.mp4,dfdc_train_part_1
dfdc_train_part_1_cnvpcernca,train,fake,/workspace/data/raw/dfdc/dfdc_train_part_01/dfdc_train_part_1/cnvpcernca.mp4,dfdc_train_part_1
dfdc_train_part_1_tbomjqtdyd,train,fake,/workspace/data/raw/dfdc/dfdc_train_part_01/dfdc_train_part_1/tbomjqtdyd.mp4,dfdc_train_part_1
dfdc_train_part_1_hkgkrycmmp,train,fake,/workspace/data/raw/dfdc/dfdc_train_part_01/dfdc_train_part_1/hkgkrycmmp.mp4,dfdc_train_part_1
dfdc_train_part_1_qlwakmlpnq,train,fake,/workspace/data/raw/dfdc/dfdc_train_part_01/dfdc_train_part_1/qlwakmlpnq.mp4,dfdc_train_part_1
dfdc_train_part_1_iwjhauqknu,train,fake,/workspace/data/raw/dfdc/dfdc_train_part_01/dfdc_train_part_1/iwjhauqknu.mp4,dfdc_train_part_1
dfdc_train_part_1_xbctgvzitp,train,fake,/workspace/data/raw/dfdc/dfdc_train_part_01/dfdc_train_part_1/xbctgvzitp.mp4,dfdc_train_part_1
dfdc_train_part_1_paljdxjnve,train,fake,/workspace/data/raw/dfdc/dfdc_train_part_01/dfdc_train_part_1/paljdxjnve.mp4,dfdc_train_part_1
dfdc_train_part_1_kuzlqnsjne,train,fake,/workspace/data/raw/dfdc/dfdc_train_part_01/dfdc_train_part_1/kuzlqnsjne.mp4,dfdc_train_part_1
dfdc_train_part_1_eoshntcipd,train,fake,/workspace/data/raw/dfdc/dfdc_train_part_01/dfdc_train_part_1/eoshntcipd.mp4,dfdc_train_part_1
dfdc_train_part_1_dqcamrpobq,train,fake,/workspace/data/raw/dfdc/dfdc_train_part_01/dfdc_train_part_1/dqcamrpobq.mp4,dfdc_train_part_1
dfdc_train_part_1_spxqkpmopb,train,fake,/workspace/data/raw/dfdc/dfdc_train_part_01/dfdc_train_part_1/spxqkpmopb.mp4,dfdc_train_part_1
dfdc_train_part_1_fddmkqjwsh,train,fake,/workspace/data/raw/dfdc/dfdc_train_part_01/dfdc_train_part_1/fddmkqjwsh.mp4,dfdc_train_part_1
dfdc_train_part_1_vfuioczzpe,train,fake,/workspace/data/raw/dfdc/dfdc_train_part_01/dfdc_train_part_1/vfuioczzpe.mp4,dfdc_train_part_1
dfdc_train_part_1_ctwyfomddo,train,fake,/workspace/data/raw/dfdc/dfdc_train_part_01/dfdc_train_part_1/ctwyfomddo.mp4,dfdc_train_part_1
dfdc_train_part_1_cdxwmzxudd,train,fake,/workspace/data/raw/dfdc/dfdc_train_part_01/dfdc_train_part_1/cdxwmzxudd.mp4,dfdc_train_part_1
dfdc_train_part_1_hcrqgttdrc,train,fake,/workspace/data/raw/dfdc/dfdc_train_part_01/dfdc_train_part_1/hcrqgttdrc.mp4,dfdc_train_part_1
dfdc_train_part_1_yakbkegdby,train,fake,/workspace/data/raw/dfdc/dfdc_train_part_01/dfdc_train_part_1/yakbkegdby.mp4,dfdc_train_part_1
dfdc_train_part_1_iqbzjoweap,train,fake,/workspace/data/raw/dfdc/dfdc_train_part_01/dfdc_train_part_1/iqbzjoweap.mp4,dfdc_train_part_1
dfdc_train_part_1_iyrafvzjnf,train,real,/workspace/data/raw/dfdc/dfdc_train_part_01/dfdc_train_part_1/iyrafvzjnf.mp4,dfdc_train_part_1
dfdc_train_part_1_mobnaipjiw,train,fake,/workspace/data/raw/dfdc/dfdc_train_part_01/dfdc_train_part_1/mobnaipjiw.mp4,dfdc_train_part_1
dfdc_train_part_1_ffqyvkfady,train,fake,/workspace/data/raw/dfdc/dfdc_train_part_01/dfdc_train_part_1/ffqyvkfady.mp4,dfdc_train_part_1
dfdc_train_part_1_znicqofizj,train,fake,/workspace/data/raw/dfdc/dfdc_train_part_01/dfdc_train_part_1/znicqofizj.mp4,dfdc_train_part_1
dfdc_train_part_1_cxvkgrbaku,train,fake,/workspace/data/raw/dfdc/dfdc_train_part_01/dfdc_train_part_1/cxvkgrbaku.mp4,dfdc_train_part_1
dfdc_train_part_1_ohuzzfkldf,train,fake,/workspace/data/raw/dfdc/dfdc_train_part_01/dfdc_train_part_1/ohuzzfkldf.mp4,dfdc_train_part_1
dfdc_train_part_1_vymrbyamcs,train,fake,/workspace/data/raw/dfdc/dfdc_train_part_01/dfdc_train_part_1/vymrbyamcs.mp4,dfdc_train_part_1
dfdc_train_part_1_wwkmeypytp,train,fake,/workspace/data/raw/dfdc/dfdc_train_part_01/dfdc_train_part_1/wwkmeypytp.mp4,dfdc_train_part_1
dfdc_train_part_1_jgdrcvviil,train,real,/workspace/data/raw/dfdc/dfdc_train_part_01/dfdc_train_part_1/jgdrcvviil.mp4,dfdc_train_part_1
dfdc_train_part_1_jcsqblnqum,train,fake,/workspace/data/raw/dfdc/dfdc_train_part_01/dfdc_train_part_1/jcsqblnqum.mp4,dfdc_train_part_1
dfdc_train_part_1_ynnannlllo,train,fake,/workspace/data/raw/dfdc/dfdc_train_part_01/dfdc_train_part_1/ynnannlllo.mp4,dfdc_train_part_1
dfdc_train_part_1_ieoixnltne,train,fake,/workspace/data/raw/dfdc/dfdc_train_part_01/dfdc_train_part_1/ieoixnltne.mp4,dfdc_train_part_1
dfdc_train_part_1_gswszvoojm,train,fake,/workspace/data/raw/dfdc/dfdc_train_part_01/dfdc_train_part_1/gswszvoojm.mp4,dfdc_train_part_1
dfdc_train_part_1_jrejskikgi,train,fake,/workspace/data/raw/dfdc/dfdc_train_part_01/dfdc_train_part_1/jrejskikgi.mp4,dfdc_train_part_1
dfdc_train_part_1_fyuimnkemv,train,fake,/workspace/data/raw/dfdc/dfdc_train_part_01/dfdc_train_part_1/fyuimnkemv.mp4,dfdc_train_part_1
dfdc_train_part_1_cnbxddelwb,train,fake,/workspace/data/raw/dfdc/dfdc_train_part_01/dfdc_train_part_1/cnbxddelwb.mp4,dfdc_train_part_1
dfdc_train_part_1_dontwxbnza,train,fake,/workspace/data/raw/dfdc/dfdc_train_part_01/dfdc_train_part_1/dontwxbnza.mp4,dfdc_train_part_1
dfdc_train_part_1_rtzxnlqhqt,train,fake,/workspace/data/raw/dfdc/dfdc_train_part_01/dfdc_train_part_1/rtzxnlqhqt.mp4,dfdc_train_part_1
dfdc_train_part_1_fhfnixrhws,train,fake,/workspace/data/raw/dfdc/dfdc_train_part_01/dfdc_train_part_1/fhfnixrhws.mp4,dfdc_train_part_1
dfdc_train_part_1_bwkddsdoqj,train,fake,/workspace/data/raw/dfdc/dfdc_train_part_01/dfdc_train_part_1/bwkddsdoqj.mp4,dfdc_train_part_1
dfdc_train_part_1_cxoxqdwvin,train,fake,/workspace/data/raw/dfdc/dfdc_train_part_01/dfdc_train_part_1/cxoxqdwvin.mp4,dfdc_train_part_1
dfdc_train_part_1_mfqaexykvd,train,fake,/workspace/data/raw/dfdc/dfdc_train_part_01/dfdc_train_part_1/mfqaexykvd.mp4,dfdc_train_part_1
dfdc_train_part_1_jctahcrbkh,train,fake,/workspace/data/raw/dfdc/dfdc_train_part_01/dfdc_train_part_1/jctahcrbkh.mp4,dfdc_train_part_1
dfdc_train_part_1_ynfingiplu,train,fake,/workspace/data/raw/dfdc/dfdc_train_part_01/dfdc_train_part_1/ynfingiplu.mp4,dfdc_train_part_1
dfdc_train_part_1_sefnosuubr,train,fake,/workspace/data/raw/dfdc/dfdc_train_part_01/dfdc_train_part_1/sefnosuubr.mp4,dfdc_train_part_1
dfdc_train_part_1_jhnaxwgasd,train,fake,/workspace/data/raw/dfdc/dfdc_train_part_01/dfdc_train_part_1/jhnaxwgasd.mp4,dfdc_train_part_1
dfdc_train_part_1_yzqwizknnw,train,fake,/workspace/data/raw/dfdc/dfdc_train_part_01/dfdc_train_part_1/yzqwizknnw.mp4,dfdc_train_part_1
dfdc_train_part_1_rjmbhdeafl,train,fake,/workspace/data/raw/dfdc/dfdc_train_part_01/dfdc_train_part_1/rjmbhdeafl.mp4,dfdc_train_part_1
dfdc_train_part_1_xdoaxlerbq,train,fake,/workspace/data/raw/dfdc/dfdc_train_part_01/dfdc_train_part_1/xdoaxlerbq.mp4,dfdc_train_part_1
dfdc_train_part_1_rimrqutsnt,train,fake,/workspace/data/raw/dfdc/dfdc_train_part_01/dfdc_train_part_1/rimrqutsnt.mp4,dfdc_train_part_1
dfdc_train_part_1_bhiprtqyon,train,fake,/workspace/data/raw/dfdc/dfdc_train_part_01/dfdc_train_part_1/bhiprtqyon.mp4,dfdc_train_part_1
dfdc_train_part_1_uvhgyietjs,train,fake,/workspace/data/raw/dfdc/dfdc_train_part_01/dfdc_train_part_1/uvhgyietjs.mp4,dfdc_train_part_1
dfdc_train_part_1_zsybhetzmb,train,fake,/workspace/data/raw/dfdc/dfdc_train_part_01/dfdc_train_part_1/zsybhetzmb.mp4,dfdc_train_part_1
dfdc_train_part_1_dvtpwatuja,train,real,/workspace/data/raw/dfdc/dfdc_train_part_01/dfdc_train_part_1/dvtpwatuja.mp4,dfdc_train_part_1
dfdc_train_part_1_wvbijgptdw,train,fake,/workspace/data/raw/dfdc/dfdc_train_part_01/dfdc_train_part_1/wvbijgptdw.mp4,dfdc_train_part_1
dfdc_train_part_1_srglkowbrs,train,fake,/workspace/data/raw/dfdc/dfdc_train_part_01/dfdc_train_part_1/srglkowbrs.mp4,dfdc_train_part_1
dfdc_train_part_1_zpcdhrjryy,train,fake,/workspace/data/raw/dfdc/dfdc_train_part_01/dfdc_train_part_1/zpcdhrjryy.mp4,dfdc_train_part_1
dfdc_train_part_1_utskpxqijx,train,fake,/workspace/data/raw/dfdc/dfdc_train_part_01/dfdc_train_part_1/utskpxqijx.mp4,dfdc_train_part_1
dfdc_train_part_1_nswtvttxre,train,real,/workspace/data/raw/dfdc/dfdc_train_part_01/dfdc_train_part_1/nswtvttxre.mp4,dfdc_train_part_1
dfdc_train_part_1_dzlblcmrqc,train,fake,/workspace/data/raw/dfdc/dfdc_train_part_01/dfdc_train_part_1/dzlblcmrqc.mp4,dfdc_train_part_1
dfdc_train_part_1_amczvybpav,train,fake,/workspace/data/raw/dfdc/dfdc_train_part_01/dfdc_train_part_1/amczvybpav.mp4,dfdc_train_part_1
dfdc_train_part_1_cglveitybx,train,fake,/workspace/data/raw/dfdc/dfdc_train_part_01/dfdc_train_part_1/cglveitybx.mp4,dfdc_train_part_1
dfdc_train_part_1_hnfssbkumw,train,fake,/workspace/data/raw/dfdc/dfdc_train_part_01/dfdc_train_part_1/hnfssbkumw.mp4,dfdc_train_part_1
dfdc_train_part_1_rccmgtgaad,train,fake,/workspace/data/raw/dfdc/dfdc_train_part_01/dfdc_train_part_1/rccmgtgaad.mp4,dfdc_train_part_1
dfdc_train_part_1_cxiitnbzie,train,fake,/workspace/data/raw/dfdc/dfdc_train_part_01/dfdc_train_part_1/cxiitnbzie.mp4,dfdc_train_part_1
dfdc_train_part_1_prabglktpg,train,fake,/workspace/data/raw/dfdc/dfdc_train_part_01/dfdc_train_part_1/prabglktpg.mp4,dfdc_train_part_1
dfdc_train_part_1_ondezmgykk,train,fake,/workspace/data/raw/dfdc/dfdc_train_part_01/dfdc_train_part_1/ondezmgykk.mp4,dfdc_train_part_1
dfdc_train_part_1_jtfjygauws,train,fake,/workspace/data/raw/dfdc/dfdc_train_part_01/dfdc_train_part_1/jtfjygauws.mp4,dfdc_train_part_1
dfdc_train_part_1_nryoehjuec,train,fake,/workspace/data/raw/dfdc/dfdc_train_part_01/dfdc_train_part_1/nryoehjuec.mp4,dfdc_train_part_1
dfdc_train_part_1_hkxoqlmhsq,train,fake,/workspace/data/raw/dfdc/dfdc_train_part_01/dfdc_train_part_1/hkxoqlmhsq.mp4,dfdc_train_part_1
dfdc_train_part_1_nfutdgeibm,train,fake,/workspace/data/raw/dfdc/dfdc_train_part_01/dfdc_train_part_1/nfutdgeibm.mp4,dfdc_train_part_1
dfdc_train_part_1_nhmsyimuds,train,fake,/workspace/data/raw/dfdc/dfdc_train_part_01/dfdc_train_part_1/nhmsyimuds.mp4,dfdc_train_part_1
dfdc_train_part_1_xvoslmyksa,train,fake,/workspace/data/raw/dfdc/dfdc_train_part_01/dfdc_train_part_1/xvoslmyksa.mp4,dfdc_train_part_1
dfdc_train_part_1_sgqttcbhxf,train,fake,/workspace/data/raw/dfdc/dfdc_train_part_01/dfdc_train_part_1/sgqttcbhxf.mp4,dfdc_train_part_1
dfdc_train_part_1_dzrrklwrgn,train,real,/workspace/data/raw/dfdc/dfdc_train_part_01/dfdc_train_part_1/dzrrklwrgn.mp4,dfdc_train_part_1
dfdc_train_part_1_avcccznrft,train,fake,/workspace/data/raw/dfdc/dfdc_train_part_01/dfdc_train_part_1/avcccznrft.mp4,dfdc_train_part_1
dfdc_train_part_1_fzxrxhcwou,train,fake,/workspace/data/raw/dfdc/dfdc_train_part_01/dfdc_train_part_1/fzxrxhcwou.mp4,dfdc_train_part_1
dfdc_train_part_1_ocnqcaojtf,train,real,/workspace/data/raw/dfdc/dfdc_train_part_01/dfdc_train_part_1/ocnqcaojtf.mp4,dfdc_train_part_1
dfdc_train_part_1_fqjrylvphp,train,fake,/workspace/data/raw/dfdc/dfdc_train_part_01/dfdc_train_part_1/fqjrylvphp.mp4,dfdc_train_part_1
dfdc_train_part_1_etxmshgclx,train,fake,/workspace/data/raw/dfdc/dfdc_train_part_01/dfdc_train_part_1/etxmshgclx.mp4,dfdc_train_part_1
dfdc_train_part_1_qobunxjtio,train,fake,/workspace/data/raw/dfdc/dfdc_train_part_01/dfdc_train_part_1/qobunxjtio.mp4,dfdc_train_part_1
dfdc_train_part_1_gfvqybxcrk,train,fake,/workspace/data/raw/dfdc/dfdc_train_part_01/dfdc_train_part_1/gfvqybxcrk.mp4,dfdc_train_part_1
dfdc_train_part_1_ebpxbudvzv,train,fake,/workspace/data/raw/dfdc/dfdc_train_part_01/dfdc_train_part_1/ebpxbudvzv.mp4,dfdc_train_part_1
dfdc_train_part_1_vekglqdkdn,train,fake,/workspace/data/raw/dfdc/dfdc_train_part_01/dfdc_train_part_1/vekglqdkdn.mp4,dfdc_train_part_1
dfdc_train_part_1_junllgghcq,train,real,/workspace/data/raw/dfdc/dfdc_train_part_01/dfdc_train_part_1/junllgghcq.mp4,dfdc_train_part_1
dfdc_train_part_1_dozjwhnedd,train,fake,/workspace/data/raw/dfdc/dfdc_train_part_01/dfdc_train_part_1/dozjwhnedd.mp4,dfdc_train_part_1
dfdc_train_part_1_zcxcmneefk,train,fake,/workspace/data/raw/dfdc/dfdc_train_part_01/dfdc_train_part_1/zcxcmneefk.mp4,dfdc_train_part_1
dfdc_train_part_1_ndgofjkjvv,train,fake,/workspace/data/raw/dfdc/dfdc_train_part_01/dfdc_train_part_1/ndgofjkjvv.mp4,dfdc_train_part_1
dfdc_train_part_1_ootmykhdga,train,fake,/workspace/data/raw/dfdc/dfdc_train_part_01/dfdc_train_part_1/ootmykhdga.mp4,dfdc_train_part_1
dfdc_train_part_1_kppsvwgyms,train,fake,/workspace/data/raw/dfdc/dfdc_train_part_01/dfdc_train_part_1/kppsvwgyms.mp4,dfdc_train_part_1
dfdc_train_part_1_ndvaqbmiqd,train,fake,/workspace/data/raw/dfdc/dfdc_train_part_01/dfdc_train_part_1/ndvaqbmiqd.mp4,dfdc_train_part_1
dfdc_train_part_1_stqqcwjqsz,train,fake,/workspace/data/raw/dfdc/dfdc_train_part_01/dfdc_train_part_1/stqqcwjqsz.mp4,dfdc_train_part_1
dfdc_train_part_1_ezbyfrzjqx,train,fake,/workspace/data/raw/dfdc/dfdc_train_part_01/dfdc_train_part_1/ezbyfrzjqx.mp4,dfdc_train_part_1
dfdc_train_part_1_hfsvqabzfq,train,fake,/workspace/data/raw/dfdc/dfdc_train_part_01/dfdc_train_part_1/hfsvqabzfq.mp4,dfdc_train_part_1
dfdc_train_part_1_lzoxnjuwmd,train,fake,/workspace/data/raw/dfdc/dfdc_train_part_01/dfdc_train_part_1/lzoxnjuwmd.mp4,dfdc_train_part_1
dfdc_train_part_1_twpevxbilh,train,fake,/workspace/data/raw/dfdc/dfdc_train_part_01/dfdc_train_part_1/twpevxbilh.mp4,dfdc_train_part_1
dfdc_train_part_1_ubgeozxdug,train,fake,/workspace/data/raw/dfdc/dfdc_train_part_01/dfdc_train_part_1/ubgeozxdug.mp4,dfdc_train_part_1
dfdc_train_part_1_lafftwaoce,train,fake,/workspace/data/raw/dfdc/dfdc_train_part_01/dfdc_train_part_1/lafftwaoce.mp4,dfdc_train_part_1
dfdc_train_part_1_ouaowjmigq,train,real,/workspace/data/raw/dfdc/dfdc_train_part_01/dfdc_train_part_1/ouaowjmigq.mp4,dfdc_train_part_1
dfdc_train_part_1_wyshvkdiqg,train,fake,/workspace/data/raw/dfdc/dfdc_train_part_01/dfdc_train_part_1/wyshvkdiqg.mp4,dfdc_train_part_1
dfdc_train_part_1_ypielmgegz,train,fake,/workspace/data/raw/dfdc/dfdc_train_part_01/dfdc_train_part_1/ypielmgegz.mp4,dfdc_train_part_1
dfdc_train_part_1_yxjskrymzu,train,fake,/workspace/data/raw/dfdc/dfdc_train_part_01/dfdc_train_part_1/yxjskrymzu.mp4,dfdc_train_part_1
dfdc_train_part_1_refiqvdsmh,train,fake,/workspace/data/raw/dfdc/dfdc_train_part_01/dfdc_train_part_1/refiqvdsmh.mp4,dfdc_train_part_1
dfdc_train_part_1_ookqpmfrkj,train,fake,/workspace/data/raw/dfdc/dfdc_train_part_01/dfdc_train_part_1/ookqpmfrkj.mp4,dfdc_train_part_1
dfdc_train_part_1_jvlmwvzpak,train,fake,/workspace/data/raw/dfdc/dfdc_train_part_01/dfdc_train_part_1/jvlmwvzpak.mp4,dfdc_train_part_1
dfdc_train_part_1_qxzrotmvpy,train,fake,/workspace/data/raw/dfdc/dfdc_train_part_01/dfdc_train_part_1/qxzrotmvpy.mp4,dfdc_train_part_1
dfdc_train_part_1_cosghhimnd,train,real,/workspace/data/raw/dfdc/dfdc_train_part_01/dfdc_train_part_1/cosghhimnd.mp4,dfdc_train_part_1
dfdc_train_part_1_oyuvnuscvz,train,fake,/workspace/data/raw/dfdc/dfdc_train_part_01/dfdc_train_part_1/oyuvnuscvz.mp4,dfdc_train_part_1
dfdc_train_part_1_zlxfqidduw,train,real,/workspace/data/raw/dfdc/dfdc_train_part_01/dfdc_train_part_1/zlxfqidduw.mp4,dfdc_train_part_1
dfdc_train_part_1_fjfvsdxxkh,train,fake,/workspace/data/raw/dfdc/dfdc_train_part_01/dfdc_train_part_1/fjfvsdxxkh.mp4,dfdc_train_part_1
dfdc_train_part_1_fqnvpbvfmf,train,real,/workspace/data/raw/dfdc/dfdc_train_part_01/dfdc_train_part_1/fqnvpbvfmf.mp4,dfdc_train_part_1
dfdc_train_part_1_gngeqyrkfo,train,fake,/workspace/data/raw/dfdc/dfdc_train_part_01/dfdc_train_part_1/gngeqyrkfo.mp4,dfdc_train_part_1
dfdc_train_part_1_gvulrwphov,train,fake,/workspace/data/raw/dfdc/dfdc_train_part_01/dfdc_train_part_1/gvulrwphov.mp4,dfdc_train_part_1
dfdc_train_part_1_aqdbtqggew,train,fake,/workspace/data/raw/dfdc/dfdc_train_part_01/dfdc_train_part_1/aqdbtqggew.mp4,dfdc_train_part_1
dfdc_train_part_1_ptbnewtvon,train,fake,/workspace/data/raw/dfdc/dfdc_train_part_01/dfdc_train_part_1/ptbnewtvon.mp4,dfdc_train_part_1
dfdc_train_part_1_frqfsucgao,train,real,/workspace/data/raw/dfdc/dfdc_train_part_01/dfdc_train_part_1/frqfsucgao.mp4,dfdc_train_part_1
dfdc_train_part_1_tuypqalivh,train,fake,/workspace/data/raw/dfdc/dfdc_train_part_01/dfdc_train_part_1/tuypqalivh.mp4,dfdc_train_part_1
dfdc_train_part_1_giyzvhswtk,train,fake,/workspace/data/raw/dfdc/dfdc_train_part_01/dfdc_train_part_1/giyzvhswtk.mp4,dfdc_train_part_1
dfdc_train_part_1_pxzcnrmkqb,train,fake,/workspace/data/raw/dfdc/dfdc_train_part_01/dfdc_train_part_1/pxzcnrmkqb.mp4,dfdc_train_part_1
dfdc_train_part_1_ckeuvnxric,train,fake,/workspace/data/raw/dfdc/dfdc_train_part_01/dfdc_train_part_1/ckeuvnxric.mp4,dfdc_train_part_1
dfdc_train_part_1_lychwmahoa,train,fake,/workspace/data/raw/dfdc/dfdc_train_part_01/dfdc_train_part_1/lychwmahoa.mp4,dfdc_train_part_1
dfdc_train_part_1_awfddrmdst,train,fake,/workspace/data/raw/dfdc/dfdc_train_part_01/dfdc_train_part_1/awfddrmdst.mp4,dfdc_train_part_1
dfdc_train_part_1_kumfnjadhi,train,fake,/workspace/data/raw/dfdc/dfdc_train_part_01/dfdc_train_part_1/kumfnjadhi.mp4,dfdc_train_part_1
dfdc_train_part_1_svlqkqwsyh,train,fake,/workspace/data/raw/dfdc/dfdc_train_part_01/dfdc_train_part_1/svlqkqwsyh.mp4,dfdc_train_part_1
dfdc_train_part_1_zkdawusiti,train,fake,/workspace/data/raw/dfdc/dfdc_train_part_01/dfdc_train_part_1/zkdawusiti.mp4,dfdc_train_part_1
dfdc_train_part_1_fbrhorisro,train,fake,/workspace/data/raw/dfdc/dfdc_train_part_01/dfdc_train_part_1/fbrhorisro.mp4,dfdc_train_part_1
dfdc_train_part_1_nrfcufckxa,train,fake,/workspace/data/raw/dfdc/dfdc_train_part_01/dfdc_train_part_1/nrfcufckxa.mp4,dfdc_train_part_1
dfdc_train_part_1_tlckzyddpt,train,fake,/workspace/data/raw/dfdc/dfdc_train_part_01/dfdc_train_part_1/tlckzyddpt.mp4,dfdc_train_part_1
dfdc_train_part_1_fksuepmjfx,train,fake,/workspace/data/raw/dfdc/dfdc_train_part_01/dfdc_train_part_1/fksuepmjfx.mp4,dfdc_train_part_1
dfdc_train_part_1_tvolfiusfg,train,fake,/workspace/data/raw/dfdc/dfdc_train_part_01/dfdc_train_part_1/tvolfiusfg.mp4,dfdc_train_part_1
dfdc_train_part_1_jilrvmzjfe,train,fake,/workspace/data/raw/dfdc/dfdc_train_part_01/dfdc_train_part_1/jilrvmzjfe.mp4,dfdc_train_part_1
dfdc_train_part_1_xxihzvtvuw,train,fake,/workspace/data/raw/dfdc/dfdc_train_part_01/dfdc_train_part_1/xxihzvtvuw.mp4,dfdc_train_part_1
dfdc_train_part_1_wdhxyuupmq,train,fake,/workspace/data/raw/dfdc/dfdc_train_part_01/dfdc_train_part_1/wdhxyuupmq.mp4,dfdc_train_part_1
dfdc_train_part_1_vfrfkovrga,train,fake,/workspace/data/raw/dfdc/dfdc_train_part_01/dfdc_train_part_1/vfrfkovrga.mp4,dfdc_train_part_1
dfdc_train_part_1_mubgelyfjr,train,fake,/workspace/data/raw/dfdc/dfdc_train_part_01/dfdc_train_part_1/mubgelyfjr.mp4,dfdc_train_part_1
dfdc_train_part_1_bittxslmgp,train,fake,/workspace/data/raw/dfdc/dfdc_train_part_01/dfdc_train_part_1/bittxslmgp.mp4,dfdc_train_part_1
dfdc_train_part_1_ovjuqhpihp,train,fake,/workspace/data/raw/dfdc/dfdc_train_part_01/dfdc_train_part_1/ovjuqhpihp.mp4,dfdc_train_part_1
dfdc_train_part_1_psueeblydl,train,fake,/workspace/data/raw/dfdc/dfdc_train_part_01/dfdc_train_part_1/psueeblydl.mp4,dfdc_train_part_1
dfdc_train_part_1_dksitwzgcb,train,fake,/workspace/data/raw/dfdc/dfdc_train_part_01/dfdc_train_part_1/dksitwzgcb.mp4,dfdc_train_part_1
dfdc_train_part_1_papagllumt,train,real,/workspace/data/raw/dfdc/dfdc_train_part_01/dfdc_train_part_1/papagllumt.mp4,dfdc_train_part_1
dfdc_train_part_1_etqyrutfok,train,fake,/workspace/data/raw/dfdc/dfdc_train_part_01/dfdc_train_part_1/etqyrutfok.mp4,dfdc_train_part_1
dfdc_train_part_1_asweglrfni,train,fake,/workspace/data/raw/dfdc/dfdc_train_part_01/dfdc_train_part_1/asweglrfni.mp4,dfdc_train_part_1
dfdc_train_part_1_lweyqsgphu,train,fake,/workspace/data/raw/dfdc/dfdc_train_part_01/dfdc_train_part_1/lweyqsgphu.mp4,dfdc_train_part_1
dfdc_train_part_1_dvwpvqdflx,train,real,/workspace/data/raw/dfdc/dfdc_train_part_01/dfdc_train_part_1/dvwpvqdflx.mp4,dfdc_train_part_1
dfdc_train_part_1_izglbuaqkt,train,fake,/workspace/data/raw/dfdc/dfdc_train_part_01/dfdc_train_part_1/izglbuaqkt.mp4,dfdc_train_part_1
dfdc_train_part_1_ujwsgcseyo,train,fake,/workspace/data/raw/dfdc/dfdc_train_part_01/dfdc_train_part_1/ujwsgcseyo.mp4,dfdc_train_part_1
dfdc_train_part_1_cxccagkrpt,train,fake,/workspace/data/raw/dfdc/dfdc_train_part_01/dfdc_train_part_1/cxccagkrpt.mp4,dfdc_train_part_1
dfdc_train_part_1_zkngpopdzk,train,fake,/workspace/data/raw/dfdc/dfdc_train_part_01/dfdc_train_part_1/zkngpopdzk.mp4,dfdc_train_part_1
dfdc_train_part_1_staahqyjsa,train,fake,/workspace/data/raw/dfdc/dfdc_train_part_01/dfdc_train_part_1/staahqyjsa.mp4,dfdc_train_part_1
dfdc_train_part_1_qndwycufke,train,fake,/workspace/data/raw/dfdc/dfdc_train_part_01/dfdc_train_part_1/qndwycufke.mp4,dfdc_train_part_1
dfdc_train_part_1_tvailvbaln,train,fake,/workspace/data/raw/dfdc/dfdc_train_part_01/dfdc_train_part_1/tvailvbaln.mp4,dfdc_train_part_1
dfdc_train_part_1_kliqnhmoxd,train,fake,/workspace/data/raw/dfdc/dfdc_train_part_01/dfdc_train_part_1/kliqnhmoxd.mp4,dfdc_train_part_1
dfdc_train_part_1_nxbakpkutv,train,fake,/workspace/data/raw/dfdc/dfdc_train_part_01/dfdc_train_part_1/nxbakpkutv.mp4,dfdc_train_part_1
dfdc_train_part_1_nbuvxsbejc,train,fake,/workspace/data/raw/dfdc/dfdc_train_part_01/dfdc_train_part_1/nbuvxsbejc.mp4,dfdc_train_part_1
dfdc_train_part_1_znidfanpjo,train,fake,/workspace/data/raw/dfdc/dfdc_train_part_01/dfdc_train_part_1/znidfanpjo.mp4,dfdc_train_part_1
dfdc_train_part_1_mhocahvtwc,train,fake,/workspace/data/raw/dfdc/dfdc_train_part_01/dfdc_train_part_1/mhocahvtwc.mp4,dfdc_train_part_1
dfdc_train_part_1_vuzxnahdcz,train,fake,/workspace/data/raw/dfdc/dfdc_train_part_01/dfdc_train_part_1/vuzxnahdcz.mp4,dfdc_train_part_1
dfdc_train_part_1_tynfsthodx,train,fake,/workspace/data/raw/dfdc/dfdc_train_part_01/dfdc_train_part_1/tynfsthodx.mp4,dfdc_train_part_1
dfdc_train_part_1_qjhxhhumfm,train,fake,/workspace/data/raw/dfdc/dfdc_train_part_01/dfdc_train_part_1/qjhxhhumfm.mp4,dfdc_train_part_1
dfdc_train_part_1_jzgslftukh,train,fake,/workspace/data/raw/dfdc/dfdc_train_part_01/dfdc_train_part_1/jzgslftukh.mp4,dfdc_train_part_1
dfdc_train_part_1_tnlfcbqxqe,train,fake,/workspace/data/raw/dfdc/dfdc_train_part_01/dfdc_train_part_1/tnlfcbqxqe.mp4,dfdc_train_part_1
dfdc_train_part_1_jcqbscxfsg,train,fake,/workspace/data/raw/dfdc/dfdc_train_part_01/dfdc_train_part_1/jcqbscxfsg.mp4,dfdc_train_part_1
dfdc_train_part_1_coqwgzpbhx,train,fake,/workspace/data/raw/dfdc/dfdc_train_part_01/dfdc_train_part_1/coqwgzpbhx.mp4,dfdc_train_part_1
dfdc_train_part_1_gvczsjkuan,train,fake,/workspace/data/raw/dfdc/dfdc_train_part_01/dfdc_train_part_1/gvczsjkuan.mp4,dfdc_train_part_1
dfdc_train_part_1_pzufkabvqa,train,fake,/workspace/data/raw/dfdc/dfdc_train_part_01/dfdc_train_part_1/pzufkabvqa.mp4,dfdc_train_part_1
dfdc_train_part_1_pfatjcyalg,train,fake,/workspace/data/raw/dfdc/dfdc_train_part_01/dfdc_train_part_1/pfatjcyalg.mp4,dfdc_train_part_1
dfdc_train_part_1_getnigqbls,train,fake,/workspace/data/raw/dfdc/dfdc_train_part_01/dfdc_train_part_1/getnigqbls.mp4,dfdc_train_part_1
dfdc_train_part_1_zyjezlrjbm,train,fake,/workspace/data/raw/dfdc/dfdc_train_part_01/dfdc_train_part_1/zyjezlrjbm.mp4,dfdc_train_part_1
dfdc_train_part_1_fcujmrcwbl,train,fake,/workspace/data/raw/dfdc/dfdc_train_part_01/dfdc_train_part_1/fcujmrcwbl.mp4,dfdc_train_part_1
dfdc_train_part_1_msfmmxwzsx,train,fake,/workspace/data/raw/dfdc/dfdc_train_part_01/dfdc_train_part_1/msfmmxwzsx.mp4,dfdc_train_part_1
dfdc_train_part_1_geglgdrsgp,train,fake,/workspace/data/raw/dfdc/dfdc_train_part_01/dfdc_train_part_1/geglgdrsgp.mp4,dfdc_train_part_1
dfdc_train_part_1_npyprpqhlv,train,fake,/workspace/data/raw/dfdc/dfdc_train_part_01/dfdc_train_part_1/npyprpqhlv.mp4,dfdc_train_part_1
dfdc_train_part_1_dcjpplfvok,train,fake,/workspace/data/raw/dfdc/dfdc_train_part_01/dfdc_train_part_1/dcjpplfvok.mp4,dfdc_train_part_1
dfdc_train_part_1_ilsntfrbrm,train,fake,/workspace/data/raw/dfdc/dfdc_train_part_01/dfdc_train_part_1/ilsntfrbrm.mp4,dfdc_train_part_1
dfdc_train_part_1_epeiodtait,train,fake,/workspace/data/raw/dfdc/dfdc_train_part_01/dfdc_train_part_1/epeiodtait.mp4,dfdc_train_part_1
dfdc_train_part_1_bdshuoldwx,train,fake,/workspace/data/raw/dfdc/dfdc_train_part_01/dfdc_train_part_1/bdshuoldwx.mp4,dfdc_train_part_1
dfdc_train_part_1_rerpivllud,train,fake,/workspace/data/raw/dfdc/dfdc_train_part_01/dfdc_train_part_1/rerpivllud.mp4,dfdc_train_part_1
dfdc_train_part_1_hnfwagcxdf,train,fake,/workspace/data/raw/dfdc/dfdc_train_part_01/dfdc_train_part_1/hnfwagcxdf.mp4,dfdc_train_part_1
dfdc_train_part_1_cmdfrlzaou,train,fake,/workspace/data/raw/dfdc/dfdc_train_part_01/dfdc_train_part_1/cmdfrlzaou.mp4,dfdc_train_part_1
dfdc_train_part_1_fyygfkcsqq,train,fake,/workspace/data/raw/dfdc/dfdc_train_part_01/dfdc_train_part_1/fyygfkcsqq.mp4,dfdc_train_part_1
dfdc_train_part_1_rstqwuedxo,train,fake,/workspace/data/raw/dfdc/dfdc_train_part_01/dfdc_train_part_1/rstqwuedxo.mp4,dfdc_train_part_1
dfdc_train_part_1_spkpqwhhdt,train,fake,/workspace/data/raw/dfdc/dfdc_train_part_01/dfdc_train_part_1/spkpqwhhdt.mp4,dfdc_train_part_1
dfdc_train_part_1_kbyutxvuzr,train,fake,/workspace/data/raw/dfdc/dfdc_train_part_01/dfdc_train_part_1/kbyutxvuzr.mp4,dfdc_train_part_1
dfdc_train_part_1_nrjooufext,train,fake,/workspace/data/raw/dfdc/dfdc_train_part_01/dfdc_train_part_1/nrjooufext.mp4,dfdc_train_part_1
dfdc_train_part_1_bciuzbjoxq,train,fake,/workspace/data/raw/dfdc/dfdc_train_part_01/dfdc_train_part_1/bciuzbjoxq.mp4,dfdc_train_part_1
dfdc_train_part_1_splqjmdwzs,train,fake,/workspace/data/raw/dfdc/dfdc_train_part_01/dfdc_train_part_1/splqjmdwzs.mp4,dfdc_train_part_1
dfdc_train_part_1_juwlfcebod,train,fake,/workspace/data/raw/dfdc/dfdc_train_part_01/dfdc_train_part_1/juwlfcebod.mp4,dfdc_train_part_1
dfdc_train_part_1_zmhrjjvejo,train,fake,/workspace/data/raw/dfdc/dfdc_train_part_01/dfdc_train_part_1/zmhrjjvejo.mp4,dfdc_train_part_1
dfdc_train_part_1_uzodvhnaok,train,fake,/workspace/data/raw/dfdc/dfdc_train_part_01/dfdc_train_part_1/uzodvhnaok.mp4,dfdc_train_part_1
dfdc_train_part_1_xudthxgqhr,train,fake,/workspace/data/raw/dfdc/dfdc_train_part_01/dfdc_train_part_1/xudthxgqhr.mp4,dfdc_train_part_1
dfdc_train_part_1_awjywmwplp,train,fake,/workspace/data/raw/dfdc/dfdc_train_part_01/dfdc_train_part_1/awjywmwplp.mp4,dfdc_train_part_1
dfdc_train_part_1_lvazyngbtu,train,fake,/workspace/data/raw/dfdc/dfdc_train_part_01/dfdc_train_part_1/lvazyngbtu.mp4,dfdc_train_part_1
dfdc_train_part_1_amwjdtnprx,train,fake,/workspace/data/raw/dfdc/dfdc_train_part_01/dfdc_train_part_1/amwjdtnprx.mp4,dfdc_train_part_1
dfdc_train_part_1_knhzciotgi,train,fake,/workspace/data/raw/dfdc/dfdc_train_part_01/dfdc_train_part_1/knhzciotgi.mp4,dfdc_train_part_1
dfdc_train_part_1_rvjfsjkzhx,train,fake,/workspace/data/raw/dfdc/dfdc_train_part_01/dfdc_train_part_1/rvjfsjkzhx.mp4,dfdc_train_part_1
dfdc_train_part_1_zdmelowuxs,train,fake,/workspace/data/raw/dfdc/dfdc_train_part_01/dfdc_train_part_1/zdmelowuxs.mp4,dfdc_train_part_1
dfdc_train_part_1_xwfnqncjqc,train,fake,/workspace/data/raw/dfdc/dfdc_train_part_01/dfdc_train_part_1/xwfnqncjqc.mp4,dfdc_train_part_1
dfdc_train_part_1_xiflwiywqo,train,fake,/workspace/data/raw/dfdc/dfdc_train_part_01/dfdc_train_part_1/xiflwiywqo.mp4,dfdc_train_part_1
dfdc_train_part_1_qadqzqlgcf,train,fake,/workspace/data/raw/dfdc/dfdc_train_part_01/dfdc_train_part_1/qadqzqlgcf.mp4,dfdc_train_part_1
dfdc_train_part_1_kdsebdrkyx,train,fake,/workspace/data/raw/dfdc/dfdc_train_part_01/dfdc_train_part_1/kdsebdrkyx.mp4,dfdc_train_part_1
dfdc_train_part_1_dfvudaojxn,train,fake,/workspace/data/raw/dfdc/dfdc_train_part_01/dfdc_train_part_1/dfvudaojxn.mp4,dfdc_train_part_1
dfdc_train_part_1_ozxrqttooz,train,fake,/workspace/data/raw/dfdc/dfdc_train_part_01/dfdc_train_part_1/ozxrqttooz.mp4,dfdc_train_part_1
dfdc_train_part_1_kguaqibgvg,train,fake,/workspace/data/raw/dfdc/dfdc_train_part_01/dfdc_train_part_1/kguaqibgvg.mp4,dfdc_train_part_1
dfdc_train_part_1_dlxvbfdfny,train,fake,/workspace/data/raw/dfdc/dfdc_train_part_01/dfdc_train_part_1/dlxvbfdfny.mp4,dfdc_train_part_1
dfdc_train_part_1_kvfvqoyoff,train,fake,/workspace/data/raw/dfdc/dfdc_train_part_01/dfdc_train_part_1/kvfvqoyoff.mp4,dfdc_train_part_1
dfdc_train_part_1_xcigzlpywx,train,fake,/workspace/data/raw/dfdc/dfdc_train_part_01/dfdc_train_part_1/xcigzlpywx.mp4,dfdc_train_part_1
dfdc_train_part_1_ntupidyvif,train,fake,/workspace/data/raw/dfdc/dfdc_train_part_01/dfdc_train_part_1/ntupidyvif.mp4,dfdc_train_part_1
dfdc_train_part_1_hwgfkwzkgx,train,fake,/workspace/data/raw/dfdc/dfdc_train_part_01/dfdc_train_part_1/hwgfkwzkgx.mp4,dfdc_train_part_1
dfdc_train_part_1_lnfcazoshs,train,fake,/workspace/data/raw/dfdc/dfdc_train_part_01/dfdc_train_part_1/lnfcazoshs.mp4,dfdc_train_part_1
dfdc_train_part_1_dwgfrzahmr,train,fake,/workspace/data/raw/dfdc/dfdc_train_part_01/dfdc_train_part_1/dwgfrzahmr.mp4,dfdc_train_part_1
dfdc_train_part_1_vnbsqmaoyd,train,fake,/workspace/data/raw/dfdc/dfdc_train_part_01/dfdc_train_part_1/vnbsqmaoyd.mp4,dfdc_train_part_1
dfdc_train_part_1_codllgchjp,train,fake,/workspace/data/raw/dfdc/dfdc_train_part_01/dfdc_train_part_1/codllgchjp.mp4,dfdc_train_part_1
dfdc_train_part_1_dnhavqrzzy,train,fake,/workspace/data/raw/dfdc/dfdc_train_part_01/dfdc_train_part_1/dnhavqrzzy.mp4,dfdc_train_part_1
dfdc_train_part_1_jkvcevfwio,train,fake,/workspace/data/raw/dfdc/dfdc_train_part_01/dfdc_train_part_1/jkvcevfwio.mp4,dfdc_train_part_1
dfdc_train_part_1_ubdkgejvtl,train,fake,/workspace/data/raw/dfdc/dfdc_train_part_01/dfdc_train_part_1/ubdkgejvtl.mp4,dfdc_train_part_1
dfdc_train_part_1_zwgkshtnks,train,fake,/workspace/data/raw/dfdc/dfdc_train_part_01/dfdc_train_part_1/zwgkshtnks.mp4,dfdc_train_part_1
dfdc_train_part_1_ljgouqcbxi,train,fake,/workspace/data/raw/dfdc/dfdc_train_part_01/dfdc_train_part_1/ljgouqcbxi.mp4,dfdc_train_part_1
dfdc_train_part_1_uyxutdwcep,train,fake,/workspace/data/raw/dfdc/dfdc_train_part_01/dfdc_train_part_1/uyxutdwcep.mp4,dfdc_train_part_1
dfdc_train_part_1_qpnqenncmj,train,fake,/workspace/data/raw/dfdc/dfdc_train_part_01/dfdc_train_part_1/qpnqenncmj.mp4,dfdc_train_part_1
dfdc_train_part_1_iepiwuwmja,train,fake,/workspace/data/raw/dfdc/dfdc_train_part_01/dfdc_train_part_1/iepiwuwmja.mp4,dfdc_train_part_1
dfdc_train_part_1_caoabtjtyo,train,fake,/workspace/data/raw/dfdc/dfdc_train_part_01/dfdc_train_part_1/caoabtjtyo.mp4,dfdc_train_part_1
dfdc_train_part_1_qtgyzmingu,train,fake,/workspace/data/raw/dfdc/dfdc_train_part_01/dfdc_train_part_1/qtgyzmingu.mp4,dfdc_train_part_1
dfdc_train_part_1_yibqiilrpj,train,fake,/workspace/data/raw/dfdc/dfdc_train_part_01/dfdc_train_part_1/yibqiilrpj.mp4,dfdc_train_part_1
dfdc_train_part_1_bxoykchsnk,train,fake,/workspace/data/raw/dfdc/dfdc_train_part_01/dfdc_train_part_1/bxoykchsnk.mp4,dfdc_train_part_1
dfdc_train_part_1_uxojvdlrje,train,fake,/workspace/data/raw/dfdc/dfdc_train_part_01/dfdc_train_part_1/uxojvdlrje.mp4,dfdc_train_part_1
dfdc_train_part_1_cogxmahduk,train,fake,/workspace/data/raw/dfdc/dfdc_train_part_01/dfdc_train_part_1/cogxmahduk.mp4,dfdc_train_part_1
dfdc_train_part_1_dpmiopituf,train,fake,/workspace/data/raw/dfdc/dfdc_train_part_01/dfdc_train_part_1/dpmiopituf.mp4,dfdc_train_part_1
dfdc_train_part_1_pbvbughief,train,fake,/workspace/data/raw/dfdc/dfdc_train_part_01/dfdc_train_part_1/pbvbughief.mp4,dfdc_train_part_1
dfdc_train_part_1_zshznihfys,train,fake,/workspace/data/raw/dfdc/dfdc_train_part_01/dfdc_train_part_1/zshznihfys.mp4,dfdc_train_part_1
dfdc_train_part_1_enpnclhmik,train,fake,/workspace/data/raw/dfdc/dfdc_train_part_01/dfdc_train_part_1/enpnclhmik.mp4,dfdc_train_part_1
dfdc_train_part_1_xltymjdxqc,train,fake,/workspace/data/raw/dfdc/dfdc_train_part_01/dfdc_train_part_1/xltymjdxqc.mp4,dfdc_train_part_1
dfdc_train_part_1_lesyspuqwa,train,fake,/workspace/data/raw/dfdc/dfdc_train_part_01/dfdc_train_part_1/lesyspuqwa.mp4,dfdc_train_part_1
dfdc_train_part_1_sychesiyyu,train,fake,/workspace/data/raw/dfdc/dfdc_train_part_01/dfdc_train_part_1/sychesiyyu.mp4,dfdc_train_part_1
dfdc_train_part_1_saswxthuel,train,fake,/workspace/data/raw/dfdc/dfdc_train_part_01/dfdc_train_part_1/saswxthuel.mp4,dfdc_train_part_1
dfdc_train_part_1_xttqggwaze,train,fake,/workspace/data/raw/dfdc/dfdc_train_part_01/dfdc_train_part_1/xttqggwaze.mp4,dfdc_train_part_1
dfdc_train_part_1_rxcpmlelhv,train,fake,/workspace/data/raw/dfdc/dfdc_train_part_01/dfdc_train_part_1/rxcpmlelhv.mp4,dfdc_train_part_1
dfdc_train_part_1_btqmbxcpsc,train,fake,/workspace/data/raw/dfdc/dfdc_train_part_01/dfdc_train_part_1/btqmbxcpsc.mp4,dfdc_train_part_1
dfdc_train_part_1_pqthmvwonf,train,fake,/workspace/data/raw/dfdc/dfdc_train_part_01/dfdc_train_part_1/pqthmvwonf.mp4,dfdc_train_part_1
dfdc_train_part_1_dtcjjbfosp,train,fake,/workspace/data/raw/dfdc/dfdc_train_part_01/dfdc_train_part_1/dtcjjbfosp.mp4,dfdc_train_part_1
dfdc_train_part_1_buratlofzz,train,fake,/workspace/data/raw/dfdc/dfdc_train_part_01/dfdc_train_part_1/buratlofzz.mp4,dfdc_train_part_1
dfdc_train_part_1_pufblpwikl,train,fake,/workspace/data/raw/dfdc/dfdc_train_part_01/dfdc_train_part_1/pufblpwikl.mp4,dfdc_train_part_1
dfdc_train_part_1_fiqhctxfus,train,fake,/workspace/data/raw/dfdc/dfdc_train_part_01/dfdc_train_part_1/fiqhctxfus.mp4,dfdc_train_part_1
dfdc_train_part_1_cmsgfgmofg,train,fake,/workspace/data/raw/dfdc/dfdc_train_part_01/dfdc_train_part_1/cmsgfgmofg.mp4,dfdc_train_part_1
dfdc_train_part_1_imfcdepsrs,train,fake,/workspace/data/raw/dfdc/dfdc_train_part_01/dfdc_train_part_1/imfcdepsrs.mp4,dfdc_train_part_1
dfdc_train_part_1_xxsemivmdj,train,fake,/workspace/data/raw/dfdc/dfdc_train_part_01/dfdc_train_part_1/xxsemivmdj.mp4,dfdc_train_part_1
dfdc_train_part_1_ivnygxopre,train,fake,/workspace/data/raw/dfdc/dfdc_train_part_01/dfdc_train_part_1/ivnygxopre.mp4,dfdc_train_part_1
dfdc_train_part_1_vssmlqoiti,train,real,/workspace/data/raw/dfdc/dfdc_train_part_01/dfdc_train_part_1/vssmlqoiti.mp4,dfdc_train_part_1
dfdc_train_part_1_mxnnapyfiu,train,fake,/workspace/data/raw/dfdc/dfdc_train_part_01/dfdc_train_part_1/mxnnapyfiu.mp4,dfdc_train_part_1
dfdc_train_part_1_czjeannjmi,train,fake,/workspace/data/raw/dfdc/dfdc_train_part_01/dfdc_train_part_1/czjeannjmi.mp4,dfdc_train_part_1
dfdc_train_part_1_glxhiyxyup,train,fake,/workspace/data/raw/dfdc/dfdc_train_part_01/dfdc_train_part_1/glxhiyxyup.mp4,dfdc_train_part_1
dfdc_train_part_1_rjkjvbklrx,train,fake,/workspace/data/raw/dfdc/dfdc_train_part_01/dfdc_train_part_1/rjkjvbklrx.mp4,dfdc_train_part_1
dfdc_train_part_1_pbzebyrmqt,train,fake,/workspace/data/raw/dfdc/dfdc_train_part_01/dfdc_train_part_1/pbzebyrmqt.mp4,dfdc_train_part_1
dfdc_train_part_1_ghdicklvxv,train,fake,/workspace/data/raw/dfdc/dfdc_train_part_01/dfdc_train_part_1/ghdicklvxv.mp4,dfdc_train_part_1
dfdc_train_part_1_zqtjjzxyik,train,fake,/workspace/data/raw/dfdc/dfdc_train_part_01/dfdc_train_part_1/zqtjjzxyik.mp4,dfdc_train_part_1
dfdc_train_part_1_bbhkszzsei,train,fake,/workspace/data/raw/dfdc/dfdc_train_part_01/dfdc_train_part_1/bbhkszzsei.mp4,dfdc_train_part_1
dfdc_train_part_1_cfeykevqdx,train,fake,/workspace/data/raw/dfdc/dfdc_train_part_01/dfdc_train_part_1/cfeykevqdx.mp4,dfdc_train_part_1
dfdc_train_part_1_gwduldervr,train,fake,/workspace/data/raw/dfdc/dfdc_train_part_01/dfdc_train_part_1/gwduldervr.mp4,dfdc_train_part_1
dfdc_train_part_1_kfayptluft,train,fake,/workspace/data/raw/dfdc/dfdc_train_part_01/dfdc_train_part_1/kfayptluft.mp4,dfdc_train_part_1
dfdc_train_part_1_swfbbdgult,train,fake,/workspace/data/raw/dfdc/dfdc_train_part_01/dfdc_train_part_1/swfbbdgult.mp4,dfdc_train_part_1
dfdc_train_part_1_ogqzxlcecf,train,fake,/workspace/data/raw/dfdc/dfdc_train_part_01/dfdc_train_part_1/ogqzxlcecf.mp4,dfdc_train_part_1
dfdc_train_part_1_rhkvadpfgh,train,fake,/workspace/data/raw/dfdc/dfdc_train_part_01/dfdc_train_part_1/rhkvadpfgh.mp4,dfdc_train_part_1
dfdc_train_part_1_qertpzqryh,train,fake,/workspace/data/raw/dfdc/dfdc_train_part_01/dfdc_train_part_1/qertpzqryh.mp4,dfdc_train_part_1
dfdc_train_part_1_iyegjhsbci,train,fake,/workspace/data/raw/dfdc/dfdc_train_part_01/dfdc_train_part_1/iyegjhsbci.mp4,dfdc_train_part_1
dfdc_train_part_1_gyboojigst,train,fake,/workspace/data/raw/dfdc/dfdc_train_part_01/dfdc_train_part_1/gyboojigst.mp4,dfdc_train_part_1
dfdc_train_part_1_mkyoyacesx,train,fake,/workspace/data/raw/dfdc/dfdc_train_part_01/dfdc_train_part_1/mkyoyacesx.mp4,dfdc_train_part_1
dfdc_train_part_1_dwhobkntoq,train,fake,/workspace/data/raw/dfdc/dfdc_train_part_01/dfdc_train_part_1/dwhobkntoq.mp4,dfdc_train_part_1
dfdc_train_part_1_xiizouutms,train,fake,/workspace/data/raw/dfdc/dfdc_train_part_01/dfdc_train_part_1/xiizouutms.mp4,dfdc_train_part_1
dfdc_train_part_1_zglixpvcna,train,fake,/workspace/data/raw/dfdc/dfdc_train_part_01/dfdc_train_part_1/zglixpvcna.mp4,dfdc_train_part_1
dfdc_train_part_1_fvqgnobwab,train,fake,/workspace/data/raw/dfdc/dfdc_train_part_01/dfdc_train_part_1/fvqgnobwab.mp4,dfdc_train_part_1
dfdc_train_part_1_dmyaexuqpr,train,fake,/workspace/data/raw/dfdc/dfdc_train_part_01/dfdc_train_part_1/dmyaexuqpr.mp4,dfdc_train_part_1
dfdc_train_part_1_ikthkudeeo,train,fake,/workspace/data/raw/dfdc/dfdc_train_part_01/dfdc_train_part_1/ikthkudeeo.mp4,dfdc_train_part_1
dfdc_train_part_1_rhvcubgvpi,train,fake,/workspace/data/raw/dfdc/dfdc_train_part_01/dfdc_train_part_1/rhvcubgvpi.mp4,dfdc_train_part_1
dfdc_train_part_1_gwtdydogdb,train,fake,/workspace/data/raw/dfdc/dfdc_train_part_01/dfdc_train_part_1/gwtdydogdb.mp4,dfdc_train_part_1
dfdc_train_part_1_nlsxhahnsr,train,fake,/workspace/data/raw/dfdc/dfdc_train_part_01/dfdc_train_part_1/nlsxhahnsr.mp4,dfdc_train_part_1
dfdc_train_part_1_vpbhiwdjmd,train,fake,/workspace/data/raw/dfdc/dfdc_train_part_01/dfdc_train_part_1/vpbhiwdjmd.mp4,dfdc_train_part_1
dfdc_train_part_1_uzzzfknrpd,train,fake,/workspace/data/raw/dfdc/dfdc_train_part_01/dfdc_train_part_1/uzzzfknrpd.mp4,dfdc_train_part_1
dfdc_train_part_1_dpdqwygcrc,train,fake,/workspace/data/raw/dfdc/dfdc_train_part_01/dfdc_train_part_1/dpdqwygcrc.mp4,dfdc_train_part_1
dfdc_train_part_1_zgbhzkditd,train,fake,/workspace/data/raw/dfdc/dfdc_train_part_01/dfdc_train_part_1/zgbhzkditd.mp4,dfdc_train_part_1
dfdc_train_part_1_jcfhijtioh,train,fake,/workspace/data/raw/dfdc/dfdc_train_part_01/dfdc_train_part_1/jcfhijtioh.mp4,dfdc_train_part_1
dfdc_train_part_1_dymbelijah,train,fake,/workspace/data/raw/dfdc/dfdc_train_part_01/dfdc_train_part_1/dymbelijah.mp4,dfdc_train_part_1
dfdc_train_part_1_mzgylwlcwu,train,fake,/workspace/data/raw/dfdc/dfdc_train_part_01/dfdc_train_part_1/mzgylwlcwu.mp4,dfdc_train_part_1
dfdc_train_part_1_pffinncnps,train,fake,/workspace/data/raw/dfdc/dfdc_train_part_01/dfdc_train_part_1/pffinncnps.mp4,dfdc_train_part_1
dfdc_train_part_1_nlbeldnhpa,train,real,/workspace/data/raw/dfdc/dfdc_train_part_01/dfdc_train_part_1/nlbeldnhpa.mp4,dfdc_train_part_1
dfdc_train_part_1_nyuskvnauk,train,fake,/workspace/data/raw/dfdc/dfdc_train_part_01/dfdc_train_part_1/nyuskvnauk.mp4,dfdc_train_part_1
dfdc_train_part_1_qlbphfahuf,train,fake,/workspace/data/raw/dfdc/dfdc_train_part_01/dfdc_train_part_1/qlbphfahuf.mp4,dfdc_train_part_1
dfdc_train_part_1_gemusoofds,train,fake,/workspace/data/raw/dfdc/dfdc_train_part_01/dfdc_train_part_1/gemusoofds.mp4,dfdc_train_part_1
dfdc_train_part_1_uxynygwdiu,train,fake,/workspace/data/raw/dfdc/dfdc_train_part_01/dfdc_train_part_1/uxynygwdiu.mp4,dfdc_train_part_1
dfdc_train_part_1_tncmmpovjn,train,fake,/workspace/data/raw/dfdc/dfdc_train_part_01/dfdc_train_part_1/tncmmpovjn.mp4,dfdc_train_part_1
dfdc_train_part_1_lcqvnjqyji,train,fake,/workspace/data/raw/dfdc/dfdc_train_part_01/dfdc_train_part_1/lcqvnjqyji.mp4,dfdc_train_part_1
dfdc_train_part_1_kbwxzfjrvj,train,fake,/workspace/data/raw/dfdc/dfdc_train_part_01/dfdc_train_part_1/kbwxzfjrvj.mp4,dfdc_train_part_1
dfdc_train_part_1_wefqqkzlsv,train,fake,/workspace/data/raw/dfdc/dfdc_train_part_01/dfdc_train_part_1/wefqqkzlsv.mp4,dfdc_train_part_1
dfdc_train_part_1_rrsnoipdrp,train,fake,/workspace/data/raw/dfdc/dfdc_train_part_01/dfdc_train_part_1/rrsnoipdrp.mp4,dfdc_train_part_1
dfdc_train_part_1_wraazgrbuh,train,fake,/workspace/data/raw/dfdc/dfdc_train_part_01/dfdc_train_part_1/wraazgrbuh.mp4,dfdc_train_part_1
dfdc_train_part_1_srphznkrel,train,fake,/workspace/data/raw/dfdc/dfdc_train_part_01/dfdc_train_part_1/srphznkrel.mp4,dfdc_train_part_1
dfdc_train_part_1_goiyhxbylg,train,fake,/workspace/data/raw/dfdc/dfdc_train_part_01/dfdc_train_part_1/goiyhxbylg.mp4,dfdc_train_part_1
dfdc_train_part_1_uajmaxyvix,train,fake,/workspace/data/raw/dfdc/dfdc_train_part_01/dfdc_train_part_1/uajmaxyvix.mp4,dfdc_train_part_1
dfdc_train_part_1_vnhulktgxh,train,fake,/workspace/data/raw/dfdc/dfdc_train_part_01/dfdc_train_part_1/vnhulktgxh.mp4,dfdc_train_part_1
dfdc_train_part_1_lblsjsbeym,train,fake,/workspace/data/raw/dfdc/dfdc_train_part_01/dfdc_train_part_1/lblsjsbeym.mp4,dfdc_train_part_1
dfdc_train_part_1_neunuapiyr,train,fake,/workspace/data/raw/dfdc/dfdc_train_part_01/dfdc_train_part_1/neunuapiyr.mp4,dfdc_train_part_1
dfdc_train_part_1_huvlwkxoxm,train,fake,/workspace/data/raw/dfdc/dfdc_train_part_01/dfdc_train_part_1/huvlwkxoxm.mp4,dfdc_train_part_1
dfdc_train_part_1_natlglvblt,train,fake,/workspace/data/raw/dfdc/dfdc_train_part_01/dfdc_train_part_1/natlglvblt.mp4,dfdc_train_part_1
dfdc_train_part_1_yzjhlsddmg,train,fake,/workspace/data/raw/dfdc/dfdc_train_part_01/dfdc_train_part_1/yzjhlsddmg.mp4,dfdc_train_part_1
dfdc_train_part_1_daseneexra,train,fake,/workspace/data/raw/dfdc/dfdc_train_part_01/dfdc_train_part_1/daseneexra.mp4,dfdc_train_part_1
dfdc_train_part_1_ihjcmhvqkl,train,fake,/workspace/data/raw/dfdc/dfdc_train_part_01/dfdc_train_part_1/ihjcmhvqkl.mp4,dfdc_train_part_1
dfdc_train_part_1_agjxpidzyu,train,fake,/workspace/data/raw/dfdc/dfdc_train_part_01/dfdc_train_part_1/agjxpidzyu.mp4,dfdc_train_part_1
dfdc_train_part_1_ekelfsnqof,train,real,/workspace/data/raw/dfdc/dfdc_train_part_01/dfdc_train_part_1/ekelfsnqof.mp4,dfdc_train_part_1
dfdc_train_part_1_kwwdbsyzcv,train,fake,/workspace/data/raw/dfdc/dfdc_train_part_01/dfdc_train_part_1/kwwdbsyzcv.mp4,dfdc_train_part_1
dfdc_train_part_1_fapmcxyhqb,train,fake,/workspace/data/raw/dfdc/dfdc_train_part_01/dfdc_train_part_1/fapmcxyhqb.mp4,dfdc_train_part_1
dfdc_train_part_1_tyzafyeaif,train,fake,/workspace/data/raw/dfdc/dfdc_train_part_01/dfdc_train_part_1/tyzafyeaif.mp4,dfdc_train_part_1
dfdc_train_part_1_ztyuiqrhdk,train,real,/workspace/data/raw/dfdc/dfdc_train_part_01/dfdc_train_part_1/ztyuiqrhdk.mp4,dfdc_train_part_1
dfdc_train_part_1_bateuibxti,train,fake,/workspace/data/raw/dfdc/dfdc_train_part_01/dfdc_train_part_1/bateuibxti.mp4,dfdc_train_part_1
dfdc_train_part_1_wffpfogivh,train,fake,/workspace/data/raw/dfdc/dfdc_train_part_01/dfdc_train_part_1/wffpfogivh.mp4,dfdc_train_part_1
dfdc_train_part_1_znvdxgaoay,train,real,/workspace/data/raw/dfdc/dfdc_train_part_01/dfdc_train_part_1/znvdxgaoay.mp4,dfdc_train_part_1
dfdc_train_part_1_xkqusyptmm,train,fake,/workspace/data/raw/dfdc/dfdc_train_part_01/dfdc_train_part_1/xkqusyptmm.mp4,dfdc_train_part_1
dfdc_train_part_1_kziolpwfue,train,fake,/workspace/data/raw/dfdc/dfdc_train_part_01/dfdc_train_part_1/kziolpwfue.mp4,dfdc_train_part_1
dfdc_train_part_1_dkuqbduxev,train,fake,/workspace/data/raw/dfdc/dfdc_train_part_01/dfdc_train_part_1/dkuqbduxev.mp4,dfdc_train_part_1
dfdc_train_part_1_fphsgphdcd,train,fake,/workspace/data/raw/dfdc/dfdc_train_part_01/dfdc_train_part_1/fphsgphdcd.mp4,dfdc_train_part_1
dfdc_train_part_1_rrajoyjklj,train,fake,/workspace/data/raw/dfdc/dfdc_train_part_01/dfdc_train_part_1/rrajoyjklj.mp4,dfdc_train_part_1
dfdc_train_part_1_weknpuedwc,train,fake,/workspace/data/raw/dfdc/dfdc_train_part_01/dfdc_train_part_1/weknpuedwc.mp4,dfdc_train_part_1
dfdc_train_part_1_kbcjbiqegs,train,fake,/workspace/data/raw/dfdc/dfdc_train_part_01/dfdc_train_part_1/kbcjbiqegs.mp4,dfdc_train_part_1
dfdc_train_part_1_gkqoskbqfl,train,fake,/workspace/data/raw/dfdc/dfdc_train_part_01/dfdc_train_part_1/gkqoskbqfl.mp4,dfdc_train_part_1
dfdc_train_part_1_fkmvxejhvf,train,fake,/workspace/data/raw/dfdc/dfdc_train_part_01/dfdc_train_part_1/fkmvxejhvf.mp4,dfdc_train_part_1
dfdc_train_part_1_ebdblblfiy,train,fake,/workspace/data/raw/dfdc/dfdc_train_part_01/dfdc_train_part_1/ebdblblfiy.mp4,dfdc_train_part_1
dfdc_train_part_1_yaxgpxhavq,train,fake,/workspace/data/raw/dfdc/dfdc_train_part_01/dfdc_train_part_1/yaxgpxhavq.mp4,dfdc_train_part_1
dfdc_train_part_1_drbacjdatw,train,fake,/workspace/data/raw/dfdc/dfdc_train_part_01/dfdc_train_part_1/drbacjdatw.mp4,dfdc_train_part_1
dfdc_train_part_1_bqhpbchtjr,train,fake,/workspace/data/raw/dfdc/dfdc_train_part_01/dfdc_train_part_1/bqhpbchtjr.mp4,dfdc_train_part_1
dfdc_train_part_1_fboldtukcp,train,fake,/workspace/data/raw/dfdc/dfdc_train_part_01/dfdc_train_part_1/fboldtukcp.mp4,dfdc_train_part_1
dfdc_train_part_1_basjckrjdf,train,fake,/workspace/data/raw/dfdc/dfdc_train_part_01/dfdc_train_part_1/basjckrjdf.mp4,dfdc_train_part_1
dfdc_train_part_1_dfynybcnzh,train,fake,/workspace/data/raw/dfdc/dfdc_train_part_01/dfdc_train_part_1/dfynybcnzh.mp4,dfdc_train_part_1
dfdc_train_part_1_ghnpsltzyn,train,fake,/workspace/data/raw/dfdc/dfdc_train_part_01/dfdc_train_part_1/ghnpsltzyn.mp4,dfdc_train_part_1
dfdc_train_part_1_peysyddtmp,train,real,/workspace/data/raw/dfdc/dfdc_train_part_01/dfdc_train_part_1/peysyddtmp.mp4,dfdc_train_part_1
dfdc_train_part_1_iqklsrgdjj,train,fake,/workspace/data/raw/dfdc/dfdc_train_part_01/dfdc_train_part_1/iqklsrgdjj.mp4,dfdc_train_part_1
dfdc_train_part_1_rtpblvywlq,train,fake,/workspace/data/raw/dfdc/dfdc_train_part_01/dfdc_train_part_1/rtpblvywlq.mp4,dfdc_train_part_1
dfdc_train_part_1_uvlynrnmgb,train,fake,/workspace/data/raw/dfdc/dfdc_train_part_01/dfdc_train_part_1/uvlynrnmgb.mp4,dfdc_train_part_1
dfdc_train_part_1_dorerwjhvj,train,fake,/workspace/data/raw/dfdc/dfdc_train_part_01/dfdc_train_part_1/dorerwjhvj.mp4,dfdc_train_part_1
dfdc_train_part_1_drqcntgrhf,train,fake,/workspace/data/raw/dfdc/dfdc_train_part_01/dfdc_train_part_1/drqcntgrhf.mp4,dfdc_train_part_1
dfdc_train_part_1_nyvjdscuoa,train,fake,/workspace/data/raw/dfdc/dfdc_train_part_01/dfdc_train_part_1/nyvjdscuoa.mp4,dfdc_train_part_1
dfdc_train_part_1_rmpbqeawlq,train,real,/workspace/data/raw/dfdc/dfdc_train_part_01/dfdc_train_part_1/rmpbqeawlq.mp4,dfdc_train_part_1
dfdc_train_part_1_mzlvwnpyoc,train,fake,/workspace/data/raw/dfdc/dfdc_train_part_01/dfdc_train_part_1/mzlvwnpyoc.mp4,dfdc_train_part_1
dfdc_train_part_1_vxrwcqyzuq,train,fake,/workspace/data/raw/dfdc/dfdc_train_part_01/dfdc_train_part_1/vxrwcqyzuq.mp4,dfdc_train_part_1
dfdc_train_part_1_vgpzvckjup,train,fake,/workspace/data/raw/dfdc/dfdc_train_part_01/dfdc_train_part_1/vgpzvckjup.mp4,dfdc_train_part_1
dfdc_train_part_1_btfsgaxvym,train,fake,/workspace/data/raw/dfdc/dfdc_train_part_01/dfdc_train_part_1/btfsgaxvym.mp4,dfdc_train_part_1
dfdc_train_part_1_ksnaneimlg,train,fake,/workspace/data/raw/dfdc/dfdc_train_part_01/dfdc_train_part_1/ksnaneimlg.mp4,dfdc_train_part_1
dfdc_train_part_1_uxxrwrurut,train,fake,/workspace/data/raw/dfdc/dfdc_train_part_01/dfdc_train_part_1/uxxrwrurut.mp4,dfdc_train_part_1
dfdc_train_part_1_cnpanmywno,train,real,/workspace/data/raw/dfdc/dfdc_train_part_01/dfdc_train_part_1/cnpanmywno.mp4,dfdc_train_part_1
dfdc_train_part_1_qctzubdnke,train,fake,/workspace/data/raw/dfdc/dfdc_train_part_01/dfdc_train_part_1/qctzubdnke.mp4,dfdc_train_part_1
dfdc_train_part_1_pawihqctpq,train,fake,/workspace/data/raw/dfdc/dfdc_train_part_01/dfdc_train_part_1/pawihqctpq.mp4,dfdc_train_part_1
dfdc_train_part_1_ezmfsviyuc,train,fake,/workspace/data/raw/dfdc/dfdc_train_part_01/dfdc_train_part_1/ezmfsviyuc.mp4,dfdc_train_part_1
dfdc_train_part_1_fkwucbqnot,train,fake,/workspace/data/raw/dfdc/dfdc_train_part_01/dfdc_train_part_1/fkwucbqnot.mp4,dfdc_train_part_1
dfdc_train_part_1_nyamcaufxi,train,fake,/workspace/data/raw/dfdc/dfdc_train_part_01/dfdc_train_part_1/nyamcaufxi.mp4,dfdc_train_part_1
dfdc_train_part_1_hwdrfenilf,train,fake,/workspace/data/raw/dfdc/dfdc_train_part_01/dfdc_train_part_1/hwdrfenilf.mp4,dfdc_train_part_1
dfdc_train_part_1_bbwbopxbrv,train,fake,/workspace/data/raw/dfdc/dfdc_train_part_01/dfdc_train_part_1/bbwbopxbrv.mp4,dfdc_train_part_1
dfdc_train_part_1_mufpsfcwnd,train,fake,/workspace/data/raw/dfdc/dfdc_train_part_01/dfdc_train_part_1/mufpsfcwnd.mp4,dfdc_train_part_1
dfdc_train_part_1_uartgdodtb,train,fake,/workspace/data/raw/dfdc/dfdc_train_part_01/dfdc_train_part_1/uartgdodtb.mp4,dfdc_train_part_1
dfdc_train_part_1_uexzuieavb,train,fake,/workspace/data/raw/dfdc/dfdc_train_part_01/dfdc_train_part_1/uexzuieavb.mp4,dfdc_train_part_1
dfdc_train_part_1_zehsfunzox,train,fake,/workspace/data/raw/dfdc/dfdc_train_part_01/dfdc_train_part_1/zehsfunzox.mp4,dfdc_train_part_1
dfdc_train_part_1_afqfrfdowg,train,fake,/workspace/data/raw/dfdc/dfdc_train_part_01/dfdc_train_part_1/afqfrfdowg.mp4,dfdc_train_part_1
dfdc_train_part_1_fkwadedwfe,train,fake,/workspace/data/raw/dfdc/dfdc_train_part_01/dfdc_train_part_1/fkwadedwfe.mp4,dfdc_train_part_1
dfdc_train_part_1_tssdlowath,train,fake,/workspace/data/raw/dfdc/dfdc_train_part_01/dfdc_train_part_1/tssdlowath.mp4,dfdc_train_part_1
dfdc_train_part_1_dpmfmgxxde,train,fake,/workspace/data/raw/dfdc/dfdc_train_part_01/dfdc_train_part_1/dpmfmgxxde.mp4,dfdc_train_part_1
dfdc_train_part_1_acljesxipy,train,fake,/workspace/data/raw/dfdc/dfdc_train_part_01/dfdc_train_part_1/acljesxipy.mp4,dfdc_train_part_1
dfdc_train_part_1_yrcjjmhwce,train,fake,/workspace/data/raw/dfdc/dfdc_train_part_01/dfdc_train_part_1/yrcjjmhwce.mp4,dfdc_train_part_1
dfdc_train_part_1_xhegjwkfaa,train,fake,/workspace/data/raw/dfdc/dfdc_train_part_01/dfdc_train_part_1/xhegjwkfaa.mp4,dfdc_train_part_1
dfdc_train_part_1_hbxqkxulgp,train,fake,/workspace/data/raw/dfdc/dfdc_train_part_01/dfdc_train_part_1/hbxqkxulgp.mp4,dfdc_train_part_1
dfdc_train_part_1_alfidaevix,train,fake,/workspace/data/raw/dfdc/dfdc_train_part_01/dfdc_train_part_1/alfidaevix.mp4,dfdc_train_part_1
dfdc_train_part_1_tyojwenpaf,train,real,/workspace/data/raw/dfdc/dfdc_train_part_01/dfdc_train_part_1/tyojwenpaf.mp4,dfdc_train_part_1
dfdc_train_part_1_obozirvzxd,train,real,/workspace/data/raw/dfdc/dfdc_train_part_01/dfdc_train_part_1/obozirvzxd.mp4,dfdc_train_part_1
dfdc_train_part_1_vswwwdtwwf,train,fake,/workspace/data/raw/dfdc/dfdc_train_part_01/dfdc_train_part_1/vswwwdtwwf.mp4,dfdc_train_part_1
dfdc_train_part_1_ehgnwomhxb,train,fake,/workspace/data/raw/dfdc/dfdc_train_part_01/dfdc_train_part_1/ehgnwomhxb.mp4,dfdc_train_part_1
dfdc_train_part_1_kpnakfmmlh,train,real,/workspace/data/raw/dfdc/dfdc_train_part_01/dfdc_train_part_1/kpnakfmmlh.mp4,dfdc_train_part_1
dfdc_train_part_1_fpnqkovisx,train,fake,/workspace/data/raw/dfdc/dfdc_train_part_01/dfdc_train_part_1/fpnqkovisx.mp4,dfdc_train_part_1
dfdc_train_part_1_aqrodorsgz,train,fake,/workspace/data/raw/dfdc/dfdc_train_part_01/dfdc_train_part_1/aqrodorsgz.mp4,dfdc_train_part_1
dfdc_train_part_1_avfhsplmya,train,fake,/workspace/data/raw/dfdc/dfdc_train_part_01/dfdc_train_part_1/avfhsplmya.mp4,dfdc_train_part_1
dfdc_train_part_1_ylflvrieum,train,fake,/workspace/data/raw/dfdc/dfdc_train_part_01/dfdc_train_part_1/ylflvrieum.mp4,dfdc_train_part_1
dfdc_train_part_1_yeynimarop,train,fake,/workspace/data/raw/dfdc/dfdc_train_part_01/dfdc_train_part_1/yeynimarop.mp4,dfdc_train_part_1
dfdc_train_part_1_nplviymzlg,train,fake,/workspace/data/raw/dfdc/dfdc_train_part_01/dfdc_train_part_1/nplviymzlg.mp4,dfdc_train_part_1
dfdc_train_part_1_axjbcvrvje,train,fake,/workspace/data/raw/dfdc/dfdc_train_part_01/dfdc_train_part_1/axjbcvrvje.mp4,dfdc_train_part_1
dfdc_train_part_1_jjrnsyiihl,train,fake,/workspace/data/raw/dfdc/dfdc_train_part_01/dfdc_train_part_1/jjrnsyiihl.mp4,dfdc_train_part_1
dfdc_train_part_1_sypqqghfxa,train,fake,/workspace/data/raw/dfdc/dfdc_train_part_01/dfdc_train_part_1/sypqqghfxa.mp4,dfdc_train_part_1
dfdc_train_part_1_sandhgjwkk,train,fake,/workspace/data/raw/dfdc/dfdc_train_part_01/dfdc_train_part_1/sandhgjwkk.mp4,dfdc_train_part_1
dfdc_train_part_1_xygoduopss,train,fake,/workspace/data/raw/dfdc/dfdc_train_part_01/dfdc_train_part_1/xygoduopss.mp4,dfdc_train_part_1
dfdc_train_part_1_ddkuilhous,train,fake,/workspace/data/raw/dfdc/dfdc_train_part_01/dfdc_train_part_1/ddkuilhous.mp4,dfdc_train_part_1
dfdc_train_part_1_dygglqlujl,train,fake,/workspace/data/raw/dfdc/dfdc_train_part_01/dfdc_train_part_1/dygglqlujl.mp4,dfdc_train_part_1
dfdc_train_part_1_yydzfachgi,train,fake,/workspace/data/raw/dfdc/dfdc_train_part_01/dfdc_train_part_1/yydzfachgi.mp4,dfdc_train_part_1
dfdc_train_part_1_hirpijibhp,train,fake,/workspace/data/raw/dfdc/dfdc_train_part_01/dfdc_train_part_1/hirpijibhp.mp4,dfdc_train_part_1
dfdc_train_part_1_fdhcjnyhec,train,fake,/workspace/data/raw/dfdc/dfdc_train_part_01/dfdc_train_part_1/fdhcjnyhec.mp4,dfdc_train_part_1
dfdc_train_part_1_rjwdxvcsdg,train,fake,/workspace/data/raw/dfdc/dfdc_train_part_01/dfdc_train_part_1/rjwdxvcsdg.mp4,dfdc_train_part_1
dfdc_train_part_1_qlaftuuvfz,train,fake,/workspace/data/raw/dfdc/dfdc_train_part_01/dfdc_train_part_1/qlaftuuvfz.mp4,dfdc_train_part_1
dfdc_train_part_1_pikjvhpfoe,train,fake,/workspace/data/raw/dfdc/dfdc_train_part_01/dfdc_train_part_1/pikjvhpfoe.mp4,dfdc_train_part_1
dfdc_train_part_1_mgkyurkpqv,train,fake,/workspace/data/raw/dfdc/dfdc_train_part_01/dfdc_train_part_1/mgkyurkpqv.mp4,dfdc_train_part_1
dfdc_train_part_1_oisfiaillm,train,fake,/workspace/data/raw/dfdc/dfdc_train_part_01/dfdc_train_part_1/oisfiaillm.mp4,dfdc_train_part_1
dfdc_train_part_1_yxcemuorah,train,fake,/workspace/data/raw/dfdc/dfdc_train_part_01/dfdc_train_part_1/yxcemuorah.mp4,dfdc_train_part_1
dfdc_train_part_1_skycfrjmns,train,fake,/workspace/data/raw/dfdc/dfdc_train_part_01/dfdc_train_part_1/skycfrjmns.mp4,dfdc_train_part_1
dfdc_train_part_1_htshwkgqxz,train,fake,/workspace/data/raw/dfdc/dfdc_train_part_01/dfdc_train_part_1/htshwkgqxz.mp4,dfdc_train_part_1
dfdc_train_part_1_bnaqqefxll,train,fake,/workspace/data/raw/dfdc/dfdc_train_part_01/dfdc_train_part_1/bnaqqefxll.mp4,dfdc_train_part_1
dfdc_train_part_1_tqiovjldzi,train,fake,/workspace/data/raw/dfdc/dfdc_train_part_01/dfdc_train_part_1/tqiovjldzi.mp4,dfdc_train_part_1
dfdc_train_part_1_sxhiirvxwi,train,fake,/workspace/data/raw/dfdc/dfdc_train_part_01/dfdc_train_part_1/sxhiirvxwi.mp4,dfdc_train_part_1
dfdc_train_part_1_rdlsqzeadp,train,fake,/workspace/data/raw/dfdc/dfdc_train_part_01/dfdc_train_part_1/rdlsqzeadp.mp4,dfdc_train_part_1
dfdc_train_part_1_tzmrgkevvj,train,fake,/workspace/data/raw/dfdc/dfdc_train_part_01/dfdc_train_part_1/tzmrgkevvj.mp4,dfdc_train_part_1
dfdc_train_part_1_lvezyjazzd,train,fake,/workspace/data/raw/dfdc/dfdc_train_part_01/dfdc_train_part_1/lvezyjazzd.mp4,dfdc_train_part_1
dfdc_train_part_1_jtazbdmcqi,train,fake,/workspace/data/raw/dfdc/dfdc_train_part_01/dfdc_train_part_1/jtazbdmcqi.mp4,dfdc_train_part_1
dfdc_train_part_1_bfmvjimrqn,train,fake,/workspace/data/raw/dfdc/dfdc_train_part_01/dfdc_train_part_1/bfmvjimrqn.mp4,dfdc_train_part_1
dfdc_train_part_1_pzyfqmmyxh,train,fake,/workspace/data/raw/dfdc/dfdc_train_part_01/dfdc_train_part_1/pzyfqmmyxh.mp4,dfdc_train_part_1
dfdc_train_part_1_zhmfwuyoag,train,fake,/workspace/data/raw/dfdc/dfdc_train_part_01/dfdc_train_part_1/zhmfwuyoag.mp4,dfdc_train_part_1
dfdc_train_part_1_hsdofynpsa,train,fake,/workspace/data/raw/dfdc/dfdc_train_part_01/dfdc_train_part_1/hsdofynpsa.mp4,dfdc_train_part_1
dfdc_train_part_1_xkfaumdhlx,train,fake,/workspace/data/raw/dfdc/dfdc_train_part_01/dfdc_train_part_1/xkfaumdhlx.mp4,dfdc_train_part_1
dfdc_train_part_1_bwspwiymvk,train,fake,/workspace/data/raw/dfdc/dfdc_train_part_01/dfdc_train_part_1/bwspwiymvk.mp4,dfdc_train_part_1
dfdc_train_part_1_khcvxfequp,train,fake,/workspace/data/raw/dfdc/dfdc_train_part_01/dfdc_train_part_1/khcvxfequp.mp4,dfdc_train_part_1
dfdc_train_part_1_tjlybsguby,train,fake,/workspace/data/raw/dfdc/dfdc_train_part_01/dfdc_train_part_1/tjlybsguby.mp4,dfdc_train_part_1
dfdc_train_part_1_snxtsblzqg,train,fake,/workspace/data/raw/dfdc/dfdc_train_part_01/dfdc_train_part_1/snxtsblzqg.mp4,dfdc_train_part_1
dfdc_train_part_1_nnvbkgvsli,train,fake,/workspace/data/raw/dfdc/dfdc_train_part_01/dfdc_train_part_1/nnvbkgvsli.mp4,dfdc_train_part_1
dfdc_train_part_1_tzhotvejsw,train,fake,/workspace/data/raw/dfdc/dfdc_train_part_01/dfdc_train_part_1/tzhotvejsw.mp4,dfdc_train_part_1
dfdc_train_part_1_omwshllujo,train,fake,/workspace/data/raw/dfdc/dfdc_train_part_01/dfdc_train_part_1/omwshllujo.mp4,dfdc_train_part_1
dfdc_train_part_1_nqdvvzopgs,train,fake,/workspace/data/raw/dfdc/dfdc_train_part_01/dfdc_train_part_1/nqdvvzopgs.mp4,dfdc_train_part_1
dfdc_train_part_1_zcnxnfwopr,train,fake,/workspace/data/raw/dfdc/dfdc_train_part_01/dfdc_train_part_1/zcnxnfwopr.mp4,dfdc_train_part_1
dfdc_train_part_1_urtkjcthyu,train,fake,/workspace/data/raw/dfdc/dfdc_train_part_01/dfdc_train_part_1/urtkjcthyu.mp4,dfdc_train_part_1
dfdc_train_part_1_eorosxkrht,train,fake,/workspace/data/raw/dfdc/dfdc_train_part_01/dfdc_train_part_1/eorosxkrht.mp4,dfdc_train_part_1
dfdc_train_part_1_hsbiqbtyrq,train,fake,/workspace/data/raw/dfdc/dfdc_train_part_01/dfdc_train_part_1/hsbiqbtyrq.mp4,dfdc_train_part_1
dfdc_train_part_1_rawyfbcvjr,train,fake,/workspace/data/raw/dfdc/dfdc_train_part_01/dfdc_train_part_1/rawyfbcvjr.mp4,dfdc_train_part_1
dfdc_train_part_1_dekkxfgplf,train,fake,/workspace/data/raw/dfdc/dfdc_train_part_01/dfdc_train_part_1/dekkxfgplf.mp4,dfdc_train_part_1
dfdc_train_part_1_dsertupxsw,train,fake,/workspace/data/raw/dfdc/dfdc_train_part_01/dfdc_train_part_1/dsertupxsw.mp4,dfdc_train_part_1
dfdc_train_part_1_famlupsgqm,train,fake,/workspace/data/raw/dfdc/dfdc_train_part_01/dfdc_train_part_1/famlupsgqm.mp4,dfdc_train_part_1
dfdc_train_part_1_ufzhmhimyf,train,fake,/workspace/data/raw/dfdc/dfdc_train_part_01/dfdc_train_part_1/ufzhmhimyf.mp4,dfdc_train_part_1
dfdc_train_part_1_dysqgsohru,train,fake,/workspace/data/raw/dfdc/dfdc_train_part_01/dfdc_train_part_1/dysqgsohru.mp4,dfdc_train_part_1
dfdc_train_part_1_dxmijrrmbx,train,fake,/workspace/data/raw/dfdc/dfdc_train_part_01/dfdc_train_part_1/dxmijrrmbx.mp4,dfdc_train_part_1
dfdc_train_part_1_neftqrxcgx,train,fake,/workspace/data/raw/dfdc/dfdc_train_part_01/dfdc_train_part_1/neftqrxcgx.mp4,dfdc_train_part_1
dfdc_train_part_1_tijqzpjcmz,train,fake,/workspace/data/raw/dfdc/dfdc_train_part_01/dfdc_train_part_1/tijqzpjcmz.mp4,dfdc_train_part_1
dfdc_train_part_1_beoobdybbw,train,fake,/workspace/data/raw/dfdc/dfdc_train_part_01/dfdc_train_part_1/beoobdybbw.mp4,dfdc_train_part_1
dfdc_train_part_1_ercvulggxk,train,fake,/workspace/data/raw/dfdc/dfdc_train_part_01/dfdc_train_part_1/ercvulggxk.mp4,dfdc_train_part_1
dfdc_train_part_1_fnegaaozcp,train,fake,/workspace/data/raw/dfdc/dfdc_train_part_01/dfdc_train_part_1/fnegaaozcp.mp4,dfdc_train_part_1
dfdc_train_part_1_gaofaacklg,train,fake,/workspace/data/raw/dfdc/dfdc_train_part_01/dfdc_train_part_1/gaofaacklg.mp4,dfdc_train_part_1
dfdc_train_part_1_pzzrcsfrtq,train,fake,/workspace/data/raw/dfdc/dfdc_train_part_01/dfdc_train_part_1/pzzrcsfrtq.mp4,dfdc_train_part_1
dfdc_train_part_1_pxvxurfyuy,train,fake,/workspace/data/raw/dfdc/dfdc_train_part_01/dfdc_train_part_1/pxvxurfyuy.mp4,dfdc_train_part_1
dfdc_train_part_1_ohsfimhmrm,train,fake,/workspace/data/raw/dfdc/dfdc_train_part_01/dfdc_train_part_1/ohsfimhmrm.mp4,dfdc_train_part_1
dfdc_train_part_1_faelhvqael,train,fake,/workspace/data/raw/dfdc/dfdc_train_part_01/dfdc_train_part_1/faelhvqael.mp4,dfdc_train_part_1
dfdc_train_part_1_tdgfccsvpf,train,fake,/workspace/data/raw/dfdc/dfdc_train_part_01/dfdc_train_part_1/tdgfccsvpf.mp4,dfdc_train_part_1
dfdc_train_part_1_rytlcnwgek,train,fake,/workspace/data/raw/dfdc/dfdc_train_part_01/dfdc_train_part_1/rytlcnwgek.mp4,dfdc_train_part_1
dfdc_train_part_1_fnbaeljuyt,train,fake,/workspace/data/raw/dfdc/dfdc_train_part_01/dfdc_train_part_1/fnbaeljuyt.mp4,dfdc_train_part_1
dfdc_train_part_1_oaifhwqmwn,train,fake,/workspace/data/raw/dfdc/dfdc_train_part_01/dfdc_train_part_1/oaifhwqmwn.mp4,dfdc_train_part_1
dfdc_train_part_1_recmhmjttq,train,fake,/workspace/data/raw/dfdc/dfdc_train_part_01/dfdc_train_part_1/recmhmjttq.mp4,dfdc_train_part_1
dfdc_train_part_1_gahgyuwzbu,train,real,/workspace/data/raw/dfdc/dfdc_train_part_01/dfdc_train_part_1/gahgyuwzbu.mp4,dfdc_train_part_1
dfdc_train_part_1_dfgihdrqqu,train,fake,/workspace/data/raw/dfdc/dfdc_train_part_01/dfdc_train_part_1/dfgihdrqqu.mp4,dfdc_train_part_1
dfdc_train_part_1_lygflrvsau,train,fake,/workspace/data/raw/dfdc/dfdc_train_part_01/dfdc_train_part_1/lygflrvsau.mp4,dfdc_train_part_1
dfdc_train_part_1_ncdccrmjcs,train,fake,/workspace/data/raw/dfdc/dfdc_train_part_01/dfdc_train_part_1/ncdccrmjcs.mp4,dfdc_train_part_1
dfdc_train_part_1_gctqacnjyy,train,fake,/workspace/data/raw/dfdc/dfdc_train_part_01/dfdc_train_part_1/gctqacnjyy.mp4,dfdc_train_part_1
dfdc_train_part_1_fgwsgolela,train,fake,/workspace/data/raw/dfdc/dfdc_train_part_01/dfdc_train_part_1/fgwsgolela.mp4,dfdc_train_part_1
dfdc_train_part_1_hhhvnhhqsc,train,real,/workspace/data/raw/dfdc/dfdc_train_part_01/dfdc_train_part_1/hhhvnhhqsc.mp4,dfdc_train_part_1
dfdc_train_part_1_xnyryxpmoo,train,fake,/workspace/data/raw/dfdc/dfdc_train_part_01/dfdc_train_part_1/xnyryxpmoo.mp4,dfdc_train_part_1
dfdc_train_part_1_emwbovxems,train,fake,/workspace/data/raw/dfdc/dfdc_train_part_01/dfdc_train_part_1/emwbovxems.mp4,dfdc_train_part_1
dfdc_train_part_1_iyilruqfhe,train,fake,/workspace/data/raw/dfdc/dfdc_train_part_01/dfdc_train_part_1/iyilruqfhe.mp4,dfdc_train_part_1
dfdc_train_part_1_kennocbson,train,fake,/workspace/data/raw/dfdc/dfdc_train_part_01/dfdc_train_part_1/kennocbson.mp4,dfdc_train_part_1
dfdc_train_part_1_fdkbmfdohh,train,fake,/workspace/data/raw/dfdc/dfdc_train_part_01/dfdc_train_part_1/fdkbmfdohh.mp4,dfdc_train_part_1
dfdc_train_part_1_gcidegwthx,train,fake,/workspace/data/raw/dfdc/dfdc_train_part_01/dfdc_train_part_1/gcidegwthx.mp4,dfdc_train_part_1
dfdc_train_part_1_ckslhjdcdj,train,fake,/workspace/data/raw/dfdc/dfdc_train_part_01/dfdc_train_part_1/ckslhjdcdj.mp4,dfdc_train_part_1
dfdc_train_part_1_bdvqwpqmag,train,fake,/workspace/data/raw/dfdc/dfdc_train_part_01/dfdc_train_part_1/bdvqwpqmag.mp4,dfdc_train_part_1
dfdc_train_part_1_hegomtnjrv,train,fake,/workspace/data/raw/dfdc/dfdc_train_part_01/dfdc_train_part_1/hegomtnjrv.mp4,dfdc_train_part_1
dfdc_train_part_1_jpaohjsxbm,train,fake,/workspace/data/raw/dfdc/dfdc_train_part_01/dfdc_train_part_1/jpaohjsxbm.mp4,dfdc_train_part_1
dfdc_train_part_1_yuozmggtin,train,fake,/workspace/data/raw/dfdc/dfdc_train_part_01/dfdc_train_part_1/yuozmggtin.mp4,dfdc_train_part_1
dfdc_train_part_1_bydtnhfnyp,train,fake,/workspace/data/raw/dfdc/dfdc_train_part_01/dfdc_train_part_1/bydtnhfnyp.mp4,dfdc_train_part_1
dfdc_train_part_1_bkuzquigyt,train,real,/workspace/data/raw/dfdc/dfdc_train_part_01/dfdc_train_part_1/bkuzquigyt.mp4,dfdc_train_part_1
dfdc_train_part_1_mzfdaznsek,train,fake,/workspace/data/raw/dfdc/dfdc_train_part_01/dfdc_train_part_1/mzfdaznsek.mp4,dfdc_train_part_1
dfdc_train_part_1_xxzefxwyku,train,real,/workspace/data/raw/dfdc/dfdc_train_part_01/dfdc_train_part_1/xxzefxwyku.mp4,dfdc_train_part_1
dfdc_train_part_1_tcdooxhevx,train,fake,/workspace/data/raw/dfdc/dfdc_train_part_01/dfdc_train_part_1/tcdooxhevx.mp4,dfdc_train_part_1
dfdc_train_part_1_soklpfdyox,train,fake,/workspace/data/raw/dfdc/dfdc_train_part_01/dfdc_train_part_1/soklpfdyox.mp4,dfdc_train_part_1
dfdc_train_part_1_okjhfifjkr,train,real,/workspace/data/raw/dfdc/dfdc_train_part_01/dfdc_train_part_1/okjhfifjkr.mp4,dfdc_train_part_1
dfdc_train_part_1_ocgcbqznfa,train,fake,/workspace/data/raw/dfdc/dfdc_train_part_01/dfdc_train_part_1/ocgcbqznfa.mp4,dfdc_train_part_1
dfdc_train_part_1_xvtztnhjwb,train,fake,/workspace/data/raw/dfdc/dfdc_train_part_01/dfdc_train_part_1/xvtztnhjwb.mp4,dfdc_train_part_1
dfdc_train_part_1_gdpxgankmr,train,fake,/workspace/data/raw/dfdc/dfdc_train_part_01/dfdc_train_part_1/gdpxgankmr.mp4,dfdc_train_part_1
dfdc_train_part_1_alqiqhnrza,train,fake,/workspace/data/raw/dfdc/dfdc_train_part_01/dfdc_train_part_1/alqiqhnrza.mp4,dfdc_train_part_1
dfdc_train_part_1_uyvzsejsbq,train,fake,/workspace/data/raw/dfdc/dfdc_train_part_01/dfdc_train_part_1/uyvzsejsbq.mp4,dfdc_train_part_1
dfdc_train_part_1_fkiuwyyzjt,train,fake,/workspace/data/raw/dfdc/dfdc_train_part_01/dfdc_train_part_1/fkiuwyyzjt.mp4,dfdc_train_part_1
dfdc_train_part_1_hhoaqazixk,train,fake,/workspace/data/raw/dfdc/dfdc_train_part_01/dfdc_train_part_1/hhoaqazixk.mp4,dfdc_train_part_1
dfdc_train_part_1_fnapjgrqwt,train,fake,/workspace/data/raw/dfdc/dfdc_train_part_01/dfdc_train_part_1/fnapjgrqwt.mp4,dfdc_train_part_1
dfdc_train_part_1_xgysbrbsjv,train,fake,/workspace/data/raw/dfdc/dfdc_train_part_01/dfdc_train_part_1/xgysbrbsjv.mp4,dfdc_train_part_1
dfdc_train_part_1_nhxolaztxi,train,fake,/workspace/data/raw/dfdc/dfdc_train_part_01/dfdc_train_part_1/nhxolaztxi.mp4,dfdc_train_part_1
dfdc_train_part_1_rejbgucbqn,train,fake,/workspace/data/raw/dfdc/dfdc_train_part_01/dfdc_train_part_1/rejbgucbqn.mp4,dfdc_train_part_1
dfdc_train_part_1_ijhhztmidr,train,real,/workspace/data/raw/dfdc/dfdc_train_part_01/dfdc_train_part_1/ijhhztmidr.mp4,dfdc_train_part_1
dfdc_train_part_1_jrwjdkoouq,train,fake,/workspace/data/raw/dfdc/dfdc_train_part_01/dfdc_train_part_1/jrwjdkoouq.mp4,dfdc_train_part_1
dfdc_train_part_1_dngtoszjnq,train,fake,/workspace/data/raw/dfdc/dfdc_train_part_01/dfdc_train_part_1/dngtoszjnq.mp4,dfdc_train_part_1
dfdc_train_part_1_hozyutxylm,train,fake,/workspace/data/raw/dfdc/dfdc_train_part_01/dfdc_train_part_1/hozyutxylm.mp4,dfdc_train_part_1
dfdc_train_part_1_otnmzhzsdv,train,fake,/workspace/data/raw/dfdc/dfdc_train_part_01/dfdc_train_part_1/otnmzhzsdv.mp4,dfdc_train_part_1
dfdc_train_part_1_hmvdorfdzk,train,fake,/workspace/data/raw/dfdc/dfdc_train_part_01/dfdc_train_part_1/hmvdorfdzk.mp4,dfdc_train_part_1
dfdc_train_part_1_fjfngtoihc,train,fake,/workspace/data/raw/dfdc/dfdc_train_part_01/dfdc_train_part_1/fjfngtoihc.mp4,dfdc_train_part_1
dfdc_train_part_1_cxsvvnxpyz,train,real,/workspace/data/raw/dfdc/dfdc_train_part_01/dfdc_train_part_1/cxsvvnxpyz.mp4,dfdc_train_part_1
dfdc_train_part_1_hgyiqroihk,train,fake,/workspace/data/raw/dfdc/dfdc_train_part_01/dfdc_train_part_1/hgyiqroihk.mp4,dfdc_train_part_1
dfdc_train_part_1_topezmraqq,train,fake,/workspace/data/raw/dfdc/dfdc_train_part_01/dfdc_train_part_1/topezmraqq.mp4,dfdc_train_part_1
dfdc_train_part_1_xwzbbwsvls,train,fake,/workspace/data/raw/dfdc/dfdc_train_part_01/dfdc_train_part_1/xwzbbwsvls.mp4,dfdc_train_part_1
dfdc_train_part_1_extbidooov,train,real,/workspace/data/raw/dfdc/dfdc_train_part_01/dfdc_train_part_1/extbidooov.mp4,dfdc_train_part_1
dfdc_train_part_1_zvoecjjeia,train,fake,/workspace/data/raw/dfdc/dfdc_train_part_01/dfdc_train_part_1/zvoecjjeia.mp4,dfdc_train_part_1
dfdc_train_part_1_bgtgxubqmy,train,fake,/workspace/data/raw/dfdc/dfdc_train_part_01/dfdc_train_part_1/bgtgxubqmy.mp4,dfdc_train_part_1
dfdc_train_part_1_gvxiqjjkab,train,fake,/workspace/data/raw/dfdc/dfdc_train_part_01/dfdc_train_part_1/gvxiqjjkab.mp4,dfdc_train_part_1
dfdc_train_part_1_yktykcrzfg,train,fake,/workspace/data/raw/dfdc/dfdc_train_part_01/dfdc_train_part_1/yktykcrzfg.mp4,dfdc_train_part_1
dfdc_train_part_1_sjttsrfmjf,train,fake,/workspace/data/raw/dfdc/dfdc_train_part_01/dfdc_train_part_1/sjttsrfmjf.mp4,dfdc_train_part_1
dfdc_train_part_1_bmffrysoii,train,fake,/workspace/data/raw/dfdc/dfdc_train_part_01/dfdc_train_part_1/bmffrysoii.mp4,dfdc_train_part_1
dfdc_train_part_1_vmgiqwoyvt,train,fake,/workspace/data/raw/dfdc/dfdc_train_part_01/dfdc_train_part_1/vmgiqwoyvt.mp4,dfdc_train_part_1
dfdc_train_part_1_ilxpiywxyz,train,fake,/workspace/data/raw/dfdc/dfdc_train_part_01/dfdc_train_part_1/ilxpiywxyz.mp4,dfdc_train_part_1
dfdc_train_part_1_brftztqwxi,train,fake,/workspace/data/raw/dfdc/dfdc_train_part_01/dfdc_train_part_1/brftztqwxi.mp4,dfdc_train_part_1
dfdc_train_part_1_scbdenmaed,train,fake,/workspace/data/raw/dfdc/dfdc_train_part_01/dfdc_train_part_1/scbdenmaed.mp4,dfdc_train_part_1
dfdc_train_part_1_xjvxtuakyd,train,fake,/workspace/data/raw/dfdc/dfdc_train_part_01/dfdc_train_part_1/xjvxtuakyd.mp4,dfdc_train_part_1
dfdc_train_part_1_yietrwuncf,train,real,/workspace/data/raw/dfdc/dfdc_train_part_01/dfdc_train_part_1/yietrwuncf.mp4,dfdc_train_part_1
dfdc_train_part_1_kbmzfvrqep,train,fake,/workspace/data/raw/dfdc/dfdc_train_part_01/dfdc_train_part_1/kbmzfvrqep.mp4,dfdc_train_part_1
dfdc_train_part_1_lkymvhqbid,train,fake,/workspace/data/raw/dfdc/dfdc_train_part_01/dfdc_train_part_1/lkymvhqbid.mp4,dfdc_train_part_1
dfdc_train_part_1_rrgpzfynme,train,fake,/workspace/data/raw/dfdc/dfdc_train_part_01/dfdc_train_part_1/rrgpzfynme.mp4,dfdc_train_part_1
dfdc_train_part_1_qqrnypeprj,train,fake,/workspace/data/raw/dfdc/dfdc_train_part_01/dfdc_train_part_1/qqrnypeprj.mp4,dfdc_train_part_1
dfdc_train_part_1_jqequofros,train,fake,/workspace/data/raw/dfdc/dfdc_train_part_01/dfdc_train_part_1/jqequofros.mp4,dfdc_train_part_1
dfdc_train_part_1_osntnoxbci,train,fake,/workspace/data/raw/dfdc/dfdc_train_part_01/dfdc_train_part_1/osntnoxbci.mp4,dfdc_train_part_1
dfdc_train_part_1_tzlcyvbqwd,train,fake,/workspace/data/raw/dfdc/dfdc_train_part_01/dfdc_train_part_1/tzlcyvbqwd.mp4,dfdc_train_part_1
dfdc_train_part_1_btodwmstfj,train,fake,/workspace/data/raw/dfdc/dfdc_train_part_01/dfdc_train_part_1/btodwmstfj.mp4,dfdc_train_part_1
dfdc_train_part_1_idqwolxjql,train,fake,/workspace/data/raw/dfdc/dfdc_train_part_01/dfdc_train_part_1/idqwolxjql.mp4,dfdc_train_part_1
dfdc_train_part_1_oumnlpznlf,train,fake,/workspace/data/raw/dfdc/dfdc_train_part_01/dfdc_train_part_1/oumnlpznlf.mp4,dfdc_train_part_1
dfdc_train_part_1_zvqinhzeah,train,fake,/workspace/data/raw/dfdc/dfdc_train_part_01/dfdc_train_part_1/zvqinhzeah.mp4,dfdc_train_part_1
dfdc_train_part_1_xmbfxuhund,train,fake,/workspace/data/raw/dfdc/dfdc_train_part_01/dfdc_train_part_1/xmbfxuhund.mp4,dfdc_train_part_1
dfdc_train_part_1_guwmrgcgrb,train,fake,/workspace/data/raw/dfdc/dfdc_train_part_01/dfdc_train_part_1/guwmrgcgrb.mp4,dfdc_train_part_1
dfdc_train_part_1_ciaxcxtxix,train,fake,/workspace/data/raw/dfdc/dfdc_train_part_01/dfdc_train_part_1/ciaxcxtxix.mp4,dfdc_train_part_1
dfdc_train_part_1_wndursivcx,train,fake,/workspace/data/raw/dfdc/dfdc_train_part_01/dfdc_train_part_1/wndursivcx.mp4,dfdc_train_part_1
dfdc_train_part_1_zilqucorio,train,real,/workspace/data/raw/dfdc/dfdc_train_part_01/dfdc_train_part_1/zilqucorio.mp4,dfdc_train_part_1
dfdc_train_part_1_teekjmfxzx,train,fake,/workspace/data/raw/dfdc/dfdc_train_part_01/dfdc_train_part_1/teekjmfxzx.mp4,dfdc_train_part_1
dfdc_train_part_1_rfuhuytaqp,train,fake,/workspace/data/raw/dfdc/dfdc_train_part_01/dfdc_train_part_1/rfuhuytaqp.mp4,dfdc_train_part_1
dfdc_train_part_1_rkafqojwlz,train,fake,/workspace/data/raw/dfdc/dfdc_train_part_01/dfdc_train_part_1/rkafqojwlz.mp4,dfdc_train_part_1
dfdc_train_part_1_ajqmtwoocc,train,fake,/workspace/data/raw/dfdc/dfdc_train_part_01/dfdc_train_part_1/ajqmtwoocc.mp4,dfdc_train_part_1
dfdc_train_part_1_vqgwwsoduw,train,fake,/workspace/data/raw/dfdc/dfdc_train_part_01/dfdc_train_part_1/vqgwwsoduw.mp4,dfdc_train_part_1
dfdc_train_part_1_btfeympfrf,train,fake,/workspace/data/raw/dfdc/dfdc_train_part_01/dfdc_train_part_1/btfeympfrf.mp4,dfdc_train_part_1
dfdc_train_part_1_kldqpsyynz,train,fake,/workspace/data/raw/dfdc/dfdc_train_part_01/dfdc_train_part_1/kldqpsyynz.mp4,dfdc_train_part_1
dfdc_train_part_1_fdqqzjrcqb,train,fake,/workspace/data/raw/dfdc/dfdc_train_part_01/dfdc_train_part_1/fdqqzjrcqb.mp4,dfdc_train_part_1
dfdc_train_part_1_lltvkkjdsw,train,fake,/workspace/data/raw/dfdc/dfdc_train_part_01/dfdc_train_part_1/lltvkkjdsw.mp4,dfdc_train_part_1
dfdc_train_part_1_ysoblyvoyj,train,fake,/workspace/data/raw/dfdc/dfdc_train_part_01/dfdc_train_part_1/ysoblyvoyj.mp4,dfdc_train_part_1
dfdc_train_part_1_rhuxlnvrph,train,fake,/workspace/data/raw/dfdc/dfdc_train_part_01/dfdc_train_part_1/rhuxlnvrph.mp4,dfdc_train_part_1
dfdc_train_part_1_rxvbtutnnd,train,fake,/workspace/data/raw/dfdc/dfdc_train_part_01/dfdc_train_part_1/rxvbtutnnd.mp4,dfdc_train_part_1
dfdc_train_part_1_gkutjglghz,train,fake,/workspace/data/raw/dfdc/dfdc_train_part_01/dfdc_train_part_1/gkutjglghz.mp4,dfdc_train_part_1
dfdc_train_part_1_hnxkqrffjx,train,fake,/workspace/data/raw/dfdc/dfdc_train_part_01/dfdc_train_part_1/hnxkqrffjx.mp4,dfdc_train_part_1
dfdc_train_part_1_saxdfsdphm,train,fake,/workspace/data/raw/dfdc/dfdc_train_part_01/dfdc_train_part_1/saxdfsdphm.mp4,dfdc_train_part_1
dfdc_train_part_1_wkrznuhrqj,train,fake,/workspace/data/raw/dfdc/dfdc_train_part_01/dfdc_train_part_1/wkrznuhrqj.mp4,dfdc_train_part_1
dfdc_train_part_1_rtuthjqxrg,train,fake,/workspace/data/raw/dfdc/dfdc_train_part_01/dfdc_train_part_1/rtuthjqxrg.mp4,dfdc_train_part_1
dfdc_train_part_1_yhhntyxrlb,train,fake,/workspace/data/raw/dfdc/dfdc_train_part_01/dfdc_train_part_1/yhhntyxrlb.mp4,dfdc_train_part_1
dfdc_train_part_1_ugpgxcljaj,train,fake,/workspace/data/raw/dfdc/dfdc_train_part_01/dfdc_train_part_1/ugpgxcljaj.mp4,dfdc_train_part_1
dfdc_train_part_1_mzlxoxafgf,train,fake,/workspace/data/raw/dfdc/dfdc_train_part_01/dfdc_train_part_1/mzlxoxafgf.mp4,dfdc_train_part_1
dfdc_train_part_1_eiayatksud,train,fake,/workspace/data/raw/dfdc/dfdc_train_part_01/dfdc_train_part_1/eiayatksud.mp4,dfdc_train_part_1
dfdc_train_part_1_sfjmwcolyd,train,fake,/workspace/data/raw/dfdc/dfdc_train_part_01/dfdc_train_part_1/sfjmwcolyd.mp4,dfdc_train_part_1
dfdc_train_part_1_iplgviptfg,train,fake,/workspace/data/raw/dfdc/dfdc_train_part_01/dfdc_train_part_1/iplgviptfg.mp4,dfdc_train_part_1
dfdc_train_part_1_zrvavqttuf,train,fake,/workspace/data/raw/dfdc/dfdc_train_part_01/dfdc_train_part_1/zrvavqttuf.mp4,dfdc_train_part_1
dfdc_train_part_1_enljrpodub,train,fake,/workspace/data/raw/dfdc/dfdc_train_part_01/dfdc_train_part_1/enljrpodub.mp4,dfdc_train_part_1
dfdc_train_part_1_pcyswtgick,train,fake,/workspace/data/raw/dfdc/dfdc_train_part_01/dfdc_train_part_1/pcyswtgick.mp4,dfdc_train_part_1
dfdc_train_part_1_lnrkpcwvnm,train,fake,/workspace/data/raw/dfdc/dfdc_train_part_01/dfdc_train_part_1/lnrkpcwvnm.mp4,dfdc_train_part_1
dfdc_train_part_1_kxhqohzkqt,train,fake,/workspace/data/raw/dfdc/dfdc_train_part_01/dfdc_train_part_1/kxhqohzkqt.mp4,dfdc_train_part_1
dfdc_train_part_1_hbhnsldfzo,train,fake,/workspace/data/raw/dfdc/dfdc_train_part_01/dfdc_train_part_1/hbhnsldfzo.mp4,dfdc_train_part_1
dfdc_train_part_1_oudyexpgvw,train,fake,/workspace/data/raw/dfdc/dfdc_train_part_01/dfdc_train_part_1/oudyexpgvw.mp4,dfdc_train_part_1
dfdc_train_part_1_clrdxzhlzn,train,fake,/workspace/data/raw/dfdc/dfdc_train_part_01/dfdc_train_part_1/clrdxzhlzn.mp4,dfdc_train_part_1
dfdc_train_part_1_pxowiglhyj,train,fake,/workspace/data/raw/dfdc/dfdc_train_part_01/dfdc_train_part_1/pxowiglhyj.mp4,dfdc_train_part_1
dfdc_train_part_1_rcytnuefvt,train,fake,/workspace/data/raw/dfdc/dfdc_train_part_01/dfdc_train_part_1/rcytnuefvt.mp4,dfdc_train_part_1
dfdc_train_part_1_cuvcxavplw,train,fake,/workspace/data/raw/dfdc/dfdc_train_part_01/dfdc_train_part_1/cuvcxavplw.mp4,dfdc_train_part_1
dfdc_train_part_1_rmyijywipw,train,fake,/workspace/data/raw/dfdc/dfdc_train_part_01/dfdc_train_part_1/rmyijywipw.mp4,dfdc_train_part_1
dfdc_train_part_1_rrgxikqqvq,train,fake,/workspace/data/raw/dfdc/dfdc_train_part_01/dfdc_train_part_1/rrgxikqqvq.mp4,dfdc_train_part_1
dfdc_train_part_1_ajmuljcfkb,train,fake,/workspace/data/raw/dfdc/dfdc_train_part_01/dfdc_train_part_1/ajmuljcfkb.mp4,dfdc_train_part_1
dfdc_train_part_1_vzywqvchez,train,fake,/workspace/data/raw/dfdc/dfdc_train_part_01/dfdc_train_part_1/vzywqvchez.mp4,dfdc_train_part_1
dfdc_train_part_1_olinrvqtyz,train,fake,/workspace/data/raw/dfdc/dfdc_train_part_01/dfdc_train_part_1/olinrvqtyz.mp4,dfdc_train_part_1
dfdc_train_part_1_mxvlajomuy,train,fake,/workspace/data/raw/dfdc/dfdc_train_part_01/dfdc_train_part_1/mxvlajomuy.mp4,dfdc_train_part_1
dfdc_train_part_1_vugbaeziku,train,fake,/workspace/data/raw/dfdc/dfdc_train_part_01/dfdc_train_part_1/vugbaeziku.mp4,dfdc_train_part_1
dfdc_train_part_1_ksdgkzetwb,train,fake,/workspace/data/raw/dfdc/dfdc_train_part_01/dfdc_train_part_1/ksdgkzetwb.mp4,dfdc_train_part_1
dfdc_train_part_1_mwwploizlj,train,real,/workspace/data/raw/dfdc/dfdc_train_part_01/dfdc_train_part_1/mwwploizlj.mp4,dfdc_train_part_1
dfdc_train_part_1_oisprqtmce,train,fake,/workspace/data/raw/dfdc/dfdc_train_part_01/dfdc_train_part_1/oisprqtmce.mp4,dfdc_train_part_1
dfdc_train_part_1_gvckxlrkmh,train,fake,/workspace/data/raw/dfdc/dfdc_train_part_01/dfdc_train_part_1/gvckxlrkmh.mp4,dfdc_train_part_1
dfdc_train_part_1_kbhqxcdcuf,train,fake,/workspace/data/raw/dfdc/dfdc_train_part_01/dfdc_train_part_1/kbhqxcdcuf.mp4,dfdc_train_part_1
dfdc_train_part_1_itpauysdvo,train,fake,/workspace/data/raw/dfdc/dfdc_train_part_01/dfdc_train_part_1/itpauysdvo.mp4,dfdc_train_part_1
dfdc_train_part_1_sngjsueuhs,train,fake,/workspace/data/raw/dfdc/dfdc_train_part_01/dfdc_train_part_1/sngjsueuhs.mp4,dfdc_train_part_1
dfdc_train_part_1_qjcieuzlgj,train,fake,/workspace/data/raw/dfdc/dfdc_train_part_01/dfdc_train_part_1/qjcieuzlgj.mp4,dfdc_train_part_1
dfdc_train_part_1_gmdoyjvcnu,train,fake,/workspace/data/raw/dfdc/dfdc_train_part_01/dfdc_train_part_1/gmdoyjvcnu.mp4,dfdc_train_part_1
dfdc_train_part_1_zhauqfsqxv,train,fake,/workspace/data/raw/dfdc/dfdc_train_part_01/dfdc_train_part_1/zhauqfsqxv.mp4,dfdc_train_part_1
dfdc_train_part_1_jhpkbwstpw,train,fake,/workspace/data/raw/dfdc/dfdc_train_part_01/dfdc_train_part_1/jhpkbwstpw.mp4,dfdc_train_part_1
dfdc_train_part_1_nallwasfbx,train,fake,/workspace/data/raw/dfdc/dfdc_train_part_01/dfdc_train_part_1/nallwasfbx.mp4,dfdc_train_part_1
dfdc_train_part_1_ipwtqallyo,train,fake,/workspace/data/raw/dfdc/dfdc_train_part_01/dfdc_train_part_1/ipwtqallyo.mp4,dfdc_train_part_1
dfdc_train_part_1_sposxnzqtj,train,fake,/workspace/data/raw/dfdc/dfdc_train_part_01/dfdc_train_part_1/sposxnzqtj.mp4,dfdc_train_part_1
dfdc_train_part_1_efuzqmxhww,train,fake,/workspace/data/raw/dfdc/dfdc_train_part_01/dfdc_train_part_1/efuzqmxhww.mp4,dfdc_train_part_1
dfdc_train_part_1_oaioeivsbq,train,fake,/workspace/data/raw/dfdc/dfdc_train_part_01/dfdc_train_part_1/oaioeivsbq.mp4,dfdc_train_part_1
dfdc_train_part_1_gdezlfgevn,train,fake,/workspace/data/raw/dfdc/dfdc_train_part_01/dfdc_train_part_1/gdezlfgevn.mp4,dfdc_train_part_1
dfdc_train_part_1_hmxihwteht,train,real,/workspace/data/raw/dfdc/dfdc_train_part_01/dfdc_train_part_1/hmxihwteht.mp4,dfdc_train_part_1
dfdc_train_part_1_eqslzbqfea,train,fake,/workspace/data/raw/dfdc/dfdc_train_part_01/dfdc_train_part_1/eqslzbqfea.mp4,dfdc_train_part_1
dfdc_train_part_1_npdmxyudhi,train,fake,/workspace/data/raw/dfdc/dfdc_train_part_01/dfdc_train_part_1/npdmxyudhi.mp4,dfdc_train_part_1
dfdc_train_part_1_ycarzdbzwy,train,fake,/workspace/data/raw/dfdc/dfdc_train_part_01/dfdc_train_part_1/ycarzdbzwy.mp4,dfdc_train_part_1
dfdc_train_part_1_fcdwmtqhzb,train,fake,/workspace/data/raw/dfdc/dfdc_train_part_01/dfdc_train_part_1/fcdwmtqhzb.mp4,dfdc_train_part_1
dfdc_train_part_1_tlsdqbpcps,train,fake,/workspace/data/raw/dfdc/dfdc_train_part_01/dfdc_train_part_1/tlsdqbpcps.mp4,dfdc_train_part_1
dfdc_train_part_1_evblkrxmto,train,fake,/workspace/data/raw/dfdc/dfdc_train_part_01/dfdc_train_part_1/evblkrxmto.mp4,dfdc_train_part_1
dfdc_train_part_1_bnjpqypcmg,train,fake,/workspace/data/raw/dfdc/dfdc_train_part_01/dfdc_train_part_1/bnjpqypcmg.mp4,dfdc_train_part_1
dfdc_train_part_1_rwujfsipsz,train,fake,/workspace/data/raw/dfdc/dfdc_train_part_01/dfdc_train_part_1/rwujfsipsz.mp4,dfdc_train_part_1
dfdc_train_part_1_abxtkdjyru,train,fake,/workspace/data/raw/dfdc/dfdc_train_part_01/dfdc_train_part_1/abxtkdjyru.mp4,dfdc_train_part_1
dfdc_train_part_1_fjzficggmo,train,fake,/workspace/data/raw/dfdc/dfdc_train_part_01/dfdc_train_part_1/fjzficggmo.mp4,dfdc_train_part_1
dfdc_train_part_1_lrfxnkpxll,train,fake,/workspace/data/raw/dfdc/dfdc_train_part_01/dfdc_train_part_1/lrfxnkpxll.mp4,dfdc_train_part_1
dfdc_train_part_1_pllyvkmvqb,train,fake,/workspace/data/raw/dfdc/dfdc_train_part_01/dfdc_train_part_1/pllyvkmvqb.mp4,dfdc_train_part_1
dfdc_train_part_1_tnswdkhcgn,train,fake,/workspace/data/raw/dfdc/dfdc_train_part_01/dfdc_train_part_1/tnswdkhcgn.mp4,dfdc_train_part_1
dfdc_train_part_1_mimczjjwfq,train,fake,/workspace/data/raw/dfdc/dfdc_train_part_01/dfdc_train_part_1/mimczjjwfq.mp4,dfdc_train_part_1
dfdc_train_part_1_lfpzududjy,train,fake,/workspace/data/raw/dfdc/dfdc_train_part_01/dfdc_train_part_1/lfpzududjy.mp4,dfdc_train_part_1
dfdc_train_part_1_mmzvopqaen,train,fake,/workspace/data/raw/dfdc/dfdc_train_part_01/dfdc_train_part_1/mmzvopqaen.mp4,dfdc_train_part_1
dfdc_train_part_1_tfynrvmosp,train,fake,/workspace/data/raw/dfdc/dfdc_train_part_01/dfdc_train_part_1/tfynrvmosp.mp4,dfdc_train_part_1
dfdc_train_part_1_iyqoewtjvb,train,fake,/workspace/data/raw/dfdc/dfdc_train_part_01/dfdc_train_part_1/iyqoewtjvb.mp4,dfdc_train_part_1
dfdc_train_part_1_fqxionszxk,train,fake,/workspace/data/raw/dfdc/dfdc_train_part_01/dfdc_train_part_1/fqxionszxk.mp4,dfdc_train_part_1
dfdc_train_part_1_kwmguhpgyo,train,fake,/workspace/data/raw/dfdc/dfdc_train_part_01/dfdc_train_part_1/kwmguhpgyo.mp4,dfdc_train_part_1
dfdc_train_part_1_nmzzzlgayc,train,fake,/workspace/data/raw/dfdc/dfdc_train_part_01/dfdc_train_part_1/nmzzzlgayc.mp4,dfdc_train_part_1
dfdc_train_part_1_wjkcknpamc,train,fake,/workspace/data/raw/dfdc/dfdc_train_part_01/dfdc_train_part_1/wjkcknpamc.mp4,dfdc_train_part_1
dfdc_train_part_1_hhickstlnn,train,fake,/workspace/data/raw/dfdc/dfdc_train_part_01/dfdc_train_part_1/hhickstlnn.mp4,dfdc_train_part_1
dfdc_train_part_1_iosnfmelus,train,fake,/workspace/data/raw/dfdc/dfdc_train_part_01/dfdc_train_part_1/iosnfmelus.mp4,dfdc_train_part_1
dfdc_train_part_1_knhmlrxtxi,train,fake,/workspace/data/raw/dfdc/dfdc_train_part_01/dfdc_train_part_1/knhmlrxtxi.mp4,dfdc_train_part_1
dfdc_train_part_1_kdribwofxg,train,fake,/workspace/data/raw/dfdc/dfdc_train_part_01/dfdc_train_part_1/kdribwofxg.mp4,dfdc_train_part_1
dfdc_train_part_1_xkicasophk,train,fake,/workspace/data/raw/dfdc/dfdc_train_part_01/dfdc_train_part_1/xkicasophk.mp4,dfdc_train_part_1
dfdc_train_part_1_vfkodimpir,train,fake,/workspace/data/raw/dfdc/dfdc_train_part_01/dfdc_train_part_1/vfkodimpir.mp4,dfdc_train_part_1
dfdc_train_part_1_oqwokxuygj,train,fake,/workspace/data/raw/dfdc/dfdc_train_part_01/dfdc_train_part_1/oqwokxuygj.mp4,dfdc_train_part_1
dfdc_train_part_1_xonsffcpsi,train,fake,/workspace/data/raw/dfdc/dfdc_train_part_01/dfdc_train_part_1/xonsffcpsi.mp4,dfdc_train_part_1
dfdc_train_part_1_flzgswyggs,train,fake,/workspace/data/raw/dfdc/dfdc_train_part_01/dfdc_train_part_1/flzgswyggs.mp4,dfdc_train_part_1
dfdc_train_part_1_usicnmwdll,train,fake,/workspace/data/raw/dfdc/dfdc_train_part_01/dfdc_train_part_1/usicnmwdll.mp4,dfdc_train_part_1
dfdc_train_part_1_uufofdpfds,train,fake,/workspace/data/raw/dfdc/dfdc_train_part_01/dfdc_train_part_1/uufofdpfds.mp4,dfdc_train_part_1
dfdc_train_part_1_spkkvmcbmy,train,fake,/workspace/data/raw/dfdc/dfdc_train_part_01/dfdc_train_part_1/spkkvmcbmy.mp4,dfdc_train_part_1
dfdc_train_part_1_ogxilhjehh,train,fake,/workspace/data/raw/dfdc/dfdc_train_part_01/dfdc_train_part_1/ogxilhjehh.mp4,dfdc_train_part_1
dfdc_train_part_1_qzwvioovie,train,fake,/workspace/data/raw/dfdc/dfdc_train_part_01/dfdc_train_part_1/qzwvioovie.mp4,dfdc_train_part_1
dfdc_train_part_1_aqrsylrzgi,train,fake,/workspace/data/raw/dfdc/dfdc_train_part_01/dfdc_train_part_1/aqrsylrzgi.mp4,dfdc_train_part_1
dfdc_train_part_1_gkfnbyclxy,train,fake,/workspace/data/raw/dfdc/dfdc_train_part_01/dfdc_train_part_1/gkfnbyclxy.mp4,dfdc_train_part_1
dfdc_train_part_1_bgwmechesv,train,fake,/workspace/data/raw/dfdc/dfdc_train_part_01/dfdc_train_part_1/bgwmechesv.mp4,dfdc_train_part_1
dfdc_train_part_1_jelpmzcvzz,train,fake,/workspace/data/raw/dfdc/dfdc_train_part_01/dfdc_train_part_1/jelpmzcvzz.mp4,dfdc_train_part_1
dfdc_train_part_1_mrffobxmkd,train,fake,/workspace/data/raw/dfdc/dfdc_train_part_01/dfdc_train_part_1/mrffobxmkd.mp4,dfdc_train_part_1
dfdc_train_part_1_ckwdmymgfn,train,fake,/workspace/data/raw/dfdc/dfdc_train_part_01/dfdc_train_part_1/ckwdmymgfn.mp4,dfdc_train_part_1
dfdc_train_part_1_hprstleikc,train,fake,/workspace/data/raw/dfdc/dfdc_train_part_01/dfdc_train_part_1/hprstleikc.mp4,dfdc_train_part_1
dfdc_train_part_1_skrwnpzxfz,train,fake,/workspace/data/raw/dfdc/dfdc_train_part_01/dfdc_train_part_1/skrwnpzxfz.mp4,dfdc_train_part_1
dfdc_train_part_1_zbcyshikxh,train,fake,/workspace/data/raw/dfdc/dfdc_train_part_01/dfdc_train_part_1/zbcyshikxh.mp4,dfdc_train_part_1
dfdc_train_part_1_jxmpyjkxoc,train,fake,/workspace/data/raw/dfdc/dfdc_train_part_01/dfdc_train_part_1/jxmpyjkxoc.mp4,dfdc_train_part_1
dfdc_train_part_1_hvwvmzjplp,train,fake,/workspace/data/raw/dfdc/dfdc_train_part_01/dfdc_train_part_1/hvwvmzjplp.mp4,dfdc_train_part_1
dfdc_train_part_1_sktpeppbkc,train,fake,/workspace/data/raw/dfdc/dfdc_train_part_01/dfdc_train_part_1/sktpeppbkc.mp4,dfdc_train_part_1
dfdc_train_part_1_nvpwvgyuwp,train,fake,/workspace/data/raw/dfdc/dfdc_train_part_01/dfdc_train_part_1/nvpwvgyuwp.mp4,dfdc_train_part_1
dfdc_train_part_1_nxgzmgzkfv,train,fake,/workspace/data/raw/dfdc/dfdc_train_part_01/dfdc_train_part_1/nxgzmgzkfv.mp4,dfdc_train_part_1
dfdc_train_part_1_fdadpyzrgm,train,fake,/workspace/data/raw/dfdc/dfdc_train_part_01/dfdc_train_part_1/fdadpyzrgm.mp4,dfdc_train_part_1
dfdc_train_part_1_yoydrpxsyf,train,fake,/workspace/data/raw/dfdc/dfdc_train_part_01/dfdc_train_part_1/yoydrpxsyf.mp4,dfdc_train_part_1
dfdc_train_part_1_siscvnluzl,train,fake,/workspace/data/raw/dfdc/dfdc_train_part_01/dfdc_train_part_1/siscvnluzl.mp4,dfdc_train_part_1
dfdc_train_part_1_vtxirhynyc,train,fake,/workspace/data/raw/dfdc/dfdc_train_part_01/dfdc_train_part_1/vtxirhynyc.mp4,dfdc_train_part_1
dfdc_train_part_1_kvsndnymhm,train,real,/workspace/data/raw/dfdc/dfdc_train_part_01/dfdc_train_part_1/kvsndnymhm.mp4,dfdc_train_part_1
dfdc_train_part_1_mvuxczjfkt,train,fake,/workspace/data/raw/dfdc/dfdc_train_part_01/dfdc_train_part_1/mvuxczjfkt.mp4,dfdc_train_part_1
dfdc_train_part_1_rreuzqlync,train,fake,/workspace/data/raw/dfdc/dfdc_train_part_01/dfdc_train_part_1/rreuzqlync.mp4,dfdc_train_part_1
dfdc_train_part_1_xsswirhdze,train,fake,/workspace/data/raw/dfdc/dfdc_train_part_01/dfdc_train_part_1/xsswirhdze.mp4,dfdc_train_part_1
dfdc_train_part_1_wbjevjayir,train,fake,/workspace/data/raw/dfdc/dfdc_train_part_01/dfdc_train_part_1/wbjevjayir.mp4,dfdc_train_part_1
dfdc_train_part_1_dgdhzkpvra,train,fake,/workspace/data/raw/dfdc/dfdc_train_part_01/dfdc_train_part_1/dgdhzkpvra.mp4,dfdc_train_part_1
dfdc_train_part_1_efmsxlltcc,train,fake,/workspace/data/raw/dfdc/dfdc_train_part_01/dfdc_train_part_1/efmsxlltcc.mp4,dfdc_train_part_1
dfdc_train_part_1_dgubmmyddl,train,fake,/workspace/data/raw/dfdc/dfdc_train_part_01/dfdc_train_part_1/dgubmmyddl.mp4,dfdc_train_part_1
dfdc_train_part_1_lyoslorecs,train,fake,/workspace/data/raw/dfdc/dfdc_train_part_01/dfdc_train_part_1/lyoslorecs.mp4,dfdc_train_part_1
dfdc_train_part_1_zcmainbdah,train,fake,/workspace/data/raw/dfdc/dfdc_train_part_01/dfdc_train_part_1/zcmainbdah.mp4,dfdc_train_part_1
dfdc_train_part_1_krpcvryehy,train,fake,/workspace/data/raw/dfdc/dfdc_train_part_01/dfdc_train_part_1/krpcvryehy.mp4,dfdc_train_part_1
dfdc_train_part_1_ftggcbqwpw,train,fake,/workspace/data/raw/dfdc/dfdc_train_part_01/dfdc_train_part_1/ftggcbqwpw.mp4,dfdc_train_part_1
dfdc_train_part_1_ktcjlrxium,train,fake,/workspace/data/raw/dfdc/dfdc_train_part_01/dfdc_train_part_1/ktcjlrxium.mp4,dfdc_train_part_1
dfdc_train_part_1_wxwerbwbzg,train,fake,/workspace/data/raw/dfdc/dfdc_train_part_01/dfdc_train_part_1/wxwerbwbzg.mp4,dfdc_train_part_1
dfdc_train_part_1_uzurdcundg,train,fake,/workspace/data/raw/dfdc/dfdc_train_part_01/dfdc_train_part_1/uzurdcundg.mp4,dfdc_train_part_1
dfdc_train_part_1_lyukjvgwoa,train,real,/workspace/data/raw/dfdc/dfdc_train_part_01/dfdc_train_part_1/lyukjvgwoa.mp4,dfdc_train_part_1
dfdc_train_part_1_asnpsowhyj,train,fake,/workspace/data/raw/dfdc/dfdc_train_part_01/dfdc_train_part_1/asnpsowhyj.mp4,dfdc_train_part_1
dfdc_train_part_1_tcsddvsewk,train,real,/workspace/data/raw/dfdc/dfdc_train_part_01/dfdc_train_part_1/tcsddvsewk.mp4,dfdc_train_part_1
dfdc_train_part_1_fykblvrxon,train,fake,/workspace/data/raw/dfdc/dfdc_train_part_01/dfdc_train_part_1/fykblvrxon.mp4,dfdc_train_part_1
dfdc_train_part_1_jsvqjkmpzu,train,fake,/workspace/data/raw/dfdc/dfdc_train_part_01/dfdc_train_part_1/jsvqjkmpzu.mp4,dfdc_train_part_1
dfdc_train_part_1_ypzjptvwvm,train,fake,/workspace/data/raw/dfdc/dfdc_train_part_01/dfdc_train_part_1/ypzjptvwvm.mp4,dfdc_train_part_1
dfdc_train_part_1_ztureywpki,train,fake,/workspace/data/raw/dfdc/dfdc_train_part_01/dfdc_train_part_1/ztureywpki.mp4,dfdc_train_part_1
dfdc_train_part_1_nxdubandjx,train,fake,/workspace/data/raw/dfdc/dfdc_train_part_01/dfdc_train_part_1/nxdubandjx.mp4,dfdc_train_part_1
dfdc_train_part_1_yitsrqeiih,train,fake,/workspace/data/raw/dfdc/dfdc_train_part_01/dfdc_train_part_1/yitsrqeiih.mp4,dfdc_train_part_1
dfdc_train_part_1_pqxxlxcbah,train,fake,/workspace/data/raw/dfdc/dfdc_train_part_01/dfdc_train_part_1/pqxxlxcbah.mp4,dfdc_train_part_1
dfdc_train_part_1_tbshfichoo,train,fake,/workspace/data/raw/dfdc/dfdc_train_part_01/dfdc_train_part_1/tbshfichoo.mp4,dfdc_train_part_1
dfdc_train_part_1_bsbyvsgodg,train,fake,/workspace/data/raw/dfdc/dfdc_train_part_01/dfdc_train_part_1/bsbyvsgodg.mp4,dfdc_train_part_1
dfdc_train_part_1_uajjhgjkbr,train,fake,/workspace/data/raw/dfdc/dfdc_train_part_01/dfdc_train_part_1/uajjhgjkbr.mp4,dfdc_train_part_1
dfdc_train_part_1_kkxtcywtrn,train,fake,/workspace/data/raw/dfdc/dfdc_train_part_01/dfdc_train_part_1/kkxtcywtrn.mp4,dfdc_train_part_1
dfdc_train_part_1_gzbagbdubm,train,real,/workspace/data/raw/dfdc/dfdc_train_part_01/dfdc_train_part_1/gzbagbdubm.mp4,dfdc_train_part_1
dfdc_train_part_1_lbbxqmjeby,train,fake,/workspace/data/raw/dfdc/dfdc_train_part_01/dfdc_train_part_1/lbbxqmjeby.mp4,dfdc_train_part_1
dfdc_train_part_1_isnqmehvoo,train,fake,/workspace/data/raw/dfdc/dfdc_train_part_01/dfdc_train_part_1/isnqmehvoo.mp4,dfdc_train_part_1
dfdc_train_part_1_prcobqjqfa,train,fake,/workspace/data/raw/dfdc/dfdc_train_part_01/dfdc_train_part_1/prcobqjqfa.mp4,dfdc_train_part_1
dfdc_train_part_1_nwbunqzyzi,train,fake,/workspace/data/raw/dfdc/dfdc_train_part_01/dfdc_train_part_1/nwbunqzyzi.mp4,dfdc_train_part_1
dfdc_train_part_1_bvpeerislp,train,real,/workspace/data/raw/dfdc/dfdc_train_part_01/dfdc_train_part_1/bvpeerislp.mp4,dfdc_train_part_1
dfdc_train_part_1_qlqhjcshpk,train,fake,/workspace/data/raw/dfdc/dfdc_train_part_01/dfdc_train_part_1/qlqhjcshpk.mp4,dfdc_train_part_1
dfdc_train_part_1_ozmsrekfwq,train,fake,/workspace/data/raw/dfdc/dfdc_train_part_01/dfdc_train_part_1/ozmsrekfwq.mp4,dfdc_train_part_1
dfdc_train_part_1_ygfvlbcojf,train,fake,/workspace/data/raw/dfdc/dfdc_train_part_01/dfdc_train_part_1/ygfvlbcojf.mp4,dfdc_train_part_1
dfdc_train_part_1_ylzzdvlkuj,train,fake,/workspace/data/raw/dfdc/dfdc_train_part_01/dfdc_train_part_1/ylzzdvlkuj.mp4,dfdc_train_part_1
dfdc_train_part_1_awnhnhbbxm,train,fake,/workspace/data/raw/dfdc/dfdc_train_part_01/dfdc_train_part_1/awnhnhbbxm.mp4,dfdc_train_part_1
dfdc_train_part_1_jdskdykrct,train,fake,/workspace/data/raw/dfdc/dfdc_train_part_01/dfdc_train_part_1/jdskdykrct.mp4,dfdc_train_part_1
dfdc_train_part_1_izruqmbare,train,fake,/workspace/data/raw/dfdc/dfdc_train_part_01/dfdc_train_part_1/izruqmbare.mp4,dfdc_train_part_1
dfdc_train_part_1_sxfppsverr,train,fake,/workspace/data/raw/dfdc/dfdc_train_part_01/dfdc_train_part_1/sxfppsverr.mp4,dfdc_train_part_1
dfdc_train_part_1_bgyaqospgo,train,fake,/workspace/data/raw/dfdc/dfdc_train_part_01/dfdc_train_part_1/bgyaqospgo.mp4,dfdc_train_part_1
dfdc_train_part_1_wemyjszqwx,train,fake,/workspace/data/raw/dfdc/dfdc_train_part_01/dfdc_train_part_1/wemyjszqwx.mp4,dfdc_train_part_1
dfdc_train_part_1_tufvqtakge,train,fake,/workspace/data/raw/dfdc/dfdc_train_part_01/dfdc_train_part_1/tufvqtakge.mp4,dfdc_train_part_1
dfdc_train_part_1_dfujkgpzvc,train,fake,/workspace/data/raw/dfdc/dfdc_train_part_01/dfdc_train_part_1/dfujkgpzvc.mp4,dfdc_train_part_1
dfdc_train_part_1_wxnzbrcoow,train,fake,/workspace/data/raw/dfdc/dfdc_train_part_01/dfdc_train_part_1/wxnzbrcoow.mp4,dfdc_train_part_1
dfdc_train_part_1_scvhikwhdn,train,fake,/workspace/data/raw/dfdc/dfdc_train_part_01/dfdc_train_part_1/scvhikwhdn.mp4,dfdc_train_part_1
dfdc_train_part_1_hzjffznowa,train,fake,/workspace/data/raw/dfdc/dfdc_train_part_01/dfdc_train_part_1/hzjffznowa.mp4,dfdc_train_part_1
dfdc_train_part_1_nxoaeefhqb,train,fake,/workspace/data/raw/dfdc/dfdc_train_part_01/dfdc_train_part_1/nxoaeefhqb.mp4,dfdc_train_part_1
dfdc_train_part_1_gnoqqplafe,train,fake,/workspace/data/raw/dfdc/dfdc_train_part_01/dfdc_train_part_1/gnoqqplafe.mp4,dfdc_train_part_1
dfdc_train_part_1_avhnnjtuqw,train,fake,/workspace/data/raw/dfdc/dfdc_train_part_01/dfdc_train_part_1/avhnnjtuqw.mp4,dfdc_train_part_1
dfdc_train_part_1_usjqdvsbdh,train,fake,/workspace/data/raw/dfdc/dfdc_train_part_01/dfdc_train_part_1/usjqdvsbdh.mp4,dfdc_train_part_1
dfdc_train_part_1_pbhhuushkx,train,fake,/workspace/data/raw/dfdc/dfdc_train_part_01/dfdc_train_part_1/pbhhuushkx.mp4,dfdc_train_part_1
dfdc_train_part_1_bkwqojntbf,train,fake,/workspace/data/raw/dfdc/dfdc_train_part_01/dfdc_train_part_1/bkwqojntbf.mp4,dfdc_train_part_1
dfdc_train_part_1_kpsxbmwfyv,train,fake,/workspace/data/raw/dfdc/dfdc_train_part_01/dfdc_train_part_1/kpsxbmwfyv.mp4,dfdc_train_part_1
dfdc_train_part_1_mtnzllsqcw,train,fake,/workspace/data/raw/dfdc/dfdc_train_part_01/dfdc_train_part_1/mtnzllsqcw.mp4,dfdc_train_part_1
dfdc_train_part_1_feaqorbkar,train,fake,/workspace/data/raw/dfdc/dfdc_train_part_01/dfdc_train_part_1/feaqorbkar.mp4,dfdc_train_part_1
dfdc_train_part_1_xzrigfliat,train,fake,/workspace/data/raw/dfdc/dfdc_train_part_01/dfdc_train_part_1/xzrigfliat.mp4,dfdc_train_part_1
dfdc_train_part_1_vsmlvzpknv,train,fake,/workspace/data/raw/dfdc/dfdc_train_part_01/dfdc_train_part_1/vsmlvzpknv.mp4,dfdc_train_part_1
dfdc_train_part_1_ymddrgrdyg,train,fake,/workspace/data/raw/dfdc/dfdc_train_part_01/dfdc_train_part_1/ymddrgrdyg.mp4,dfdc_train_part_1
dfdc_train_part_1_scfuttedcw,train,fake,/workspace/data/raw/dfdc/dfdc_train_part_01/dfdc_train_part_1/scfuttedcw.mp4,dfdc_train_part_1
dfdc_train_part_1_idwazgztax,train,fake,/workspace/data/raw/dfdc/dfdc_train_part_01/dfdc_train_part_1/idwazgztax.mp4,dfdc_train_part_1
dfdc_train_part_1_qttlpfctqh,train,fake,/workspace/data/raw/dfdc/dfdc_train_part_01/dfdc_train_part_1/qttlpfctqh.mp4,dfdc_train_part_1
dfdc_train_part_1_otukzgomdw,train,fake,/workspace/data/raw/dfdc/dfdc_train_part_01/dfdc_train_part_1/otukzgomdw.mp4,dfdc_train_part_1
dfdc_train_part_1_ryeqvtkqdh,train,fake,/workspace/data/raw/dfdc/dfdc_train_part_01/dfdc_train_part_1/ryeqvtkqdh.mp4,dfdc_train_part_1
dfdc_train_part_1_cyedbeujok,train,fake,/workspace/data/raw/dfdc/dfdc_train_part_01/dfdc_train_part_1/cyedbeujok.mp4,dfdc_train_part_1
dfdc_train_part_1_pdzadxxidz,train,fake,/workspace/data/raw/dfdc/dfdc_train_part_01/dfdc_train_part_1/pdzadxxidz.mp4,dfdc_train_part_1
dfdc_train_part_1_dfkeosenua,train,fake,/workspace/data/raw/dfdc/dfdc_train_part_01/dfdc_train_part_1/dfkeosenua.mp4,dfdc_train_part_1
dfdc_train_part_1_qxbkmqeerz,train,fake,/workspace/data/raw/dfdc/dfdc_train_part_01/dfdc_train_part_1/qxbkmqeerz.mp4,dfdc_train_part_1
dfdc_train_part_1_tfbjbnmyxo,train,fake,/workspace/data/raw/dfdc/dfdc_train_part_01/dfdc_train_part_1/tfbjbnmyxo.mp4,dfdc_train_part_1
dfdc_train_part_1_uylukcctgv,train,fake,/workspace/data/raw/dfdc/dfdc_train_part_01/dfdc_train_part_1/uylukcctgv.mp4,dfdc_train_part_1
dfdc_train_part_1_ecumyiowzs,train,fake,/workspace/data/raw/dfdc/dfdc_train_part_01/dfdc_train_part_1/ecumyiowzs.mp4,dfdc_train_part_1
dfdc_train_part_1_qkbywibxqf,train,fake,/workspace/data/raw/dfdc/dfdc_train_part_01/dfdc_train_part_1/qkbywibxqf.mp4,dfdc_train_part_1
dfdc_train_part_1_xgelqxcxdy,train,fake,/workspace/data/raw/dfdc/dfdc_train_part_01/dfdc_train_part_1/xgelqxcxdy.mp4,dfdc_train_part_1
dfdc_train_part_1_zexeesiazc,train,fake,/workspace/data/raw/dfdc/dfdc_train_part_01/dfdc_train_part_1/zexeesiazc.mp4,dfdc_train_part_1
dfdc_train_part_1_nlbbatlhwh,train,fake,/workspace/data/raw/dfdc/dfdc_train_part_01/dfdc_train_part_1/nlbbatlhwh.mp4,dfdc_train_part_1
dfdc_train_part_1_hbaejewdii,train,fake,/workspace/data/raw/dfdc/dfdc_train_part_01/dfdc_train_part_1/hbaejewdii.mp4,dfdc_train_part_1
dfdc_train_part_1_zoakkadtmb,train,fake,/workspace/data/raw/dfdc/dfdc_train_part_01/dfdc_train_part_1/zoakkadtmb.mp4,dfdc_train_part_1
dfdc_train_part_1_uphfxcrpxf,train,fake,/workspace/data/raw/dfdc/dfdc_train_part_01/dfdc_train_part_1/uphfxcrpxf.mp4,dfdc_train_part_1
dfdc_train_part_1_anklylpjpm,train,fake,/workspace/data/raw/dfdc/dfdc_train_part_01/dfdc_train_part_1/anklylpjpm.mp4,dfdc_train_part_1
dfdc_train_part_1_fnxgqcvlsd,train,fake,/workspace/data/raw/dfdc/dfdc_train_part_01/dfdc_train_part_1/fnxgqcvlsd.mp4,dfdc_train_part_1
dfdc_train_part_1_kehxabezoe,train,fake,/workspace/data/raw/dfdc/dfdc_train_part_01/dfdc_train_part_1/kehxabezoe.mp4,dfdc_train_part_1
dfdc_train_part_1_dakrqpseiv,train,fake,/workspace/data/raw/dfdc/dfdc_train_part_01/dfdc_train_part_1/dakrqpseiv.mp4,dfdc_train_part_1
dfdc_train_part_1_toslvivusc,train,fake,/workspace/data/raw/dfdc/dfdc_train_part_01/dfdc_train_part_1/toslvivusc.mp4,dfdc_train_part_1
dfdc_train_part_1_hjelxxaavf,train,fake,/workspace/data/raw/dfdc/dfdc_train_part_01/dfdc_train_part_1/hjelxxaavf.mp4,dfdc_train_part_1
dfdc_train_part_1_idaqwmmsnm,train,fake,/workspace/data/raw/dfdc/dfdc_train_part_01/dfdc_train_part_1/idaqwmmsnm.mp4,dfdc_train_part_1
dfdc_train_part_1_flzzatdnub,train,fake,/workspace/data/raw/dfdc/dfdc_train_part_01/dfdc_train_part_1/flzzatdnub.mp4,dfdc_train_part_1
dfdc_train_part_1_lgvgzncyfy,train,fake,/workspace/data/raw/dfdc/dfdc_train_part_01/dfdc_train_part_1/lgvgzncyfy.mp4,dfdc_train_part_1
dfdc_train_part_1_trhqrdommy,train,fake,/workspace/data/raw/dfdc/dfdc_train_part_01/dfdc_train_part_1/trhqrdommy.mp4,dfdc_train_part_1
dfdc_train_part_1_wybzffkwcc,train,fake,/workspace/data/raw/dfdc/dfdc_train_part_01/dfdc_train_part_1/wybzffkwcc.mp4,dfdc_train_part_1
dfdc_train_part_1_wofpgleeuf,train,fake,/workspace/data/raw/dfdc/dfdc_train_part_01/dfdc_train_part_1/wofpgleeuf.mp4,dfdc_train_part_1
dfdc_train_part_1_wwmkrcogpg,train,fake,/workspace/data/raw/dfdc/dfdc_train_part_01/dfdc_train_part_1/wwmkrcogpg.mp4,dfdc_train_part_1
dfdc_train_part_1_joxrxwqzec,train,fake,/workspace/data/raw/dfdc/dfdc_train_part_01/dfdc_train_part_1/joxrxwqzec.mp4,dfdc_train_part_1
dfdc_train_part_1_nzbgohmaja,train,real,/workspace/data/raw/dfdc/dfdc_train_part_01/dfdc_train_part_1/nzbgohmaja.mp4,dfdc_train_part_1
dfdc_train_part_1_jrrbiltviz,train,fake,/workspace/data/raw/dfdc/dfdc_train_part_01/dfdc_train_part_1/jrrbiltviz.mp4,dfdc_train_part_1
dfdc_train_part_1_khzrkumnfv,train,fake,/workspace/data/raw/dfdc/dfdc_train_part_01/dfdc_train_part_1/khzrkumnfv.mp4,dfdc_train_part_1
dfdc_train_part_1_zdkyyawcwe,train,fake,/workspace/data/raw/dfdc/dfdc_train_part_01/dfdc_train_part_1/zdkyyawcwe.mp4,dfdc_train_part_1
dfdc_train_part_1_mrbsjtsbnl,train,fake,/workspace/data/raw/dfdc/dfdc_train_part_01/dfdc_train_part_1/mrbsjtsbnl.mp4,dfdc_train_part_1
dfdc_train_part_1_uzuszkqnch,train,fake,/workspace/data/raw/dfdc/dfdc_train_part_01/dfdc_train_part_1/uzuszkqnch.mp4,dfdc_train_part_1
dfdc_train_part_1_enrrlpgbeg,train,fake,/workspace/data/raw/dfdc/dfdc_train_part_01/dfdc_train_part_1/enrrlpgbeg.mp4,dfdc_train_part_1
dfdc_train_part_1_eeendmhkkm,train,fake,/workspace/data/raw/dfdc/dfdc_train_part_01/dfdc_train_part_1/eeendmhkkm.mp4,dfdc_train_part_1
dfdc_train_part_1_tlwtvonqvn,train,fake,/workspace/data/raw/dfdc/dfdc_train_part_01/dfdc_train_part_1/tlwtvonqvn.mp4,dfdc_train_part_1
dfdc_train_part_1_fzoszfqzfp,train,fake,/workspace/data/raw/dfdc/dfdc_train_part_01/dfdc_train_part_1/fzoszfqzfp.mp4,dfdc_train_part_1
dfdc_train_part_1_cwjkdlzrvb,train,fake,/workspace/data/raw/dfdc/dfdc_train_part_01/dfdc_train_part_1/cwjkdlzrvb.mp4,dfdc_train_part_1
dfdc_train_part_1_pappnptcnm,train,fake,/workspace/data/raw/dfdc/dfdc_train_part_01/dfdc_train_part_1/pappnptcnm.mp4,dfdc_train_part_1
dfdc_train_part_1_bhfxttitcb,train,fake,/workspace/data/raw/dfdc/dfdc_train_part_01/dfdc_train_part_1/bhfxttitcb.mp4,dfdc_train_part_1
dfdc_train_part_1_cnbgfhcdkl,train,fake,/workspace/data/raw/dfdc/dfdc_train_part_01/dfdc_train_part_1/cnbgfhcdkl.mp4,dfdc_train_part_1
dfdc_train_part_1_uoppnewhyk,train,fake,/workspace/data/raw/dfdc/dfdc_train_part_01/dfdc_train_part_1/uoppnewhyk.mp4,dfdc_train_part_1
dfdc_train_part_1_oitpfxwgiz,train,fake,/workspace/data/raw/dfdc/dfdc_train_part_01/dfdc_train_part_1/oitpfxwgiz.mp4,dfdc_train_part_1
dfdc_train_part_1_fbnnthkegg,train,fake,/workspace/data/raw/dfdc/dfdc_train_part_01/dfdc_train_part_1/fbnnthkegg.mp4,dfdc_train_part_1
dfdc_train_part_1_bewbohouqa,train,fake,/workspace/data/raw/dfdc/dfdc_train_part_01/dfdc_train_part_1/bewbohouqa.mp4,dfdc_train_part_1
dfdc_train_part_1_khpipxnsvx,train,fake,/workspace/data/raw/dfdc/dfdc_train_part_01/dfdc_train_part_1/khpipxnsvx.mp4,dfdc_train_part_1
dfdc_train_part_1_jcqvkaalyg,train,fake,/workspace/data/raw/dfdc/dfdc_train_part_01/dfdc_train_part_1/jcqvkaalyg.mp4,dfdc_train_part_1
dfdc_train_part_1_ywauoonmlr,train,real,/workspace/data/raw/dfdc/dfdc_train_part_01/dfdc_train_part_1/ywauoonmlr.mp4,dfdc_train_part_1
dfdc_train_part_1_vqjhgvkqcz,train,fake,/workspace/data/raw/dfdc/dfdc_train_part_01/dfdc_train_part_1/vqjhgvkqcz.mp4,dfdc_train_part_1
dfdc_train_part_1_lzuoywtots,train,fake,/workspace/data/raw/dfdc/dfdc_train_part_01/dfdc_train_part_1/lzuoywtots.mp4,dfdc_train_part_1
dfdc_train_part_1_rehfblwbgf,train,fake,/workspace/data/raw/dfdc/dfdc_train_part_01/dfdc_train_part_1/rehfblwbgf.mp4,dfdc_train_part_1
dfdc_train_part_1_jsrmwevsmp,train,fake,/workspace/data/raw/dfdc/dfdc_train_part_01/dfdc_train_part_1/jsrmwevsmp.mp4,dfdc_train_part_1
dfdc_train_part_1_eqbyeipxqh,train,fake,/workspace/data/raw/dfdc/dfdc_train_part_01/dfdc_train_part_1/eqbyeipxqh.mp4,dfdc_train_part_1
dfdc_train_part_1_korpsbxqcv,train,fake,/workspace/data/raw/dfdc/dfdc_train_part_01/dfdc_train_part_1/korpsbxqcv.mp4,dfdc_train_part_1
dfdc_train_part_1_znafprdfbj,train,fake,/workspace/data/raw/dfdc/dfdc_train_part_01/dfdc_train_part_1/znafprdfbj.mp4,dfdc_train_part_1
dfdc_train_part_1_ccaequtltd,train,fake,/workspace/data/raw/dfdc/dfdc_train_part_01/dfdc_train_part_1/ccaequtltd.mp4,dfdc_train_part_1
dfdc_train_part_1_qbaqcltmfw,train,fake,/workspace/data/raw/dfdc/dfdc_train_part_01/dfdc_train_part_1/qbaqcltmfw.mp4,dfdc_train_part_1
dfdc_train_part_1_euictoiuma,train,fake,/workspace/data/raw/dfdc/dfdc_train_part_01/dfdc_train_part_1/euictoiuma.mp4,dfdc_train_part_1
dfdc_train_part_1_wrsxxqkvay,train,fake,/workspace/data/raw/dfdc/dfdc_train_part_01/dfdc_train_part_1/wrsxxqkvay.mp4,dfdc_train_part_1
dfdc_train_part_1_eiixwxgauo,train,fake,/workspace/data/raw/dfdc/dfdc_train_part_01/dfdc_train_part_1/eiixwxgauo.mp4,dfdc_train_part_1
dfdc_train_part_1_hmjhzrwjcn,train,fake,/workspace/data/raw/dfdc/dfdc_train_part_01/dfdc_train_part_1/hmjhzrwjcn.mp4,dfdc_train_part_1
dfdc_train_part_1_ywwotglcco,train,fake,/workspace/data/raw/dfdc/dfdc_train_part_01/dfdc_train_part_1/ywwotglcco.mp4,dfdc_train_part_1
dfdc_train_part_1_sqjkpdoavb,train,fake,/workspace/data/raw/dfdc/dfdc_train_part_01/dfdc_train_part_1/sqjkpdoavb.mp4,dfdc_train_part_1
dfdc_train_part_1_tqfbjandmm,train,fake,/workspace/data/raw/dfdc/dfdc_train_part_01/dfdc_train_part_1/tqfbjandmm.mp4,dfdc_train_part_1
dfdc_train_part_1_klhpomwpzs,train,fake,/workspace/data/raw/dfdc/dfdc_train_part_01/dfdc_train_part_1/klhpomwpzs.mp4,dfdc_train_part_1
dfdc_train_part_1_ewregmzonc,train,fake,/workspace/data/raw/dfdc/dfdc_train_part_01/dfdc_train_part_1/ewregmzonc.mp4,dfdc_train_part_1
dfdc_train_part_1_wcyhcwiwxj,train,fake,/workspace/data/raw/dfdc/dfdc_train_part_01/dfdc_train_part_1/wcyhcwiwxj.mp4,dfdc_train_part_1
dfdc_train_part_1_oiqafijewi,train,fake,/workspace/data/raw/dfdc/dfdc_train_part_01/dfdc_train_part_1/oiqafijewi.mp4,dfdc_train_part_1
dfdc_train_part_1_defxubrwdp,train,fake,/workspace/data/raw/dfdc/dfdc_train_part_01/dfdc_train_part_1/defxubrwdp.mp4,dfdc_train_part_1
dfdc_train_part_1_vlrimhfcmb,train,fake,/workspace/data/raw/dfdc/dfdc_train_part_01/dfdc_train_part_1/vlrimhfcmb.mp4,dfdc_train_part_1
dfdc_train_part_1_hkqopvybph,train,fake,/workspace/data/raw/dfdc/dfdc_train_part_01/dfdc_train_part_1/hkqopvybph.mp4,dfdc_train_part_1
dfdc_train_part_1_eoiivyirku,train,fake,/workspace/data/raw/dfdc/dfdc_train_part_01/dfdc_train_part_1/eoiivyirku.mp4,dfdc_train_part_1
dfdc_train_part_1_nikynwcvuh,train,fake,/workspace/data/raw/dfdc/dfdc_train_part_01/dfdc_train_part_1/nikynwcvuh.mp4,dfdc_train_part_1
dfdc_train_part_1_lmysqmrute,train,fake,/workspace/data/raw/dfdc/dfdc_train_part_01/dfdc_train_part_1/lmysqmrute.mp4,dfdc_train_part_1
dfdc_train_part_1_sbhqmwexhj,train,fake,/workspace/data/raw/dfdc/dfdc_train_part_01/dfdc_train_part_1/sbhqmwexhj.mp4,dfdc_train_part_1
dfdc_train_part_1_sxtiprymmc,train,fake,/workspace/data/raw/dfdc/dfdc_train_part_01/dfdc_train_part_1/sxtiprymmc.mp4,dfdc_train_part_1
dfdc_train_part_1_ehuazwrzbn,train,fake,/workspace/data/raw/dfdc/dfdc_train_part_01/dfdc_train_part_1/ehuazwrzbn.mp4,dfdc_train_part_1
dfdc_train_part_1_thlidrchzq,train,fake,/workspace/data/raw/dfdc/dfdc_train_part_01/dfdc_train_part_1/thlidrchzq.mp4,dfdc_train_part_1
dfdc_train_part_1_xzgbdohfpe,train,fake,/workspace/data/raw/dfdc/dfdc_train_part_01/dfdc_train_part_1/xzgbdohfpe.mp4,dfdc_train_part_1
dfdc_train_part_1_hwanpwgjob,train,fake,/workspace/data/raw/dfdc/dfdc_train_part_01/dfdc_train_part_1/hwanpwgjob.mp4,dfdc_train_part_1
dfdc_train_part_1_luggvvjmuh,train,fake,/workspace/data/raw/dfdc/dfdc_train_part_01/dfdc_train_part_1/luggvvjmuh.mp4,dfdc_train_part_1
dfdc_train_part_1_sfsayjgzrh,train,real,/workspace/data/raw/dfdc/dfdc_train_part_01/dfdc_train_part_1/sfsayjgzrh.mp4,dfdc_train_part_1
dfdc_train_part_1_rubqttwchw,train,fake,/workspace/data/raw/dfdc/dfdc_train_part_01/dfdc_train_part_1/rubqttwchw.mp4,dfdc_train_part_1
dfdc_train_part_1_igpvrfjdzc,train,real,/workspace/data/raw/dfdc/dfdc_train_part_01/dfdc_train_part_1/igpvrfjdzc.mp4,dfdc_train_part_1
dfdc_train_part_1_yauwlfgbnc,train,fake,/workspace/data/raw/dfdc/dfdc_train_part_01/dfdc_train_part_1/yauwlfgbnc.mp4,dfdc_train_part_1
dfdc_train_part_1_aunqfjmfqp,train,fake,/workspace/data/raw/dfdc/dfdc_train_part_01/dfdc_train_part_1/aunqfjmfqp.mp4,dfdc_train_part_1
dfdc_train_part_1_lxsootkxqy,train,fake,/workspace/data/raw/dfdc/dfdc_train_part_01/dfdc_train_part_1/lxsootkxqy.mp4,dfdc_train_part_1
dfdc_train_part_1_qeqleurpmu,train,fake,/workspace/data/raw/dfdc/dfdc_train_part_01/dfdc_train_part_1/qeqleurpmu.mp4,dfdc_train_part_1
dfdc_train_part_1_kdnmdusclb,train,fake,/workspace/data/raw/dfdc/dfdc_train_part_01/dfdc_train_part_1/kdnmdusclb.mp4,dfdc_train_part_1
dfdc_train_part_1_mmtinwxzyh,train,fake,/workspace/data/raw/dfdc/dfdc_train_part_01/dfdc_train_part_1/mmtinwxzyh.mp4,dfdc_train_part_1
dfdc_train_part_1_kczovqojew,train,fake,/workspace/data/raw/dfdc/dfdc_train_part_01/dfdc_train_part_1/kczovqojew.mp4,dfdc_train_part_1
dfdc_train_part_1_snphlfsrmr,train,fake,/workspace/data/raw/dfdc/dfdc_train_part_01/dfdc_train_part_1/snphlfsrmr.mp4,dfdc_train_part_1
dfdc_train_part_1_waaeyecbto,train,fake,/workspace/data/raw/dfdc/dfdc_train_part_01/dfdc_train_part_1/waaeyecbto.mp4,dfdc_train_part_1
dfdc_train_part_1_gbzcutzxal,train,fake,/workspace/data/raw/dfdc/dfdc_train_part_01/dfdc_train_part_1/gbzcutzxal.mp4,dfdc_train_part_1
dfdc_train_part_1_fpbcmfberh,train,fake,/workspace/data/raw/dfdc/dfdc_train_part_01/dfdc_train_part_1/fpbcmfberh.mp4,dfdc_train_part_1
dfdc_train_part_1_rchagmtmny,train,fake,/workspace/data/raw/dfdc/dfdc_train_part_01/dfdc_train_part_1/rchagmtmny.mp4,dfdc_train_part_1
dfdc_train_part_1_yidrboessk,train,fake,/workspace/data/raw/dfdc/dfdc_train_part_01/dfdc_train_part_1/yidrboessk.mp4,dfdc_train_part_1
dfdc_train_part_1_kmzlyhldkp,train,fake,/workspace/data/raw/dfdc/dfdc_train_part_01/dfdc_train_part_1/kmzlyhldkp.mp4,dfdc_train_part_1
dfdc_train_part_1_qdgpigaalp,train,fake,/workspace/data/raw/dfdc/dfdc_train_part_01/dfdc_train_part_1/qdgpigaalp.mp4,dfdc_train_part_1
dfdc_train_part_1_cxenptrtzm,train,fake,/workspace/data/raw/dfdc/dfdc_train_part_01/dfdc_train_part_1/cxenptrtzm.mp4,dfdc_train_part_1
dfdc_train_part_1_qgqcngfzat,train,fake,/workspace/data/raw/dfdc/dfdc_train_part_01/dfdc_train_part_1/qgqcngfzat.mp4,dfdc_train_part_1
dfdc_train_part_1_iqjntoiidb,train,fake,/workspace/data/raw/dfdc/dfdc_train_part_01/dfdc_train_part_1/iqjntoiidb.mp4,dfdc_train_part_1
dfdc_train_part_1_klumuemvpu,train,fake,/workspace/data/raw/dfdc/dfdc_train_part_01/dfdc_train_part_1/klumuemvpu.mp4,dfdc_train_part_1
dfdc_train_part_1_scqcdvqiyq,train,real,/workspace/data/raw/dfdc/dfdc_train_part_01/dfdc_train_part_1/scqcdvqiyq.mp4,dfdc_train_part_1
dfdc_train_part_1_opymvojpuv,train,fake,/workspace/data/raw/dfdc/dfdc_train_part_01/dfdc_train_part_1/opymvojpuv.mp4,dfdc_train_part_1
dfdc_train_part_1_eojslldtza,train,fake,/workspace/data/raw/dfdc/dfdc_train_part_01/dfdc_train_part_1/eojslldtza.mp4,dfdc_train_part_1
dfdc_train_part_1_sxqfygniwk,train,fake,/workspace/data/raw/dfdc/dfdc_train_part_01/dfdc_train_part_1/sxqfygniwk.mp4,dfdc_train_part_1
dfdc_train_part_1_bpqrwvichd,train,fake,/workspace/data/raw/dfdc/dfdc_train_part_01/dfdc_train_part_1/bpqrwvichd.mp4,dfdc_train_part_1
dfdc_train_part_1_oumxssjnem,train,fake,/workspace/data/raw/dfdc/dfdc_train_part_01/dfdc_train_part_1/oumxssjnem.mp4,dfdc_train_part_1
dfdc_train_part_1_hzvhzagzls,train,fake,/workspace/data/raw/dfdc/dfdc_train_part_01/dfdc_train_part_1/hzvhzagzls.mp4,dfdc_train_part_1
dfdc_train_part_1_gknyztlxxl,train,fake,/workspace/data/raw/dfdc/dfdc_train_part_01/dfdc_train_part_1/gknyztlxxl.mp4,dfdc_train_part_1
dfdc_train_part_1_umruvgbthd,train,fake,/workspace/data/raw/dfdc/dfdc_train_part_01/dfdc_train_part_1/umruvgbthd.mp4,dfdc_train_part_1
dfdc_train_part_1_ekfiewirjs,train,fake,/workspace/data/raw/dfdc/dfdc_train_part_01/dfdc_train_part_1/ekfiewirjs.mp4,dfdc_train_part_1
dfdc_train_part_1_qzpwniycty,train,real,/workspace/data/raw/dfdc/dfdc_train_part_01/dfdc_train_part_1/qzpwniycty.mp4,dfdc_train_part_1
dfdc_train_part_1_jncnzarlsm,train,fake,/workspace/data/raw/dfdc/dfdc_train_part_01/dfdc_train_part_1/jncnzarlsm.mp4,dfdc_train_part_1
dfdc_train_part_1_ipvwtgdlre,train,fake,/workspace/data/raw/dfdc/dfdc_train_part_01/dfdc_train_part_1/ipvwtgdlre.mp4,dfdc_train_part_1
dfdc_train_part_1_aassnaulhq,train,fake,/workspace/data/raw/dfdc/dfdc_train_part_01/dfdc_train_part_1/aassnaulhq.mp4,dfdc_train_part_1
dfdc_train_part_1_vvfszaosiv,train,real,/workspace/data/raw/dfdc/dfdc_train_part_01/dfdc_train_part_1/vvfszaosiv.mp4,dfdc_train_part_1
dfdc_train_part_1_vgqicgmdxy,train,fake,/workspace/data/raw/dfdc/dfdc_train_part_01/dfdc_train_part_1/vgqicgmdxy.mp4,dfdc_train_part_1
dfdc_train_part_1_ojlmhsjqoc,train,fake,/workspace/data/raw/dfdc/dfdc_train_part_01/dfdc_train_part_1/ojlmhsjqoc.mp4,dfdc_train_part_1
dfdc_train_part_1_zsgaikpcjb,train,fake,/workspace/data/raw/dfdc/dfdc_train_part_01/dfdc_train_part_1/zsgaikpcjb.mp4,dfdc_train_part_1
dfdc_train_part_1_yxryufzwen,train,fake,/workspace/data/raw/dfdc/dfdc_train_part_01/dfdc_train_part_1/yxryufzwen.mp4,dfdc_train_part_1
dfdc_train_part_1_ieqqivjdek,train,fake,/workspace/data/raw/dfdc/dfdc_train_part_01/dfdc_train_part_1/ieqqivjdek.mp4,dfdc_train_part_1
dfdc_train_part_1_dwnhdzuydq,train,fake,/workspace/data/raw/dfdc/dfdc_train_part_01/dfdc_train_part_1/dwnhdzuydq.mp4,dfdc_train_part_1
dfdc_train_part_1_eabjipvech,train,fake,/workspace/data/raw/dfdc/dfdc_train_part_01/dfdc_train_part_1/eabjipvech.mp4,dfdc_train_part_1
dfdc_train_part_1_lqzabhlxhd,train,fake,/workspace/data/raw/dfdc/dfdc_train_part_01/dfdc_train_part_1/lqzabhlxhd.mp4,dfdc_train_part_1
dfdc_train_part_1_eynxajczkd,train,real,/workspace/data/raw/dfdc/dfdc_train_part_01/dfdc_train_part_1/eynxajczkd.mp4,dfdc_train_part_1
dfdc_train_part_1_nzfvtbwpmu,train,fake,/workspace/data/raw/dfdc/dfdc_train_part_01/dfdc_train_part_1/nzfvtbwpmu.mp4,dfdc_train_part_1
dfdc_train_part_1_wvustidpql,train,fake,/workspace/data/raw/dfdc/dfdc_train_part_01/dfdc_train_part_1/wvustidpql.mp4,dfdc_train_part_1
dfdc_train_part_1_hjagxgkfhb,train,fake,/workspace/data/raw/dfdc/dfdc_train_part_01/dfdc_train_part_1/hjagxgkfhb.mp4,dfdc_train_part_1
dfdc_train_part_1_vszjpxysie,train,fake,/workspace/data/raw/dfdc/dfdc_train_part_01/dfdc_train_part_1/vszjpxysie.mp4,dfdc_train_part_1
dfdc_train_part_1_dxgewerqli,train,fake,/workspace/data/raw/dfdc/dfdc_train_part_01/dfdc_train_part_1/dxgewerqli.mp4,dfdc_train_part_1
dfdc_train_part_1_bjnmhhoayf,train,fake,/workspace/data/raw/dfdc/dfdc_train_part_01/dfdc_train_part_1/bjnmhhoayf.mp4,dfdc_train_part_1
dfdc_train_part_1_shkbzuhmlr,train,fake,/workspace/data/raw/dfdc/dfdc_train_part_01/dfdc_train_part_1/shkbzuhmlr.mp4,dfdc_train_part_1
dfdc_train_part_1_fytxleslqt,train,fake,/workspace/data/raw/dfdc/dfdc_train_part_01/dfdc_train_part_1/fytxleslqt.mp4,dfdc_train_part_1
dfdc_train_part_1_zmtfwgcqys,train,fake,/workspace/data/raw/dfdc/dfdc_train_part_01/dfdc_train_part_1/zmtfwgcqys.mp4,dfdc_train_part_1
dfdc_train_part_1_hdsmxpwkyq,train,fake,/workspace/data/raw/dfdc/dfdc_train_part_01/dfdc_train_part_1/hdsmxpwkyq.mp4,dfdc_train_part_1
dfdc_train_part_1_aomqqjipcp,train,fake,/workspace/data/raw/dfdc/dfdc_train_part_01/dfdc_train_part_1/aomqqjipcp.mp4,dfdc_train_part_1
dfdc_train_part_1_wkpffpfhce,train,fake,/workspace/data/raw/dfdc/dfdc_train_part_01/dfdc_train_part_1/wkpffpfhce.mp4,dfdc_train_part_1
dfdc_train_part_1_iedsgxqfuz,train,real,/workspace/data/raw/dfdc/dfdc_train_part_01/dfdc_train_part_1/iedsgxqfuz.mp4,dfdc_train_part_1
dfdc_train_part_1_jzoyzlgwlc,train,fake,/workspace/data/raw/dfdc/dfdc_train_part_01/dfdc_train_part_1/jzoyzlgwlc.mp4,dfdc_train_part_1
dfdc_train_part_1_indjkegkrh,train,fake,/workspace/data/raw/dfdc/dfdc_train_part_01/dfdc_train_part_1/indjkegkrh.mp4,dfdc_train_part_1
dfdc_train_part_1_fwxumlhoma,train,fake,/workspace/data/raw/dfdc/dfdc_train_part_01/dfdc_train_part_1/fwxumlhoma.mp4,dfdc_train_part_1
dfdc_train_part_1_knfxukpgcm,train,fake,/workspace/data/raw/dfdc/dfdc_train_part_01/dfdc_train_part_1/knfxukpgcm.mp4,dfdc_train_part_1
dfdc_train_part_1_quercuatrr,train,fake,/workspace/data/raw/dfdc/dfdc_train_part_01/dfdc_train_part_1/quercuatrr.mp4,dfdc_train_part_1
dfdc_train_part_1_beclytxiol,train,fake,/workspace/data/raw/dfdc/dfdc_train_part_01/dfdc_train_part_1/beclytxiol.mp4,dfdc_train_part_1
dfdc_train_part_1_ekalngzvwx,train,fake,/workspace/data/raw/dfdc/dfdc_train_part_01/dfdc_train_part_1/ekalngzvwx.mp4,dfdc_train_part_1
dfdc_train_part_1_pmqqmvfdty,train,fake,/workspace/data/raw/dfdc/dfdc_train_part_01/dfdc_train_part_1/pmqqmvfdty.mp4,dfdc_train_part_1
dfdc_train_part_1_kkkzlyzoon,train,fake,/workspace/data/raw/dfdc/dfdc_train_part_01/dfdc_train_part_1/kkkzlyzoon.mp4,dfdc_train_part_1
dfdc_train_part_1_mrkwspdvna,train,fake,/workspace/data/raw/dfdc/dfdc_train_part_01/dfdc_train_part_1/mrkwspdvna.mp4,dfdc_train_part_1
dfdc_train_part_1_blszgmxkvu,train,real,/workspace/data/raw/dfdc/dfdc_train_part_01/dfdc_train_part_1/blszgmxkvu.mp4,dfdc_train_part_1
dfdc_train_part_1_czupmkgroe,train,fake,/workspace/data/raw/dfdc/dfdc_train_part_01/dfdc_train_part_1/czupmkgroe.mp4,dfdc_train_part_1
dfdc_train_part_1_jwuyeomibc,train,fake,/workspace/data/raw/dfdc/dfdc_train_part_01/dfdc_train_part_1/jwuyeomibc.mp4,dfdc_train_part_1
dfdc_train_part_1_pzjxvvumft,train,fake,/workspace/data/raw/dfdc/dfdc_train_part_01/dfdc_train_part_1/pzjxvvumft.mp4,dfdc_train_part_1
dfdc_train_part_1_jnxuezglcb,train,fake,/workspace/data/raw/dfdc/dfdc_train_part_01/dfdc_train_part_1/jnxuezglcb.mp4,dfdc_train_part_1
dfdc_train_part_1_rouhxkadcj,train,fake,/workspace/data/raw/dfdc/dfdc_train_part_01/dfdc_train_part_1/rouhxkadcj.mp4,dfdc_train_part_1
dfdc_train_part_1_fwykevubzy,train,real,/workspace/data/raw/dfdc/dfdc_train_part_01/dfdc_train_part_1/fwykevubzy.mp4,dfdc_train_part_1
dfdc_train_part_1_eppozcvlub,train,fake,/workspace/data/raw/dfdc/dfdc_train_part_01/dfdc_train_part_1/eppozcvlub.mp4,dfdc_train_part_1
dfdc_train_part_1_ojqcwtvvkp,train,fake,/workspace/data/raw/dfdc/dfdc_train_part_01/dfdc_train_part_1/ojqcwtvvkp.mp4,dfdc_train_part_1
dfdc_train_part_1_wffenwrkeq,train,fake,/workspace/data/raw/dfdc/dfdc_train_part_01/dfdc_train_part_1/wffenwrkeq.mp4,dfdc_train_part_1
dfdc_train_part_1_fehyoxtiwl,train,fake,/workspace/data/raw/dfdc/dfdc_train_part_01/dfdc_train_part_1/fehyoxtiwl.mp4,dfdc_train_part_1
dfdc_train_part_1_cixupjraoc,train,fake,/workspace/data/raw/dfdc/dfdc_train_part_01/dfdc_train_part_1/cixupjraoc.mp4,dfdc_train_part_1
dfdc_train_part_1_xxtwsodnny,train,fake,/workspace/data/raw/dfdc/dfdc_train_part_01/dfdc_train_part_1/xxtwsodnny.mp4,dfdc_train_part_1
dfdc_train_part_1_tbrtzxnmlt,train,fake,/workspace/data/raw/dfdc/dfdc_train_part_01/dfdc_train_part_1/tbrtzxnmlt.mp4,dfdc_train_part_1
dfdc_train_part_1_bugiwrwsfe,train,fake,/workspace/data/raw/dfdc/dfdc_train_part_01/dfdc_train_part_1/bugiwrwsfe.mp4,dfdc_train_part_1
dfdc_train_part_1_ortvcnoghh,train,fake,/workspace/data/raw/dfdc/dfdc_train_part_01/dfdc_train_part_1/ortvcnoghh.mp4,dfdc_train_part_1
dfdc_train_part_1_tncnsgewaw,train,fake,/workspace/data/raw/dfdc/dfdc_train_part_01/dfdc_train_part_1/tncnsgewaw.mp4,dfdc_train_part_1
dfdc_train_part_1_lqcigdcmrg,train,fake,/workspace/data/raw/dfdc/dfdc_train_part_01/dfdc_train_part_1/lqcigdcmrg.mp4,dfdc_train_part_1
dfdc_train_part_1_hkqcobduba,train,fake,/workspace/data/raw/dfdc/dfdc_train_part_01/dfdc_train_part_1/hkqcobduba.mp4,dfdc_train_part_1
dfdc_train_part_1_zpkxdyujgw,train,fake,/workspace/data/raw/dfdc/dfdc_train_part_01/dfdc_train_part_1/zpkxdyujgw.mp4,dfdc_train_part_1
dfdc_train_part_1_axgkbpxjvr,train,fake,/workspace/data/raw/dfdc/dfdc_train_part_01/dfdc_train_part_1/axgkbpxjvr.mp4,dfdc_train_part_1
dfdc_train_part_1_nalstjqemq,train,fake,/workspace/data/raw/dfdc/dfdc_train_part_01/dfdc_train_part_1/nalstjqemq.mp4,dfdc_train_part_1
dfdc_train_part_1_gylcfcozce,train,real,/workspace/data/raw/dfdc/dfdc_train_part_01/dfdc_train_part_1/gylcfcozce.mp4,dfdc_train_part_1
dfdc_train_part_1_ddcfzufmyd,train,fake,/workspace/data/raw/dfdc/dfdc_train_part_01/dfdc_train_part_1/ddcfzufmyd.mp4,dfdc_train_part_1
dfdc_train_part_1_jocjbgbfqo,train,fake,/workspace/data/raw/dfdc/dfdc_train_part_01/dfdc_train_part_1/jocjbgbfqo.mp4,dfdc_train_part_1
dfdc_train_part_1_dsfjdogysp,train,fake,/workspace/data/raw/dfdc/dfdc_train_part_01/dfdc_train_part_1/dsfjdogysp.mp4,dfdc_train_part_1
dfdc_train_part_1_lnooeewjsp,train,fake,/workspace/data/raw/dfdc/dfdc_train_part_01/dfdc_train_part_1/lnooeewjsp.mp4,dfdc_train_part_1
dfdc_train_part_1_soudeaqdlg,train,fake,/workspace/data/raw/dfdc/dfdc_train_part_01/dfdc_train_part_1/soudeaqdlg.mp4,dfdc_train_part_1
dfdc_train_part_1_zcwnpkzfza,train,fake,/workspace/data/raw/dfdc/dfdc_train_part_01/dfdc_train_part_1/zcwnpkzfza.mp4,dfdc_train_part_1
dfdc_train_part_1_lqrfjiteca,train,fake,/workspace/data/raw/dfdc/dfdc_train_part_01/dfdc_train_part_1/lqrfjiteca.mp4,dfdc_train_part_1
dfdc_train_part_1_xsnnqhhdto,train,fake,/workspace/data/raw/dfdc/dfdc_train_part_01/dfdc_train_part_1/xsnnqhhdto.mp4,dfdc_train_part_1
dfdc_train_part_1_mycbfskdhh,train,fake,/workspace/data/raw/dfdc/dfdc_train_part_01/dfdc_train_part_1/mycbfskdhh.mp4,dfdc_train_part_1
dfdc_train_part_1_kciudzjdwb,train,fake,/workspace/data/raw/dfdc/dfdc_train_part_01/dfdc_train_part_1/kciudzjdwb.mp4,dfdc_train_part_1
dfdc_train_part_1_opudhirwrr,train,fake,/workspace/data/raw/dfdc/dfdc_train_part_01/dfdc_train_part_1/opudhirwrr.mp4,dfdc_train_part_1
dfdc_train_part_1_qzwmmvsjjc,train,fake,/workspace/data/raw/dfdc/dfdc_train_part_01/dfdc_train_part_1/qzwmmvsjjc.mp4,dfdc_train_part_1
dfdc_train_part_1_cubwixjevd,train,fake,/workspace/data/raw/dfdc/dfdc_train_part_01/dfdc_train_part_1/cubwixjevd.mp4,dfdc_train_part_1
dfdc_train_part_1_bvaffyvyjy,train,fake,/workspace/data/raw/dfdc/dfdc_train_part_01/dfdc_train_part_1/bvaffyvyjy.mp4,dfdc_train_part_1
dfdc_train_part_1_ulrnavreps,train,fake,/workspace/data/raw/dfdc/dfdc_train_part_01/dfdc_train_part_1/ulrnavreps.mp4,dfdc_train_part_1
dfdc_train_part_1_rvwukdlcqs,train,fake,/workspace/data/raw/dfdc/dfdc_train_part_01/dfdc_train_part_1/rvwukdlcqs.mp4,dfdc_train_part_1
dfdc_train_part_1_anbswjhddl,train,fake,/workspace/data/raw/dfdc/dfdc_train_part_01/dfdc_train_part_1/anbswjhddl.mp4,dfdc_train_part_1
dfdc_train_part_1_ckgpztnbvc,train,fake,/workspace/data/raw/dfdc/dfdc_train_part_01/dfdc_train_part_1/ckgpztnbvc.mp4,dfdc_train_part_1
dfdc_train_part_1_gwxegwtsaj,train,fake,/workspace/data/raw/dfdc/dfdc_train_part_01/dfdc_train_part_1/gwxegwtsaj.mp4,dfdc_train_part_1
dfdc_train_part_1_eknoxdhyot,train,fake,/workspace/data/raw/dfdc/dfdc_train_part_01/dfdc_train_part_1/eknoxdhyot.mp4,dfdc_train_part_1
dfdc_train_part_1_eugmwsetxd,train,fake,/workspace/data/raw/dfdc/dfdc_train_part_01/dfdc_train_part_1/eugmwsetxd.mp4,dfdc_train_part_1
dfdc_train_part_1_cqvmcswepa,train,fake,/workspace/data/raw/dfdc/dfdc_train_part_01/dfdc_train_part_1/cqvmcswepa.mp4,dfdc_train_part_1
dfdc_train_part_1_nfmzmdtrda,train,fake,/workspace/data/raw/dfdc/dfdc_train_part_01/dfdc_train_part_1/nfmzmdtrda.mp4,dfdc_train_part_1
dfdc_train_part_1_faksztjsrs,train,fake,/workspace/data/raw/dfdc/dfdc_train_part_01/dfdc_train_part_1/faksztjsrs.mp4,dfdc_train_part_1
dfdc_train_part_1_yxddifvkap,train,fake,/workspace/data/raw/dfdc/dfdc_train_part_01/dfdc_train_part_1/yxddifvkap.mp4,dfdc_train_part_1
dfdc_train_part_1_alrtntfxtd,train,fake,/workspace/data/raw/dfdc/dfdc_train_part_01/dfdc_train_part_1/alrtntfxtd.mp4,dfdc_train_part_1
dfdc_train_part_1_blncrpznaa,train,fake,/workspace/data/raw/dfdc/dfdc_train_part_01/dfdc_train_part_1/blncrpznaa.mp4,dfdc_train_part_1
dfdc_train_part_1_wcxatqxrgo,train,fake,/workspace/data/raw/dfdc/dfdc_train_part_01/dfdc_train_part_1/wcxatqxrgo.mp4,dfdc_train_part_1
dfdc_train_part_1_snvgdxhfkb,train,fake,/workspace/data/raw/dfdc/dfdc_train_part_01/dfdc_train_part_1/snvgdxhfkb.mp4,dfdc_train_part_1
dfdc_train_part_1_rqauhvfqxr,train,fake,/workspace/data/raw/dfdc/dfdc_train_part_01/dfdc_train_part_1/rqauhvfqxr.mp4,dfdc_train_part_1
dfdc_train_part_1_hypozprqhm,train,fake,/workspace/data/raw/dfdc/dfdc_train_part_01/dfdc_train_part_1/hypozprqhm.mp4,dfdc_train_part_1
dfdc_train_part_1_yyaqxfewto,train,fake,/workspace/data/raw/dfdc/dfdc_train_part_01/dfdc_train_part_1/yyaqxfewto.mp4,dfdc_train_part_1
dfdc_train_part_1_lleqvkicdq,train,fake,/workspace/data/raw/dfdc/dfdc_train_part_01/dfdc_train_part_1/lleqvkicdq.mp4,dfdc_train_part_1
dfdc_train_part_1_ohpdwmuhyp,train,fake,/workspace/data/raw/dfdc/dfdc_train_part_01/dfdc_train_part_1/ohpdwmuhyp.mp4,dfdc_train_part_1
dfdc_train_part_1_zjxwukjkfh,train,fake,/workspace/data/raw/dfdc/dfdc_train_part_01/dfdc_train_part_1/zjxwukjkfh.mp4,dfdc_train_part_1
dfdc_train_part_1_hufdhsnfkl,train,fake,/workspace/data/raw/dfdc/dfdc_train_part_01/dfdc_train_part_1/hufdhsnfkl.mp4,dfdc_train_part_1
dfdc_train_part_1_iijljhugfo,train,fake,/workspace/data/raw/dfdc/dfdc_train_part_01/dfdc_train_part_1/iijljhugfo.mp4,dfdc_train_part_1
dfdc_train_part_1_ugbkexlzgv,train,fake,/workspace/data/raw/dfdc/dfdc_train_part_01/dfdc_train_part_1/ugbkexlzgv.mp4,dfdc_train_part_1
dfdc_train_part_1_uubgqnvfdl,train,fake,/workspace/data/raw/dfdc/dfdc_train_part_01/dfdc_train_part_1/uubgqnvfdl.mp4,dfdc_train_part_1
dfdc_train_part_1_mlilusapoq,train,fake,/workspace/data/raw/dfdc/dfdc_train_part_01/dfdc_train_part_1/mlilusapoq.mp4,dfdc_train_part_1
dfdc_train_part_1_aeudhfvcvk,train,fake,/workspace/data/raw/dfdc/dfdc_train_part_01/dfdc_train_part_1/aeudhfvcvk.mp4,dfdc_train_part_1
dfdc_train_part_1_yjmabrwmlp,train,fake,/workspace/data/raw/dfdc/dfdc_train_part_01/dfdc_train_part_1/yjmabrwmlp.mp4,dfdc_train_part_1
dfdc_train_part_1_ofibjmgurk,train,fake,/workspace/data/raw/dfdc/dfdc_train_part_01/dfdc_train_part_1/ofibjmgurk.mp4,dfdc_train_part_1
dfdc_train_part_1_rupxkhjmhe,train,fake,/workspace/data/raw/dfdc/dfdc_train_part_01/dfdc_train_part_1/rupxkhjmhe.mp4,dfdc_train_part_1
dfdc_train_part_1_xwqucxeryw,train,fake,/workspace/data/raw/dfdc/dfdc_train_part_01/dfdc_train_part_1/xwqucxeryw.mp4,dfdc_train_part_1
dfdc_train_part_1_vgylnflyrg,train,fake,/workspace/data/raw/dfdc/dfdc_train_part_01/dfdc_train_part_1/vgylnflyrg.mp4,dfdc_train_part_1
dfdc_train_part_1_endyepvcxe,train,fake,/workspace/data/raw/dfdc/dfdc_train_part_01/dfdc_train_part_1/endyepvcxe.mp4,dfdc_train_part_1
dfdc_train_part_1_idnvievros,train,fake,/workspace/data/raw/dfdc/dfdc_train_part_01/dfdc_train_part_1/idnvievros.mp4,dfdc_train_part_1
dfdc_train_part_1_datjrwctmd,train,fake,/workspace/data/raw/dfdc/dfdc_train_part_01/dfdc_train_part_1/datjrwctmd.mp4,dfdc_train_part_1
dfdc_train_part_1_bcavrprfct,train,fake,/workspace/data/raw/dfdc/dfdc_train_part_01/dfdc_train_part_1/bcavrprfct.mp4,dfdc_train_part_1
dfdc_train_part_1_fepjqbsqbk,train,fake,/workspace/data/raw/dfdc/dfdc_train_part_01/dfdc_train_part_1/fepjqbsqbk.mp4,dfdc_train_part_1
dfdc_train_part_1_owcujgpjir,train,fake,/workspace/data/raw/dfdc/dfdc_train_part_01/dfdc_train_part_1/owcujgpjir.mp4,dfdc_train_part_1
dfdc_train_part_1_wguqentoiu,train,fake,/workspace/data/raw/dfdc/dfdc_train_part_01/dfdc_train_part_1/wguqentoiu.mp4,dfdc_train_part_1
dfdc_train_part_1_igwlxdtgix,train,fake,/workspace/data/raw/dfdc/dfdc_train_part_01/dfdc_train_part_1/igwlxdtgix.mp4,dfdc_train_part_1
dfdc_train_part_1_hoxjfrsbye,train,fake,/workspace/data/raw/dfdc/dfdc_train_part_01/dfdc_train_part_1/hoxjfrsbye.mp4,dfdc_train_part_1
dfdc_train_part_1_ezygtbroex,train,fake,/workspace/data/raw/dfdc/dfdc_train_part_01/dfdc_train_part_1/ezygtbroex.mp4,dfdc_train_part_1
dfdc_train_part_1_jhxmmetnfa,train,fake,/workspace/data/raw/dfdc/dfdc_train_part_01/dfdc_train_part_1/jhxmmetnfa.mp4,dfdc_train_part_1
dfdc_train_part_1_akpfvadijp,train,fake,/workspace/data/raw/dfdc/dfdc_train_part_01/dfdc_train_part_1/akpfvadijp.mp4,dfdc_train_part_1
dfdc_train_part_1_euqtwhhwwr,train,fake,/workspace/data/raw/dfdc/dfdc_train_part_01/dfdc_train_part_1/euqtwhhwwr.mp4,dfdc_train_part_1
dfdc_train_part_1_hezqkhggsd,train,fake,/workspace/data/raw/dfdc/dfdc_train_part_01/dfdc_train_part_1/hezqkhggsd.mp4,dfdc_train_part_1
dfdc_train_part_1_uyfrarhvjm,train,fake,/workspace/data/raw/dfdc/dfdc_train_part_01/dfdc_train_part_1/uyfrarhvjm.mp4,dfdc_train_part_1
dfdc_train_part_1_rhemiwruny,train,fake,/workspace/data/raw/dfdc/dfdc_train_part_01/dfdc_train_part_1/rhemiwruny.mp4,dfdc_train_part_1
dfdc_train_part_1_bjyaxvggle,train,fake,/workspace/data/raw/dfdc/dfdc_train_part_01/dfdc_train_part_1/bjyaxvggle.mp4,dfdc_train_part_1
dfdc_train_part_1_bdsktfgzbz,train,fake,/workspace/data/raw/dfdc/dfdc_train_part_01/dfdc_train_part_1/bdsktfgzbz.mp4,dfdc_train_part_1
dfdc_train_part_1_cpzrjqnffi,train,fake,/workspace/data/raw/dfdc/dfdc_train_part_01/dfdc_train_part_1/cpzrjqnffi.mp4,dfdc_train_part_1
dfdc_train_part_1_rmanmzhjkm,train,fake,/workspace/data/raw/dfdc/dfdc_train_part_01/dfdc_train_part_1/rmanmzhjkm.mp4,dfdc_train_part_1
dfdc_train_part_1_lcqrrrmhnl,train,fake,/workspace/data/raw/dfdc/dfdc_train_part_01/dfdc_train_part_1/lcqrrrmhnl.mp4,dfdc_train_part_1
dfdc_train_part_1_neclxcbxio,train,fake,/workspace/data/raw/dfdc/dfdc_train_part_01/dfdc_train_part_1/neclxcbxio.mp4,dfdc_train_part_1
dfdc_train_part_1_ukoutbtiau,train,fake,/workspace/data/raw/dfdc/dfdc_train_part_01/dfdc_train_part_1/ukoutbtiau.mp4,dfdc_train_part_1
dfdc_train_part_1_uuowkwtkkj,train,fake,/workspace/data/raw/dfdc/dfdc_train_part_01/dfdc_train_part_1/uuowkwtkkj.mp4,dfdc_train_part_1
dfdc_train_part_1_tjlykktabv,train,fake,/workspace/data/raw/dfdc/dfdc_train_part_01/dfdc_train_part_1/tjlykktabv.mp4,dfdc_train_part_1
dfdc_train_part_1_wqdsarmger,train,real,/workspace/data/raw/dfdc/dfdc_train_part_01/dfdc_train_part_1/wqdsarmger.mp4,dfdc_train_part_1
dfdc_train_part_1_iscwebnkbs,train,fake,/workspace/data/raw/dfdc/dfdc_train_part_01/dfdc_train_part_1/iscwebnkbs.mp4,dfdc_train_part_1
dfdc_train_part_1_sndsnqxmjh,train,fake,/workspace/data/raw/dfdc/dfdc_train_part_01/dfdc_train_part_1/sndsnqxmjh.mp4,dfdc_train_part_1
dfdc_train_part_1_ovvaimjkex,train,fake,/workspace/data/raw/dfdc/dfdc_train_part_01/dfdc_train_part_1/ovvaimjkex.mp4,dfdc_train_part_1
dfdc_train_part_1_yrxageuzss,train,fake,/workspace/data/raw/dfdc/dfdc_train_part_01/dfdc_train_part_1/yrxageuzss.mp4,dfdc_train_part_1
dfdc_train_part_1_qcshdjmmyn,train,fake,/workspace/data/raw/dfdc/dfdc_train_part_01/dfdc_train_part_1/qcshdjmmyn.mp4,dfdc_train_part_1
dfdc_train_part_1_tjhpwqxqlu,train,fake,/workspace/data/raw/dfdc/dfdc_train_part_01/dfdc_train_part_1/tjhpwqxqlu.mp4,dfdc_train_part_1
dfdc_train_part_1_dcvvmkvpna,train,fake,/workspace/data/raw/dfdc/dfdc_train_part_01/dfdc_train_part_1/dcvvmkvpna.mp4,dfdc_train_part_1
dfdc_train_part_1_whfnyiavgp,train,fake,/workspace/data/raw/dfdc/dfdc_train_part_01/dfdc_train_part_1/whfnyiavgp.mp4,dfdc_train_part_1
dfdc_train_part_1_xhwnzeozrd,train,fake,/workspace/data/raw/dfdc/dfdc_train_part_01/dfdc_train_part_1/xhwnzeozrd.mp4,dfdc_train_part_1
dfdc_train_part_1_wjewnsibqo,train,fake,/workspace/data/raw/dfdc/dfdc_train_part_01/dfdc_train_part_1/wjewnsibqo.mp4,dfdc_train_part_1
dfdc_train_part_1_nknzisrxby,train,fake,/workspace/data/raw/dfdc/dfdc_train_part_01/dfdc_train_part_1/nknzisrxby.mp4,dfdc_train_part_1
dfdc_train_part_1_zkqwrqwjyf,train,fake,/workspace/data/raw/dfdc/dfdc_train_part_01/dfdc_train_part_1/zkqwrqwjyf.mp4,dfdc_train_part_1
dfdc_train_part_1_obuazdpdoi,train,fake,/workspace/data/raw/dfdc/dfdc_train_part_01/dfdc_train_part_1/obuazdpdoi.mp4,dfdc_train_part_1
dfdc_train_part_1_syhpyilhte,train,fake,/workspace/data/raw/dfdc/dfdc_train_part_01/dfdc_train_part_1/syhpyilhte.mp4,dfdc_train_part_1
dfdc_train_part_1_hfxgbbeapi,train,fake,/workspace/data/raw/dfdc/dfdc_train_part_01/dfdc_train_part_1/hfxgbbeapi.mp4,dfdc_train_part_1
dfdc_train_part_1_uhsvvhecng,train,fake,/workspace/data/raw/dfdc/dfdc_train_part_01/dfdc_train_part_1/uhsvvhecng.mp4,dfdc_train_part_1
dfdc_train_part_1_mkalzssdha,train,fake,/workspace/data/raw/dfdc/dfdc_train_part_01/dfdc_train_part_1/mkalzssdha.mp4,dfdc_train_part_1
dfdc_train_part_1_tbyrjoowsv,train,fake,/workspace/data/raw/dfdc/dfdc_train_part_01/dfdc_train_part_1/tbyrjoowsv.mp4,dfdc_train_part_1
dfdc_train_part_1_ffolstniaz,train,fake,/workspace/data/raw/dfdc/dfdc_train_part_01/dfdc_train_part_1/ffolstniaz.mp4,dfdc_train_part_1
dfdc_train_part_1_dhtmhszncm,train,fake,/workspace/data/raw/dfdc/dfdc_train_part_01/dfdc_train_part_1/dhtmhszncm.mp4,dfdc_train_part_1
dfdc_train_part_1_unozczsbfy,train,fake,/workspace/data/raw/dfdc/dfdc_train_part_01/dfdc_train_part_1/unozczsbfy.mp4,dfdc_train_part_1
dfdc_train_part_1_wtcucxffhj,train,fake,/workspace/data/raw/dfdc/dfdc_train_part_01/dfdc_train_part_1/wtcucxffhj.mp4,dfdc_train_part_1
dfdc_train_part_1_rytczudlso,train,fake,/workspace/data/raw/dfdc/dfdc_train_part_01/dfdc_train_part_1/rytczudlso.mp4,dfdc_train_part_1
dfdc_train_part_1_wrwcwnvdhd,train,fake,/workspace/data/raw/dfdc/dfdc_train_part_01/dfdc_train_part_1/wrwcwnvdhd.mp4,dfdc_train_part_1
dfdc_train_part_1_qqisdvvgfi,train,fake,/workspace/data/raw/dfdc/dfdc_train_part_01/dfdc_train_part_1/qqisdvvgfi.mp4,dfdc_train_part_1
dfdc_train_part_1_ygshllkcaz,train,fake,/workspace/data/raw/dfdc/dfdc_train_part_01/dfdc_train_part_1/ygshllkcaz.mp4,dfdc_train_part_1
dfdc_train_part_1_yhqwrblsvr,train,fake,/workspace/data/raw/dfdc/dfdc_train_part_01/dfdc_train_part_1/yhqwrblsvr.mp4,dfdc_train_part_1
dfdc_train_part_1_rxbabwdbhj,train,fake,/workspace/data/raw/dfdc/dfdc_train_part_01/dfdc_train_part_1/rxbabwdbhj.mp4,dfdc_train_part_1
dfdc_train_part_1_owaogcehvc,train,fake,/workspace/data/raw/dfdc/dfdc_train_part_01/dfdc_train_part_1/owaogcehvc.mp4,dfdc_train_part_1
dfdc_train_part_1_fhfclibybo,train,fake,/workspace/data/raw/dfdc/dfdc_train_part_01/dfdc_train_part_1/fhfclibybo.mp4,dfdc_train_part_1
dfdc_train_part_1_lsaovzhhku,train,fake,/workspace/data/raw/dfdc/dfdc_train_part_01/dfdc_train_part_1/lsaovzhhku.mp4,dfdc_train_part_1
dfdc_train_part_1_yhnhgxwgxw,train,fake,/workspace/data/raw/dfdc/dfdc_train_part_01/dfdc_train_part_1/yhnhgxwgxw.mp4,dfdc_train_part_1
dfdc_train_part_1_ydnjbfktwt,train,fake,/workspace/data/raw/dfdc/dfdc_train_part_01/dfdc_train_part_1/ydnjbfktwt.mp4,dfdc_train_part_1
dfdc_train_part_1_vsjtblqhkd,train,fake,/workspace/data/raw/dfdc/dfdc_train_part_01/dfdc_train_part_1/vsjtblqhkd.mp4,dfdc_train_part_1
dfdc_train_part_1_yzgmlvfxyv,train,fake,/workspace/data/raw/dfdc/dfdc_train_part_01/dfdc_train_part_1/yzgmlvfxyv.mp4,dfdc_train_part_1
dfdc_train_part_1_nnsesoohxm,train,fake,/workspace/data/raw/dfdc/dfdc_train_part_01/dfdc_train_part_1/nnsesoohxm.mp4,dfdc_train_part_1
dfdc_train_part_1_muzcmfrzqa,train,fake,/workspace/data/raw/dfdc/dfdc_train_part_01/dfdc_train_part_1/muzcmfrzqa.mp4,dfdc_train_part_1
dfdc_train_part_1_lpdnvmgtrg,train,fake,/workspace/data/raw/dfdc/dfdc_train_part_01/dfdc_train_part_1/lpdnvmgtrg.mp4,dfdc_train_part_1
dfdc_train_part_1_ewpkerhxfb,train,fake,/workspace/data/raw/dfdc/dfdc_train_part_01/dfdc_train_part_1/ewpkerhxfb.mp4,dfdc_train_part_1
dfdc_train_part_1_qvjpqilvar,train,fake,/workspace/data/raw/dfdc/dfdc_train_part_01/dfdc_train_part_1/qvjpqilvar.mp4,dfdc_train_part_1
dfdc_train_part_1_vctzgnsqti,train,fake,/workspace/data/raw/dfdc/dfdc_train_part_01/dfdc_train_part_1/vctzgnsqti.mp4,dfdc_train_part_1
dfdc_train_part_1_pxvbjifcvg,train,fake,/workspace/data/raw/dfdc/dfdc_train_part_01/dfdc_train_part_1/pxvbjifcvg.mp4,dfdc_train_part_1
dfdc_train_part_1_glwlomfblb,train,fake,/workspace/data/raw/dfdc/dfdc_train_part_01/dfdc_train_part_1/glwlomfblb.mp4,dfdc_train_part_1
dfdc_train_part_1_wyevylgxhv,train,fake,/workspace/data/raw/dfdc/dfdc_train_part_01/dfdc_train_part_1/wyevylgxhv.mp4,dfdc_train_part_1
dfdc_train_part_1_lyqpazadyt,train,fake,/workspace/data/raw/dfdc/dfdc_train_part_01/dfdc_train_part_1/lyqpazadyt.mp4,dfdc_train_part_1
dfdc_train_part_1_nqgxolmpgm,train,fake,/workspace/data/raw/dfdc/dfdc_train_part_01/dfdc_train_part_1/nqgxolmpgm.mp4,dfdc_train_part_1
dfdc_train_part_1_idlzlmvvkm,train,fake,/workspace/data/raw/dfdc/dfdc_train_part_01/dfdc_train_part_1/idlzlmvvkm.mp4,dfdc_train_part_1
dfdc_train_part_1_nuxgftzhmb,train,fake,/workspace/data/raw/dfdc/dfdc_train_part_01/dfdc_train_part_1/nuxgftzhmb.mp4,dfdc_train_part_1
dfdc_train_part_1_bpwudenryg,train,fake,/workspace/data/raw/dfdc/dfdc_train_part_01/dfdc_train_part_1/bpwudenryg.mp4,dfdc_train_part_1
dfdc_train_part_1_prrzkbaicq,train,fake,/workspace/data/raw/dfdc/dfdc_train_part_01/dfdc_train_part_1/prrzkbaicq.mp4,dfdc_train_part_1
dfdc_train_part_1_khhcuireab,train,fake,/workspace/data/raw/dfdc/dfdc_train_part_01/dfdc_train_part_1/khhcuireab.mp4,dfdc_train_part_1
dfdc_train_part_1_ztpybckeqe,train,fake,/workspace/data/raw/dfdc/dfdc_train_part_01/dfdc_train_part_1/ztpybckeqe.mp4,dfdc_train_part_1
dfdc_train_part_1_yzbvkqdlir,train,fake,/workspace/data/raw/dfdc/dfdc_train_part_01/dfdc_train_part_1/yzbvkqdlir.mp4,dfdc_train_part_1
dfdc_train_part_1_wcfuseusyy,train,fake,/workspace/data/raw/dfdc/dfdc_train_part_01/dfdc_train_part_1/wcfuseusyy.mp4,dfdc_train_part_1
dfdc_train_part_1_rvbdlrkjbo,train,fake,/workspace/data/raw/dfdc/dfdc_train_part_01/dfdc_train_part_1/rvbdlrkjbo.mp4,dfdc_train_part_1
dfdc_train_part_1_ttufvfkhuc,train,fake,/workspace/data/raw/dfdc/dfdc_train_part_01/dfdc_train_part_1/ttufvfkhuc.mp4,dfdc_train_part_1
dfdc_train_part_1_couoovfwtb,train,fake,/workspace/data/raw/dfdc/dfdc_train_part_01/dfdc_train_part_1/couoovfwtb.mp4,dfdc_train_part_1
dfdc_train_part_1_lhuopgwxmq,train,fake,/workspace/data/raw/dfdc/dfdc_train_part_01/dfdc_train_part_1/lhuopgwxmq.mp4,dfdc_train_part_1
dfdc_train_part_1_ldmoiyqtwd,train,fake,/workspace/data/raw/dfdc/dfdc_train_part_01/dfdc_train_part_1/ldmoiyqtwd.mp4,dfdc_train_part_1
dfdc_train_part_1_nmozxlrkls,train,fake,/workspace/data/raw/dfdc/dfdc_train_part_01/dfdc_train_part_1/nmozxlrkls.mp4,dfdc_train_part_1
dfdc_train_part_1_crhelcitmz,train,fake,/workspace/data/raw/dfdc/dfdc_train_part_01/dfdc_train_part_1/crhelcitmz.mp4,dfdc_train_part_1
dfdc_train_part_1_wdltlvjooq,train,fake,/workspace/data/raw/dfdc/dfdc_train_part_01/dfdc_train_part_1/wdltlvjooq.mp4,dfdc_train_part_1
dfdc_train_part_1_kpxujltitc,train,fake,/workspace/data/raw/dfdc/dfdc_train_part_01/dfdc_train_part_1/kpxujltitc.mp4,dfdc_train_part_1
dfdc_train_part_1_lasuunxboi,train,fake,/workspace/data/raw/dfdc/dfdc_train_part_01/dfdc_train_part_1/lasuunxboi.mp4,dfdc_train_part_1
dfdc_train_part_1_tflngihrat,train,fake,/workspace/data/raw/dfdc/dfdc_train_part_01/dfdc_train_part_1/tflngihrat.mp4,dfdc_train_part_1
dfdc_train_part_1_sjinmmbipg,train,fake,/workspace/data/raw/dfdc/dfdc_train_part_01/dfdc_train_part_1/sjinmmbipg.mp4,dfdc_train_part_1
dfdc_train_part_1_rkzhwkvytv,train,fake,/workspace/data/raw/dfdc/dfdc_train_part_01/dfdc_train_part_1/rkzhwkvytv.mp4,dfdc_train_part_1
dfdc_train_part_1_rfwxcinshk,train,fake,/workspace/data/raw/dfdc/dfdc_train_part_01/dfdc_train_part_1/rfwxcinshk.mp4,dfdc_train_part_1
dfdc_train_part_1_abebnhqyzv,train,fake,/workspace/data/raw/dfdc/dfdc_train_part_01/dfdc_train_part_1/abebnhqyzv.mp4,dfdc_train_part_1
dfdc_train_part_1_kvnxcfkctx,train,fake,/workspace/data/raw/dfdc/dfdc_train_part_01/dfdc_train_part_1/kvnxcfkctx.mp4,dfdc_train_part_1
dfdc_train_part_1_bpartnwakp,train,fake,/workspace/data/raw/dfdc/dfdc_train_part_01/dfdc_train_part_1/bpartnwakp.mp4,dfdc_train_part_1
dfdc_train_part_1_zfqfcsumda,train,fake,/workspace/data/raw/dfdc/dfdc_train_part_01/dfdc_train_part_1/zfqfcsumda.mp4,dfdc_train_part_1
dfdc_train_part_1_fcdndpddtw,train,fake,/workspace/data/raw/dfdc/dfdc_train_part_01/dfdc_train_part_1/fcdndpddtw.mp4,dfdc_train_part_1
dfdc_train_part_1_ypbtpunjvm,train,real,/workspace/data/raw/dfdc/dfdc_train_part_01/dfdc_train_part_1/ypbtpunjvm.mp4,dfdc_train_part_1
dfdc_train_part_1_webzbvjxwo,train,fake,/workspace/data/raw/dfdc/dfdc_train_part_01/dfdc_train_part_1/webzbvjxwo.mp4,dfdc_train_part_1
dfdc_train_part_1_nitsucojax,train,fake,/workspace/data/raw/dfdc/dfdc_train_part_01/dfdc_train_part_1/nitsucojax.mp4,dfdc_train_part_1
dfdc_train_part_1_sghbruybbg,train,fake,/workspace/data/raw/dfdc/dfdc_train_part_01/dfdc_train_part_1/sghbruybbg.mp4,dfdc_train_part_1
dfdc_train_part_1_rytjwbsnaa,train,fake,/workspace/data/raw/dfdc/dfdc_train_part_01/dfdc_train_part_1/rytjwbsnaa.mp4,dfdc_train_part_1
dfdc_train_part_1_cvrkocprnk,train,fake,/workspace/data/raw/dfdc/dfdc_train_part_01/dfdc_train_part_1/cvrkocprnk.mp4,dfdc_train_part_1
dfdc_train_part_1_ctsahczkhr,train,fake,/workspace/data/raw/dfdc/dfdc_train_part_01/dfdc_train_part_1/ctsahczkhr.mp4,dfdc_train_part_1
dfdc_train_part_1_cynckdnzjh,train,fake,/workspace/data/raw/dfdc/dfdc_train_part_01/dfdc_train_part_1/cynckdnzjh.mp4,dfdc_train_part_1
dfdc_train_part_1_whsyqitobw,train,fake,/workspace/data/raw/dfdc/dfdc_train_part_01/dfdc_train_part_1/whsyqitobw.mp4,dfdc_train_part_1
dfdc_train_part_1_gauasgbohq,train,fake,/workspace/data/raw/dfdc/dfdc_train_part_01/dfdc_train_part_1/gauasgbohq.mp4,dfdc_train_part_1
dfdc_train_part_1_zbgnvugdcf,train,fake,/workspace/data/raw/dfdc/dfdc_train_part_01/dfdc_train_part_1/zbgnvugdcf.mp4,dfdc_train_part_1
dfdc_train_part_1_rnailbpdmr,train,fake,/workspace/data/raw/dfdc/dfdc_train_part_01/dfdc_train_part_1/rnailbpdmr.mp4,dfdc_train_part_1
dfdc_train_part_1_zmzeokskyv,train,fake,/workspace/data/raw/dfdc/dfdc_train_part_01/dfdc_train_part_1/zmzeokskyv.mp4,dfdc_train_part_1
dfdc_train_part_1_uqrjsjwkdq,train,fake,/workspace/data/raw/dfdc/dfdc_train_part_01/dfdc_train_part_1/uqrjsjwkdq.mp4,dfdc_train_part_1
dfdc_train_part_1_gftdzhtvuc,train,fake,/workspace/data/raw/dfdc/dfdc_train_part_01/dfdc_train_part_1/gftdzhtvuc.mp4,dfdc_train_part_1
dfdc_train_part_1_hllpsujmiy,train,fake,/workspace/data/raw/dfdc/dfdc_train_part_01/dfdc_train_part_1/hllpsujmiy.mp4,dfdc_train_part_1
dfdc_train_part_1_lhhblffabv,train,fake,/workspace/data/raw/dfdc/dfdc_train_part_01/dfdc_train_part_1/lhhblffabv.mp4,dfdc_train_part_1
dfdc_train_part_1_oaustqzprg,train,fake,/workspace/data/raw/dfdc/dfdc_train_part_01/dfdc_train_part_1/oaustqzprg.mp4,dfdc_train_part_1
dfdc_train_part_1_ercqmajdid,train,fake,/workspace/data/raw/dfdc/dfdc_train_part_01/dfdc_train_part_1/ercqmajdid.mp4,dfdc_train_part_1
dfdc_train_part_1_hqhaqjvpds,train,fake,/workspace/data/raw/dfdc/dfdc_train_part_01/dfdc_train_part_1/hqhaqjvpds.mp4,dfdc_train_part_1
dfdc_train_part_1_xrhqtmxlvx,train,real,/workspace/data/raw/dfdc/dfdc_train_part_01/dfdc_train_part_1/xrhqtmxlvx.mp4,dfdc_train_part_1
dfdc_train_part_1_pwxefhyxxu,train,fake,/workspace/data/raw/dfdc/dfdc_train_part_01/dfdc_train_part_1/pwxefhyxxu.mp4,dfdc_train_part_1
dfdc_train_part_1_hrtmwztfzc,train,fake,/workspace/data/raw/dfdc/dfdc_train_part_01/dfdc_train_part_1/hrtmwztfzc.mp4,dfdc_train_part_1
dfdc_train_part_1_kwkxfgncsg,train,fake,/workspace/data/raw/dfdc/dfdc_train_part_01/dfdc_train_part_1/kwkxfgncsg.mp4,dfdc_train_part_1
dfdc_train_part_1_nuppyekpaf,train,fake,/workspace/data/raw/dfdc/dfdc_train_part_01/dfdc_train_part_1/nuppyekpaf.mp4,dfdc_train_part_1
dfdc_train_part_1_vlpegdvokk,train,fake,/workspace/data/raw/dfdc/dfdc_train_part_01/dfdc_train_part_1/vlpegdvokk.mp4,dfdc_train_part_1
dfdc_train_part_1_xsqzctwhge,train,fake,/workspace/data/raw/dfdc/dfdc_train_part_01/dfdc_train_part_1/xsqzctwhge.mp4,dfdc_train_part_1
dfdc_train_part_1_xvapotlvyf,train,fake,/workspace/data/raw/dfdc/dfdc_train_part_01/dfdc_train_part_1/xvapotlvyf.mp4,dfdc_train_part_1
dfdc_train_part_1_wukdfhaovv,train,fake,/workspace/data/raw/dfdc/dfdc_train_part_01/dfdc_train_part_1/wukdfhaovv.mp4,dfdc_train_part_1
dfdc_train_part_1_zhgzksbzec,train,fake,/workspace/data/raw/dfdc/dfdc_train_part_01/dfdc_train_part_1/zhgzksbzec.mp4,dfdc_train_part_1
dfdc_train_part_1_rrbsfwljsq,train,fake,/workspace/data/raw/dfdc/dfdc_train_part_01/dfdc_train_part_1/rrbsfwljsq.mp4,dfdc_train_part_1
dfdc_train_part_1_scdqmdyxss,train,fake,/workspace/data/raw/dfdc/dfdc_train_part_01/dfdc_train_part_1/scdqmdyxss.mp4,dfdc_train_part_1
dfdc_train_part_1_usnowmcuqk,train,fake,/workspace/data/raw/dfdc/dfdc_train_part_01/dfdc_train_part_1/usnowmcuqk.mp4,dfdc_train_part_1
dfdc_train_part_1_rcbwugacsh,train,fake,/workspace/data/raw/dfdc/dfdc_train_part_01/dfdc_train_part_1/rcbwugacsh.mp4,dfdc_train_part_1
dfdc_train_part_1_mfkoyxwuyj,train,fake,/workspace/data/raw/dfdc/dfdc_train_part_01/dfdc_train_part_1/mfkoyxwuyj.mp4,dfdc_train_part_1
dfdc_train_part_1_sxultduxtw,train,fake,/workspace/data/raw/dfdc/dfdc_train_part_01/dfdc_train_part_1/sxultduxtw.mp4,dfdc_train_part_1
dfdc_train_part_1_gjszqpngyq,train,fake,/workspace/data/raw/dfdc/dfdc_train_part_01/dfdc_train_part_1/gjszqpngyq.mp4,dfdc_train_part_1
dfdc_train_part_1_pbadlmyohy,train,fake,/workspace/data/raw/dfdc/dfdc_train_part_01/dfdc_train_part_1/pbadlmyohy.mp4,dfdc_train_part_1
dfdc_train_part_1_rgsifpgnec,train,fake,/workspace/data/raw/dfdc/dfdc_train_part_01/dfdc_train_part_1/rgsifpgnec.mp4,dfdc_train_part_1
dfdc_train_part_1_ibxfxggtqh,train,fake,/workspace/data/raw/dfdc/dfdc_train_part_01/dfdc_train_part_1/ibxfxggtqh.mp4,dfdc_train_part_1
dfdc_train_part_1_dbzpqxlahq,train,fake,/workspace/data/raw/dfdc/dfdc_train_part_01/dfdc_train_part_1/dbzpqxlahq.mp4,dfdc_train_part_1
dfdc_train_part_1_llypatkcie,train,fake,/workspace/data/raw/dfdc/dfdc_train_part_01/dfdc_train_part_1/llypatkcie.mp4,dfdc_train_part_1
dfdc_train_part_1_znlqssjeyx,train,fake,/workspace/data/raw/dfdc/dfdc_train_part_01/dfdc_train_part_1/znlqssjeyx.mp4,dfdc_train_part_1
dfdc_train_part_1_ksdqodntwc,train,fake,/workspace/data/raw/dfdc/dfdc_train_part_01/dfdc_train_part_1/ksdqodntwc.mp4,dfdc_train_part_1
dfdc_train_part_1_sadovbitff,train,fake,/workspace/data/raw/dfdc/dfdc_train_part_01/dfdc_train_part_1/sadovbitff.mp4,dfdc_train_part_1
dfdc_train_part_1_cuxzeadqfe,train,fake,/workspace/data/raw/dfdc/dfdc_train_part_01/dfdc_train_part_1/cuxzeadqfe.mp4,dfdc_train_part_1
dfdc_train_part_1_werajjylcz,train,fake,/workspace/data/raw/dfdc/dfdc_train_part_01/dfdc_train_part_1/werajjylcz.mp4,dfdc_train_part_1
dfdc_train_part_1_aheocfkxjx,train,fake,/workspace/data/raw/dfdc/dfdc_train_part_01/dfdc_train_part_1/aheocfkxjx.mp4,dfdc_train_part_1
dfdc_train_part_1_mxdzimnxcc,train,fake,/workspace/data/raw/dfdc/dfdc_train_part_01/dfdc_train_part_1/mxdzimnxcc.mp4,dfdc_train_part_1
dfdc_train_part_1_zxetnidnow,train,fake,/workspace/data/raw/dfdc/dfdc_train_part_01/dfdc_train_part_1/zxetnidnow.mp4,dfdc_train_part_1
dfdc_train_part_1_pqzltkbggi,train,fake,/workspace/data/raw/dfdc/dfdc_train_part_01/dfdc_train_part_1/pqzltkbggi.mp4,dfdc_train_part_1
dfdc_train_part_1_cjoykobwyh,train,fake,/workspace/data/raw/dfdc/dfdc_train_part_01/dfdc_train_part_1/cjoykobwyh.mp4,dfdc_train_part_1
dfdc_train_part_1_qncxpokutx,train,fake,/workspace/data/raw/dfdc/dfdc_train_part_01/dfdc_train_part_1/qncxpokutx.mp4,dfdc_train_part_1
dfdc_train_part_1_tqgiylzbxk,train,fake,/workspace/data/raw/dfdc/dfdc_train_part_01/dfdc_train_part_1/tqgiylzbxk.mp4,dfdc_train_part_1
dfdc_train_part_1_fchipwcorl,train,fake,/workspace/data/raw/dfdc/dfdc_train_part_01/dfdc_train_part_1/fchipwcorl.mp4,dfdc_train_part_1
dfdc_train_part_1_seonqpzbco,train,fake,/workspace/data/raw/dfdc/dfdc_train_part_01/dfdc_train_part_1/seonqpzbco.mp4,dfdc_train_part_1
dfdc_train_part_1_insbnbhqxw,train,fake,/workspace/data/raw/dfdc/dfdc_train_part_01/dfdc_train_part_1/insbnbhqxw.mp4,dfdc_train_part_1
dfdc_train_part_1_wjykttglwn,train,fake,/workspace/data/raw/dfdc/dfdc_train_part_01/dfdc_train_part_1/wjykttglwn.mp4,dfdc_train_part_1
dfdc_train_part_1_wrijnggwum,train,fake,/workspace/data/raw/dfdc/dfdc_train_part_01/dfdc_train_part_1/wrijnggwum.mp4,dfdc_train_part_1
dfdc_train_part_1_lwmibgydkx,train,fake,/workspace/data/raw/dfdc/dfdc_train_part_01/dfdc_train_part_1/lwmibgydkx.mp4,dfdc_train_part_1
dfdc_train_part_1_adwbthsgqb,train,fake,/workspace/data/raw/dfdc/dfdc_train_part_01/dfdc_train_part_1/adwbthsgqb.mp4,dfdc_train_part_1
dfdc_train_part_1_puoqeuzlow,train,fake,/workspace/data/raw/dfdc/dfdc_train_part_01/dfdc_train_part_1/puoqeuzlow.mp4,dfdc_train_part_1
dfdc_train_part_1_nhampbvryx,train,fake,/workspace/data/raw/dfdc/dfdc_train_part_01/dfdc_train_part_1/nhampbvryx.mp4,dfdc_train_part_1
dfdc_train_part_1_arkwqyuthh,train,fake,/workspace/data/raw/dfdc/dfdc_train_part_01/dfdc_train_part_1/arkwqyuthh.mp4,dfdc_train_part_1
dfdc_train_part_1_vxawghqzyf,train,fake,/workspace/data/raw/dfdc/dfdc_train_part_01/dfdc_train_part_1/vxawghqzyf.mp4,dfdc_train_part_1
dfdc_train_part_1_viteugozpv,train,real,/workspace/data/raw/dfdc/dfdc_train_part_01/dfdc_train_part_1/viteugozpv.mp4,dfdc_train_part_1
dfdc_train_part_1_xuoqfchsfj,train,fake,/workspace/data/raw/dfdc/dfdc_train_part_01/dfdc_train_part_1/xuoqfchsfj.mp4,dfdc_train_part_1
dfdc_train_part_1_ehqihqvjos,train,fake,/workspace/data/raw/dfdc/dfdc_train_part_01/dfdc_train_part_1/ehqihqvjos.mp4,dfdc_train_part_1
dfdc_train_part_1_rdvqwqapja,train,fake,/workspace/data/raw/dfdc/dfdc_train_part_01/dfdc_train_part_1/rdvqwqapja.mp4,dfdc_train_part_1
dfdc_train_part_1_kkjzeflvui,train,fake,/workspace/data/raw/dfdc/dfdc_train_part_01/dfdc_train_part_1/kkjzeflvui.mp4,dfdc_train_part_1
dfdc_train_part_1_dwardtgkwh,train,fake,/workspace/data/raw/dfdc/dfdc_train_part_01/dfdc_train_part_1/dwardtgkwh.mp4,dfdc_train_part_1
dfdc_train_part_1_nlalsbvoin,train,fake,/workspace/data/raw/dfdc/dfdc_train_part_01/dfdc_train_part_1/nlalsbvoin.mp4,dfdc_train_part_1
dfdc_train_part_1_aijlttdlrj,train,fake,/workspace/data/raw/dfdc/dfdc_train_part_01/dfdc_train_part_1/aijlttdlrj.mp4,dfdc_train_part_1
dfdc_train_part_1_fvhcsmkpvc,train,fake,/workspace/data/raw/dfdc/dfdc_train_part_01/dfdc_train_part_1/fvhcsmkpvc.mp4,dfdc_train_part_1
dfdc_train_part_1_cvnfjpkgyi,train,fake,/workspace/data/raw/dfdc/dfdc_train_part_01/dfdc_train_part_1/cvnfjpkgyi.mp4,dfdc_train_part_1
dfdc_train_part_1_occipikyys,train,fake,/workspace/data/raw/dfdc/dfdc_train_part_01/dfdc_train_part_1/occipikyys.mp4,dfdc_train_part_1
dfdc_train_part_1_qekucblmnn,train,fake,/workspace/data/raw/dfdc/dfdc_train_part_01/dfdc_train_part_1/qekucblmnn.mp4,dfdc_train_part_1
dfdc_train_part_1_ydlqzalqia,train,fake,/workspace/data/raw/dfdc/dfdc_train_part_01/dfdc_train_part_1/ydlqzalqia.mp4,dfdc_train_part_1
dfdc_train_part_1_aoclawrydd,train,fake,/workspace/data/raw/dfdc/dfdc_train_part_01/dfdc_train_part_1/aoclawrydd.mp4,dfdc_train_part_1
dfdc_train_part_1_ysstiajdfk,train,fake,/workspace/data/raw/dfdc/dfdc_train_part_01/dfdc_train_part_1/ysstiajdfk.mp4,dfdc_train_part_1
dfdc_train_part_1_pbxvqvqxem,train,fake,/workspace/data/raw/dfdc/dfdc_train_part_01/dfdc_train_part_1/pbxvqvqxem.mp4,dfdc_train_part_1
dfdc_train_part_1_egulmgdddz,train,fake,/workspace/data/raw/dfdc/dfdc_train_part_01/dfdc_train_part_1/egulmgdddz.mp4,dfdc_train_part_1
dfdc_train_part_1_xbzpmcskkd,train,fake,/workspace/data/raw/dfdc/dfdc_train_part_01/dfdc_train_part_1/xbzpmcskkd.mp4,dfdc_train_part_1
dfdc_train_part_1_okrrtlhqlz,train,fake,/workspace/data/raw/dfdc/dfdc_train_part_01/dfdc_train_part_1/okrrtlhqlz.mp4,dfdc_train_part_1
dfdc_train_part_1_jgjqatboag,train,fake,/workspace/data/raw/dfdc/dfdc_train_part_01/dfdc_train_part_1/jgjqatboag.mp4,dfdc_train_part_1
dfdc_train_part_1_dmupfdcvca,train,real,/workspace/data/raw/dfdc/dfdc_train_part_01/dfdc_train_part_1/dmupfdcvca.mp4,dfdc_train_part_1
dfdc_train_part_1_jgwnsuhilq,train,fake,/workspace/data/raw/dfdc/dfdc_train_part_01/dfdc_train_part_1/jgwnsuhilq.mp4,dfdc_train_part_1
dfdc_train_part_1_oywsozuuyn,train,fake,/workspace/data/raw/dfdc/dfdc_train_part_01/dfdc_train_part_1/oywsozuuyn.mp4,dfdc_train_part_1
dfdc_train_part_1_lwqsmxqtbk,train,fake,/workspace/data/raw/dfdc/dfdc_train_part_01/dfdc_train_part_1/lwqsmxqtbk.mp4,dfdc_train_part_1
dfdc_train_part_1_fnchjaowdq,train,fake,/workspace/data/raw/dfdc/dfdc_train_part_01/dfdc_train_part_1/fnchjaowdq.mp4,dfdc_train_part_1
dfdc_train_part_1_pfnwptulcp,train,fake,/workspace/data/raw/dfdc/dfdc_train_part_01/dfdc_train_part_1/pfnwptulcp.mp4,dfdc_train_part_1
dfdc_train_part_1_iwhrsvsqcs,train,fake,/workspace/data/raw/dfdc/dfdc_train_part_01/dfdc_train_part_1/iwhrsvsqcs.mp4,dfdc_train_part_1
dfdc_train_part_1_xrenkfjbqa,train,fake,/workspace/data/raw/dfdc/dfdc_train_part_01/dfdc_train_part_1/xrenkfjbqa.mp4,dfdc_train_part_1
dfdc_train_part_1_gnnbtnjqto,train,fake,/workspace/data/raw/dfdc/dfdc_train_part_01/dfdc_train_part_1/gnnbtnjqto.mp4,dfdc_train_part_1
dfdc_train_part_1_wyqjhmngma,train,fake,/workspace/data/raw/dfdc/dfdc_train_part_01/dfdc_train_part_1/wyqjhmngma.mp4,dfdc_train_part_1
dfdc_train_part_1_hxebjpamjl,train,fake,/workspace/data/raw/dfdc/dfdc_train_part_01/dfdc_train_part_1/hxebjpamjl.mp4,dfdc_train_part_1
dfdc_train_part_1_kczsafjstw,train,fake,/workspace/data/raw/dfdc/dfdc_train_part_01/dfdc_train_part_1/kczsafjstw.mp4,dfdc_train_part_1
dfdc_train_part_1_xaaopsrhpu,train,fake,/workspace/data/raw/dfdc/dfdc_train_part_01/dfdc_train_part_1/xaaopsrhpu.mp4,dfdc_train_part_1
dfdc_train_part_1_xrxizzwyxk,train,fake,/workspace/data/raw/dfdc/dfdc_train_part_01/dfdc_train_part_1/xrxizzwyxk.mp4,dfdc_train_part_1
dfdc_train_part_1_nocwpqyubc,train,fake,/workspace/data/raw/dfdc/dfdc_train_part_01/dfdc_train_part_1/nocwpqyubc.mp4,dfdc_train_part_1
dfdc_train_part_1_vnhunisscr,train,fake,/workspace/data/raw/dfdc/dfdc_train_part_01/dfdc_train_part_1/vnhunisscr.mp4,dfdc_train_part_1
dfdc_train_part_1_makbmdgmdz,train,fake,/workspace/data/raw/dfdc/dfdc_train_part_01/dfdc_train_part_1/makbmdgmdz.mp4,dfdc_train_part_1
dfdc_train_part_1_qpcgkqdydv,train,fake,/workspace/data/raw/dfdc/dfdc_train_part_01/dfdc_train_part_1/qpcgkqdydv.mp4,dfdc_train_part_1
dfdc_train_part_1_nbmhltbwia,train,fake,/workspace/data/raw/dfdc/dfdc_train_part_01/dfdc_train_part_1/nbmhltbwia.mp4,dfdc_train_part_1
dfdc_train_part_1_ubwgmlzjzc,train,fake,/workspace/data/raw/dfdc/dfdc_train_part_01/dfdc_train_part_1/ubwgmlzjzc.mp4,dfdc_train_part_1
dfdc_train_part_1_hfedtplyys,train,fake,/workspace/data/raw/dfdc/dfdc_train_part_01/dfdc_train_part_1/hfedtplyys.mp4,dfdc_train_part_1
dfdc_train_part_1_eryjktdexi,train,fake,/workspace/data/raw/dfdc/dfdc_train_part_01/dfdc_train_part_1/eryjktdexi.mp4,dfdc_train_part_1
dfdc_train_part_1_vwwahrmrtz,train,fake,/workspace/data/raw/dfdc/dfdc_train_part_01/dfdc_train_part_1/vwwahrmrtz.mp4,dfdc_train_part_1
dfdc_train_part_1_flndbxfdta,train,fake,/workspace/data/raw/dfdc/dfdc_train_part_01/dfdc_train_part_1/flndbxfdta.mp4,dfdc_train_part_1
dfdc_train_part_1_vrezdvvuab,train,fake,/workspace/data/raw/dfdc/dfdc_train_part_01/dfdc_train_part_1/vrezdvvuab.mp4,dfdc_train_part_1
dfdc_train_part_1_zvkxhhtvlx,train,fake,/workspace/data/raw/dfdc/dfdc_train_part_01/dfdc_train_part_1/zvkxhhtvlx.mp4,dfdc_train_part_1
dfdc_train_part_1_vzhhabdkic,train,fake,/workspace/data/raw/dfdc/dfdc_train_part_01/dfdc_train_part_1/vzhhabdkic.mp4,dfdc_train_part_1
dfdc_train_part_1_nsvdrlugkt,train,fake,/workspace/data/raw/dfdc/dfdc_train_part_01/dfdc_train_part_1/nsvdrlugkt.mp4,dfdc_train_part_1
dfdc_train_part_1_foxjgyoumr,train,fake,/workspace/data/raw/dfdc/dfdc_train_part_01/dfdc_train_part_1/foxjgyoumr.mp4,dfdc_train_part_1
dfdc_train_part_1_jglooveumk,train,fake,/workspace/data/raw/dfdc/dfdc_train_part_01/dfdc_train_part_1/jglooveumk.mp4,dfdc_train_part_1
dfdc_train_part_1_eehvawzjgy,train,fake,/workspace/data/raw/dfdc/dfdc_train_part_01/dfdc_train_part_1/eehvawzjgy.mp4,dfdc_train_part_1
dfdc_train_part_1_jfmaqowfwv,train,fake,/workspace/data/raw/dfdc/dfdc_train_part_01/dfdc_train_part_1/jfmaqowfwv.mp4,dfdc_train_part_1
dfdc_train_part_1_pokscsbens,train,fake,/workspace/data/raw/dfdc/dfdc_train_part_01/dfdc_train_part_1/pokscsbens.mp4,dfdc_train_part_1
dfdc_train_part_1_czugwbbiox,train,fake,/workspace/data/raw/dfdc/dfdc_train_part_01/dfdc_train_part_1/czugwbbiox.mp4,dfdc_train_part_1
dfdc_train_part_1_hbnwrzcfiy,train,fake,/workspace/data/raw/dfdc/dfdc_train_part_01/dfdc_train_part_1/hbnwrzcfiy.mp4,dfdc_train_part_1
dfdc_train_part_1_wknoqevfmw,train,fake,/workspace/data/raw/dfdc/dfdc_train_part_01/dfdc_train_part_1/wknoqevfmw.mp4,dfdc_train_part_1
dfdc_train_part_1_pdufsewrec,train,real,/workspace/data/raw/dfdc/dfdc_train_part_01/dfdc_train_part_1/pdufsewrec.mp4,dfdc_train_part_1
dfdc_train_part_1_ncvuucibxk,train,fake,/workspace/data/raw/dfdc/dfdc_train_part_01/dfdc_train_part_1/ncvuucibxk.mp4,dfdc_train_part_1
dfdc_train_part_1_hiubzkclmx,train,fake,/workspace/data/raw/dfdc/dfdc_train_part_01/dfdc_train_part_1/hiubzkclmx.mp4,dfdc_train_part_1
dfdc_train_part_1_oqatjmvive,train,fake,/workspace/data/raw/dfdc/dfdc_train_part_01/dfdc_train_part_1/oqatjmvive.mp4,dfdc_train_part_1
dfdc_train_part_1_rxmlvcaabw,train,fake,/workspace/data/raw/dfdc/dfdc_train_part_01/dfdc_train_part_1/rxmlvcaabw.mp4,dfdc_train_part_1
dfdc_train_part_1_urzqzbnmkf,train,fake,/workspace/data/raw/dfdc/dfdc_train_part_01/dfdc_train_part_1/urzqzbnmkf.mp4,dfdc_train_part_1
dfdc_train_part_1_kmqkiihrmj,train,fake,/workspace/data/raw/dfdc/dfdc_train_part_01/dfdc_train_part_1/kmqkiihrmj.mp4,dfdc_train_part_1
dfdc_train_part_1_nbdixxfjph,train,real,/workspace/data/raw/dfdc/dfdc_train_part_01/dfdc_train_part_1/nbdixxfjph.mp4,dfdc_train_part_1
dfdc_train_part_1_cohkwaxnvw,train,fake,/workspace/data/raw/dfdc/dfdc_train_part_01/dfdc_train_part_1/cohkwaxnvw.mp4,dfdc_train_part_1
dfdc_train_part_1_xxmcihfilw,train,fake,/workspace/data/raw/dfdc/dfdc_train_part_01/dfdc_train_part_1/xxmcihfilw.mp4,dfdc_train_part_1
dfdc_train_part_1_kfntztgxzm,train,fake,/workspace/data/raw/dfdc/dfdc_train_part_01/dfdc_train_part_1/kfntztgxzm.mp4,dfdc_train_part_1
dfdc_train_part_1_yqauackjci,train,fake,/workspace/data/raw/dfdc/dfdc_train_part_01/dfdc_train_part_1/yqauackjci.mp4,dfdc_train_part_1
dfdc_train_part_1_pwaqrbyaat,train,fake,/workspace/data/raw/dfdc/dfdc_train_part_01/dfdc_train_part_1/pwaqrbyaat.mp4,dfdc_train_part_1
dfdc_train_part_1_kvpgwfudix,train,fake,/workspace/data/raw/dfdc/dfdc_train_part_01/dfdc_train_part_1/kvpgwfudix.mp4,dfdc_train_part_1
dfdc_train_part_1_pydbvfkslp,train,fake,/workspace/data/raw/dfdc/dfdc_train_part_01/dfdc_train_part_1/pydbvfkslp.mp4,dfdc_train_part_1
dfdc_train_part_1_fpevfidstw,train,real,/workspace/data/raw/dfdc/dfdc_train_part_01/dfdc_train_part_1/fpevfidstw.mp4,dfdc_train_part_1
dfdc_train_part_1_vfqgwtqwrr,train,fake,/workspace/data/raw/dfdc/dfdc_train_part_01/dfdc_train_part_1/vfqgwtqwrr.mp4,dfdc_train_part_1
dfdc_train_part_1_ituykzzbqq,train,fake,/workspace/data/raw/dfdc/dfdc_train_part_01/dfdc_train_part_1/ituykzzbqq.mp4,dfdc_train_part_1
dfdc_train_part_1_axefxbvfyn,train,fake,/workspace/data/raw/dfdc/dfdc_train_part_01/dfdc_train_part_1/axefxbvfyn.mp4,dfdc_train_part_1
dfdc_train_part_1_cutfpzdonm,train,fake,/workspace/data/raw/dfdc/dfdc_train_part_01/dfdc_train_part_1/cutfpzdonm.mp4,dfdc_train_part_1
dfdc_train_part_1_tgtndszori,train,fake,/workspace/data/raw/dfdc/dfdc_train_part_01/dfdc_train_part_1/tgtndszori.mp4,dfdc_train_part_1
dfdc_train_part_1_knwnqrvira,train,fake,/workspace/data/raw/dfdc/dfdc_train_part_01/dfdc_train_part_1/knwnqrvira.mp4,dfdc_train_part_1
dfdc_train_part_1_wklrgvjlfd,train,fake,/workspace/data/raw/dfdc/dfdc_train_part_01/dfdc_train_part_1/wklrgvjlfd.mp4,dfdc_train_part_1
dfdc_train_part_1_gxnjgokfrs,train,fake,/workspace/data/raw/dfdc/dfdc_train_part_01/dfdc_train_part_1/gxnjgokfrs.mp4,dfdc_train_part_1
dfdc_train_part_1_jihtpjpiox,train,fake,/workspace/data/raw/dfdc/dfdc_train_part_01/dfdc_train_part_1/jihtpjpiox.mp4,dfdc_train_part_1
dfdc_train_part_1_oysopgovhu,train,fake,/workspace/data/raw/dfdc/dfdc_train_part_01/dfdc_train_part_1/oysopgovhu.mp4,dfdc_train_part_1
dfdc_train_part_1_igqhapdxrm,train,fake,/workspace/data/raw/dfdc/dfdc_train_part_01/dfdc_train_part_1/igqhapdxrm.mp4,dfdc_train_part_1
dfdc_train_part_1_zljvknwzqa,train,fake,/workspace/data/raw/dfdc/dfdc_train_part_01/dfdc_train_part_1/zljvknwzqa.mp4,dfdc_train_part_1
dfdc_train_part_1_motokngbqf,train,fake,/workspace/data/raw/dfdc/dfdc_train_part_01/dfdc_train_part_1/motokngbqf.mp4,dfdc_train_part_1
dfdc_train_part_1_pgoblsrzra,train,fake,/workspace/data/raw/dfdc/dfdc_train_part_01/dfdc_train_part_1/pgoblsrzra.mp4,dfdc_train_part_1
dfdc_train_part_1_qynqpctxpj,train,fake,/workspace/data/raw/dfdc/dfdc_train_part_01/dfdc_train_part_1/qynqpctxpj.mp4,dfdc_train_part_1
dfdc_train_part_1_ifxkdcpuog,train,fake,/workspace/data/raw/dfdc/dfdc_train_part_01/dfdc_train_part_1/ifxkdcpuog.mp4,dfdc_train_part_1
dfdc_train_part_1_nkmvotdexf,train,fake,/workspace/data/raw/dfdc/dfdc_train_part_01/dfdc_train_part_1/nkmvotdexf.mp4,dfdc_train_part_1
dfdc_train_part_1_pumywgewee,train,fake,/workspace/data/raw/dfdc/dfdc_train_part_01/dfdc_train_part_1/pumywgewee.mp4,dfdc_train_part_1
dfdc_train_part_1_aosnzkbllm,train,fake,/workspace/data/raw/dfdc/dfdc_train_part_01/dfdc_train_part_1/aosnzkbllm.mp4,dfdc_train_part_1
dfdc_train_part_1_jlxwpqksnr,train,fake,/workspace/data/raw/dfdc/dfdc_train_part_01/dfdc_train_part_1/jlxwpqksnr.mp4,dfdc_train_part_1
dfdc_train_part_1_gwwtpriqcy,train,fake,/workspace/data/raw/dfdc/dfdc_train_part_01/dfdc_train_part_1/gwwtpriqcy.mp4,dfdc_train_part_1
dfdc_train_part_1_xqgpccecnt,train,fake,/workspace/data/raw/dfdc/dfdc_train_part_01/dfdc_train_part_1/xqgpccecnt.mp4,dfdc_train_part_1
dfdc_train_part_1_cxbuowwwsr,train,fake,/workspace/data/raw/dfdc/dfdc_train_part_01/dfdc_train_part_1/cxbuowwwsr.mp4,dfdc_train_part_1
dfdc_train_part_1_cktulounod,train,fake,/workspace/data/raw/dfdc/dfdc_train_part_01/dfdc_train_part_1/cktulounod.mp4,dfdc_train_part_1
dfdc_train_part_1_ziokunqfox,train,fake,/workspace/data/raw/dfdc/dfdc_train_part_01/dfdc_train_part_1/ziokunqfox.mp4,dfdc_train_part_1
dfdc_train_part_1_rklawjhbpv,train,fake,/workspace/data/raw/dfdc/dfdc_train_part_01/dfdc_train_part_1/rklawjhbpv.mp4,dfdc_train_part_1
dfdc_train_part_1_syfbyohaem,train,fake,/workspace/data/raw/dfdc/dfdc_train_part_01/dfdc_train_part_1/syfbyohaem.mp4,dfdc_train_part_1
dfdc_train_part_1_qhaawkjucp,train,fake,/workspace/data/raw/dfdc/dfdc_train_part_01/dfdc_train_part_1/qhaawkjucp.mp4,dfdc_train_part_1
dfdc_train_part_1_zjguxzvyom,train,fake,/workspace/data/raw/dfdc/dfdc_train_part_01/dfdc_train_part_1/zjguxzvyom.mp4,dfdc_train_part_1
dfdc_train_part_1_znuvosyesy,train,fake,/workspace/data/raw/dfdc/dfdc_train_part_01/dfdc_train_part_1/znuvosyesy.mp4,dfdc_train_part_1
dfdc_train_part_1_qjqxfcgsyd,train,real,/workspace/data/raw/dfdc/dfdc_train_part_01/dfdc_train_part_1/qjqxfcgsyd.mp4,dfdc_train_part_1
dfdc_train_part_1_wixbuuzygv,train,real,/workspace/data/raw/dfdc/dfdc_train_part_01/dfdc_train_part_1/wixbuuzygv.mp4,dfdc_train_part_1
dfdc_train_part_1_nqvkiylfiy,train,real,/workspace/data/raw/dfdc/dfdc_train_part_01/dfdc_train_part_1/nqvkiylfiy.mp4,dfdc_train_part_1
dfdc_train_part_1_jiavqbrkyk,train,real,/workspace/data/raw/dfdc/dfdc_train_part_01/dfdc_train_part_1/jiavqbrkyk.mp4,dfdc_train_part_1
dfdc_train_part_1_wgzrhqihqt,train,fake,/workspace/data/raw/dfdc/dfdc_train_part_01/dfdc_train_part_1/wgzrhqihqt.mp4,dfdc_train_part_1
dfdc_train_part_1_tztptbrdld,train,fake,/workspace/data/raw/dfdc/dfdc_train_part_01/dfdc_train_part_1/tztptbrdld.mp4,dfdc_train_part_1
dfdc_train_part_1_jgbpmnqoxl,train,fake,/workspace/data/raw/dfdc/dfdc_train_part_01/dfdc_train_part_1/jgbpmnqoxl.mp4,dfdc_train_part_1
dfdc_train_part_1_hgbqlfyici,train,fake,/workspace/data/raw/dfdc/dfdc_train_part_01/dfdc_train_part_1/hgbqlfyici.mp4,dfdc_train_part_1
dfdc_train_part_1_xtugoihhbm,train,fake,/workspace/data/raw/dfdc/dfdc_train_part_01/dfdc_train_part_1/xtugoihhbm.mp4,dfdc_train_part_1
dfdc_train_part_1_szywehpwkl,train,fake,/workspace/data/raw/dfdc/dfdc_train_part_01/dfdc_train_part_1/szywehpwkl.mp4,dfdc_train_part_1
dfdc_train_part_1_keioymnobc,train,real,/workspace/data/raw/dfdc/dfdc_train_part_01/dfdc_train_part_1/keioymnobc.mp4,dfdc_train_part_1
dfdc_train_part_1_uaxuujmjkz,train,fake,/workspace/data/raw/dfdc/dfdc_train_part_01/dfdc_train_part_1/uaxuujmjkz.mp4,dfdc_train_part_1
dfdc_train_part_1_pgeibxkxri,train,fake,/workspace/data/raw/dfdc/dfdc_train_part_01/dfdc_train_part_1/pgeibxkxri.mp4,dfdc_train_part_1
dfdc_train_part_1_puhybjenqt,train,fake,/workspace/data/raw/dfdc/dfdc_train_part_01/dfdc_train_part_1/puhybjenqt.mp4,dfdc_train_part_1
dfdc_train_part_1_nymodlmxni,train,real,/workspace/data/raw/dfdc/dfdc_train_part_01/dfdc_train_part_1/nymodlmxni.mp4,dfdc_train_part_1
dfdc_train_part_1_ggdpjgafmp,train,fake,/workspace/data/raw/dfdc/dfdc_train_part_01/dfdc_train_part_1/ggdpjgafmp.mp4,dfdc_train_part_1
dfdc_train_part_1_wlehzhjppc,train,fake,/workspace/data/raw/dfdc/dfdc_train_part_01/dfdc_train_part_1/wlehzhjppc.mp4,dfdc_train_part_1
dfdc_train_part_1_bkzrsfcrcr,train,fake,/workspace/data/raw/dfdc/dfdc_train_part_01/dfdc_train_part_1/bkzrsfcrcr.mp4,dfdc_train_part_1
dfdc_train_part_1_ufjbgrrbpc,train,fake,/workspace/data/raw/dfdc/dfdc_train_part_01/dfdc_train_part_1/ufjbgrrbpc.mp4,dfdc_train_part_1
dfdc_train_part_1_hgslssdkky,train,fake,/workspace/data/raw/dfdc/dfdc_train_part_01/dfdc_train_part_1/hgslssdkky.mp4,dfdc_train_part_1
dfdc_train_part_1_bwdmzwhdnw,train,fake,/workspace/data/raw/dfdc/dfdc_train_part_01/dfdc_train_part_1/bwdmzwhdnw.mp4,dfdc_train_part_1
dfdc_train_part_1_kjmmkusnvx,train,fake,/workspace/data/raw/dfdc/dfdc_train_part_01/dfdc_train_part_1/kjmmkusnvx.mp4,dfdc_train_part_1
dfdc_train_part_1_zfobicuigx,train,real,/workspace/data/raw/dfdc/dfdc_train_part_01/dfdc_train_part_1/zfobicuigx.mp4,dfdc_train_part_1
dfdc_train_part_1_zjuwskbqkt,train,fake,/workspace/data/raw/dfdc/dfdc_train_part_01/dfdc_train_part_1/zjuwskbqkt.mp4,dfdc_train_part_1
dfdc_train_part_1_ordbmlumud,train,fake,/workspace/data/raw/dfdc/dfdc_train_part_01/dfdc_train_part_1/ordbmlumud.mp4,dfdc_train_part_1
dfdc_train_part_1_hjhdhumvod,train,real,/workspace/data/raw/dfdc/dfdc_train_part_01/dfdc_train_part_1/hjhdhumvod.mp4,dfdc_train_part_1
dfdc_train_part_1_eyguqfmgzh,train,real,/workspace/data/raw/dfdc/dfdc_train_part_01/dfdc_train_part_1/eyguqfmgzh.mp4,dfdc_train_part_1
dfdc_train_part_1_lnuwkizkiw,train,fake,/workspace/data/raw/dfdc/dfdc_train_part_01/dfdc_train_part_1/lnuwkizkiw.mp4,dfdc_train_part_1
dfdc_train_part_1_owmzjclufi,train,fake,/workspace/data/raw/dfdc/dfdc_train_part_01/dfdc_train_part_1/owmzjclufi.mp4,dfdc_train_part_1
dfdc_train_part_1_nfsztvjqpk,train,fake,/workspace/data/raw/dfdc/dfdc_train_part_01/dfdc_train_part_1/nfsztvjqpk.mp4,dfdc_train_part_1
dfdc_train_part_1_qjdtgggqym,train,real,/workspace/data/raw/dfdc/dfdc_train_part_01/dfdc_train_part_1/qjdtgggqym.mp4,dfdc_train_part_1
dfdc_train_part_1_jzmzdispyo,train,real,/workspace/data/raw/dfdc/dfdc_train_part_01/dfdc_train_part_1/jzmzdispyo.mp4,dfdc_train_part_1
dfdc_train_part_1_qeaxtxpvyq,train,fake,/workspace/data/raw/dfdc/dfdc_train_part_01/dfdc_train_part_1/qeaxtxpvyq.mp4,dfdc_train_part_1
dfdc_train_part_1_bfeewgzrbr,train,fake,/workspace/data/raw/dfdc/dfdc_train_part_01/dfdc_train_part_1/bfeewgzrbr.mp4,dfdc_train_part_1
dfdc_train_part_1_tovxgyattq,train,fake,/workspace/data/raw/dfdc/dfdc_train_part_01/dfdc_train_part_1/tovxgyattq.mp4,dfdc_train_part_1
dfdc_train_part_2_qyyebirxwe,train,fake,/workspace/data/raw/dfdc/dfdc_train_part_02/dfdc_train_part_2/qyyebirxwe.mp4,dfdc_train_part_2
dfdc_train_part_2_ntjlknlcvn,train,fake,/workspace/data/raw/dfdc/dfdc_train_part_02/dfdc_train_part_2/ntjlknlcvn.mp4,dfdc_train_part_2
dfdc_train_part_2_qivpypiwlp,train,fake,/workspace/data/raw/dfdc/dfdc_train_part_02/dfdc_train_part_2/qivpypiwlp.mp4,dfdc_train_part_2
dfdc_train_part_2_lpkgabskbw,train,fake,/workspace/data/raw/dfdc/dfdc_train_part_02/dfdc_train_part_2/lpkgabskbw.mp4,dfdc_train_part_2
dfdc_train_part_2_vctemjbusz,train,fake,/workspace/data/raw/dfdc/dfdc_train_part_02/dfdc_train_part_2/vctemjbusz.mp4,dfdc_train_part_2
dfdc_train_part_2_kligjmklcw,train,fake,/workspace/data/raw/dfdc/dfdc_train_part_02/dfdc_train_part_2/kligjmklcw.mp4,dfdc_train_part_2
dfdc_train_part_2_jtteetuqtt,train,fake,/workspace/data/raw/dfdc/dfdc_train_part_02/dfdc_train_part_2/jtteetuqtt.mp4,dfdc_train_part_2
dfdc_train_part_2_bbuebaojot,train,fake,/workspace/data/raw/dfdc/dfdc_train_part_02/dfdc_train_part_2/bbuebaojot.mp4,dfdc_train_part_2
dfdc_train_part_2_jsnkotxoua,train,fake,/workspace/data/raw/dfdc/dfdc_train_part_02/dfdc_train_part_2/jsnkotxoua.mp4,dfdc_train_part_2
dfdc_train_part_2_uazbhwyysx,train,real,/workspace/data/raw/dfdc/dfdc_train_part_02/dfdc_train_part_2/uazbhwyysx.mp4,dfdc_train_part_2
dfdc_train_part_2_fqhovztzbp,train,fake,/workspace/data/raw/dfdc/dfdc_train_part_02/dfdc_train_part_2/fqhovztzbp.mp4,dfdc_train_part_2
dfdc_train_part_2_litakpzghb,train,fake,/workspace/data/raw/dfdc/dfdc_train_part_02/dfdc_train_part_2/litakpzghb.mp4,dfdc_train_part_2
dfdc_train_part_2_bkvujfissu,train,fake,/workspace/data/raw/dfdc/dfdc_train_part_02/dfdc_train_part_2/bkvujfissu.mp4,dfdc_train_part_2
dfdc_train_part_2_gvleesmgxz,train,fake,/workspace/data/raw/dfdc/dfdc_train_part_02/dfdc_train_part_2/gvleesmgxz.mp4,dfdc_train_part_2
dfdc_train_part_2_fanibwbmoq,train,real,/workspace/data/raw/dfdc/dfdc_train_part_02/dfdc_train_part_2/fanibwbmoq.mp4,dfdc_train_part_2
dfdc_train_part_2_gjlrssvqkt,train,fake,/workspace/data/raw/dfdc/dfdc_train_part_02/dfdc_train_part_2/gjlrssvqkt.mp4,dfdc_train_part_2
dfdc_train_part_2_smvyymdsdc,train,fake,/workspace/data/raw/dfdc/dfdc_train_part_02/dfdc_train_part_2/smvyymdsdc.mp4,dfdc_train_part_2
dfdc_train_part_2_murqgmxknx,train,fake,/workspace/data/raw/dfdc/dfdc_train_part_02/dfdc_train_part_2/murqgmxknx.mp4,dfdc_train_part_2
dfdc_train_part_2_vdzlykljaf,train,fake,/workspace/data/raw/dfdc/dfdc_train_part_02/dfdc_train_part_2/vdzlykljaf.mp4,dfdc_train_part_2
dfdc_train_part_2_sjkfxrlxxs,train,fake,/workspace/data/raw/dfdc/dfdc_train_part_02/dfdc_train_part_2/sjkfxrlxxs.mp4,dfdc_train_part_2
dfdc_train_part_2_ytddugrwph,train,fake,/workspace/data/raw/dfdc/dfdc_train_part_02/dfdc_train_part_2/ytddugrwph.mp4,dfdc_train_part_2
dfdc_train_part_2_xauhzmhqdk,train,fake,/workspace/data/raw/dfdc/dfdc_train_part_02/dfdc_train_part_2/xauhzmhqdk.mp4,dfdc_train_part_2
dfdc_train_part_2_zsnnktadbl,train,fake,/workspace/data/raw/dfdc/dfdc_train_part_02/dfdc_train_part_2/zsnnktadbl.mp4,dfdc_train_part_2
dfdc_train_part_2_ukclebahfm,train,fake,/workspace/data/raw/dfdc/dfdc_train_part_02/dfdc_train_part_2/ukclebahfm.mp4,dfdc_train_part_2
dfdc_train_part_2_xmgdvugizi,train,fake,/workspace/data/raw/dfdc/dfdc_train_part_02/dfdc_train_part_2/xmgdvugizi.mp4,dfdc_train_part_2
dfdc_train_part_2_aqtvsxelrj,train,fake,/workspace/data/raw/dfdc/dfdc_train_part_02/dfdc_train_part_2/aqtvsxelrj.mp4,dfdc_train_part_2
dfdc_train_part_2_frcsdlkxws,train,fake,/workspace/data/raw/dfdc/dfdc_train_part_02/dfdc_train_part_2/frcsdlkxws.mp4,dfdc_train_part_2
dfdc_train_part_2_wkxouifkzc,train,fake,/workspace/data/raw/dfdc/dfdc_train_part_02/dfdc_train_part_2/wkxouifkzc.mp4,dfdc_train_part_2
dfdc_train_part_2_botswdcyee,train,fake,/workspace/data/raw/dfdc/dfdc_train_part_02/dfdc_train_part_2/botswdcyee.mp4,dfdc_train_part_2
dfdc_train_part_2_ktkjmqrvxt,train,fake,/workspace/data/raw/dfdc/dfdc_train_part_02/dfdc_train_part_2/ktkjmqrvxt.mp4,dfdc_train_part_2
dfdc_train_part_2_vbhsyoigsu,train,fake,/workspace/data/raw/dfdc/dfdc_train_part_02/dfdc_train_part_2/vbhsyoigsu.mp4,dfdc_train_part_2
dfdc_train_part_2_yyfdhmrfgg,train,fake,/workspace/data/raw/dfdc/dfdc_train_part_02/dfdc_train_part_2/yyfdhmrfgg.mp4,dfdc_train_part_2
dfdc_train_part_2_iygqtvkrwf,train,fake,/workspace/data/raw/dfdc/dfdc_train_part_02/dfdc_train_part_2/iygqtvkrwf.mp4,dfdc_train_part_2
dfdc_train_part_2_lydxafrxsy,train,fake,/workspace/data/raw/dfdc/dfdc_train_part_02/dfdc_train_part_2/lydxafrxsy.mp4,dfdc_train_part_2
dfdc_train_part_2_unmpiwboha,train,fake,/workspace/data/raw/dfdc/dfdc_train_part_02/dfdc_train_part_2/unmpiwboha.mp4,dfdc_train_part_2
dfdc_train_part_2_nlntwnqrzj,train,fake,/workspace/data/raw/dfdc/dfdc_train_part_02/dfdc_train_part_2/nlntwnqrzj.mp4,dfdc_train_part_2
dfdc_train_part_2_mnowxangqx,train,fake,/workspace/data/raw/dfdc/dfdc_train_part_02/dfdc_train_part_2/mnowxangqx.mp4,dfdc_train_part_2
dfdc_train_part_2_ihfemhgyyk,train,fake,/workspace/data/raw/dfdc/dfdc_train_part_02/dfdc_train_part_2/ihfemhgyyk.mp4,dfdc_train_part_2
dfdc_train_part_2_yiykshcbaz,train,real,/workspace/data/raw/dfdc/dfdc_train_part_02/dfdc_train_part_2/yiykshcbaz.mp4,dfdc_train_part_2
dfdc_train_part_2_fuqflmbxwh,train,fake,/workspace/data/raw/dfdc/dfdc_train_part_02/dfdc_train_part_2/fuqflmbxwh.mp4,dfdc_train_part_2
dfdc_train_part_2_jzsdlsaodc,train,fake,/workspace/data/raw/dfdc/dfdc_train_part_02/dfdc_train_part_2/jzsdlsaodc.mp4,dfdc_train_part_2
dfdc_train_part_2_kemtbmrfkf,train,fake,/workspace/data/raw/dfdc/dfdc_train_part_02/dfdc_train_part_2/kemtbmrfkf.mp4,dfdc_train_part_2
dfdc_train_part_2_evysmtpnrf,train,real,/workspace/data/raw/dfdc/dfdc_train_part_02/dfdc_train_part_2/evysmtpnrf.mp4,dfdc_train_part_2
dfdc_train_part_2_upswpfarqz,train,fake,/workspace/data/raw/dfdc/dfdc_train_part_02/dfdc_train_part_2/upswpfarqz.mp4,dfdc_train_part_2
dfdc_train_part_2_hgfcupavaj,train,fake,/workspace/data/raw/dfdc/dfdc_train_part_02/dfdc_train_part_2/hgfcupavaj.mp4,dfdc_train_part_2
dfdc_train_part_2_xkkdsndlpr,train,fake,/workspace/data/raw/dfdc/dfdc_train_part_02/dfdc_train_part_2/xkkdsndlpr.mp4,dfdc_train_part_2
dfdc_train_part_2_zgjosltkie,train,fake,/workspace/data/raw/dfdc/dfdc_train_part_02/dfdc_train_part_2/zgjosltkie.mp4,dfdc_train_part_2
dfdc_train_part_2_xrltimmbyc,train,fake,/workspace/data/raw/dfdc/dfdc_train_part_02/dfdc_train_part_2/xrltimmbyc.mp4,dfdc_train_part_2
dfdc_train_part_2_todbwfbpxe,train,fake,/workspace/data/raw/dfdc/dfdc_train_part_02/dfdc_train_part_2/todbwfbpxe.mp4,dfdc_train_part_2
dfdc_train_part_2_qsjiypnjwi,train,fake,/workspace/data/raw/dfdc/dfdc_train_part_02/dfdc_train_part_2/qsjiypnjwi.mp4,dfdc_train_part_2
dfdc_train_part_2_aktnlyqpah,train,fake,/workspace/data/raw/dfdc/dfdc_train_part_02/dfdc_train_part_2/aktnlyqpah.mp4,dfdc_train_part_2
dfdc_train_part_2_vjujyhfhrz,train,fake,/workspace/data/raw/dfdc/dfdc_train_part_02/dfdc_train_part_2/vjujyhfhrz.mp4,dfdc_train_part_2
dfdc_train_part_2_xaarfgflox,train,fake,/workspace/data/raw/dfdc/dfdc_train_part_02/dfdc_train_part_2/xaarfgflox.mp4,dfdc_train_part_2
dfdc_train_part_2_fdyzixbbni,train,fake,/workspace/data/raw/dfdc/dfdc_train_part_02/dfdc_train_part_2/fdyzixbbni.mp4,dfdc_train_part_2
dfdc_train_part_2_cgigqncgru,train,fake,/workspace/data/raw/dfdc/dfdc_train_part_02/dfdc_train_part_2/cgigqncgru.mp4,dfdc_train_part_2
dfdc_train_part_2_hqvkabpedg,train,fake,/workspace/data/raw/dfdc/dfdc_train_part_02/dfdc_train_part_2/hqvkabpedg.mp4,dfdc_train_part_2
dfdc_train_part_2_xgbrtjtiuy,train,fake,/workspace/data/raw/dfdc/dfdc_train_part_02/dfdc_train_part_2/xgbrtjtiuy.mp4,dfdc_train_part_2
dfdc_train_part_2_kdhdcxbeti,train,fake,/workspace/data/raw/dfdc/dfdc_train_part_02/dfdc_train_part_2/kdhdcxbeti.mp4,dfdc_train_part_2
dfdc_train_part_2_akjvglpobj,train,fake,/workspace/data/raw/dfdc/dfdc_train_part_02/dfdc_train_part_2/akjvglpobj.mp4,dfdc_train_part_2
dfdc_train_part_2_stgweqepva,train,fake,/workspace/data/raw/dfdc/dfdc_train_part_02/dfdc_train_part_2/stgweqepva.mp4,dfdc_train_part_2
dfdc_train_part_2_rznhsemash,train,fake,/workspace/data/raw/dfdc/dfdc_train_part_02/dfdc_train_part_2/rznhsemash.mp4,dfdc_train_part_2
dfdc_train_part_2_yrcwgrgeoa,train,fake,/workspace/data/raw/dfdc/dfdc_train_part_02/dfdc_train_part_2/yrcwgrgeoa.mp4,dfdc_train_part_2
dfdc_train_part_2_fmegtxqovc,train,fake,/workspace/data/raw/dfdc/dfdc_train_part_02/dfdc_train_part_2/fmegtxqovc.mp4,dfdc_train_part_2
dfdc_train_part_2_atophdvemg,train,fake,/workspace/data/raw/dfdc/dfdc_train_part_02/dfdc_train_part_2/atophdvemg.mp4,dfdc_train_part_2
dfdc_train_part_2_daduxgwpjz,train,fake,/workspace/data/raw/dfdc/dfdc_train_part_02/dfdc_train_part_2/daduxgwpjz.mp4,dfdc_train_part_2
dfdc_train_part_2_wrmypaurck,train,fake,/workspace/data/raw/dfdc/dfdc_train_part_02/dfdc_train_part_2/wrmypaurck.mp4,dfdc_train_part_2
dfdc_train_part_2_aabdnomlru,train,fake,/workspace/data/raw/dfdc/dfdc_train_part_02/dfdc_train_part_2/aabdnomlru.mp4,dfdc_train_part_2
dfdc_train_part_2_hhxaxylkgv,train,fake,/workspace/data/raw/dfdc/dfdc_train_part_02/dfdc_train_part_2/hhxaxylkgv.mp4,dfdc_train_part_2
dfdc_train_part_2_esjnbixlal,train,fake,/workspace/data/raw/dfdc/dfdc_train_part_02/dfdc_train_part_2/esjnbixlal.mp4,dfdc_train_part_2
dfdc_train_part_2_psjvaeamke,train,fake,/workspace/data/raw/dfdc/dfdc_train_part_02/dfdc_train_part_2/psjvaeamke.mp4,dfdc_train_part_2
dfdc_train_part_2_dktpniyvec,train,fake,/workspace/data/raw/dfdc/dfdc_train_part_02/dfdc_train_part_2/dktpniyvec.mp4,dfdc_train_part_2
dfdc_train_part_2_wruglpwldh,train,fake,/workspace/data/raw/dfdc/dfdc_train_part_02/dfdc_train_part_2/wruglpwldh.mp4,dfdc_train_part_2
dfdc_train_part_2_izqloinjwk,train,fake,/workspace/data/raw/dfdc/dfdc_train_part_02/dfdc_train_part_2/izqloinjwk.mp4,dfdc_train_part_2
dfdc_train_part_2_fcbwiaddld,train,fake,/workspace/data/raw/dfdc/dfdc_train_part_02/dfdc_train_part_2/fcbwiaddld.mp4,dfdc_train_part_2
dfdc_train_part_2_rdvvkfvtnm,train,fake,/workspace/data/raw/dfdc/dfdc_train_part_02/dfdc_train_part_2/rdvvkfvtnm.mp4,dfdc_train_part_2
dfdc_train_part_2_doeeuppytb,train,fake,/workspace/data/raw/dfdc/dfdc_train_part_02/dfdc_train_part_2/doeeuppytb.mp4,dfdc_train_part_2
dfdc_train_part_2_rllpgflwaq,train,fake,/workspace/data/raw/dfdc/dfdc_train_part_02/dfdc_train_part_2/rllpgflwaq.mp4,dfdc_train_part_2
dfdc_train_part_2_guclsnyxvq,train,fake,/workspace/data/raw/dfdc/dfdc_train_part_02/dfdc_train_part_2/guclsnyxvq.mp4,dfdc_train_part_2
dfdc_train_part_2_ucnnsarnao,train,fake,/workspace/data/raw/dfdc/dfdc_train_part_02/dfdc_train_part_2/ucnnsarnao.mp4,dfdc_train_part_2
dfdc_train_part_2_hbmumtptii,train,fake,/workspace/data/raw/dfdc/dfdc_train_part_02/dfdc_train_part_2/hbmumtptii.mp4,dfdc_train_part_2
dfdc_train_part_2_ztyvglkcsf,train,real,/workspace/data/raw/dfdc/dfdc_train_part_02/dfdc_train_part_2/ztyvglkcsf.mp4,dfdc_train_part_2
dfdc_train_part_2_agziimvuqi,train,fake,/workspace/data/raw/dfdc/dfdc_train_part_02/dfdc_train_part_2/agziimvuqi.mp4,dfdc_train_part_2
dfdc_train_part_2_mmgvyvdaqt,train,fake,/workspace/data/raw/dfdc/dfdc_train_part_02/dfdc_train_part_2/mmgvyvdaqt.mp4,dfdc_train_part_2
dfdc_train_part_2_vyxryahfuw,train,fake,/workspace/data/raw/dfdc/dfdc_train_part_02/dfdc_train_part_2/vyxryahfuw.mp4,dfdc_train_part_2
dfdc_train_part_2_sljaizccqh,train,fake,/workspace/data/raw/dfdc/dfdc_train_part_02/dfdc_train_part_2/sljaizccqh.mp4,dfdc_train_part_2
dfdc_train_part_2_pyriecynrt,train,fake,/workspace/data/raw/dfdc/dfdc_train_part_02/dfdc_train_part_2/pyriecynrt.mp4,dfdc_train_part_2
dfdc_train_part_2_anuzdiqqnq,train,fake,/workspace/data/raw/dfdc/dfdc_train_part_02/dfdc_train_part_2/anuzdiqqnq.mp4,dfdc_train_part_2
dfdc_train_part_2_kpvvdydcev,train,fake,/workspace/data/raw/dfdc/dfdc_train_part_02/dfdc_train_part_2/kpvvdydcev.mp4,dfdc_train_part_2
dfdc_train_part_2_megxyffexb,train,fake,/workspace/data/raw/dfdc/dfdc_train_part_02/dfdc_train_part_2/megxyffexb.mp4,dfdc_train_part_2
dfdc_train_part_2_condbpyazo,train,fake,/workspace/data/raw/dfdc/dfdc_train_part_02/dfdc_train_part_2/condbpyazo.mp4,dfdc_train_part_2
dfdc_train_part_2_cwasnpqxck,train,fake,/workspace/data/raw/dfdc/dfdc_train_part_02/dfdc_train_part_2/cwasnpqxck.mp4,dfdc_train_part_2
dfdc_train_part_2_uatziuqdfx,train,fake,/workspace/data/raw/dfdc/dfdc_train_part_02/dfdc_train_part_2/uatziuqdfx.mp4,dfdc_train_part_2
dfdc_train_part_2_ctwqyniuuk,train,fake,/workspace/data/raw/dfdc/dfdc_train_part_02/dfdc_train_part_2/ctwqyniuuk.mp4,dfdc_train_part_2
dfdc_train_part_2_nnkvgtmecd,train,fake,/workspace/data/raw/dfdc/dfdc_train_part_02/dfdc_train_part_2/nnkvgtmecd.mp4,dfdc_train_part_2
dfdc_train_part_2_xdxmcxbyjz,train,fake,/workspace/data/raw/dfdc/dfdc_train_part_02/dfdc_train_part_2/xdxmcxbyjz.mp4,dfdc_train_part_2
dfdc_train_part_2_rtmbucxfef,train,fake,/workspace/data/raw/dfdc/dfdc_train_part_02/dfdc_train_part_2/rtmbucxfef.mp4,dfdc_train_part_2
dfdc_train_part_2_fglewmddcn,train,real,/workspace/data/raw/dfdc/dfdc_train_part_02/dfdc_train_part_2/fglewmddcn.mp4,dfdc_train_part_2
dfdc_train_part_2_wywmsnneuv,train,fake,/workspace/data/raw/dfdc/dfdc_train_part_02/dfdc_train_part_2/wywmsnneuv.mp4,dfdc_train_part_2
dfdc_train_part_2_wydfrjeniu,train,fake,/workspace/data/raw/dfdc/dfdc_train_part_02/dfdc_train_part_2/wydfrjeniu.mp4,dfdc_train_part_2
dfdc_train_part_2_wjqqxxabcv,train,fake,/workspace/data/raw/dfdc/dfdc_train_part_02/dfdc_train_part_2/wjqqxxabcv.mp4,dfdc_train_part_2
dfdc_train_part_2_weueykzwsc,train,fake,/workspace/data/raw/dfdc/dfdc_train_part_02/dfdc_train_part_2/weueykzwsc.mp4,dfdc_train_part_2
dfdc_train_part_2_fckrovmlsc,train,fake,/workspace/data/raw/dfdc/dfdc_train_part_02/dfdc_train_part_2/fckrovmlsc.mp4,dfdc_train_part_2
dfdc_train_part_2_qltfpcrpbu,train,fake,/workspace/data/raw/dfdc/dfdc_train_part_02/dfdc_train_part_2/qltfpcrpbu.mp4,dfdc_train_part_2
dfdc_train_part_2_mbdljgtilt,train,fake,/workspace/data/raw/dfdc/dfdc_train_part_02/dfdc_train_part_2/mbdljgtilt.mp4,dfdc_train_part_2
dfdc_train_part_2_pnsdkpufyb,train,fake,/workspace/data/raw/dfdc/dfdc_train_part_02/dfdc_train_part_2/pnsdkpufyb.mp4,dfdc_train_part_2
dfdc_train_part_2_oqejtxqvhp,train,fake,/workspace/data/raw/dfdc/dfdc_train_part_02/dfdc_train_part_2/oqejtxqvhp.mp4,dfdc_train_part_2
dfdc_train_part_2_rlkrteswpq,train,fake,/workspace/data/raw/dfdc/dfdc_train_part_02/dfdc_train_part_2/rlkrteswpq.mp4,dfdc_train_part_2
dfdc_train_part_2_foaszwqboi,train,fake,/workspace/data/raw/dfdc/dfdc_train_part_02/dfdc_train_part_2/foaszwqboi.mp4,dfdc_train_part_2
dfdc_train_part_2_zwlasrtutr,train,fake,/workspace/data/raw/dfdc/dfdc_train_part_02/dfdc_train_part_2/zwlasrtutr.mp4,dfdc_train_part_2
dfdc_train_part_2_smeubiwvsa,train,fake,/workspace/data/raw/dfdc/dfdc_train_part_02/dfdc_train_part_2/smeubiwvsa.mp4,dfdc_train_part_2
dfdc_train_part_2_qriicptrta,train,fake,/workspace/data/raw/dfdc/dfdc_train_part_02/dfdc_train_part_2/qriicptrta.mp4,dfdc_train_part_2
dfdc_train_part_2_terlujixxf,train,fake,/workspace/data/raw/dfdc/dfdc_train_part_02/dfdc_train_part_2/terlujixxf.mp4,dfdc_train_part_2
dfdc_train_part_2_zyxrpvarcw,train,fake,/workspace/data/raw/dfdc/dfdc_train_part_02/dfdc_train_part_2/zyxrpvarcw.mp4,dfdc_train_part_2
dfdc_train_part_2_maczkptqhf,train,fake,/workspace/data/raw/dfdc/dfdc_train_part_02/dfdc_train_part_2/maczkptqhf.mp4,dfdc_train_part_2
dfdc_train_part_2_kfjalioqsz,train,fake,/workspace/data/raw/dfdc/dfdc_train_part_02/dfdc_train_part_2/kfjalioqsz.mp4,dfdc_train_part_2
dfdc_train_part_2_nrejgewmad,train,fake,/workspace/data/raw/dfdc/dfdc_train_part_02/dfdc_train_part_2/nrejgewmad.mp4,dfdc_train_part_2
dfdc_train_part_2_iczkbkwwuu,train,fake,/workspace/data/raw/dfdc/dfdc_train_part_02/dfdc_train_part_2/iczkbkwwuu.mp4,dfdc_train_part_2
dfdc_train_part_2_sxskbtitzz,train,fake,/workspace/data/raw/dfdc/dfdc_train_part_02/dfdc_train_part_2/sxskbtitzz.mp4,dfdc_train_part_2
dfdc_train_part_2_gijeixtykp,train,fake,/workspace/data/raw/dfdc/dfdc_train_part_02/dfdc_train_part_2/gijeixtykp.mp4,dfdc_train_part_2
dfdc_train_part_2_ivfzsxtezl,train,fake,/workspace/data/raw/dfdc/dfdc_train_part_02/dfdc_train_part_2/ivfzsxtezl.mp4,dfdc_train_part_2
dfdc_train_part_2_fhjhvdgmcq,train,real,/workspace/data/raw/dfdc/dfdc_train_part_02/dfdc_train_part_2/fhjhvdgmcq.mp4,dfdc_train_part_2
dfdc_train_part_2_fjckdlvxqn,train,fake,/workspace/data/raw/dfdc/dfdc_train_part_02/dfdc_train_part_2/fjckdlvxqn.mp4,dfdc_train_part_2
dfdc_train_part_2_nyipbqspwl,train,fake,/workspace/data/raw/dfdc/dfdc_train_part_02/dfdc_train_part_2/nyipbqspwl.mp4,dfdc_train_part_2
dfdc_train_part_2_gkxgqtjokl,train,fake,/workspace/data/raw/dfdc/dfdc_train_part_02/dfdc_train_part_2/gkxgqtjokl.mp4,dfdc_train_part_2
dfdc_train_part_2_hnitnjujrv,train,fake,/workspace/data/raw/dfdc/dfdc_train_part_02/dfdc_train_part_2/hnitnjujrv.mp4,dfdc_train_part_2
dfdc_train_part_2_kuixweepfb,train,fake,/workspace/data/raw/dfdc/dfdc_train_part_02/dfdc_train_part_2/kuixweepfb.mp4,dfdc_train_part_2
dfdc_train_part_2_hkhleykexb,train,fake,/workspace/data/raw/dfdc/dfdc_train_part_02/dfdc_train_part_2/hkhleykexb.mp4,dfdc_train_part_2
dfdc_train_part_2_bddbwurxar,train,fake,/workspace/data/raw/dfdc/dfdc_train_part_02/dfdc_train_part_2/bddbwurxar.mp4,dfdc_train_part_2
dfdc_train_part_2_iuqjoofoxa,train,fake,/workspace/data/raw/dfdc/dfdc_train_part_02/dfdc_train_part_2/iuqjoofoxa.mp4,dfdc_train_part_2
dfdc_train_part_2_kkgggmtlct,train,fake,/workspace/data/raw/dfdc/dfdc_train_part_02/dfdc_train_part_2/kkgggmtlct.mp4,dfdc_train_part_2
dfdc_train_part_2_skcamtycoz,train,fake,/workspace/data/raw/dfdc/dfdc_train_part_02/dfdc_train_part_2/skcamtycoz.mp4,dfdc_train_part_2
dfdc_train_part_2_hfdlriqcir,train,fake,/workspace/data/raw/dfdc/dfdc_train_part_02/dfdc_train_part_2/hfdlriqcir.mp4,dfdc_train_part_2
dfdc_train_part_2_vqvkxnleku,train,fake,/workspace/data/raw/dfdc/dfdc_train_part_02/dfdc_train_part_2/vqvkxnleku.mp4,dfdc_train_part_2
dfdc_train_part_2_tqrlcktjzk,train,fake,/workspace/data/raw/dfdc/dfdc_train_part_02/dfdc_train_part_2/tqrlcktjzk.mp4,dfdc_train_part_2
dfdc_train_part_2_jfbeqfotli,train,fake,/workspace/data/raw/dfdc/dfdc_train_part_02/dfdc_train_part_2/jfbeqfotli.mp4,dfdc_train_part_2
dfdc_train_part_2_iuztcdgtwf,train,fake,/workspace/data/raw/dfdc/dfdc_train_part_02/dfdc_train_part_2/iuztcdgtwf.mp4,dfdc_train_part_2
dfdc_train_part_2_kycfivhnkr,train,fake,/workspace/data/raw/dfdc/dfdc_train_part_02/dfdc_train_part_2/kycfivhnkr.mp4,dfdc_train_part_2
dfdc_train_part_2_vimegooaqs,train,fake,/workspace/data/raw/dfdc/dfdc_train_part_02/dfdc_train_part_2/vimegooaqs.mp4,dfdc_train_part_2
dfdc_train_part_2_aavyetamvt,train,fake,/workspace/data/raw/dfdc/dfdc_train_part_02/dfdc_train_part_2/aavyetamvt.mp4,dfdc_train_part_2
dfdc_train_part_2_lhvjzhjxdp,train,fake,/workspace/data/raw/dfdc/dfdc_train_part_02/dfdc_train_part_2/lhvjzhjxdp.mp4,dfdc_train_part_2
dfdc_train_part_2_ivohixhfpe,train,fake,/workspace/data/raw/dfdc/dfdc_train_part_02/dfdc_train_part_2/ivohixhfpe.mp4,dfdc_train_part_2
dfdc_train_part_2_qjwltbnstb,train,fake,/workspace/data/raw/dfdc/dfdc_train_part_02/dfdc_train_part_2/qjwltbnstb.mp4,dfdc_train_part_2
dfdc_train_part_2_bmrogzgbqw,train,fake,/workspace/data/raw/dfdc/dfdc_train_part_02/dfdc_train_part_2/bmrogzgbqw.mp4,dfdc_train_part_2
dfdc_train_part_2_pooyjoentg,train,fake,/workspace/data/raw/dfdc/dfdc_train_part_02/dfdc_train_part_2/pooyjoentg.mp4,dfdc_train_part_2
dfdc_train_part_2_wnnfxhrkpk,train,fake,/workspace/data/raw/dfdc/dfdc_train_part_02/dfdc_train_part_2/wnnfxhrkpk.mp4,dfdc_train_part_2
dfdc_train_part_2_tfpzjsytdd,train,fake,/workspace/data/raw/dfdc/dfdc_train_part_02/dfdc_train_part_2/tfpzjsytdd.mp4,dfdc_train_part_2
dfdc_train_part_2_zxtvtptusl,train,fake,/workspace/data/raw/dfdc/dfdc_train_part_02/dfdc_train_part_2/zxtvtptusl.mp4,dfdc_train_part_2
dfdc_train_part_2_cvtzzjrlfa,train,fake,/workspace/data/raw/dfdc/dfdc_train_part_02/dfdc_train_part_2/cvtzzjrlfa.mp4,dfdc_train_part_2
dfdc_train_part_2_ufehtrprux,train,fake,/workspace/data/raw/dfdc/dfdc_train_part_02/dfdc_train_part_2/ufehtrprux.mp4,dfdc_train_part_2
dfdc_train_part_2_xivfssfypr,train,fake,/workspace/data/raw/dfdc/dfdc_train_part_02/dfdc_train_part_2/xivfssfypr.mp4,dfdc_train_part_2
dfdc_train_part_2_tdpedccagg,train,fake,/workspace/data/raw/dfdc/dfdc_train_part_02/dfdc_train_part_2/tdpedccagg.mp4,dfdc_train_part_2
dfdc_train_part_2_mllzkpgatp,train,fake,/workspace/data/raw/dfdc/dfdc_train_part_02/dfdc_train_part_2/mllzkpgatp.mp4,dfdc_train_part_2
dfdc_train_part_2_pvtcrpqoet,train,fake,/workspace/data/raw/dfdc/dfdc_train_part_02/dfdc_train_part_2/pvtcrpqoet.mp4,dfdc_train_part_2
dfdc_train_part_2_fhsdyqtcja,train,fake,/workspace/data/raw/dfdc/dfdc_train_part_02/dfdc_train_part_2/fhsdyqtcja.mp4,dfdc_train_part_2
dfdc_train_part_2_unioedzrhy,train,fake,/workspace/data/raw/dfdc/dfdc_train_part_02/dfdc_train_part_2/unioedzrhy.mp4,dfdc_train_part_2
dfdc_train_part_2_ljvkpxzwuu,train,fake,/workspace/data/raw/dfdc/dfdc_train_part_02/dfdc_train_part_2/ljvkpxzwuu.mp4,dfdc_train_part_2
dfdc_train_part_2_loxagpgfei,train,real,/workspace/data/raw/dfdc/dfdc_train_part_02/dfdc_train_part_2/loxagpgfei.mp4,dfdc_train_part_2
dfdc_train_part_2_oooirnmiwe,train,fake,/workspace/data/raw/dfdc/dfdc_train_part_02/dfdc_train_part_2/oooirnmiwe.mp4,dfdc_train_part_2
dfdc_train_part_2_torjqecxjw,train,real,/workspace/data/raw/dfdc/dfdc_train_part_02/dfdc_train_part_2/torjqecxjw.mp4,dfdc_train_part_2
dfdc_train_part_2_olurfjfbcf,train,fake,/workspace/data/raw/dfdc/dfdc_train_part_02/dfdc_train_part_2/olurfjfbcf.mp4,dfdc_train_part_2
dfdc_train_part_2_iorisovmxr,train,fake,/workspace/data/raw/dfdc/dfdc_train_part_02/dfdc_train_part_2/iorisovmxr.mp4,dfdc_train_part_2
dfdc_train_part_2_mymdvihnlj,train,fake,/workspace/data/raw/dfdc/dfdc_train_part_02/dfdc_train_part_2/mymdvihnlj.mp4,dfdc_train_part_2
dfdc_train_part_2_auoervelwm,train,real,/workspace/data/raw/dfdc/dfdc_train_part_02/dfdc_train_part_2/auoervelwm.mp4,dfdc_train_part_2
dfdc_train_part_2_cnxccbjlct,train,fake,/workspace/data/raw/dfdc/dfdc_train_part_02/dfdc_train_part_2/cnxccbjlct.mp4,dfdc_train_part_2
dfdc_train_part_2_hxnsftkdkg,train,fake,/workspace/data/raw/dfdc/dfdc_train_part_02/dfdc_train_part_2/hxnsftkdkg.mp4,dfdc_train_part_2
dfdc_train_part_2_eoorgqcdxi,train,fake,/workspace/data/raw/dfdc/dfdc_train_part_02/dfdc_train_part_2/eoorgqcdxi.mp4,dfdc_train_part_2
dfdc_train_part_2_uzhujugirn,train,fake,/workspace/data/raw/dfdc/dfdc_train_part_02/dfdc_train_part_2/uzhujugirn.mp4,dfdc_train_part_2
dfdc_train_part_2_bbyosyhxzo,train,fake,/workspace/data/raw/dfdc/dfdc_train_part_02/dfdc_train_part_2/bbyosyhxzo.mp4,dfdc_train_part_2
dfdc_train_part_2_sanfylabug,train,fake,/workspace/data/raw/dfdc/dfdc_train_part_02/dfdc_train_part_2/sanfylabug.mp4,dfdc_train_part_2
dfdc_train_part_2_iksxzpqxzi,train,real,/workspace/data/raw/dfdc/dfdc_train_part_02/dfdc_train_part_2/iksxzpqxzi.mp4,dfdc_train_part_2
dfdc_train_part_2_kdhkpacnfx,train,fake,/workspace/data/raw/dfdc/dfdc_train_part_02/dfdc_train_part_2/kdhkpacnfx.mp4,dfdc_train_part_2
dfdc_train_part_2_dfrkufxfpc,train,fake,/workspace/data/raw/dfdc/dfdc_train_part_02/dfdc_train_part_2/dfrkufxfpc.mp4,dfdc_train_part_2
dfdc_train_part_2_mlznlqmcet,train,fake,/workspace/data/raw/dfdc/dfdc_train_part_02/dfdc_train_part_2/mlznlqmcet.mp4,dfdc_train_part_2
dfdc_train_part_2_qjrigaoqqi,train,fake,/workspace/data/raw/dfdc/dfdc_train_part_02/dfdc_train_part_2/qjrigaoqqi.mp4,dfdc_train_part_2
dfdc_train_part_2_anlpfbokfn,train,fake,/workspace/data/raw/dfdc/dfdc_train_part_02/dfdc_train_part_2/anlpfbokfn.mp4,dfdc_train_part_2
dfdc_train_part_2_tdareickov,train,fake,/workspace/data/raw/dfdc/dfdc_train_part_02/dfdc_train_part_2/tdareickov.mp4,dfdc_train_part_2
dfdc_train_part_2_halvwiltfs,train,fake,/workspace/data/raw/dfdc/dfdc_train_part_02/dfdc_train_part_2/halvwiltfs.mp4,dfdc_train_part_2
dfdc_train_part_2_qrizbzenzg,train,fake,/workspace/data/raw/dfdc/dfdc_train_part_02/dfdc_train_part_2/qrizbzenzg.mp4,dfdc_train_part_2
dfdc_train_part_2_inzwsvpsah,train,fake,/workspace/data/raw/dfdc/dfdc_train_part_02/dfdc_train_part_2/inzwsvpsah.mp4,dfdc_train_part_2
dfdc_train_part_2_jegqwgnmql,train,fake,/workspace/data/raw/dfdc/dfdc_train_part_02/dfdc_train_part_2/jegqwgnmql.mp4,dfdc_train_part_2
dfdc_train_part_2_phvpywaday,train,fake,/workspace/data/raw/dfdc/dfdc_train_part_02/dfdc_train_part_2/phvpywaday.mp4,dfdc_train_part_2
dfdc_train_part_2_sgkzajvfmk,train,fake,/workspace/data/raw/dfdc/dfdc_train_part_02/dfdc_train_part_2/sgkzajvfmk.mp4,dfdc_train_part_2
dfdc_train_part_2_tjgqkseyta,train,fake,/workspace/data/raw/dfdc/dfdc_train_part_02/dfdc_train_part_2/tjgqkseyta.mp4,dfdc_train_part_2
dfdc_train_part_2_otddrufuae,train,fake,/workspace/data/raw/dfdc/dfdc_train_part_02/dfdc_train_part_2/otddrufuae.mp4,dfdc_train_part_2
dfdc_train_part_2_wdvmvtxtea,train,fake,/workspace/data/raw/dfdc/dfdc_train_part_02/dfdc_train_part_2/wdvmvtxtea.mp4,dfdc_train_part_2
dfdc_train_part_2_hxuklgnuhr,train,fake,/workspace/data/raw/dfdc/dfdc_train_part_02/dfdc_train_part_2/hxuklgnuhr.mp4,dfdc_train_part_2
dfdc_train_part_2_bdqshjkpxd,train,fake,/workspace/data/raw/dfdc/dfdc_train_part_02/dfdc_train_part_2/bdqshjkpxd.mp4,dfdc_train_part_2
dfdc_train_part_2_vrfmupvimm,train,fake,/workspace/data/raw/dfdc/dfdc_train_part_02/dfdc_train_part_2/vrfmupvimm.mp4,dfdc_train_part_2
dfdc_train_part_2_dtsdluvgmg,train,fake,/workspace/data/raw/dfdc/dfdc_train_part_02/dfdc_train_part_2/dtsdluvgmg.mp4,dfdc_train_part_2
dfdc_train_part_2_rgglgyfbfk,train,fake,/workspace/data/raw/dfdc/dfdc_train_part_02/dfdc_train_part_2/rgglgyfbfk.mp4,dfdc_train_part_2
dfdc_train_part_2_iafvtrwdna,train,fake,/workspace/data/raw/dfdc/dfdc_train_part_02/dfdc_train_part_2/iafvtrwdna.mp4,dfdc_train_part_2
dfdc_train_part_2_fsdspdoysn,train,fake,/workspace/data/raw/dfdc/dfdc_train_part_02/dfdc_train_part_2/fsdspdoysn.mp4,dfdc_train_part_2
dfdc_train_part_2_uqvxjfpwdo,train,fake,/workspace/data/raw/dfdc/dfdc_train_part_02/dfdc_train_part_2/uqvxjfpwdo.mp4,dfdc_train_part_2
dfdc_train_part_2_wkupdirefo,train,fake,/workspace/data/raw/dfdc/dfdc_train_part_02/dfdc_train_part_2/wkupdirefo.mp4,dfdc_train_part_2
dfdc_train_part_2_qlbkidgsow,train,fake,/workspace/data/raw/dfdc/dfdc_train_part_02/dfdc_train_part_2/qlbkidgsow.mp4,dfdc_train_part_2
dfdc_train_part_2_zlqlajyayj,train,fake,/workspace/data/raw/dfdc/dfdc_train_part_02/dfdc_train_part_2/zlqlajyayj.mp4,dfdc_train_part_2
dfdc_train_part_2_zgxaihofif,train,fake,/workspace/data/raw/dfdc/dfdc_train_part_02/dfdc_train_part_2/zgxaihofif.mp4,dfdc_train_part_2
dfdc_train_part_2_mbzgpdvbwo,train,fake,/workspace/data/raw/dfdc/dfdc_train_part_02/dfdc_train_part_2/mbzgpdvbwo.mp4,dfdc_train_part_2
dfdc_train_part_2_ogaqkbajxk,train,fake,/workspace/data/raw/dfdc/dfdc_train_part_02/dfdc_train_part_2/ogaqkbajxk.mp4,dfdc_train_part_2
dfdc_train_part_2_waucvvmtkq,train,real,/workspace/data/raw/dfdc/dfdc_train_part_02/dfdc_train_part_2/waucvvmtkq.mp4,dfdc_train_part_2
dfdc_train_part_2_xouuqyrdyx,train,fake,/workspace/data/raw/dfdc/dfdc_train_part_02/dfdc_train_part_2/xouuqyrdyx.mp4,dfdc_train_part_2
dfdc_train_part_2_pvrbpkrrfk,train,fake,/workspace/data/raw/dfdc/dfdc_train_part_02/dfdc_train_part_2/pvrbpkrrfk.mp4,dfdc_train_part_2
dfdc_train_part_2_cekarydqba,train,real,/workspace/data/raw/dfdc/dfdc_train_part_02/dfdc_train_part_2/cekarydqba.mp4,dfdc_train_part_2
dfdc_train_part_2_atcfypvdpu,train,fake,/workspace/data/raw/dfdc/dfdc_train_part_02/dfdc_train_part_2/atcfypvdpu.mp4,dfdc_train_part_2
dfdc_train_part_2_talvyktmvw,train,fake,/workspace/data/raw/dfdc/dfdc_train_part_02/dfdc_train_part_2/talvyktmvw.mp4,dfdc_train_part_2
dfdc_train_part_2_qsmfsqpryo,train,fake,/workspace/data/raw/dfdc/dfdc_train_part_02/dfdc_train_part_2/qsmfsqpryo.mp4,dfdc_train_part_2
dfdc_train_part_2_cwxjlssagj,train,fake,/workspace/data/raw/dfdc/dfdc_train_part_02/dfdc_train_part_2/cwxjlssagj.mp4,dfdc_train_part_2
dfdc_train_part_2_gzsppugoek,train,fake,/workspace/data/raw/dfdc/dfdc_train_part_02/dfdc_train_part_2/gzsppugoek.mp4,dfdc_train_part_2
dfdc_train_part_2_dssvefhjok,train,fake,/workspace/data/raw/dfdc/dfdc_train_part_02/dfdc_train_part_2/dssvefhjok.mp4,dfdc_train_part_2
dfdc_train_part_2_wbmkzdqabg,train,fake,/workspace/data/raw/dfdc/dfdc_train_part_02/dfdc_train_part_2/wbmkzdqabg.mp4,dfdc_train_part_2
dfdc_train_part_2_pksjrtzppp,train,fake,/workspace/data/raw/dfdc/dfdc_train_part_02/dfdc_train_part_2/pksjrtzppp.mp4,dfdc_train_part_2
dfdc_train_part_2_japffgogpn,train,fake,/workspace/data/raw/dfdc/dfdc_train_part_02/dfdc_train_part_2/japffgogpn.mp4,dfdc_train_part_2
dfdc_train_part_2_yvdqvdqcqj,train,fake,/workspace/data/raw/dfdc/dfdc_train_part_02/dfdc_train_part_2/yvdqvdqcqj.mp4,dfdc_train_part_2
dfdc_train_part_2_ytycdntzvo,train,fake,/workspace/data/raw/dfdc/dfdc_train_part_02/dfdc_train_part_2/ytycdntzvo.mp4,dfdc_train_part_2
dfdc_train_part_2_atlndbikhv,train,fake,/workspace/data/raw/dfdc/dfdc_train_part_02/dfdc_train_part_2/atlndbikhv.mp4,dfdc_train_part_2
dfdc_train_part_2_khoipuozlx,train,fake,/workspace/data/raw/dfdc/dfdc_train_part_02/dfdc_train_part_2/khoipuozlx.mp4,dfdc_train_part_2
dfdc_train_part_2_xmswsrpjcq,train,fake,/workspace/data/raw/dfdc/dfdc_train_part_02/dfdc_train_part_2/xmswsrpjcq.mp4,dfdc_train_part_2
dfdc_train_part_2_wuaoezxmdm,train,fake,/workspace/data/raw/dfdc/dfdc_train_part_02/dfdc_train_part_2/wuaoezxmdm.mp4,dfdc_train_part_2
dfdc_train_part_2_izrevxyfet,train,fake,/workspace/data/raw/dfdc/dfdc_train_part_02/dfdc_train_part_2/izrevxyfet.mp4,dfdc_train_part_2
dfdc_train_part_2_mgzctjcgzz,train,fake,/workspace/data/raw/dfdc/dfdc_train_part_02/dfdc_train_part_2/mgzctjcgzz.mp4,dfdc_train_part_2
dfdc_train_part_2_afovojcvgh,train,fake,/workspace/data/raw/dfdc/dfdc_train_part_02/dfdc_train_part_2/afovojcvgh.mp4,dfdc_train_part_2
dfdc_train_part_2_dmpmeqiafv,train,fake,/workspace/data/raw/dfdc/dfdc_train_part_02/dfdc_train_part_2/dmpmeqiafv.mp4,dfdc_train_part_2
dfdc_train_part_2_fqsakjdayc,train,fake,/workspace/data/raw/dfdc/dfdc_train_part_02/dfdc_train_part_2/fqsakjdayc.mp4,dfdc_train_part_2
dfdc_train_part_2_bwressutay,train,fake,/workspace/data/raw/dfdc/dfdc_train_part_02/dfdc_train_part_2/bwressutay.mp4,dfdc_train_part_2
dfdc_train_part_2_lxfrifiujz,train,real,/workspace/data/raw/dfdc/dfdc_train_part_02/dfdc_train_part_2/lxfrifiujz.mp4,dfdc_train_part_2
dfdc_train_part_2_narybtqinj,train,fake,/workspace/data/raw/dfdc/dfdc_train_part_02/dfdc_train_part_2/narybtqinj.mp4,dfdc_train_part_2
dfdc_train_part_2_fhcootmxdq,train,fake,/workspace/data/raw/dfdc/dfdc_train_part_02/dfdc_train_part_2/fhcootmxdq.mp4,dfdc_train_part_2
dfdc_train_part_2_enxrusfqzc,train,fake,/workspace/data/raw/dfdc/dfdc_train_part_02/dfdc_train_part_2/enxrusfqzc.mp4,dfdc_train_part_2
dfdc_train_part_2_qjmsqyknsd,train,fake,/workspace/data/raw/dfdc/dfdc_train_part_02/dfdc_train_part_2/qjmsqyknsd.mp4,dfdc_train_part_2
dfdc_train_part_2_feurfvmagm,train,fake,/workspace/data/raw/dfdc/dfdc_train_part_02/dfdc_train_part_2/feurfvmagm.mp4,dfdc_train_part_2
dfdc_train_part_2_sncbbupkok,train,fake,/workspace/data/raw/dfdc/dfdc_train_part_02/dfdc_train_part_2/sncbbupkok.mp4,dfdc_train_part_2
dfdc_train_part_2_xgcumxdjyg,train,fake,/workspace/data/raw/dfdc/dfdc_train_part_02/dfdc_train_part_2/xgcumxdjyg.mp4,dfdc_train_part_2
dfdc_train_part_2_goussttfgt,train,fake,/workspace/data/raw/dfdc/dfdc_train_part_02/dfdc_train_part_2/goussttfgt.mp4,dfdc_train_part_2
dfdc_train_part_2_bznkogdxxi,train,fake,/workspace/data/raw/dfdc/dfdc_train_part_02/dfdc_train_part_2/bznkogdxxi.mp4,dfdc_train_part_2
dfdc_train_part_2_axdvnynpjj,train,fake,/workspace/data/raw/dfdc/dfdc_train_part_02/dfdc_train_part_2/axdvnynpjj.mp4,dfdc_train_part_2
dfdc_train_part_2_zpvsselkos,train,fake,/workspace/data/raw/dfdc/dfdc_train_part_02/dfdc_train_part_2/zpvsselkos.mp4,dfdc_train_part_2
dfdc_train_part_2_xdssolqmxa,train,fake,/workspace/data/raw/dfdc/dfdc_train_part_02/dfdc_train_part_2/xdssolqmxa.mp4,dfdc_train_part_2
dfdc_train_part_2_fsbjrmyfdv,train,fake,/workspace/data/raw/dfdc/dfdc_train_part_02/dfdc_train_part_2/fsbjrmyfdv.mp4,dfdc_train_part_2
dfdc_train_part_2_nvlcncbghk,train,fake,/workspace/data/raw/dfdc/dfdc_train_part_02/dfdc_train_part_2/nvlcncbghk.mp4,dfdc_train_part_2
dfdc_train_part_2_eqpakjgyae,train,fake,/workspace/data/raw/dfdc/dfdc_train_part_02/dfdc_train_part_2/eqpakjgyae.mp4,dfdc_train_part_2
dfdc_train_part_2_vggkehvpvt,train,fake,/workspace/data/raw/dfdc/dfdc_train_part_02/dfdc_train_part_2/vggkehvpvt.mp4,dfdc_train_part_2
dfdc_train_part_2_vzrgckofjv,train,fake,/workspace/data/raw/dfdc/dfdc_train_part_02/dfdc_train_part_2/vzrgckofjv.mp4,dfdc_train_part_2
dfdc_train_part_2_mpeqnueqgc,train,fake,/workspace/data/raw/dfdc/dfdc_train_part_02/dfdc_train_part_2/mpeqnueqgc.mp4,dfdc_train_part_2
dfdc_train_part_2_ywrnasfhxi,train,fake,/workspace/data/raw/dfdc/dfdc_train_part_02/dfdc_train_part_2/ywrnasfhxi.mp4,dfdc_train_part_2
dfdc_train_part_2_cumumecvxk,train,fake,/workspace/data/raw/dfdc/dfdc_train_part_02/dfdc_train_part_2/cumumecvxk.mp4,dfdc_train_part_2
dfdc_train_part_2_ejhhokmvpe,train,real,/workspace/data/raw/dfdc/dfdc_train_part_02/dfdc_train_part_2/ejhhokmvpe.mp4,dfdc_train_part_2
dfdc_train_part_2_bcxgxzusit,train,fake,/workspace/data/raw/dfdc/dfdc_train_part_02/dfdc_train_part_2/bcxgxzusit.mp4,dfdc_train_part_2
dfdc_train_part_2_euxcelftrj,train,fake,/workspace/data/raw/dfdc/dfdc_train_part_02/dfdc_train_part_2/euxcelftrj.mp4,dfdc_train_part_2
dfdc_train_part_2_elgsweyjfb,train,fake,/workspace/data/raw/dfdc/dfdc_train_part_02/dfdc_train_part_2/elgsweyjfb.mp4,dfdc_train_part_2
dfdc_train_part_2_fgrahniqqd,train,fake,/workspace/data/raw/dfdc/dfdc_train_part_02/dfdc_train_part_2/fgrahniqqd.mp4,dfdc_train_part_2
dfdc_train_part_2_ygbajspsux,train,fake,/workspace/data/raw/dfdc/dfdc_train_part_02/dfdc_train_part_2/ygbajspsux.mp4,dfdc_train_part_2
dfdc_train_part_2_xrhbngqlbk,train,fake,/workspace/data/raw/dfdc/dfdc_train_part_02/dfdc_train_part_2/xrhbngqlbk.mp4,dfdc_train_part_2
dfdc_train_part_2_zbivmmunpc,train,fake,/workspace/data/raw/dfdc/dfdc_train_part_02/dfdc_train_part_2/zbivmmunpc.mp4,dfdc_train_part_2
dfdc_train_part_2_pkjmvgitrm,train,fake,/workspace/data/raw/dfdc/dfdc_train_part_02/dfdc_train_part_2/pkjmvgitrm.mp4,dfdc_train_part_2
dfdc_train_part_2_wcjudtkzab,train,fake,/workspace/data/raw/dfdc/dfdc_train_part_02/dfdc_train_part_2/wcjudtkzab.mp4,dfdc_train_part_2
dfdc_train_part_2_sqixhnilfm,train,fake,/workspace/data/raw/dfdc/dfdc_train_part_02/dfdc_train_part_2/sqixhnilfm.mp4,dfdc_train_part_2
dfdc_train_part_2_nthpnwylxo,train,real,/workspace/data/raw/dfdc/dfdc_train_part_02/dfdc_train_part_2/nthpnwylxo.mp4,dfdc_train_part_2
dfdc_train_part_2_vrtrvkqfio,train,fake,/workspace/data/raw/dfdc/dfdc_train_part_02/dfdc_train_part_2/vrtrvkqfio.mp4,dfdc_train_part_2
dfdc_train_part_2_zzlzdkrepa,train,fake,/workspace/data/raw/dfdc/dfdc_train_part_02/dfdc_train_part_2/zzlzdkrepa.mp4,dfdc_train_part_2
dfdc_train_part_2_gabckzxoia,train,fake,/workspace/data/raw/dfdc/dfdc_train_part_02/dfdc_train_part_2/gabckzxoia.mp4,dfdc_train_part_2
dfdc_train_part_2_cnqqljnnuc,train,fake,/workspace/data/raw/dfdc/dfdc_train_part_02/dfdc_train_part_2/cnqqljnnuc.mp4,dfdc_train_part_2
dfdc_train_part_2_cmgybxlatl,train,fake,/workspace/data/raw/dfdc/dfdc_train_part_02/dfdc_train_part_2/cmgybxlatl.mp4,dfdc_train_part_2
dfdc_train_part_2_swowqixyuj,train,fake,/workspace/data/raw/dfdc/dfdc_train_part_02/dfdc_train_part_2/swowqixyuj.mp4,dfdc_train_part_2
dfdc_train_part_2_yarpxfqejd,train,fake,/workspace/data/raw/dfdc/dfdc_train_part_02/dfdc_train_part_2/yarpxfqejd.mp4,dfdc_train_part_2
dfdc_train_part_2_ahmtzpethi,train,fake,/workspace/data/raw/dfdc/dfdc_train_part_02/dfdc_train_part_2/ahmtzpethi.mp4,dfdc_train_part_2
dfdc_train_part_2_ikqxkmcfqh,train,fake,/workspace/data/raw/dfdc/dfdc_train_part_02/dfdc_train_part_2/ikqxkmcfqh.mp4,dfdc_train_part_2
dfdc_train_part_2_wtfqzzrxmx,train,fake,/workspace/data/raw/dfdc/dfdc_train_part_02/dfdc_train_part_2/wtfqzzrxmx.mp4,dfdc_train_part_2
dfdc_train_part_2_rushagxgvl,train,fake,/workspace/data/raw/dfdc/dfdc_train_part_02/dfdc_train_part_2/rushagxgvl.mp4,dfdc_train_part_2
dfdc_train_part_2_lfhylfpbem,train,fake,/workspace/data/raw/dfdc/dfdc_train_part_02/dfdc_train_part_2/lfhylfpbem.mp4,dfdc_train_part_2
dfdc_train_part_2_ytgakahgek,train,fake,/workspace/data/raw/dfdc/dfdc_train_part_02/dfdc_train_part_2/ytgakahgek.mp4,dfdc_train_part_2
dfdc_train_part_2_xggpeykikx,train,fake,/workspace/data/raw/dfdc/dfdc_train_part_02/dfdc_train_part_2/xggpeykikx.mp4,dfdc_train_part_2
dfdc_train_part_2_powgoqjeip,train,fake,/workspace/data/raw/dfdc/dfdc_train_part_02/dfdc_train_part_2/powgoqjeip.mp4,dfdc_train_part_2
dfdc_train_part_2_yndzvnxazv,train,fake,/workspace/data/raw/dfdc/dfdc_train_part_02/dfdc_train_part_2/yndzvnxazv.mp4,dfdc_train_part_2
dfdc_train_part_2_xpsngbdpgk,train,fake,/workspace/data/raw/dfdc/dfdc_train_part_02/dfdc_train_part_2/xpsngbdpgk.mp4,dfdc_train_part_2
dfdc_train_part_2_tzmzcszhiv,train,fake,/workspace/data/raw/dfdc/dfdc_train_part_02/dfdc_train_part_2/tzmzcszhiv.mp4,dfdc_train_part_2
dfdc_train_part_2_fcocsuznuz,train,fake,/workspace/data/raw/dfdc/dfdc_train_part_02/dfdc_train_part_2/fcocsuznuz.mp4,dfdc_train_part_2
dfdc_train_part_2_vlwksozbnm,train,fake,/workspace/data/raw/dfdc/dfdc_train_part_02/dfdc_train_part_2/vlwksozbnm.mp4,dfdc_train_part_2
dfdc_train_part_2_smhcigposo,train,fake,/workspace/data/raw/dfdc/dfdc_train_part_02/dfdc_train_part_2/smhcigposo.mp4,dfdc_train_part_2
dfdc_train_part_2_hutztepdmq,train,fake,/workspace/data/raw/dfdc/dfdc_train_part_02/dfdc_train_part_2/hutztepdmq.mp4,dfdc_train_part_2
dfdc_train_part_2_czxafoeluc,train,fake,/workspace/data/raw/dfdc/dfdc_train_part_02/dfdc_train_part_2/czxafoeluc.mp4,dfdc_train_part_2
dfdc_train_part_2_aayfryxljh,train,real,/workspace/data/raw/dfdc/dfdc_train_part_02/dfdc_train_part_2/aayfryxljh.mp4,dfdc_train_part_2
dfdc_train_part_2_xlklgamhbq,train,fake,/workspace/data/raw/dfdc/dfdc_train_part_02/dfdc_train_part_2/xlklgamhbq.mp4,dfdc_train_part_2
dfdc_train_part_2_ffzyswbaxs,train,fake,/workspace/data/raw/dfdc/dfdc_train_part_02/dfdc_train_part_2/ffzyswbaxs.mp4,dfdc_train_part_2
dfdc_train_part_2_yimegvkqzu,train,fake,/workspace/data/raw/dfdc/dfdc_train_part_02/dfdc_train_part_2/yimegvkqzu.mp4,dfdc_train_part_2
dfdc_train_part_2_mshibrgvlv,train,fake,/workspace/data/raw/dfdc/dfdc_train_part_02/dfdc_train_part_2/mshibrgvlv.mp4,dfdc_train_part_2
dfdc_train_part_2_tejfudfgpq,train,real,/workspace/data/raw/dfdc/dfdc_train_part_02/dfdc_train_part_2/tejfudfgpq.mp4,dfdc_train_part_2
dfdc_train_part_2_vdnsbjfqkq,train,fake,/workspace/data/raw/dfdc/dfdc_train_part_02/dfdc_train_part_2/vdnsbjfqkq.mp4,dfdc_train_part_2
dfdc_train_part_2_npwierprus,train,fake,/workspace/data/raw/dfdc/dfdc_train_part_02/dfdc_train_part_2/npwierprus.mp4,dfdc_train_part_2
dfdc_train_part_2_cdvwcmkcdz,train,fake,/workspace/data/raw/dfdc/dfdc_train_part_02/dfdc_train_part_2/cdvwcmkcdz.mp4,dfdc_train_part_2
dfdc_train_part_2_gawakklefk,train,fake,/workspace/data/raw/dfdc/dfdc_train_part_02/dfdc_train_part_2/gawakklefk.mp4,dfdc_train_part_2
dfdc_train_part_2_btkwpzfjbu,train,fake,/workspace/data/raw/dfdc/dfdc_train_part_02/dfdc_train_part_2/btkwpzfjbu.mp4,dfdc_train_part_2
dfdc_train_part_2_aljjmeqszq,train,fake,/workspace/data/raw/dfdc/dfdc_train_part_02/dfdc_train_part_2/aljjmeqszq.mp4,dfdc_train_part_2
dfdc_train_part_2_xeemhzcqdk,train,fake,/workspace/data/raw/dfdc/dfdc_train_part_02/dfdc_train_part_2/xeemhzcqdk.mp4,dfdc_train_part_2
dfdc_train_part_2_hevcclcklc,train,real,/workspace/data/raw/dfdc/dfdc_train_part_02/dfdc_train_part_2/hevcclcklc.mp4,dfdc_train_part_2
dfdc_train_part_2_rdhjgflrjg,train,fake,/workspace/data/raw/dfdc/dfdc_train_part_02/dfdc_train_part_2/rdhjgflrjg.mp4,dfdc_train_part_2
dfdc_train_part_2_zadumoiiwz,train,fake,/workspace/data/raw/dfdc/dfdc_train_part_02/dfdc_train_part_2/zadumoiiwz.mp4,dfdc_train_part_2
dfdc_train_part_2_pegeauyezt,train,fake,/workspace/data/raw/dfdc/dfdc_train_part_02/dfdc_train_part_2/pegeauyezt.mp4,dfdc_train_part_2
dfdc_train_part_2_tzgoroiixc,train,real,/workspace/data/raw/dfdc/dfdc_train_part_02/dfdc_train_part_2/tzgoroiixc.mp4,dfdc_train_part_2
dfdc_train_part_2_zqogalfyzb,train,fake,/workspace/data/raw/dfdc/dfdc_train_part_02/dfdc_train_part_2/zqogalfyzb.mp4,dfdc_train_part_2
dfdc_train_part_2_odidqnheoy,train,fake,/workspace/data/raw/dfdc/dfdc_train_part_02/dfdc_train_part_2/odidqnheoy.mp4,dfdc_train_part_2
dfdc_train_part_2_gpqdrkflpo,train,fake,/workspace/data/raw/dfdc/dfdc_train_part_02/dfdc_train_part_2/gpqdrkflpo.mp4,dfdc_train_part_2
dfdc_train_part_2_heurdiogcw,train,fake,/workspace/data/raw/dfdc/dfdc_train_part_02/dfdc_train_part_2/heurdiogcw.mp4,dfdc_train_part_2
dfdc_train_part_2_ovjhzdcasd,train,fake,/workspace/data/raw/dfdc/dfdc_train_part_02/dfdc_train_part_2/ovjhzdcasd.mp4,dfdc_train_part_2
dfdc_train_part_2_vpsyeajimn,train,fake,/workspace/data/raw/dfdc/dfdc_train_part_02/dfdc_train_part_2/vpsyeajimn.mp4,dfdc_train_part_2
dfdc_train_part_2_phhbzksbkx,train,fake,/workspace/data/raw/dfdc/dfdc_train_part_02/dfdc_train_part_2/phhbzksbkx.mp4,dfdc_train_part_2
dfdc_train_part_2_puupfthjwb,train,fake,/workspace/data/raw/dfdc/dfdc_train_part_02/dfdc_train_part_2/puupfthjwb.mp4,dfdc_train_part_2
dfdc_train_part_2_xrbomeyefg,train,fake,/workspace/data/raw/dfdc/dfdc_train_part_02/dfdc_train_part_2/xrbomeyefg.mp4,dfdc_train_part_2
dfdc_train_part_2_ajxpaiqcee,train,fake,/workspace/data/raw/dfdc/dfdc_train_part_02/dfdc_train_part_2/ajxpaiqcee.mp4,dfdc_train_part_2
dfdc_train_part_2_cmvncstbkx,train,fake,/workspace/data/raw/dfdc/dfdc_train_part_02/dfdc_train_part_2/cmvncstbkx.mp4,dfdc_train_part_2
dfdc_train_part_2_xhfbvmlygm,train,fake,/workspace/data/raw/dfdc/dfdc_train_part_02/dfdc_train_part_2/xhfbvmlygm.mp4,dfdc_train_part_2
dfdc_train_part_2_vwxednhlwz,train,fake,/workspace/data/raw/dfdc/dfdc_train_part_02/dfdc_train_part_2/vwxednhlwz.mp4,dfdc_train_part_2
dfdc_train_part_2_qmfxxsppvd,train,fake,/workspace/data/raw/dfdc/dfdc_train_part_02/dfdc_train_part_2/qmfxxsppvd.mp4,dfdc_train_part_2
dfdc_train_part_2_sjfgscqnvh,train,fake,/workspace/data/raw/dfdc/dfdc_train_part_02/dfdc_train_part_2/sjfgscqnvh.mp4,dfdc_train_part_2
dfdc_train_part_2_zatavvakla,train,fake,/workspace/data/raw/dfdc/dfdc_train_part_02/dfdc_train_part_2/zatavvakla.mp4,dfdc_train_part_2
dfdc_train_part_2_sblcoyjgfv,train,fake,/workspace/data/raw/dfdc/dfdc_train_part_02/dfdc_train_part_2/sblcoyjgfv.mp4,dfdc_train_part_2
dfdc_train_part_2_srpvgysqdx,train,fake,/workspace/data/raw/dfdc/dfdc_train_part_02/dfdc_train_part_2/srpvgysqdx.mp4,dfdc_train_part_2
dfdc_train_part_2_goyfxbztgl,train,fake,/workspace/data/raw/dfdc/dfdc_train_part_02/dfdc_train_part_2/goyfxbztgl.mp4,dfdc_train_part_2
dfdc_train_part_2_skhzkboasa,train,fake,/workspace/data/raw/dfdc/dfdc_train_part_02/dfdc_train_part_2/skhzkboasa.mp4,dfdc_train_part_2
dfdc_train_part_2_rhcppchebc,train,fake,/workspace/data/raw/dfdc/dfdc_train_part_02/dfdc_train_part_2/rhcppchebc.mp4,dfdc_train_part_2
dfdc_train_part_2_jfmchvdonq,train,fake,/workspace/data/raw/dfdc/dfdc_train_part_02/dfdc_train_part_2/jfmchvdonq.mp4,dfdc_train_part_2
dfdc_train_part_2_ewtygmmlsd,train,fake,/workspace/data/raw/dfdc/dfdc_train_part_02/dfdc_train_part_2/ewtygmmlsd.mp4,dfdc_train_part_2
dfdc_train_part_2_snyzrpusbn,train,fake,/workspace/data/raw/dfdc/dfdc_train_part_02/dfdc_train_part_2/snyzrpusbn.mp4,dfdc_train_part_2
dfdc_train_part_2_aljaxpxbld,train,fake,/workspace/data/raw/dfdc/dfdc_train_part_02/dfdc_train_part_2/aljaxpxbld.mp4,dfdc_train_part_2
dfdc_train_part_2_mmsxtonagc,train,fake,/workspace/data/raw/dfdc/dfdc_train_part_02/dfdc_train_part_2/mmsxtonagc.mp4,dfdc_train_part_2
dfdc_train_part_2_tkmbczjxjr,train,fake,/workspace/data/raw/dfdc/dfdc_train_part_02/dfdc_train_part_2/tkmbczjxjr.mp4,dfdc_train_part_2
dfdc_train_part_2_hwqatepsyz,train,fake,/workspace/data/raw/dfdc/dfdc_train_part_02/dfdc_train_part_2/hwqatepsyz.mp4,dfdc_train_part_2
dfdc_train_part_2_beyrhsvlrt,train,fake,/workspace/data/raw/dfdc/dfdc_train_part_02/dfdc_train_part_2/beyrhsvlrt.mp4,dfdc_train_part_2
dfdc_train_part_2_msgekmyxtc,train,fake,/workspace/data/raw/dfdc/dfdc_train_part_02/dfdc_train_part_2/msgekmyxtc.mp4,dfdc_train_part_2
dfdc_train_part_2_shxwuzwonb,train,fake,/workspace/data/raw/dfdc/dfdc_train_part_02/dfdc_train_part_2/shxwuzwonb.mp4,dfdc_train_part_2
dfdc_train_part_2_focrvumxxg,train,fake,/workspace/data/raw/dfdc/dfdc_train_part_02/dfdc_train_part_2/focrvumxxg.mp4,dfdc_train_part_2
dfdc_train_part_2_yvekmkiwoo,train,fake,/workspace/data/raw/dfdc/dfdc_train_part_02/dfdc_train_part_2/yvekmkiwoo.mp4,dfdc_train_part_2
dfdc_train_part_2_nwyqweomhm,train,fake,/workspace/data/raw/dfdc/dfdc_train_part_02/dfdc_train_part_2/nwyqweomhm.mp4,dfdc_train_part_2
dfdc_train_part_2_khdsluivuv,train,fake,/workspace/data/raw/dfdc/dfdc_train_part_02/dfdc_train_part_2/khdsluivuv.mp4,dfdc_train_part_2
dfdc_train_part_2_wqgbeadabf,train,fake,/workspace/data/raw/dfdc/dfdc_train_part_02/dfdc_train_part_2/wqgbeadabf.mp4,dfdc_train_part_2
dfdc_train_part_2_xledahfgac,train,fake,/workspace/data/raw/dfdc/dfdc_train_part_02/dfdc_train_part_2/xledahfgac.mp4,dfdc_train_part_2
dfdc_train_part_2_qlslomuczb,train,fake,/workspace/data/raw/dfdc/dfdc_train_part_02/dfdc_train_part_2/qlslomuczb.mp4,dfdc_train_part_2
dfdc_train_part_2_ibcwijeodg,train,fake,/workspace/data/raw/dfdc/dfdc_train_part_02/dfdc_train_part_2/ibcwijeodg.mp4,dfdc_train_part_2
dfdc_train_part_2_izhfkxysto,train,fake,/workspace/data/raw/dfdc/dfdc_train_part_02/dfdc_train_part_2/izhfkxysto.mp4,dfdc_train_part_2
dfdc_train_part_2_qxyrtwozyw,train,fake,/workspace/data/raw/dfdc/dfdc_train_part_02/dfdc_train_part_2/qxyrtwozyw.mp4,dfdc_train_part_2
dfdc_train_part_2_succfegxfv,train,fake,/workspace/data/raw/dfdc/dfdc_train_part_02/dfdc_train_part_2/succfegxfv.mp4,dfdc_train_part_2
dfdc_train_part_2_iredotbulx,train,fake,/workspace/data/raw/dfdc/dfdc_train_part_02/dfdc_train_part_2/iredotbulx.mp4,dfdc_train_part_2
dfdc_train_part_2_vxvdmmcyzl,train,fake,/workspace/data/raw/dfdc/dfdc_train_part_02/dfdc_train_part_2/vxvdmmcyzl.mp4,dfdc_train_part_2
dfdc_train_part_2_mkajkmnnbd,train,fake,/workspace/data/raw/dfdc/dfdc_train_part_02/dfdc_train_part_2/mkajkmnnbd.mp4,dfdc_train_part_2
dfdc_train_part_2_prgdhntsla,train,fake,/workspace/data/raw/dfdc/dfdc_train_part_02/dfdc_train_part_2/prgdhntsla.mp4,dfdc_train_part_2
dfdc_train_part_2_gbnzicjyhz,train,fake,/workspace/data/raw/dfdc/dfdc_train_part_02/dfdc_train_part_2/gbnzicjyhz.mp4,dfdc_train_part_2
dfdc_train_part_2_qynbklgrrm,train,fake,/workspace/data/raw/dfdc/dfdc_train_part_02/dfdc_train_part_2/qynbklgrrm.mp4,dfdc_train_part_2
dfdc_train_part_2_nrcikcukhf,train,fake,/workspace/data/raw/dfdc/dfdc_train_part_02/dfdc_train_part_2/nrcikcukhf.mp4,dfdc_train_part_2
dfdc_train_part_2_bpogbhuwvd,train,fake,/workspace/data/raw/dfdc/dfdc_train_part_02/dfdc_train_part_2/bpogbhuwvd.mp4,dfdc_train_part_2
dfdc_train_part_2_izihkrhcep,train,fake,/workspace/data/raw/dfdc/dfdc_train_part_02/dfdc_train_part_2/izihkrhcep.mp4,dfdc_train_part_2
dfdc_train_part_2_tbsgtffckm,train,fake,/workspace/data/raw/dfdc/dfdc_train_part_02/dfdc_train_part_2/tbsgtffckm.mp4,dfdc_train_part_2
dfdc_train_part_2_bkmtxhrlsl,train,fake,/workspace/data/raw/dfdc/dfdc_train_part_02/dfdc_train_part_2/bkmtxhrlsl.mp4,dfdc_train_part_2
dfdc_train_part_2_mvcochjior,train,fake,/workspace/data/raw/dfdc/dfdc_train_part_02/dfdc_train_part_2/mvcochjior.mp4,dfdc_train_part_2
dfdc_train_part_2_bfibrgtvjc,train,fake,/workspace/data/raw/dfdc/dfdc_train_part_02/dfdc_train_part_2/bfibrgtvjc.mp4,dfdc_train_part_2
dfdc_train_part_2_mlxbtnifob,train,fake,/workspace/data/raw/dfdc/dfdc_train_part_02/dfdc_train_part_2/mlxbtnifob.mp4,dfdc_train_part_2
dfdc_train_part_2_tzoiwglzin,train,fake,/workspace/data/raw/dfdc/dfdc_train_part_02/dfdc_train_part_2/tzoiwglzin.mp4,dfdc_train_part_2
dfdc_train_part_2_bnexllrfsq,train,fake,/workspace/data/raw/dfdc/dfdc_train_part_02/dfdc_train_part_2/bnexllrfsq.mp4,dfdc_train_part_2
dfdc_train_part_2_hphgvxgldu,train,fake,/workspace/data/raw/dfdc/dfdc_train_part_02/dfdc_train_part_2/hphgvxgldu.mp4,dfdc_train_part_2
dfdc_train_part_2_peziuqyoov,train,fake,/workspace/data/raw/dfdc/dfdc_train_part_02/dfdc_train_part_2/peziuqyoov.mp4,dfdc_train_part_2
dfdc_train_part_2_oiqbnoptif,train,fake,/workspace/data/raw/dfdc/dfdc_train_part_02/dfdc_train_part_2/oiqbnoptif.mp4,dfdc_train_part_2
dfdc_train_part_2_rtuoohyikq,train,fake,/workspace/data/raw/dfdc/dfdc_train_part_02/dfdc_train_part_2/rtuoohyikq.mp4,dfdc_train_part_2
dfdc_train_part_2_tirwaljykv,train,fake,/workspace/data/raw/dfdc/dfdc_train_part_02/dfdc_train_part_2/tirwaljykv.mp4,dfdc_train_part_2
dfdc_train_part_2_ipkpxvwroe,train,fake,/workspace/data/raw/dfdc/dfdc_train_part_02/dfdc_train_part_2/ipkpxvwroe.mp4,dfdc_train_part_2
dfdc_train_part_2_kbjxzyywjv,train,fake,/workspace/data/raw/dfdc/dfdc_train_part_02/dfdc_train_part_2/kbjxzyywjv.mp4,dfdc_train_part_2
dfdc_train_part_2_qgxpbdjclw,train,fake,/workspace/data/raw/dfdc/dfdc_train_part_02/dfdc_train_part_2/qgxpbdjclw.mp4,dfdc_train_part_2
dfdc_train_part_2_ryxaqpfubf,train,fake,/workspace/data/raw/dfdc/dfdc_train_part_02/dfdc_train_part_2/ryxaqpfubf.mp4,dfdc_train_part_2
dfdc_train_part_2_axlbzcbfzt,train,fake,/workspace/data/raw/dfdc/dfdc_train_part_02/dfdc_train_part_2/axlbzcbfzt.mp4,dfdc_train_part_2
dfdc_train_part_2_gtqqtxgvox,train,fake,/workspace/data/raw/dfdc/dfdc_train_part_02/dfdc_train_part_2/gtqqtxgvox.mp4,dfdc_train_part_2
dfdc_train_part_2_pfopkowwfo,train,fake,/workspace/data/raw/dfdc/dfdc_train_part_02/dfdc_train_part_2/pfopkowwfo.mp4,dfdc_train_part_2
dfdc_train_part_2_ahjnxtiamx,train,fake,/workspace/data/raw/dfdc/dfdc_train_part_02/dfdc_train_part_2/ahjnxtiamx.mp4,dfdc_train_part_2
dfdc_train_part_2_phnjyrcrro,train,fake,/workspace/data/raw/dfdc/dfdc_train_part_02/dfdc_train_part_2/phnjyrcrro.mp4,dfdc_train_part_2
dfdc_train_part_2_yvfhtwraue,train,fake,/workspace/data/raw/dfdc/dfdc_train_part_02/dfdc_train_part_2/yvfhtwraue.mp4,dfdc_train_part_2
dfdc_train_part_2_wcpfmnysix,train,fake,/workspace/data/raw/dfdc/dfdc_train_part_02/dfdc_train_part_2/wcpfmnysix.mp4,dfdc_train_part_2
dfdc_train_part_2_hhyuqudlfw,train,fake,/workspace/data/raw/dfdc/dfdc_train_part_02/dfdc_train_part_2/hhyuqudlfw.mp4,dfdc_train_part_2
dfdc_train_part_2_foohyhbmhe,train,fake,/workspace/data/raw/dfdc/dfdc_train_part_02/dfdc_train_part_2/foohyhbmhe.mp4,dfdc_train_part_2
dfdc_train_part_2_yledmqctba,train,fake,/workspace/data/raw/dfdc/dfdc_train_part_02/dfdc_train_part_2/yledmqctba.mp4,dfdc_train_part_2
dfdc_train_part_2_qxngihsrxl,train,fake,/workspace/data/raw/dfdc/dfdc_train_part_02/dfdc_train_part_2/qxngihsrxl.mp4,dfdc_train_part_2
dfdc_train_part_2_iznnzjvaxc,train,fake,/workspace/data/raw/dfdc/dfdc_train_part_02/dfdc_train_part_2/iznnzjvaxc.mp4,dfdc_train_part_2
dfdc_train_part_2_uzkbktgrom,train,fake,/workspace/data/raw/dfdc/dfdc_train_part_02/dfdc_train_part_2/uzkbktgrom.mp4,dfdc_train_part_2
dfdc_train_part_2_nbuegvjmjy,train,fake,/workspace/data/raw/dfdc/dfdc_train_part_02/dfdc_train_part_2/nbuegvjmjy.mp4,dfdc_train_part_2
dfdc_train_part_2_hqzmuisipr,train,fake,/workspace/data/raw/dfdc/dfdc_train_part_02/dfdc_train_part_2/hqzmuisipr.mp4,dfdc_train_part_2
dfdc_train_part_2_bsghddlheb,train,fake,/workspace/data/raw/dfdc/dfdc_train_part_02/dfdc_train_part_2/bsghddlheb.mp4,dfdc_train_part_2
dfdc_train_part_2_mlivldbdxg,train,fake,/workspace/data/raw/dfdc/dfdc_train_part_02/dfdc_train_part_2/mlivldbdxg.mp4,dfdc_train_part_2
dfdc_train_part_2_eexwytsgqy,train,fake,/workspace/data/raw/dfdc/dfdc_train_part_02/dfdc_train_part_2/eexwytsgqy.mp4,dfdc_train_part_2
dfdc_train_part_2_uwdoybmqes,train,fake,/workspace/data/raw/dfdc/dfdc_train_part_02/dfdc_train_part_2/uwdoybmqes.mp4,dfdc_train_part_2
dfdc_train_part_2_cnqvsvshlv,train,fake,/workspace/data/raw/dfdc/dfdc_train_part_02/dfdc_train_part_2/cnqvsvshlv.mp4,dfdc_train_part_2
dfdc_train_part_2_wmoqzxddkb,train,real,/workspace/data/raw/dfdc/dfdc_train_part_02/dfdc_train_part_2/wmoqzxddkb.mp4,dfdc_train_part_2
dfdc_train_part_2_dcqodpzomd,train,fake,/workspace/data/raw/dfdc/dfdc_train_part_02/dfdc_train_part_2/dcqodpzomd.mp4,dfdc_train_part_2
dfdc_train_part_2_leymeqbzho,train,fake,/workspace/data/raw/dfdc/dfdc_train_part_02/dfdc_train_part_2/leymeqbzho.mp4,dfdc_train_part_2
dfdc_train_part_2_udpmeyovdm,train,fake,/workspace/data/raw/dfdc/dfdc_train_part_02/dfdc_train_part_2/udpmeyovdm.mp4,dfdc_train_part_2
dfdc_train_part_2_pkmeeggcyy,train,fake,/workspace/data/raw/dfdc/dfdc_train_part_02/dfdc_train_part_2/pkmeeggcyy.mp4,dfdc_train_part_2
dfdc_train_part_2_sqintuggou,train,fake,/workspace/data/raw/dfdc/dfdc_train_part_02/dfdc_train_part_2/sqintuggou.mp4,dfdc_train_part_2
dfdc_train_part_2_qxondxofry,train,fake,/workspace/data/raw/dfdc/dfdc_train_part_02/dfdc_train_part_2/qxondxofry.mp4,dfdc_train_part_2
dfdc_train_part_2_kvnxaqrjgf,train,fake,/workspace/data/raw/dfdc/dfdc_train_part_02/dfdc_train_part_2/kvnxaqrjgf.mp4,dfdc_train_part_2
dfdc_train_part_2_tukwtgucft,train,fake,/workspace/data/raw/dfdc/dfdc_train_part_02/dfdc_train_part_2/tukwtgucft.mp4,dfdc_train_part_2
dfdc_train_part_2_wuhsetsmba,train,fake,/workspace/data/raw/dfdc/dfdc_train_part_02/dfdc_train_part_2/wuhsetsmba.mp4,dfdc_train_part_2
dfdc_train_part_2_oxfptozvcf,train,fake,/workspace/data/raw/dfdc/dfdc_train_part_02/dfdc_train_part_2/oxfptozvcf.mp4,dfdc_train_part_2
dfdc_train_part_2_saokspyemj,train,fake,/workspace/data/raw/dfdc/dfdc_train_part_02/dfdc_train_part_2/saokspyemj.mp4,dfdc_train_part_2
dfdc_train_part_2_gratgukhkl,train,fake,/workspace/data/raw/dfdc/dfdc_train_part_02/dfdc_train_part_2/gratgukhkl.mp4,dfdc_train_part_2
dfdc_train_part_2_wfqurpfpmy,train,fake,/workspace/data/raw/dfdc/dfdc_train_part_02/dfdc_train_part_2/wfqurpfpmy.mp4,dfdc_train_part_2
dfdc_train_part_2_muvoviysrd,train,fake,/workspace/data/raw/dfdc/dfdc_train_part_02/dfdc_train_part_2/muvoviysrd.mp4,dfdc_train_part_2
dfdc_train_part_2_djutslakvn,train,fake,/workspace/data/raw/dfdc/dfdc_train_part_02/dfdc_train_part_2/djutslakvn.mp4,dfdc_train_part_2
dfdc_train_part_2_ladpdxhyeu,train,fake,/workspace/data/raw/dfdc/dfdc_train_part_02/dfdc_train_part_2/ladpdxhyeu.mp4,dfdc_train_part_2
dfdc_train_part_2_knymzrjvso,train,fake,/workspace/data/raw/dfdc/dfdc_train_part_02/dfdc_train_part_2/knymzrjvso.mp4,dfdc_train_part_2
dfdc_train_part_2_wixujncvee,train,real,/workspace/data/raw/dfdc/dfdc_train_part_02/dfdc_train_part_2/wixujncvee.mp4,dfdc_train_part_2
dfdc_train_part_2_btdxnajogv,train,real,/workspace/data/raw/dfdc/dfdc_train_part_02/dfdc_train_part_2/btdxnajogv.mp4,dfdc_train_part_2
dfdc_train_part_2_hszwwswewp,train,real,/workspace/data/raw/dfdc/dfdc_train_part_02/dfdc_train_part_2/hszwwswewp.mp4,dfdc_train_part_2
dfdc_train_part_2_jgpsgbqyop,train,fake,/workspace/data/raw/dfdc/dfdc_train_part_02/dfdc_train_part_2/jgpsgbqyop.mp4,dfdc_train_part_2
dfdc_train_part_2_uoalgiliqp,train,fake,/workspace/data/raw/dfdc/dfdc_train_part_02/dfdc_train_part_2/uoalgiliqp.mp4,dfdc_train_part_2
dfdc_train_part_2_jiynwlziwv,train,fake,/workspace/data/raw/dfdc/dfdc_train_part_02/dfdc_train_part_2/jiynwlziwv.mp4,dfdc_train_part_2
dfdc_train_part_2_cwosvnnasn,train,fake,/workspace/data/raw/dfdc/dfdc_train_part_02/dfdc_train_part_2/cwosvnnasn.mp4,dfdc_train_part_2
dfdc_train_part_2_ccmovtuglt,train,fake,/workspace/data/raw/dfdc/dfdc_train_part_02/dfdc_train_part_2/ccmovtuglt.mp4,dfdc_train_part_2
dfdc_train_part_2_zlidzhghkw,train,fake,/workspace/data/raw/dfdc/dfdc_train_part_02/dfdc_train_part_2/zlidzhghkw.mp4,dfdc_train_part_2
dfdc_train_part_2_yhyzylsuxz,train,fake,/workspace/data/raw/dfdc/dfdc_train_part_02/dfdc_train_part_2/yhyzylsuxz.mp4,dfdc_train_part_2
dfdc_train_part_2_hqucoizzbg,train,fake,/workspace/data/raw/dfdc/dfdc_train_part_02/dfdc_train_part_2/hqucoizzbg.mp4,dfdc_train_part_2
dfdc_train_part_2_yxuyvapdid,train,fake,/workspace/data/raw/dfdc/dfdc_train_part_02/dfdc_train_part_2/yxuyvapdid.mp4,dfdc_train_part_2
dfdc_train_part_2_dbsldpxnfg,train,fake,/workspace/data/raw/dfdc/dfdc_train_part_02/dfdc_train_part_2/dbsldpxnfg.mp4,dfdc_train_part_2
dfdc_train_part_2_xdhwwujuci,train,fake,/workspace/data/raw/dfdc/dfdc_train_part_02/dfdc_train_part_2/xdhwwujuci.mp4,dfdc_train_part_2
dfdc_train_part_2_bhxvkeygvv,train,fake,/workspace/data/raw/dfdc/dfdc_train_part_02/dfdc_train_part_2/bhxvkeygvv.mp4,dfdc_train_part_2
dfdc_train_part_2_xrtvqhdibb,train,fake,/workspace/data/raw/dfdc/dfdc_train_part_02/dfdc_train_part_2/xrtvqhdibb.mp4,dfdc_train_part_2
dfdc_train_part_2_cdkmzuoeqi,train,fake,/workspace/data/raw/dfdc/dfdc_train_part_02/dfdc_train_part_2/cdkmzuoeqi.mp4,dfdc_train_part_2
dfdc_train_part_2_moytbqbnun,train,fake,/workspace/data/raw/dfdc/dfdc_train_part_02/dfdc_train_part_2/moytbqbnun.mp4,dfdc_train_part_2
dfdc_train_part_2_ujlvwgyhgk,train,fake,/workspace/data/raw/dfdc/dfdc_train_part_02/dfdc_train_part_2/ujlvwgyhgk.mp4,dfdc_train_part_2
dfdc_train_part_2_zaxqombvou,train,fake,/workspace/data/raw/dfdc/dfdc_train_part_02/dfdc_train_part_2/zaxqombvou.mp4,dfdc_train_part_2
dfdc_train_part_2_hbcmorypjy,train,fake,/workspace/data/raw/dfdc/dfdc_train_part_02/dfdc_train_part_2/hbcmorypjy.mp4,dfdc_train_part_2
dfdc_train_part_2_uvrzaczrbx,train,real,/workspace/data/raw/dfdc/dfdc_train_part_02/dfdc_train_part_2/uvrzaczrbx.mp4,dfdc_train_part_2
dfdc_train_part_2_uwvlwwkbow,train,fake,/workspace/data/raw/dfdc/dfdc_train_part_02/dfdc_train_part_2/uwvlwwkbow.mp4,dfdc_train_part_2
dfdc_train_part_2_ocgdbrgmtq,train,real,/workspace/data/raw/dfdc/dfdc_train_part_02/dfdc_train_part_2/ocgdbrgmtq.mp4,dfdc_train_part_2
dfdc_train_part_2_urmgsrkwid,train,fake,/workspace/data/raw/dfdc/dfdc_train_part_02/dfdc_train_part_2/urmgsrkwid.mp4,dfdc_train_part_2
dfdc_train_part_2_robdthvplg,train,fake,/workspace/data/raw/dfdc/dfdc_train_part_02/dfdc_train_part_2/robdthvplg.mp4,dfdc_train_part_2
dfdc_train_part_2_kpwhjcpkhg,train,fake,/workspace/data/raw/dfdc/dfdc_train_part_02/dfdc_train_part_2/kpwhjcpkhg.mp4,dfdc_train_part_2
dfdc_train_part_2_htsicgwcfb,train,fake,/workspace/data/raw/dfdc/dfdc_train_part_02/dfdc_train_part_2/htsicgwcfb.mp4,dfdc_train_part_2
dfdc_train_part_2_ueqfshfour,train,fake,/workspace/data/raw/dfdc/dfdc_train_part_02/dfdc_train_part_2/ueqfshfour.mp4,dfdc_train_part_2
dfdc_train_part_2_twuncucpuc,train,fake,/workspace/data/raw/dfdc/dfdc_train_part_02/dfdc_train_part_2/twuncucpuc.mp4,dfdc_train_part_2
dfdc_train_part_2_kxkpozbwhz,train,fake,/workspace/data/raw/dfdc/dfdc_train_part_02/dfdc_train_part_2/kxkpozbwhz.mp4,dfdc_train_part_2
dfdc_train_part_2_shefxrlguk,train,fake,/workspace/data/raw/dfdc/dfdc_train_part_02/dfdc_train_part_2/shefxrlguk.mp4,dfdc_train_part_2
dfdc_train_part_2_rmvbrxpjwn,train,fake,/workspace/data/raw/dfdc/dfdc_train_part_02/dfdc_train_part_2/rmvbrxpjwn.mp4,dfdc_train_part_2
dfdc_train_part_2_yvpujjznsn,train,fake,/workspace/data/raw/dfdc/dfdc_train_part_02/dfdc_train_part_2/yvpujjznsn.mp4,dfdc_train_part_2
dfdc_train_part_2_mxzuznbuki,train,fake,/workspace/data/raw/dfdc/dfdc_train_part_02/dfdc_train_part_2/mxzuznbuki.mp4,dfdc_train_part_2
dfdc_train_part_2_hgzfyettbv,train,fake,/workspace/data/raw/dfdc/dfdc_train_part_02/dfdc_train_part_2/hgzfyettbv.mp4,dfdc_train_part_2
dfdc_train_part_2_okgelildpc,train,fake,/workspace/data/raw/dfdc/dfdc_train_part_02/dfdc_train_part_2/okgelildpc.mp4,dfdc_train_part_2
dfdc_train_part_2_hfmgqguilx,train,fake,/workspace/data/raw/dfdc/dfdc_train_part_02/dfdc_train_part_2/hfmgqguilx.mp4,dfdc_train_part_2
dfdc_train_part_2_znbkflxgoy,train,fake,/workspace/data/raw/dfdc/dfdc_train_part_02/dfdc_train_part_2/znbkflxgoy.mp4,dfdc_train_part_2
dfdc_train_part_2_kiyvsruaai,train,real,/workspace/data/raw/dfdc/dfdc_train_part_02/dfdc_train_part_2/kiyvsruaai.mp4,dfdc_train_part_2
dfdc_train_part_2_isoiooeznt,train,fake,/workspace/data/raw/dfdc/dfdc_train_part_02/dfdc_train_part_2/isoiooeznt.mp4,dfdc_train_part_2
dfdc_train_part_2_kzimphuypd,train,fake,/workspace/data/raw/dfdc/dfdc_train_part_02/dfdc_train_part_2/kzimphuypd.mp4,dfdc_train_part_2
dfdc_train_part_2_olxfrrwxek,train,fake,/workspace/data/raw/dfdc/dfdc_train_part_02/dfdc_train_part_2/olxfrrwxek.mp4,dfdc_train_part_2
dfdc_train_part_2_gujltqnimc,train,fake,/workspace/data/raw/dfdc/dfdc_train_part_02/dfdc_train_part_2/gujltqnimc.mp4,dfdc_train_part_2
dfdc_train_part_2_epcusefpzr,train,fake,/workspace/data/raw/dfdc/dfdc_train_part_02/dfdc_train_part_2/epcusefpzr.mp4,dfdc_train_part_2
dfdc_train_part_2_blvpaewknn,train,fake,/workspace/data/raw/dfdc/dfdc_train_part_02/dfdc_train_part_2/blvpaewknn.mp4,dfdc_train_part_2
dfdc_train_part_2_etfyvfbnbm,train,fake,/workspace/data/raw/dfdc/dfdc_train_part_02/dfdc_train_part_2/etfyvfbnbm.mp4,dfdc_train_part_2
dfdc_train_part_2_eerhmzaebh,train,real,/workspace/data/raw/dfdc/dfdc_train_part_02/dfdc_train_part_2/eerhmzaebh.mp4,dfdc_train_part_2
dfdc_train_part_2_qksjhpeiae,train,fake,/workspace/data/raw/dfdc/dfdc_train_part_02/dfdc_train_part_2/qksjhpeiae.mp4,dfdc_train_part_2
dfdc_train_part_2_jmwrfurpcp,train,fake,/workspace/data/raw/dfdc/dfdc_train_part_02/dfdc_train_part_2/jmwrfurpcp.mp4,dfdc_train_part_2
dfdc_train_part_2_xxbpamwotq,train,fake,/workspace/data/raw/dfdc/dfdc_train_part_02/dfdc_train_part_2/xxbpamwotq.mp4,dfdc_train_part_2
dfdc_train_part_2_ukavvqeufc,train,fake,/workspace/data/raw/dfdc/dfdc_train_part_02/dfdc_train_part_2/ukavvqeufc.mp4,dfdc_train_part_2
dfdc_train_part_2_tnxvuevtqp,train,fake,/workspace/data/raw/dfdc/dfdc_train_part_02/dfdc_train_part_2/tnxvuevtqp.mp4,dfdc_train_part_2
dfdc_train_part_2_ybvefuzbmr,train,fake,/workspace/data/raw/dfdc/dfdc_train_part_02/dfdc_train_part_2/ybvefuzbmr.mp4,dfdc_train_part_2
dfdc_train_part_2_dcfodaqazt,train,real,/workspace/data/raw/dfdc/dfdc_train_part_02/dfdc_train_part_2/dcfodaqazt.mp4,dfdc_train_part_2
dfdc_train_part_2_uesrhvqztn,train,fake,/workspace/data/raw/dfdc/dfdc_train_part_02/dfdc_train_part_2/uesrhvqztn.mp4,dfdc_train_part_2
dfdc_train_part_2_lbawmmqveg,train,fake,/workspace/data/raw/dfdc/dfdc_train_part_02/dfdc_train_part_2/lbawmmqveg.mp4,dfdc_train_part_2
dfdc_train_part_2_aklyvmtbnz,train,fake,/workspace/data/raw/dfdc/dfdc_train_part_02/dfdc_train_part_2/aklyvmtbnz.mp4,dfdc_train_part_2
dfdc_train_part_2_cvbckybaaq,train,fake,/workspace/data/raw/dfdc/dfdc_train_part_02/dfdc_train_part_2/cvbckybaaq.mp4,dfdc_train_part_2
dfdc_train_part_2_atzbzdzkep,train,fake,/workspace/data/raw/dfdc/dfdc_train_part_02/dfdc_train_part_2/atzbzdzkep.mp4,dfdc_train_part_2
dfdc_train_part_2_scaptkelpb,train,fake,/workspace/data/raw/dfdc/dfdc_train_part_02/dfdc_train_part_2/scaptkelpb.mp4,dfdc_train_part_2
dfdc_train_part_2_mlaxxgpqlx,train,fake,/workspace/data/raw/dfdc/dfdc_train_part_02/dfdc_train_part_2/mlaxxgpqlx.mp4,dfdc_train_part_2
dfdc_train_part_2_xtsvrqyzdv,train,fake,/workspace/data/raw/dfdc/dfdc_train_part_02/dfdc_train_part_2/xtsvrqyzdv.mp4,dfdc_train_part_2
dfdc_train_part_2_yjkcewkhhn,train,real,/workspace/data/raw/dfdc/dfdc_train_part_02/dfdc_train_part_2/yjkcewkhhn.mp4,dfdc_train_part_2
dfdc_train_part_2_kiafndyzjw,train,fake,/workspace/data/raw/dfdc/dfdc_train_part_02/dfdc_train_part_2/kiafndyzjw.mp4,dfdc_train_part_2
dfdc_train_part_2_rxkpsfadjt,train,fake,/workspace/data/raw/dfdc/dfdc_train_part_02/dfdc_train_part_2/rxkpsfadjt.mp4,dfdc_train_part_2
dfdc_train_part_2_zzaoxzcddu,train,fake,/workspace/data/raw/dfdc/dfdc_train_part_02/dfdc_train_part_2/zzaoxzcddu.mp4,dfdc_train_part_2
dfdc_train_part_2_vejylrlysf,train,fake,/workspace/data/raw/dfdc/dfdc_train_part_02/dfdc_train_part_2/vejylrlysf.mp4,dfdc_train_part_2
dfdc_train_part_2_rmqadoreht,train,fake,/workspace/data/raw/dfdc/dfdc_train_part_02/dfdc_train_part_2/rmqadoreht.mp4,dfdc_train_part_2
dfdc_train_part_2_xxjnvhixka,train,fake,/workspace/data/raw/dfdc/dfdc_train_part_02/dfdc_train_part_2/xxjnvhixka.mp4,dfdc_train_part_2
dfdc_train_part_2_jdsqboubqm,train,fake,/workspace/data/raw/dfdc/dfdc_train_part_02/dfdc_train_part_2/jdsqboubqm.mp4,dfdc_train_part_2
dfdc_train_part_2_ychpnlmlkm,train,fake,/workspace/data/raw/dfdc/dfdc_train_part_02/dfdc_train_part_2/ychpnlmlkm.mp4,dfdc_train_part_2
dfdc_train_part_2_gfaokyqycj,train,fake,/workspace/data/raw/dfdc/dfdc_train_part_02/dfdc_train_part_2/gfaokyqycj.mp4,dfdc_train_part_2
dfdc_train_part_2_udbsdiyrus,train,fake,/workspace/data/raw/dfdc/dfdc_train_part_02/dfdc_train_part_2/udbsdiyrus.mp4,dfdc_train_part_2
dfdc_train_part_2_hrfesnigjd,train,fake,/workspace/data/raw/dfdc/dfdc_train_part_02/dfdc_train_part_2/hrfesnigjd.mp4,dfdc_train_part_2
dfdc_train_part_2_rnyljaxyvd,train,fake,/workspace/data/raw/dfdc/dfdc_train_part_02/dfdc_train_part_2/rnyljaxyvd.mp4,dfdc_train_part_2
dfdc_train_part_2_hkisgdxmqe,train,fake,/workspace/data/raw/dfdc/dfdc_train_part_02/dfdc_train_part_2/hkisgdxmqe.mp4,dfdc_train_part_2
dfdc_train_part_2_vevbgrnncl,train,fake,/workspace/data/raw/dfdc/dfdc_train_part_02/dfdc_train_part_2/vevbgrnncl.mp4,dfdc_train_part_2
dfdc_train_part_2_idfnodkdkz,train,fake,/workspace/data/raw/dfdc/dfdc_train_part_02/dfdc_train_part_2/idfnodkdkz.mp4,dfdc_train_part_2
dfdc_train_part_2_qbysbsszfy,train,fake,/workspace/data/raw/dfdc/dfdc_train_part_02/dfdc_train_part_2/qbysbsszfy.mp4,dfdc_train_part_2
dfdc_train_part_2_qxyuqjzblq,train,fake,/workspace/data/raw/dfdc/dfdc_train_part_02/dfdc_train_part_2/qxyuqjzblq.mp4,dfdc_train_part_2
dfdc_train_part_2_irjhgojodp,train,fake,/workspace/data/raw/dfdc/dfdc_train_part_02/dfdc_train_part_2/irjhgojodp.mp4,dfdc_train_part_2
dfdc_train_part_2_zdihvtnqgi,train,fake,/workspace/data/raw/dfdc/dfdc_train_part_02/dfdc_train_part_2/zdihvtnqgi.mp4,dfdc_train_part_2
dfdc_train_part_2_aekcmnblby,train,fake,/workspace/data/raw/dfdc/dfdc_train_part_02/dfdc_train_part_2/aekcmnblby.mp4,dfdc_train_part_2
dfdc_train_part_2_meumybmwti,train,fake,/workspace/data/raw/dfdc/dfdc_train_part_02/dfdc_train_part_2/meumybmwti.mp4,dfdc_train_part_2
dfdc_train_part_2_dgmsyauuvv,train,fake,/workspace/data/raw/dfdc/dfdc_train_part_02/dfdc_train_part_2/dgmsyauuvv.mp4,dfdc_train_part_2
dfdc_train_part_2_iggfjxzsbf,train,fake,/workspace/data/raw/dfdc/dfdc_train_part_02/dfdc_train_part_2/iggfjxzsbf.mp4,dfdc_train_part_2
dfdc_train_part_2_udpmccmnpt,train,fake,/workspace/data/raw/dfdc/dfdc_train_part_02/dfdc_train_part_2/udpmccmnpt.mp4,dfdc_train_part_2
dfdc_train_part_2_hzlfdbtbau,train,real,/workspace/data/raw/dfdc/dfdc_train_part_02/dfdc_train_part_2/hzlfdbtbau.mp4,dfdc_train_part_2
dfdc_train_part_2_dnmowthjcj,train,real,/workspace/data/raw/dfdc/dfdc_train_part_02/dfdc_train_part_2/dnmowthjcj.mp4,dfdc_train_part_2
dfdc_train_part_2_xzkikmghps,train,real,/workspace/data/raw/dfdc/dfdc_train_part_02/dfdc_train_part_2/xzkikmghps.mp4,dfdc_train_part_2
dfdc_train_part_2_xfevpccbrl,train,fake,/workspace/data/raw/dfdc/dfdc_train_part_02/dfdc_train_part_2/xfevpccbrl.mp4,dfdc_train_part_2
dfdc_train_part_2_nrzgbofbkb,train,fake,/workspace/data/raw/dfdc/dfdc_train_part_02/dfdc_train_part_2/nrzgbofbkb.mp4,dfdc_train_part_2
dfdc_train_part_2_zzaiypxdnt,train,fake,/workspace/data/raw/dfdc/dfdc_train_part_02/dfdc_train_part_2/zzaiypxdnt.mp4,dfdc_train_part_2
dfdc_train_part_2_vaozzirfnj,train,fake,/workspace/data/raw/dfdc/dfdc_train_part_02/dfdc_train_part_2/vaozzirfnj.mp4,dfdc_train_part_2
dfdc_train_part_2_smupitfsdm,train,fake,/workspace/data/raw/dfdc/dfdc_train_part_02/dfdc_train_part_2/smupitfsdm.mp4,dfdc_train_part_2
dfdc_train_part_2_sarfklalnp,train,fake,/workspace/data/raw/dfdc/dfdc_train_part_02/dfdc_train_part_2/sarfklalnp.mp4,dfdc_train_part_2
dfdc_train_part_2_iovyuzcrsy,train,fake,/workspace/data/raw/dfdc/dfdc_train_part_02/dfdc_train_part_2/iovyuzcrsy.mp4,dfdc_train_part_2
dfdc_train_part_2_bithritjse,train,fake,/workspace/data/raw/dfdc/dfdc_train_part_02/dfdc_train_part_2/bithritjse.mp4,dfdc_train_part_2
dfdc_train_part_2_crawadrnaa,train,fake,/workspace/data/raw/dfdc/dfdc_train_part_02/dfdc_train_part_2/crawadrnaa.mp4,dfdc_train_part_2
dfdc_train_part_2_iugyekhggd,train,fake,/workspace/data/raw/dfdc/dfdc_train_part_02/dfdc_train_part_2/iugyekhggd.mp4,dfdc_train_part_2
dfdc_train_part_2_dnvystgwyo,train,fake,/workspace/data/raw/dfdc/dfdc_train_part_02/dfdc_train_part_2/dnvystgwyo.mp4,dfdc_train_part_2
dfdc_train_part_2_xmbgflopiw,train,fake,/workspace/data/raw/dfdc/dfdc_train_part_02/dfdc_train_part_2/xmbgflopiw.mp4,dfdc_train_part_2
dfdc_train_part_2_lidetzyzjl,train,fake,/workspace/data/raw/dfdc/dfdc_train_part_02/dfdc_train_part_2/lidetzyzjl.mp4,dfdc_train_part_2
dfdc_train_part_2_dvduupuoqx,train,fake,/workspace/data/raw/dfdc/dfdc_train_part_02/dfdc_train_part_2/dvduupuoqx.mp4,dfdc_train_part_2
dfdc_train_part_2_qclpbcbgeq,train,real,/workspace/data/raw/dfdc/dfdc_train_part_02/dfdc_train_part_2/qclpbcbgeq.mp4,dfdc_train_part_2
dfdc_train_part_2_ayipraspbn,train,real,/workspace/data/raw/dfdc/dfdc_train_part_02/dfdc_train_part_2/ayipraspbn.mp4,dfdc_train_part_2
dfdc_train_part_2_faeusxtffd,train,fake,/workspace/data/raw/dfdc/dfdc_train_part_02/dfdc_train_part_2/faeusxtffd.mp4,dfdc_train_part_2
dfdc_train_part_2_cjkctqqakb,train,fake,/workspace/data/raw/dfdc/dfdc_train_part_02/dfdc_train_part_2/cjkctqqakb.mp4,dfdc_train_part_2
dfdc_train_part_2_smcdowcbzj,train,fake,/workspace/data/raw/dfdc/dfdc_train_part_02/dfdc_train_part_2/smcdowcbzj.mp4,dfdc_train_part_2
dfdc_train_part_2_mnzabbkpmt,train,real,/workspace/data/raw/dfdc/dfdc_train_part_02/dfdc_train_part_2/mnzabbkpmt.mp4,dfdc_train_part_2
dfdc_train_part_2_qctcumfqty,train,fake,/workspace/data/raw/dfdc/dfdc_train_part_02/dfdc_train_part_2/qctcumfqty.mp4,dfdc_train_part_2
dfdc_train_part_2_sqprxjgzlr,train,fake,/workspace/data/raw/dfdc/dfdc_train_part_02/dfdc_train_part_2/sqprxjgzlr.mp4,dfdc_train_part_2
dfdc_train_part_2_bjcesbmllx,train,fake,/workspace/data/raw/dfdc/dfdc_train_part_02/dfdc_train_part_2/bjcesbmllx.mp4,dfdc_train_part_2
dfdc_train_part_2_yiuxwriwmc,train,fake,/workspace/data/raw/dfdc/dfdc_train_part_02/dfdc_train_part_2/yiuxwriwmc.mp4,dfdc_train_part_2
dfdc_train_part_2_vlruzzuvrf,train,fake,/workspace/data/raw/dfdc/dfdc_train_part_02/dfdc_train_part_2/vlruzzuvrf.mp4,dfdc_train_part_2
dfdc_train_part_2_gonamxyjrp,train,fake,/workspace/data/raw/dfdc/dfdc_train_part_02/dfdc_train_part_2/gonamxyjrp.mp4,dfdc_train_part_2
dfdc_train_part_2_qcmpjhmsuf,train,fake,/workspace/data/raw/dfdc/dfdc_train_part_02/dfdc_train_part_2/qcmpjhmsuf.mp4,dfdc_train_part_2
dfdc_train_part_2_ifyvrzecye,train,fake,/workspace/data/raw/dfdc/dfdc_train_part_02/dfdc_train_part_2/ifyvrzecye.mp4,dfdc_train_part_2
dfdc_train_part_2_bearkodqxk,train,fake,/workspace/data/raw/dfdc/dfdc_train_part_02/dfdc_train_part_2/bearkodqxk.mp4,dfdc_train_part_2
dfdc_train_part_2_pejnqlovvf,train,fake,/workspace/data/raw/dfdc/dfdc_train_part_02/dfdc_train_part_2/pejnqlovvf.mp4,dfdc_train_part_2
dfdc_train_part_2_ojyazraovz,train,fake,/workspace/data/raw/dfdc/dfdc_train_part_02/dfdc_train_part_2/ojyazraovz.mp4,dfdc_train_part_2
dfdc_train_part_2_pvpfmghnif,train,fake,/workspace/data/raw/dfdc/dfdc_train_part_02/dfdc_train_part_2/pvpfmghnif.mp4,dfdc_train_part_2
dfdc_train_part_2_qdogpgieqw,train,fake,/workspace/data/raw/dfdc/dfdc_train_part_02/dfdc_train_part_2/qdogpgieqw.mp4,dfdc_train_part_2
dfdc_train_part_2_rvjwtvplxb,train,fake,/workspace/data/raw/dfdc/dfdc_train_part_02/dfdc_train_part_2/rvjwtvplxb.mp4,dfdc_train_part_2
dfdc_train_part_2_xybwacgcsx,train,fake,/workspace/data/raw/dfdc/dfdc_train_part_02/dfdc_train_part_2/xybwacgcsx.mp4,dfdc_train_part_2
dfdc_train_part_2_hmgxdnxjsi,train,fake,/workspace/data/raw/dfdc/dfdc_train_part_02/dfdc_train_part_2/hmgxdnxjsi.mp4,dfdc_train_part_2
dfdc_train_part_2_npqopmpguh,train,fake,/workspace/data/raw/dfdc/dfdc_train_part_02/dfdc_train_part_2/npqopmpguh.mp4,dfdc_train_part_2
dfdc_train_part_2_vcffloguhj,train,fake,/workspace/data/raw/dfdc/dfdc_train_part_02/dfdc_train_part_2/vcffloguhj.mp4,dfdc_train_part_2
dfdc_train_part_2_tjqrswzssx,train,fake,/workspace/data/raw/dfdc/dfdc_train_part_02/dfdc_train_part_2/tjqrswzssx.mp4,dfdc_train_part_2
dfdc_train_part_2_hpomzutmfq,train,fake,/workspace/data/raw/dfdc/dfdc_train_part_02/dfdc_train_part_2/hpomzutmfq.mp4,dfdc_train_part_2
dfdc_train_part_2_xfdmqoqaqa,train,fake,/workspace/data/raw/dfdc/dfdc_train_part_02/dfdc_train_part_2/xfdmqoqaqa.mp4,dfdc_train_part_2
dfdc_train_part_2_xelbexhxyr,train,fake,/workspace/data/raw/dfdc/dfdc_train_part_02/dfdc_train_part_2/xelbexhxyr.mp4,dfdc_train_part_2
dfdc_train_part_2_elyvkuldpz,train,fake,/workspace/data/raw/dfdc/dfdc_train_part_02/dfdc_train_part_2/elyvkuldpz.mp4,dfdc_train_part_2
dfdc_train_part_2_xphdfgmfmz,train,fake,/workspace/data/raw/dfdc/dfdc_train_part_02/dfdc_train_part_2/xphdfgmfmz.mp4,dfdc_train_part_2
dfdc_train_part_2_wcogqdnaru,train,fake,/workspace/data/raw/dfdc/dfdc_train_part_02/dfdc_train_part_2/wcogqdnaru.mp4,dfdc_train_part_2
dfdc_train_part_2_xoyjovtkat,train,fake,/workspace/data/raw/dfdc/dfdc_train_part_02/dfdc_train_part_2/xoyjovtkat.mp4,dfdc_train_part_2
dfdc_train_part_2_kxlehffktu,train,fake,/workspace/data/raw/dfdc/dfdc_train_part_02/dfdc_train_part_2/kxlehffktu.mp4,dfdc_train_part_2
dfdc_train_part_2_ojbnddjuzy,train,real,/workspace/data/raw/dfdc/dfdc_train_part_02/dfdc_train_part_2/ojbnddjuzy.mp4,dfdc_train_part_2
dfdc_train_part_2_mesmxqitcl,train,fake,/workspace/data/raw/dfdc/dfdc_train_part_02/dfdc_train_part_2/mesmxqitcl.mp4,dfdc_train_part_2
dfdc_train_part_2_ydzbpreamo,train,fake,/workspace/data/raw/dfdc/dfdc_train_part_02/dfdc_train_part_2/ydzbpreamo.mp4,dfdc_train_part_2
dfdc_train_part_2_skhlpqxrqw,train,fake,/workspace/data/raw/dfdc/dfdc_train_part_02/dfdc_train_part_2/skhlpqxrqw.mp4,dfdc_train_part_2
dfdc_train_part_2_qxdkyypxoo,train,fake,/workspace/data/raw/dfdc/dfdc_train_part_02/dfdc_train_part_2/qxdkyypxoo.mp4,dfdc_train_part_2
dfdc_train_part_2_eqkticrtvs,train,fake,/workspace/data/raw/dfdc/dfdc_train_part_02/dfdc_train_part_2/eqkticrtvs.mp4,dfdc_train_part_2
dfdc_train_part_2_jfcwqpuqxg,train,fake,/workspace/data/raw/dfdc/dfdc_train_part_02/dfdc_train_part_2/jfcwqpuqxg.mp4,dfdc_train_part_2
dfdc_train_part_2_orekjthsef,train,fake,/workspace/data/raw/dfdc/dfdc_train_part_02/dfdc_train_part_2/orekjthsef.mp4,dfdc_train_part_2
dfdc_train_part_2_xaxuewagud,train,fake,/workspace/data/raw/dfdc/dfdc_train_part_02/dfdc_train_part_2/xaxuewagud.mp4,dfdc_train_part_2
dfdc_train_part_2_fqkqitsumc,train,fake,/workspace/data/raw/dfdc/dfdc_train_part_02/dfdc_train_part_2/fqkqitsumc.mp4,dfdc_train_part_2
dfdc_train_part_2_cpwjaveeeq,train,fake,/workspace/data/raw/dfdc/dfdc_train_part_02/dfdc_train_part_2/cpwjaveeeq.mp4,dfdc_train_part_2
dfdc_train_part_2_kbphucawml,train,fake,/workspace/data/raw/dfdc/dfdc_train_part_02/dfdc_train_part_2/kbphucawml.mp4,dfdc_train_part_2
dfdc_train_part_2_ekboxwrwuv,train,fake,/workspace/data/raw/dfdc/dfdc_train_part_02/dfdc_train_part_2/ekboxwrwuv.mp4,dfdc_train_part_2
dfdc_train_part_2_dkbhjjbmxj,train,fake,/workspace/data/raw/dfdc/dfdc_train_part_02/dfdc_train_part_2/dkbhjjbmxj.mp4,dfdc_train_part_2
dfdc_train_part_2_lgzprsttbk,train,fake,/workspace/data/raw/dfdc/dfdc_train_part_02/dfdc_train_part_2/lgzprsttbk.mp4,dfdc_train_part_2
dfdc_train_part_2_asmvgulrof,train,fake,/workspace/data/raw/dfdc/dfdc_train_part_02/dfdc_train_part_2/asmvgulrof.mp4,dfdc_train_part_2
dfdc_train_part_2_koraracdsp,train,fake,/workspace/data/raw/dfdc/dfdc_train_part_02/dfdc_train_part_2/koraracdsp.mp4,dfdc_train_part_2
dfdc_train_part_2_jxwvsvrede,train,fake,/workspace/data/raw/dfdc/dfdc_train_part_02/dfdc_train_part_2/jxwvsvrede.mp4,dfdc_train_part_2
dfdc_train_part_2_mrycmawtce,train,fake,/workspace/data/raw/dfdc/dfdc_train_part_02/dfdc_train_part_2/mrycmawtce.mp4,dfdc_train_part_2
dfdc_train_part_2_nhxuxwpinw,train,fake,/workspace/data/raw/dfdc/dfdc_train_part_02/dfdc_train_part_2/nhxuxwpinw.mp4,dfdc_train_part_2
dfdc_train_part_2_rjvwbxfokp,train,fake,/workspace/data/raw/dfdc/dfdc_train_part_02/dfdc_train_part_2/rjvwbxfokp.mp4,dfdc_train_part_2
dfdc_train_part_2_lrbziwcphu,train,fake,/workspace/data/raw/dfdc/dfdc_train_part_02/dfdc_train_part_2/lrbziwcphu.mp4,dfdc_train_part_2
dfdc_train_part_2_oredhzwztp,train,fake,/workspace/data/raw/dfdc/dfdc_train_part_02/dfdc_train_part_2/oredhzwztp.mp4,dfdc_train_part_2
dfdc_train_part_2_eaquarsawu,train,fake,/workspace/data/raw/dfdc/dfdc_train_part_02/dfdc_train_part_2/eaquarsawu.mp4,dfdc_train_part_2
dfdc_train_part_2_qrcotgkrhb,train,fake,/workspace/data/raw/dfdc/dfdc_train_part_02/dfdc_train_part_2/qrcotgkrhb.mp4,dfdc_train_part_2
dfdc_train_part_2_xocxiqxrzn,train,fake,/workspace/data/raw/dfdc/dfdc_train_part_02/dfdc_train_part_2/xocxiqxrzn.mp4,dfdc_train_part_2
dfdc_train_part_2_weskrryixa,train,fake,/workspace/data/raw/dfdc/dfdc_train_part_02/dfdc_train_part_2/weskrryixa.mp4,dfdc_train_part_2
dfdc_train_part_2_tsswxgwnta,train,real,/workspace/data/raw/dfdc/dfdc_train_part_02/dfdc_train_part_2/tsswxgwnta.mp4,dfdc_train_part_2
dfdc_train_part_2_tlmkyzhliw,train,fake,/workspace/data/raw/dfdc/dfdc_train_part_02/dfdc_train_part_2/tlmkyzhliw.mp4,dfdc_train_part_2
dfdc_train_part_2_rkkqebtkch,train,fake,/workspace/data/raw/dfdc/dfdc_train_part_02/dfdc_train_part_2/rkkqebtkch.mp4,dfdc_train_part_2
dfdc_train_part_2_hjxeekdmab,train,fake,/workspace/data/raw/dfdc/dfdc_train_part_02/dfdc_train_part_2/hjxeekdmab.mp4,dfdc_train_part_2
dfdc_train_part_2_gmwbwhcdko,train,fake,/workspace/data/raw/dfdc/dfdc_train_part_02/dfdc_train_part_2/gmwbwhcdko.mp4,dfdc_train_part_2
dfdc_train_part_2_udjaxrdxcq,train,fake,/workspace/data/raw/dfdc/dfdc_train_part_02/dfdc_train_part_2/udjaxrdxcq.mp4,dfdc_train_part_2
dfdc_train_part_2_humawcyddv,train,fake,/workspace/data/raw/dfdc/dfdc_train_part_02/dfdc_train_part_2/humawcyddv.mp4,dfdc_train_part_2
dfdc_train_part_2_ctulsxsjwx,train,fake,/workspace/data/raw/dfdc/dfdc_train_part_02/dfdc_train_part_2/ctulsxsjwx.mp4,dfdc_train_part_2
dfdc_train_part_2_tfjnpnvwkd,train,fake,/workspace/data/raw/dfdc/dfdc_train_part_02/dfdc_train_part_2/tfjnpnvwkd.mp4,dfdc_train_part_2
dfdc_train_part_2_kyantkimbq,train,fake,/workspace/data/raw/dfdc/dfdc_train_part_02/dfdc_train_part_2/kyantkimbq.mp4,dfdc_train_part_2
dfdc_train_part_2_sxxwfcobji,train,fake,/workspace/data/raw/dfdc/dfdc_train_part_02/dfdc_train_part_2/sxxwfcobji.mp4,dfdc_train_part_2
dfdc_train_part_2_cxqucbhale,train,fake,/workspace/data/raw/dfdc/dfdc_train_part_02/dfdc_train_part_2/cxqucbhale.mp4,dfdc_train_part_2
dfdc_train_part_2_vpysbzvfol,train,fake,/workspace/data/raw/dfdc/dfdc_train_part_02/dfdc_train_part_2/vpysbzvfol.mp4,dfdc_train_part_2
dfdc_train_part_2_jgidbsavtz,train,fake,/workspace/data/raw/dfdc/dfdc_train_part_02/dfdc_train_part_2/jgidbsavtz.mp4,dfdc_train_part_2
dfdc_train_part_2_wifosdehgx,train,fake,/workspace/data/raw/dfdc/dfdc_train_part_02/dfdc_train_part_2/wifosdehgx.mp4,dfdc_train_part_2
dfdc_train_part_2_wxgphbzlpn,train,fake,/workspace/data/raw/dfdc/dfdc_train_part_02/dfdc_train_part_2/wxgphbzlpn.mp4,dfdc_train_part_2
dfdc_train_part_2_mvfrifsgrb,train,fake,/workspace/data/raw/dfdc/dfdc_train_part_02/dfdc_train_part_2/mvfrifsgrb.mp4,dfdc_train_part_2
dfdc_train_part_2_swqazbkruv,train,fake,/workspace/data/raw/dfdc/dfdc_train_part_02/dfdc_train_part_2/swqazbkruv.mp4,dfdc_train_part_2
dfdc_train_part_2_xfhegxbnpo,train,fake,/workspace/data/raw/dfdc/dfdc_train_part_02/dfdc_train_part_2/xfhegxbnpo.mp4,dfdc_train_part_2
dfdc_train_part_2_rayekvigxv,train,real,/workspace/data/raw/dfdc/dfdc_train_part_02/dfdc_train_part_2/rayekvigxv.mp4,dfdc_train_part_2
dfdc_train_part_2_ijptktlyfr,train,real,/workspace/data/raw/dfdc/dfdc_train_part_02/dfdc_train_part_2/ijptktlyfr.mp4,dfdc_train_part_2
dfdc_train_part_2_hirhitmzio,train,fake,/workspace/data/raw/dfdc/dfdc_train_part_02/dfdc_train_part_2/hirhitmzio.mp4,dfdc_train_part_2
dfdc_train_part_2_puifrhvwij,train,fake,/workspace/data/raw/dfdc/dfdc_train_part_02/dfdc_train_part_2/puifrhvwij.mp4,dfdc_train_part_2
dfdc_train_part_2_zxgbuqsvnd,train,fake,/workspace/data/raw/dfdc/dfdc_train_part_02/dfdc_train_part_2/zxgbuqsvnd.mp4,dfdc_train_part_2
dfdc_train_part_2_aejroilouc,train,fake,/workspace/data/raw/dfdc/dfdc_train_part_02/dfdc_train_part_2/aejroilouc.mp4,dfdc_train_part_2
dfdc_train_part_2_vpmcpeoakl,train,fake,/workspace/data/raw/dfdc/dfdc_train_part_02/dfdc_train_part_2/vpmcpeoakl.mp4,dfdc_train_part_2
dfdc_train_part_2_wehlixqebk,train,fake,/workspace/data/raw/dfdc/dfdc_train_part_02/dfdc_train_part_2/wehlixqebk.mp4,dfdc_train_part_2
dfdc_train_part_2_vceglrzmit,train,fake,/workspace/data/raw/dfdc/dfdc_train_part_02/dfdc_train_part_2/vceglrzmit.mp4,dfdc_train_part_2
dfdc_train_part_2_lunpfphkfo,train,fake,/workspace/data/raw/dfdc/dfdc_train_part_02/dfdc_train_part_2/lunpfphkfo.mp4,dfdc_train_part_2
dfdc_train_part_2_urzjldavfo,train,fake,/workspace/data/raw/dfdc/dfdc_train_part_02/dfdc_train_part_2/urzjldavfo.mp4,dfdc_train_part_2
dfdc_train_part_2_yieavhyutk,train,fake,/workspace/data/raw/dfdc/dfdc_train_part_02/dfdc_train_part_2/yieavhyutk.mp4,dfdc_train_part_2
dfdc_train_part_2_mpwtgbufwm,train,fake,/workspace/data/raw/dfdc/dfdc_train_part_02/dfdc_train_part_2/mpwtgbufwm.mp4,dfdc_train_part_2
dfdc_train_part_2_kgfjkhfhvg,train,fake,/workspace/data/raw/dfdc/dfdc_train_part_02/dfdc_train_part_2/kgfjkhfhvg.mp4,dfdc_train_part_2
dfdc_train_part_2_hzoiotcykp,train,fake,/workspace/data/raw/dfdc/dfdc_train_part_02/dfdc_train_part_2/hzoiotcykp.mp4,dfdc_train_part_2
dfdc_train_part_2_yvndpwweao,train,fake,/workspace/data/raw/dfdc/dfdc_train_part_02/dfdc_train_part_2/yvndpwweao.mp4,dfdc_train_part_2
dfdc_train_part_2_tcrbwwngla,train,fake,/workspace/data/raw/dfdc/dfdc_train_part_02/dfdc_train_part_2/tcrbwwngla.mp4,dfdc_train_part_2
dfdc_train_part_2_dbrzclhznh,train,fake,/workspace/data/raw/dfdc/dfdc_train_part_02/dfdc_train_part_2/dbrzclhznh.mp4,dfdc_train_part_2
dfdc_train_part_2_ecjjzukqpy,train,fake,/workspace/data/raw/dfdc/dfdc_train_part_02/dfdc_train_part_2/ecjjzukqpy.mp4,dfdc_train_part_2
dfdc_train_part_2_owhfsgxicr,train,fake,/workspace/data/raw/dfdc/dfdc_train_part_02/dfdc_train_part_2/owhfsgxicr.mp4,dfdc_train_part_2
dfdc_train_part_2_opdknicmau,train,fake,/workspace/data/raw/dfdc/dfdc_train_part_02/dfdc_train_part_2/opdknicmau.mp4,dfdc_train_part_2
dfdc_train_part_2_wawxmzcdjb,train,fake,/workspace/data/raw/dfdc/dfdc_train_part_02/dfdc_train_part_2/wawxmzcdjb.mp4,dfdc_train_part_2
dfdc_train_part_2_cmmoeaeftx,train,fake,/workspace/data/raw/dfdc/dfdc_train_part_02/dfdc_train_part_2/cmmoeaeftx.mp4,dfdc_train_part_2
dfdc_train_part_2_nfixlbjpxh,train,fake,/workspace/data/raw/dfdc/dfdc_train_part_02/dfdc_train_part_2/nfixlbjpxh.mp4,dfdc_train_part_2
dfdc_train_part_2_gzhcrxdqfv,train,fake,/workspace/data/raw/dfdc/dfdc_train_part_02/dfdc_train_part_2/gzhcrxdqfv.mp4,dfdc_train_part_2
dfdc_train_part_2_uexujmaowq,train,fake,/workspace/data/raw/dfdc/dfdc_train_part_02/dfdc_train_part_2/uexujmaowq.mp4,dfdc_train_part_2
dfdc_train_part_2_hsijsvfjao,train,fake,/workspace/data/raw/dfdc/dfdc_train_part_02/dfdc_train_part_2/hsijsvfjao.mp4,dfdc_train_part_2
dfdc_train_part_2_tfjvbeihlx,train,fake,/workspace/data/raw/dfdc/dfdc_train_part_02/dfdc_train_part_2/tfjvbeihlx.mp4,dfdc_train_part_2
dfdc_train_part_2_oztdghmdxo,train,fake,/workspace/data/raw/dfdc/dfdc_train_part_02/dfdc_train_part_2/oztdghmdxo.mp4,dfdc_train_part_2
dfdc_train_part_2_grxyzxlhzg,train,fake,/workspace/data/raw/dfdc/dfdc_train_part_02/dfdc_train_part_2/grxyzxlhzg.mp4,dfdc_train_part_2
dfdc_train_part_2_uitojzobvp,train,fake,/workspace/data/raw/dfdc/dfdc_train_part_02/dfdc_train_part_2/uitojzobvp.mp4,dfdc_train_part_2
dfdc_train_part_2_vhbbwdflyh,train,fake,/workspace/data/raw/dfdc/dfdc_train_part_02/dfdc_train_part_2/vhbbwdflyh.mp4,dfdc_train_part_2
dfdc_train_part_2_qswlzfgcgj,train,real,/workspace/data/raw/dfdc/dfdc_train_part_02/dfdc_train_part_2/qswlzfgcgj.mp4,dfdc_train_part_2
dfdc_train_part_2_wkwjypymey,train,fake,/workspace/data/raw/dfdc/dfdc_train_part_02/dfdc_train_part_2/wkwjypymey.mp4,dfdc_train_part_2
dfdc_train_part_2_yzrendtiky,train,fake,/workspace/data/raw/dfdc/dfdc_train_part_02/dfdc_train_part_2/yzrendtiky.mp4,dfdc_train_part_2
dfdc_train_part_2_bnndjmrpuk,train,fake,/workspace/data/raw/dfdc/dfdc_train_part_02/dfdc_train_part_2/bnndjmrpuk.mp4,dfdc_train_part_2
dfdc_train_part_2_njzshtfmcw,train,fake,/workspace/data/raw/dfdc/dfdc_train_part_02/dfdc_train_part_2/njzshtfmcw.mp4,dfdc_train_part_2
dfdc_train_part_2_mnmorlpvki,train,fake,/workspace/data/raw/dfdc/dfdc_train_part_02/dfdc_train_part_2/mnmorlpvki.mp4,dfdc_train_part_2
dfdc_train_part_2_jorezqxvud,train,fake,/workspace/data/raw/dfdc/dfdc_train_part_02/dfdc_train_part_2/jorezqxvud.mp4,dfdc_train_part_2
dfdc_train_part_2_gippiwzoqp,train,fake,/workspace/data/raw/dfdc/dfdc_train_part_02/dfdc_train_part_2/gippiwzoqp.mp4,dfdc_train_part_2
dfdc_train_part_2_dweqqukuhk,train,fake,/workspace/data/raw/dfdc/dfdc_train_part_02/dfdc_train_part_2/dweqqukuhk.mp4,dfdc_train_part_2
dfdc_train_part_2_bnnpurjrvu,train,fake,/workspace/data/raw/dfdc/dfdc_train_part_02/dfdc_train_part_2/bnnpurjrvu.mp4,dfdc_train_part_2
dfdc_train_part_2_sleblmpnkx,train,fake,/workspace/data/raw/dfdc/dfdc_train_part_02/dfdc_train_part_2/sleblmpnkx.mp4,dfdc_train_part_2
dfdc_train_part_2_lfeoebiyht,train,fake,/workspace/data/raw/dfdc/dfdc_train_part_02/dfdc_train_part_2/lfeoebiyht.mp4,dfdc_train_part_2
dfdc_train_part_2_amkqhexhou,train,fake,/workspace/data/raw/dfdc/dfdc_train_part_02/dfdc_train_part_2/amkqhexhou.mp4,dfdc_train_part_2
dfdc_train_part_2_xutzudyhsp,train,fake,/workspace/data/raw/dfdc/dfdc_train_part_02/dfdc_train_part_2/xutzudyhsp.mp4,dfdc_train_part_2
dfdc_train_part_2_rxhklivqeh,train,fake,/workspace/data/raw/dfdc/dfdc_train_part_02/dfdc_train_part_2/rxhklivqeh.mp4,dfdc_train_part_2
dfdc_train_part_2_yqpjnpjuap,train,fake,/workspace/data/raw/dfdc/dfdc_train_part_02/dfdc_train_part_2/yqpjnpjuap.mp4,dfdc_train_part_2
dfdc_train_part_2_svcfbpxpjp,train,fake,/workspace/data/raw/dfdc/dfdc_train_part_02/dfdc_train_part_2/svcfbpxpjp.mp4,dfdc_train_part_2
dfdc_train_part_2_rlwtwlytnp,train,fake,/workspace/data/raw/dfdc/dfdc_train_part_02/dfdc_train_part_2/rlwtwlytnp.mp4,dfdc_train_part_2
dfdc_train_part_2_zrbdcdxzfw,train,fake,/workspace/data/raw/dfdc/dfdc_train_part_02/dfdc_train_part_2/zrbdcdxzfw.mp4,dfdc_train_part_2
dfdc_train_part_2_yeuniqcsae,train,fake,/workspace/data/raw/dfdc/dfdc_train_part_02/dfdc_train_part_2/yeuniqcsae.mp4,dfdc_train_part_2
dfdc_train_part_2_yjnnqduuvg,train,fake,/workspace/data/raw/dfdc/dfdc_train_part_02/dfdc_train_part_2/yjnnqduuvg.mp4,dfdc_train_part_2
dfdc_train_part_2_vpjrlsnfzy,train,fake,/workspace/data/raw/dfdc/dfdc_train_part_02/dfdc_train_part_2/vpjrlsnfzy.mp4,dfdc_train_part_2
dfdc_train_part_2_dvzugrydvc,train,fake,/workspace/data/raw/dfdc/dfdc_train_part_02/dfdc_train_part_2/dvzugrydvc.mp4,dfdc_train_part_2
dfdc_train_part_2_jxboywjitl,train,fake,/workspace/data/raw/dfdc/dfdc_train_part_02/dfdc_train_part_2/jxboywjitl.mp4,dfdc_train_part_2
dfdc_train_part_2_mopqndishn,train,fake,/workspace/data/raw/dfdc/dfdc_train_part_02/dfdc_train_part_2/mopqndishn.mp4,dfdc_train_part_2
dfdc_train_part_2_zsbthwqmxn,train,fake,/workspace/data/raw/dfdc/dfdc_train_part_02/dfdc_train_part_2/zsbthwqmxn.mp4,dfdc_train_part_2
dfdc_train_part_2_wjknicnryr,train,fake,/workspace/data/raw/dfdc/dfdc_train_part_02/dfdc_train_part_2/wjknicnryr.mp4,dfdc_train_part_2
dfdc_train_part_2_wydulmqhzj,train,fake,/workspace/data/raw/dfdc/dfdc_train_part_02/dfdc_train_part_2/wydulmqhzj.mp4,dfdc_train_part_2
dfdc_train_part_2_hccvzjiemg,train,fake,/workspace/data/raw/dfdc/dfdc_train_part_02/dfdc_train_part_2/hccvzjiemg.mp4,dfdc_train_part_2
dfdc_train_part_2_qjmmfjyorx,train,fake,/workspace/data/raw/dfdc/dfdc_train_part_02/dfdc_train_part_2/qjmmfjyorx.mp4,dfdc_train_part_2
dfdc_train_part_2_uhozevycgj,train,fake,/workspace/data/raw/dfdc/dfdc_train_part_02/dfdc_train_part_2/uhozevycgj.mp4,dfdc_train_part_2
dfdc_train_part_2_svzyxamwkr,train,fake,/workspace/data/raw/dfdc/dfdc_train_part_02/dfdc_train_part_2/svzyxamwkr.mp4,dfdc_train_part_2
dfdc_train_part_2_ooriomjmhm,train,fake,/workspace/data/raw/dfdc/dfdc_train_part_02/dfdc_train_part_2/ooriomjmhm.mp4,dfdc_train_part_2
dfdc_train_part_2_loavmgivoo,train,fake,/workspace/data/raw/dfdc/dfdc_train_part_02/dfdc_train_part_2/loavmgivoo.mp4,dfdc_train_part_2
dfdc_train_part_2_buijfanqgj,train,fake,/workspace/data/raw/dfdc/dfdc_train_part_02/dfdc_train_part_2/buijfanqgj.mp4,dfdc_train_part_2
dfdc_train_part_2_outipbzqhm,train,fake,/workspace/data/raw/dfdc/dfdc_train_part_02/dfdc_train_part_2/outipbzqhm.mp4,dfdc_train_part_2
dfdc_train_part_2_aaujbbfhqu,train,fake,/workspace/data/raw/dfdc/dfdc_train_part_02/dfdc_train_part_2/aaujbbfhqu.mp4,dfdc_train_part_2
dfdc_train_part_2_rsuzqyjrhm,train,fake,/workspace/data/raw/dfdc/dfdc_train_part_02/dfdc_train_part_2/rsuzqyjrhm.mp4,dfdc_train_part_2
dfdc_train_part_2_dkszwvfwxb,train,fake,/workspace/data/raw/dfdc/dfdc_train_part_02/dfdc_train_part_2/dkszwvfwxb.mp4,dfdc_train_part_2
dfdc_train_part_2_sachnddxsh,train,fake,/workspace/data/raw/dfdc/dfdc_train_part_02/dfdc_train_part_2/sachnddxsh.mp4,dfdc_train_part_2
dfdc_train_part_2_hjjlobakpe,train,fake,/workspace/data/raw/dfdc/dfdc_train_part_02/dfdc_train_part_2/hjjlobakpe.mp4,dfdc_train_part_2
dfdc_train_part_2_ncmxzviawx,train,fake,/workspace/data/raw/dfdc/dfdc_train_part_02/dfdc_train_part_2/ncmxzviawx.mp4,dfdc_train_part_2
dfdc_train_part_2_mbarbaitxt,train,fake,/workspace/data/raw/dfdc/dfdc_train_part_02/dfdc_train_part_2/mbarbaitxt.mp4,dfdc_train_part_2
dfdc_train_part_2_fwmtqugwmc,train,fake,/workspace/data/raw/dfdc/dfdc_train_part_02/dfdc_train_part_2/fwmtqugwmc.mp4,dfdc_train_part_2
dfdc_train_part_2_jtdycuybti,train,fake,/workspace/data/raw/dfdc/dfdc_train_part_02/dfdc_train_part_2/jtdycuybti.mp4,dfdc_train_part_2
dfdc_train_part_2_zkoqrazsze,train,fake,/workspace/data/raw/dfdc/dfdc_train_part_02/dfdc_train_part_2/zkoqrazsze.mp4,dfdc_train_part_2
dfdc_train_part_2_hqwjsjtkru,train,fake,/workspace/data/raw/dfdc/dfdc_train_part_02/dfdc_train_part_2/hqwjsjtkru.mp4,dfdc_train_part_2
dfdc_train_part_2_rfwdakvqht,train,fake,/workspace/data/raw/dfdc/dfdc_train_part_02/dfdc_train_part_2/rfwdakvqht.mp4,dfdc_train_part_2
dfdc_train_part_2_abzamapbpi,train,fake,/workspace/data/raw/dfdc/dfdc_train_part_02/dfdc_train_part_2/abzamapbpi.mp4,dfdc_train_part_2
dfdc_train_part_2_xjlrrfqrxa,train,fake,/workspace/data/raw/dfdc/dfdc_train_part_02/dfdc_train_part_2/xjlrrfqrxa.mp4,dfdc_train_part_2
dfdc_train_part_2_flgayhvdok,train,fake,/workspace/data/raw/dfdc/dfdc_train_part_02/dfdc_train_part_2/flgayhvdok.mp4,dfdc_train_part_2
dfdc_train_part_2_myitknpeec,train,fake,/workspace/data/raw/dfdc/dfdc_train_part_02/dfdc_train_part_2/myitknpeec.mp4,dfdc_train_part_2
dfdc_train_part_2_cgqkyamfzl,train,fake,/workspace/data/raw/dfdc/dfdc_train_part_02/dfdc_train_part_2/cgqkyamfzl.mp4,dfdc_train_part_2
dfdc_train_part_2_jrtglzlijz,train,fake,/workspace/data/raw/dfdc/dfdc_train_part_02/dfdc_train_part_2/jrtglzlijz.mp4,dfdc_train_part_2
dfdc_train_part_2_mvuyaxaefk,train,fake,/workspace/data/raw/dfdc/dfdc_train_part_02/dfdc_train_part_2/mvuyaxaefk.mp4,dfdc_train_part_2
dfdc_train_part_2_crejnrpfwu,train,fake,/workspace/data/raw/dfdc/dfdc_train_part_02/dfdc_train_part_2/crejnrpfwu.mp4,dfdc_train_part_2
dfdc_train_part_2_xekbhzggjr,train,fake,/workspace/data/raw/dfdc/dfdc_train_part_02/dfdc_train_part_2/xekbhzggjr.mp4,dfdc_train_part_2
dfdc_train_part_2_fmldeiihya,train,fake,/workspace/data/raw/dfdc/dfdc_train_part_02/dfdc_train_part_2/fmldeiihya.mp4,dfdc_train_part_2
dfdc_train_part_2_rxxbhqppcc,train,fake,/workspace/data/raw/dfdc/dfdc_train_part_02/dfdc_train_part_2/rxxbhqppcc.mp4,dfdc_train_part_2
dfdc_train_part_2_oszcovipbm,train,fake,/workspace/data/raw/dfdc/dfdc_train_part_02/dfdc_train_part_2/oszcovipbm.mp4,dfdc_train_part_2
dfdc_train_part_2_pskjrrupny,train,fake,/workspace/data/raw/dfdc/dfdc_train_part_02/dfdc_train_part_2/pskjrrupny.mp4,dfdc_train_part_2
dfdc_train_part_2_phbicwxpar,train,fake,/workspace/data/raw/dfdc/dfdc_train_part_02/dfdc_train_part_2/phbicwxpar.mp4,dfdc_train_part_2
dfdc_train_part_2_mlhktmccdi,train,fake,/workspace/data/raw/dfdc/dfdc_train_part_02/dfdc_train_part_2/mlhktmccdi.mp4,dfdc_train_part_2
dfdc_train_part_2_tybhacjkty,train,fake,/workspace/data/raw/dfdc/dfdc_train_part_02/dfdc_train_part_2/tybhacjkty.mp4,dfdc_train_part_2
dfdc_train_part_2_kgdvgipvae,train,real,/workspace/data/raw/dfdc/dfdc_train_part_02/dfdc_train_part_2/kgdvgipvae.mp4,dfdc_train_part_2
dfdc_train_part_2_htzbnroagi,train,real,/workspace/data/raw/dfdc/dfdc_train_part_02/dfdc_train_part_2/htzbnroagi.mp4,dfdc_train_part_2
dfdc_train_part_2_wowwlbmpiq,train,fake,/workspace/data/raw/dfdc/dfdc_train_part_02/dfdc_train_part_2/wowwlbmpiq.mp4,dfdc_train_part_2
dfdc_train_part_2_prtmksqbcv,train,fake,/workspace/data/raw/dfdc/dfdc_train_part_02/dfdc_train_part_2/prtmksqbcv.mp4,dfdc_train_part_2
dfdc_train_part_2_bknjyvqoec,train,fake,/workspace/data/raw/dfdc/dfdc_train_part_02/dfdc_train_part_2/bknjyvqoec.mp4,dfdc_train_part_2
dfdc_train_part_2_jwwenrxcrk,train,fake,/workspace/data/raw/dfdc/dfdc_train_part_02/dfdc_train_part_2/jwwenrxcrk.mp4,dfdc_train_part_2
dfdc_train_part_2_fyqyindnzs,train,fake,/workspace/data/raw/dfdc/dfdc_train_part_02/dfdc_train_part_2/fyqyindnzs.mp4,dfdc_train_part_2
dfdc_train_part_2_gmdrzdxsfh,train,fake,/workspace/data/raw/dfdc/dfdc_train_part_02/dfdc_train_part_2/gmdrzdxsfh.mp4,dfdc_train_part_2
dfdc_train_part_2_afvdmlwwyr,train,fake,/workspace/data/raw/dfdc/dfdc_train_part_02/dfdc_train_part_2/afvdmlwwyr.mp4,dfdc_train_part_2
dfdc_train_part_2_ishsjqqijm,train,fake,/workspace/data/raw/dfdc/dfdc_train_part_02/dfdc_train_part_2/ishsjqqijm.mp4,dfdc_train_part_2
dfdc_train_part_2_ddkbgdbmud,train,fake,/workspace/data/raw/dfdc/dfdc_train_part_02/dfdc_train_part_2/ddkbgdbmud.mp4,dfdc_train_part_2
dfdc_train_part_2_lrjngxxvqq,train,fake,/workspace/data/raw/dfdc/dfdc_train_part_02/dfdc_train_part_2/lrjngxxvqq.mp4,dfdc_train_part_2
dfdc_train_part_2_fnkdkfajak,train,real,/workspace/data/raw/dfdc/dfdc_train_part_02/dfdc_train_part_2/fnkdkfajak.mp4,dfdc_train_part_2
dfdc_train_part_2_lagnvmxexq,train,fake,/workspace/data/raw/dfdc/dfdc_train_part_02/dfdc_train_part_2/lagnvmxexq.mp4,dfdc_train_part_2
dfdc_train_part_2_pvysivcqdd,train,fake,/workspace/data/raw/dfdc/dfdc_train_part_02/dfdc_train_part_2/pvysivcqdd.mp4,dfdc_train_part_2
dfdc_train_part_2_wxzhbyysjr,train,fake,/workspace/data/raw/dfdc/dfdc_train_part_02/dfdc_train_part_2/wxzhbyysjr.mp4,dfdc_train_part_2
dfdc_train_part_2_dswaxbhfgs,train,fake,/workspace/data/raw/dfdc/dfdc_train_part_02/dfdc_train_part_2/dswaxbhfgs.mp4,dfdc_train_part_2
dfdc_train_part_2_iyeddobgmq,train,fake,/workspace/data/raw/dfdc/dfdc_train_part_02/dfdc_train_part_2/iyeddobgmq.mp4,dfdc_train_part_2
dfdc_train_part_2_ypgayhhaxx,train,real,/workspace/data/raw/dfdc/dfdc_train_part_02/dfdc_train_part_2/ypgayhhaxx.mp4,dfdc_train_part_2
dfdc_train_part_2_ogzaflxjtk,train,fake,/workspace/data/raw/dfdc/dfdc_train_part_02/dfdc_train_part_2/ogzaflxjtk.mp4,dfdc_train_part_2
dfdc_train_part_2_clskneivay,train,fake,/workspace/data/raw/dfdc/dfdc_train_part_02/dfdc_train_part_2/clskneivay.mp4,dfdc_train_part_2
dfdc_train_part_2_iskujjudud,train,fake,/workspace/data/raw/dfdc/dfdc_train_part_02/dfdc_train_part_2/iskujjudud.mp4,dfdc_train_part_2
dfdc_train_part_2_qyhvkqqobg,train,fake,/workspace/data/raw/dfdc/dfdc_train_part_02/dfdc_train_part_2/qyhvkqqobg.mp4,dfdc_train_part_2
dfdc_train_part_2_nwvsbmyndn,train,real,/workspace/data/raw/dfdc/dfdc_train_part_02/dfdc_train_part_2/nwvsbmyndn.mp4,dfdc_train_part_2
dfdc_train_part_2_bmjwoqldhv,train,fake,/workspace/data/raw/dfdc/dfdc_train_part_02/dfdc_train_part_2/bmjwoqldhv.mp4,dfdc_train_part_2
dfdc_train_part_2_gemkhcfaka,train,fake,/workspace/data/raw/dfdc/dfdc_train_part_02/dfdc_train_part_2/gemkhcfaka.mp4,dfdc_train_part_2
dfdc_train_part_2_jjusjkovfy,train,fake,/workspace/data/raw/dfdc/dfdc_train_part_02/dfdc_train_part_2/jjusjkovfy.mp4,dfdc_train_part_2
dfdc_train_part_2_mttjelpgma,train,real,/workspace/data/raw/dfdc/dfdc_train_part_02/dfdc_train_part_2/mttjelpgma.mp4,dfdc_train_part_2
dfdc_train_part_2_hsllwtgadk,train,fake,/workspace/data/raw/dfdc/dfdc_train_part_02/dfdc_train_part_2/hsllwtgadk.mp4,dfdc_train_part_2
dfdc_train_part_2_vhsbatxysm,train,real,/workspace/data/raw/dfdc/dfdc_train_part_02/dfdc_train_part_2/vhsbatxysm.mp4,dfdc_train_part_2
dfdc_train_part_2_cpoyanxkdb,train,fake,/workspace/data/raw/dfdc/dfdc_train_part_02/dfdc_train_part_2/cpoyanxkdb.mp4,dfdc_train_part_2
dfdc_train_part_2_cevktnkdup,train,fake,/workspace/data/raw/dfdc/dfdc_train_part_02/dfdc_train_part_2/cevktnkdup.mp4,dfdc_train_part_2
dfdc_train_part_2_edjdplatqy,train,fake,/workspace/data/raw/dfdc/dfdc_train_part_02/dfdc_train_part_2/edjdplatqy.mp4,dfdc_train_part_2
dfdc_train_part_2_rbwbmqvtkr,train,fake,/workspace/data/raw/dfdc/dfdc_train_part_02/dfdc_train_part_2/rbwbmqvtkr.mp4,dfdc_train_part_2
dfdc_train_part_2_flqeiqdoza,train,fake,/workspace/data/raw/dfdc/dfdc_train_part_02/dfdc_train_part_2/flqeiqdoza.mp4,dfdc_train_part_2
dfdc_train_part_2_gfsoiepxno,train,fake,/workspace/data/raw/dfdc/dfdc_train_part_02/dfdc_train_part_2/gfsoiepxno.mp4,dfdc_train_part_2
dfdc_train_part_2_pjlswenrwb,train,fake,/workspace/data/raw/dfdc/dfdc_train_part_02/dfdc_train_part_2/pjlswenrwb.mp4,dfdc_train_part_2
dfdc_train_part_2_jjycletzyl,train,real,/workspace/data/raw/dfdc/dfdc_train_part_02/dfdc_train_part_2/jjycletzyl.mp4,dfdc_train_part_2
dfdc_train_part_2_ijpgtptdge,train,fake,/workspace/data/raw/dfdc/dfdc_train_part_02/dfdc_train_part_2/ijpgtptdge.mp4,dfdc_train_part_2
dfdc_train_part_2_dtrpvcrbyk,train,fake,/workspace/data/raw/dfdc/dfdc_train_part_02/dfdc_train_part_2/dtrpvcrbyk.mp4,dfdc_train_part_2
dfdc_train_part_2_paktldrjyr,train,fake,/workspace/data/raw/dfdc/dfdc_train_part_02/dfdc_train_part_2/paktldrjyr.mp4,dfdc_train_part_2
dfdc_train_part_2_hgbdjfkrpe,train,fake,/workspace/data/raw/dfdc/dfdc_train_part_02/dfdc_train_part_2/hgbdjfkrpe.mp4,dfdc_train_part_2
dfdc_train_part_2_pkxaznzjhl,train,fake,/workspace/data/raw/dfdc/dfdc_train_part_02/dfdc_train_part_2/pkxaznzjhl.mp4,dfdc_train_part_2
dfdc_train_part_2_csrymqydbk,train,fake,/workspace/data/raw/dfdc/dfdc_train_part_02/dfdc_train_part_2/csrymqydbk.mp4,dfdc_train_part_2
dfdc_train_part_2_iuwnccabob,train,fake,/workspace/data/raw/dfdc/dfdc_train_part_02/dfdc_train_part_2/iuwnccabob.mp4,dfdc_train_part_2
dfdc_train_part_2_ipeujcomet,train,fake,/workspace/data/raw/dfdc/dfdc_train_part_02/dfdc_train_part_2/ipeujcomet.mp4,dfdc_train_part_2
dfdc_train_part_2_bptuspvmzq,train,fake,/workspace/data/raw/dfdc/dfdc_train_part_02/dfdc_train_part_2/bptuspvmzq.mp4,dfdc_train_part_2
dfdc_train_part_2_quvseyayds,train,fake,/workspace/data/raw/dfdc/dfdc_train_part_02/dfdc_train_part_2/quvseyayds.mp4,dfdc_train_part_2
dfdc_train_part_2_lufecurxmu,train,fake,/workspace/data/raw/dfdc/dfdc_train_part_02/dfdc_train_part_2/lufecurxmu.mp4,dfdc_train_part_2
dfdc_train_part_2_hfvxpofxfr,train,fake,/workspace/data/raw/dfdc/dfdc_train_part_02/dfdc_train_part_2/hfvxpofxfr.mp4,dfdc_train_part_2
dfdc_train_part_2_oykggigakm,train,fake,/workspace/data/raw/dfdc/dfdc_train_part_02/dfdc_train_part_2/oykggigakm.mp4,dfdc_train_part_2
dfdc_train_part_2_fwsbbpbexg,train,fake,/workspace/data/raw/dfdc/dfdc_train_part_02/dfdc_train_part_2/fwsbbpbexg.mp4,dfdc_train_part_2
dfdc_train_part_2_bixvunsrsj,train,real,/workspace/data/raw/dfdc/dfdc_train_part_02/dfdc_train_part_2/bixvunsrsj.mp4,dfdc_train_part_2
dfdc_train_part_2_iwhjscvlfg,train,fake,/workspace/data/raw/dfdc/dfdc_train_part_02/dfdc_train_part_2/iwhjscvlfg.mp4,dfdc_train_part_2
dfdc_train_part_2_qdpllbwuck,train,fake,/workspace/data/raw/dfdc/dfdc_train_part_02/dfdc_train_part_2/qdpllbwuck.mp4,dfdc_train_part_2
dfdc_train_part_2_ahkmridxqn,train,fake,/workspace/data/raw/dfdc/dfdc_train_part_02/dfdc_train_part_2/ahkmridxqn.mp4,dfdc_train_part_2
dfdc_train_part_2_xpptxuvpqm,train,fake,/workspace/data/raw/dfdc/dfdc_train_part_02/dfdc_train_part_2/xpptxuvpqm.mp4,dfdc_train_part_2
dfdc_train_part_2_eelbzbcbtz,train,fake,/workspace/data/raw/dfdc/dfdc_train_part_02/dfdc_train_part_2/eelbzbcbtz.mp4,dfdc_train_part_2
dfdc_train_part_2_jtnqntwshv,train,fake,/workspace/data/raw/dfdc/dfdc_train_part_02/dfdc_train_part_2/jtnqntwshv.mp4,dfdc_train_part_2
dfdc_train_part_2_novarhxpbj,train,real,/workspace/data/raw/dfdc/dfdc_train_part_02/dfdc_train_part_2/novarhxpbj.mp4,dfdc_train_part_2
dfdc_train_part_2_ljpypwvsko,train,fake,/workspace/data/raw/dfdc/dfdc_train_part_02/dfdc_train_part_2/ljpypwvsko.mp4,dfdc_train_part_2
dfdc_train_part_2_faldrzrfbs,train,fake,/workspace/data/raw/dfdc/dfdc_train_part_02/dfdc_train_part_2/faldrzrfbs.mp4,dfdc_train_part_2
dfdc_train_part_2_xitgdpzbxv,train,fake,/workspace/data/raw/dfdc/dfdc_train_part_02/dfdc_train_part_2/xitgdpzbxv.mp4,dfdc_train_part_2
dfdc_train_part_2_qzexcszwqh,train,fake,/workspace/data/raw/dfdc/dfdc_train_part_02/dfdc_train_part_2/qzexcszwqh.mp4,dfdc_train_part_2
dfdc_train_part_2_xpukbfhfed,train,fake,/workspace/data/raw/dfdc/dfdc_train_part_02/dfdc_train_part_2/xpukbfhfed.mp4,dfdc_train_part_2
dfdc_train_part_2_wxbtpkhdie,train,fake,/workspace/data/raw/dfdc/dfdc_train_part_02/dfdc_train_part_2/wxbtpkhdie.mp4,dfdc_train_part_2
dfdc_train_part_2_kpbxapzamz,train,fake,/workspace/data/raw/dfdc/dfdc_train_part_02/dfdc_train_part_2/kpbxapzamz.mp4,dfdc_train_part_2
dfdc_train_part_2_nhgyntvhbg,train,fake,/workspace/data/raw/dfdc/dfdc_train_part_02/dfdc_train_part_2/nhgyntvhbg.mp4,dfdc_train_part_2
dfdc_train_part_2_pwftvlkjqp,train,fake,/workspace/data/raw/dfdc/dfdc_train_part_02/dfdc_train_part_2/pwftvlkjqp.mp4,dfdc_train_part_2
dfdc_train_part_2_eiqkzdpmun,train,fake,/workspace/data/raw/dfdc/dfdc_train_part_02/dfdc_train_part_2/eiqkzdpmun.mp4,dfdc_train_part_2
dfdc_train_part_2_ooocwpthtq,train,fake,/workspace/data/raw/dfdc/dfdc_train_part_02/dfdc_train_part_2/ooocwpthtq.mp4,dfdc_train_part_2
dfdc_train_part_2_gxqzavbulk,train,real,/workspace/data/raw/dfdc/dfdc_train_part_02/dfdc_train_part_2/gxqzavbulk.mp4,dfdc_train_part_2
dfdc_train_part_2_dpjfwtafke,train,fake,/workspace/data/raw/dfdc/dfdc_train_part_02/dfdc_train_part_2/dpjfwtafke.mp4,dfdc_train_part_2
dfdc_train_part_2_egwyvhmynr,train,fake,/workspace/data/raw/dfdc/dfdc_train_part_02/dfdc_train_part_2/egwyvhmynr.mp4,dfdc_train_part_2
dfdc_train_part_2_acazlolrpz,train,fake,/workspace/data/raw/dfdc/dfdc_train_part_02/dfdc_train_part_2/acazlolrpz.mp4,dfdc_train_part_2
dfdc_train_part_2_mrevakjdlt,train,fake,/workspace/data/raw/dfdc/dfdc_train_part_02/dfdc_train_part_2/mrevakjdlt.mp4,dfdc_train_part_2
dfdc_train_part_2_ndikguxzek,train,fake,/workspace/data/raw/dfdc/dfdc_train_part_02/dfdc_train_part_2/ndikguxzek.mp4,dfdc_train_part_2
dfdc_train_part_2_ovogkdhknn,train,fake,/workspace/data/raw/dfdc/dfdc_train_part_02/dfdc_train_part_2/ovogkdhknn.mp4,dfdc_train_part_2
dfdc_train_part_2_zlptftgjro,train,fake,/workspace/data/raw/dfdc/dfdc_train_part_02/dfdc_train_part_2/zlptftgjro.mp4,dfdc_train_part_2
dfdc_train_part_2_qflvhvhymj,train,fake,/workspace/data/raw/dfdc/dfdc_train_part_02/dfdc_train_part_2/qflvhvhymj.mp4,dfdc_train_part_2
dfdc_train_part_2_ymjvxsuvwc,train,fake,/workspace/data/raw/dfdc/dfdc_train_part_02/dfdc_train_part_2/ymjvxsuvwc.mp4,dfdc_train_part_2
dfdc_train_part_2_vmiscvenui,train,fake,/workspace/data/raw/dfdc/dfdc_train_part_02/dfdc_train_part_2/vmiscvenui.mp4,dfdc_train_part_2
dfdc_train_part_2_hzssdinxec,train,fake,/workspace/data/raw/dfdc/dfdc_train_part_02/dfdc_train_part_2/hzssdinxec.mp4,dfdc_train_part_2
dfdc_train_part_2_xevohgazsq,train,fake,/workspace/data/raw/dfdc/dfdc_train_part_02/dfdc_train_part_2/xevohgazsq.mp4,dfdc_train_part_2
dfdc_train_part_2_fnzvphudej,train,fake,/workspace/data/raw/dfdc/dfdc_train_part_02/dfdc_train_part_2/fnzvphudej.mp4,dfdc_train_part_2
dfdc_train_part_2_krjxsqhshk,train,fake,/workspace/data/raw/dfdc/dfdc_train_part_02/dfdc_train_part_2/krjxsqhshk.mp4,dfdc_train_part_2
dfdc_train_part_2_hjiqvfiodc,train,fake,/workspace/data/raw/dfdc/dfdc_train_part_02/dfdc_train_part_2/hjiqvfiodc.mp4,dfdc_train_part_2
dfdc_train_part_2_rkkqkxkggn,train,fake,/workspace/data/raw/dfdc/dfdc_train_part_02/dfdc_train_part_2/rkkqkxkggn.mp4,dfdc_train_part_2
dfdc_train_part_2_vuxrjngncf,train,fake,/workspace/data/raw/dfdc/dfdc_train_part_02/dfdc_train_part_2/vuxrjngncf.mp4,dfdc_train_part_2
dfdc_train_part_2_zqllwscvdy,train,fake,/workspace/data/raw/dfdc/dfdc_train_part_02/dfdc_train_part_2/zqllwscvdy.mp4,dfdc_train_part_2
dfdc_train_part_2_ltsqbnacho,train,fake,/workspace/data/raw/dfdc/dfdc_train_part_02/dfdc_train_part_2/ltsqbnacho.mp4,dfdc_train_part_2
dfdc_train_part_2_mujmyarcbg,train,fake,/workspace/data/raw/dfdc/dfdc_train_part_02/dfdc_train_part_2/mujmyarcbg.mp4,dfdc_train_part_2
dfdc_train_part_2_obbhgtppov,train,fake,/workspace/data/raw/dfdc/dfdc_train_part_02/dfdc_train_part_2/obbhgtppov.mp4,dfdc_train_part_2
dfdc_train_part_2_ojsptylexg,train,fake,/workspace/data/raw/dfdc/dfdc_train_part_02/dfdc_train_part_2/ojsptylexg.mp4,dfdc_train_part_2
dfdc_train_part_2_oambyopbqc,train,fake,/workspace/data/raw/dfdc/dfdc_train_part_02/dfdc_train_part_2/oambyopbqc.mp4,dfdc_train_part_2
dfdc_train_part_2_vplltjclog,train,fake,/workspace/data/raw/dfdc/dfdc_train_part_02/dfdc_train_part_2/vplltjclog.mp4,dfdc_train_part_2
dfdc_train_part_2_eykkthrnoy,train,real,/workspace/data/raw/dfdc/dfdc_train_part_02/dfdc_train_part_2/eykkthrnoy.mp4,dfdc_train_part_2
dfdc_train_part_2_fytefhkrtz,train,fake,/workspace/data/raw/dfdc/dfdc_train_part_02/dfdc_train_part_2/fytefhkrtz.mp4,dfdc_train_part_2
dfdc_train_part_2_cwetvtzeyf,train,fake,/workspace/data/raw/dfdc/dfdc_train_part_02/dfdc_train_part_2/cwetvtzeyf.mp4,dfdc_train_part_2
dfdc_train_part_2_pxcfrszlgi,train,real,/workspace/data/raw/dfdc/dfdc_train_part_02/dfdc_train_part_2/pxcfrszlgi.mp4,dfdc_train_part_2
dfdc_train_part_2_meiqosyrwj,train,fake,/workspace/data/raw/dfdc/dfdc_train_part_02/dfdc_train_part_2/meiqosyrwj.mp4,dfdc_train_part_2
dfdc_train_part_2_mcnwvsfglk,train,fake,/workspace/data/raw/dfdc/dfdc_train_part_02/dfdc_train_part_2/mcnwvsfglk.mp4,dfdc_train_part_2
dfdc_train_part_2_vuyhdukbet,train,fake,/workspace/data/raw/dfdc/dfdc_train_part_02/dfdc_train_part_2/vuyhdukbet.mp4,dfdc_train_part_2
dfdc_train_part_2_eahthbqnbe,train,fake,/workspace/data/raw/dfdc/dfdc_train_part_02/dfdc_train_part_2/eahthbqnbe.mp4,dfdc_train_part_2
dfdc_train_part_2_trxdejolnf,train,fake,/workspace/data/raw/dfdc/dfdc_train_part_02/dfdc_train_part_2/trxdejolnf.mp4,dfdc_train_part_2
dfdc_train_part_2_recwvyhtgu,train,fake,/workspace/data/raw/dfdc/dfdc_train_part_02/dfdc_train_part_2/recwvyhtgu.mp4,dfdc_train_part_2
dfdc_train_part_2_zsfpyhgxmg,train,fake,/workspace/data/raw/dfdc/dfdc_train_part_02/dfdc_train_part_2/zsfpyhgxmg.mp4,dfdc_train_part_2
dfdc_train_part_2_dpyckjuxij,train,fake,/workspace/data/raw/dfdc/dfdc_train_part_02/dfdc_train_part_2/dpyckjuxij.mp4,dfdc_train_part_2
dfdc_train_part_2_lseqjdrppx,train,fake,/workspace/data/raw/dfdc/dfdc_train_part_02/dfdc_train_part_2/lseqjdrppx.mp4,dfdc_train_part_2
dfdc_train_part_2_sbzhqdbslb,train,fake,/workspace/data/raw/dfdc/dfdc_train_part_02/dfdc_train_part_2/sbzhqdbslb.mp4,dfdc_train_part_2
dfdc_train_part_2_omyicmcbbu,train,fake,/workspace/data/raw/dfdc/dfdc_train_part_02/dfdc_train_part_2/omyicmcbbu.mp4,dfdc_train_part_2
dfdc_train_part_2_pisqdmzpcc,train,fake,/workspace/data/raw/dfdc/dfdc_train_part_02/dfdc_train_part_2/pisqdmzpcc.mp4,dfdc_train_part_2
dfdc_train_part_2_ykozgmxgir,train,fake,/workspace/data/raw/dfdc/dfdc_train_part_02/dfdc_train_part_2/ykozgmxgir.mp4,dfdc_train_part_2
dfdc_train_part_2_mwvytbcjeg,train,fake,/workspace/data/raw/dfdc/dfdc_train_part_02/dfdc_train_part_2/mwvytbcjeg.mp4,dfdc_train_part_2
dfdc_train_part_2_pdbxexfbgp,train,fake,/workspace/data/raw/dfdc/dfdc_train_part_02/dfdc_train_part_2/pdbxexfbgp.mp4,dfdc_train_part_2
dfdc_train_part_2_eyhizewvlt,train,fake,/workspace/data/raw/dfdc/dfdc_train_part_02/dfdc_train_part_2/eyhizewvlt.mp4,dfdc_train_part_2
dfdc_train_part_2_rqmhdpwpxp,train,fake,/workspace/data/raw/dfdc/dfdc_train_part_02/dfdc_train_part_2/rqmhdpwpxp.mp4,dfdc_train_part_2
dfdc_train_part_2_zypkaxiras,train,fake,/workspace/data/raw/dfdc/dfdc_train_part_02/dfdc_train_part_2/zypkaxiras.mp4,dfdc_train_part_2
dfdc_train_part_2_kstrpowvav,train,fake,/workspace/data/raw/dfdc/dfdc_train_part_02/dfdc_train_part_2/kstrpowvav.mp4,dfdc_train_part_2
dfdc_train_part_2_omphqltjdd,train,real,/workspace/data/raw/dfdc/dfdc_train_part_02/dfdc_train_part_2/omphqltjdd.mp4,dfdc_train_part_2
dfdc_train_part_2_slnwzzepqz,train,fake,/workspace/data/raw/dfdc/dfdc_train_part_02/dfdc_train_part_2/slnwzzepqz.mp4,dfdc_train_part_2
dfdc_train_part_2_prnfptjcqm,train,fake,/workspace/data/raw/dfdc/dfdc_train_part_02/dfdc_train_part_2/prnfptjcqm.mp4,dfdc_train_part_2
dfdc_train_part_2_rqndfubbro,train,fake,/workspace/data/raw/dfdc/dfdc_train_part_02/dfdc_train_part_2/rqndfubbro.mp4,dfdc_train_part_2
dfdc_train_part_2_gzlgpafpax,train,fake,/workspace/data/raw/dfdc/dfdc_train_part_02/dfdc_train_part_2/gzlgpafpax.mp4,dfdc_train_part_2
dfdc_train_part_2_wbuajbdcfs,train,real,/workspace/data/raw/dfdc/dfdc_train_part_02/dfdc_train_part_2/wbuajbdcfs.mp4,dfdc_train_part_2
dfdc_train_part_2_xjlpqffzoq,train,fake,/workspace/data/raw/dfdc/dfdc_train_part_02/dfdc_train_part_2/xjlpqffzoq.mp4,dfdc_train_part_2
dfdc_train_part_2_kvuwxspozi,train,fake,/workspace/data/raw/dfdc/dfdc_train_part_02/dfdc_train_part_2/kvuwxspozi.mp4,dfdc_train_part_2
dfdc_train_part_2_aspxnmdiku,train,fake,/workspace/data/raw/dfdc/dfdc_train_part_02/dfdc_train_part_2/aspxnmdiku.mp4,dfdc_train_part_2
dfdc_train_part_2_eshbpqddmx,train,fake,/workspace/data/raw/dfdc/dfdc_train_part_02/dfdc_train_part_2/eshbpqddmx.mp4,dfdc_train_part_2
dfdc_train_part_2_qiinxqndlg,train,fake,/workspace/data/raw/dfdc/dfdc_train_part_02/dfdc_train_part_2/qiinxqndlg.mp4,dfdc_train_part_2
dfdc_train_part_2_yyejxatcnz,train,fake,/workspace/data/raw/dfdc/dfdc_train_part_02/dfdc_train_part_2/yyejxatcnz.mp4,dfdc_train_part_2
dfdc_train_part_2_ywlbihpkjn,train,fake,/workspace/data/raw/dfdc/dfdc_train_part_02/dfdc_train_part_2/ywlbihpkjn.mp4,dfdc_train_part_2
dfdc_train_part_2_mohiqoogpb,train,real,/workspace/data/raw/dfdc/dfdc_train_part_02/dfdc_train_part_2/mohiqoogpb.mp4,dfdc_train_part_2
dfdc_train_part_2_wmzolzkmpt,train,fake,/workspace/data/raw/dfdc/dfdc_train_part_02/dfdc_train_part_2/wmzolzkmpt.mp4,dfdc_train_part_2
dfdc_train_part_2_eupepgixho,train,fake,/workspace/data/raw/dfdc/dfdc_train_part_02/dfdc_train_part_2/eupepgixho.mp4,dfdc_train_part_2
dfdc_train_part_2_sjruktxnas,train,fake,/workspace/data/raw/dfdc/dfdc_train_part_02/dfdc_train_part_2/sjruktxnas.mp4,dfdc_train_part_2
dfdc_train_part_2_famvrdotln,train,fake,/workspace/data/raw/dfdc/dfdc_train_part_02/dfdc_train_part_2/famvrdotln.mp4,dfdc_train_part_2
dfdc_train_part_2_llgnevncwr,train,fake,/workspace/data/raw/dfdc/dfdc_train_part_02/dfdc_train_part_2/llgnevncwr.mp4,dfdc_train_part_2
dfdc_train_part_2_gdrnynsdlj,train,fake,/workspace/data/raw/dfdc/dfdc_train_part_02/dfdc_train_part_2/gdrnynsdlj.mp4,dfdc_train_part_2
dfdc_train_part_2_vogwbosucz,train,fake,/workspace/data/raw/dfdc/dfdc_train_part_02/dfdc_train_part_2/vogwbosucz.mp4,dfdc_train_part_2
dfdc_train_part_2_dljbvhseze,train,fake,/workspace/data/raw/dfdc/dfdc_train_part_02/dfdc_train_part_2/dljbvhseze.mp4,dfdc_train_part_2
dfdc_train_part_2_ukezkomunq,train,real,/workspace/data/raw/dfdc/dfdc_train_part_02/dfdc_train_part_2/ukezkomunq.mp4,dfdc_train_part_2
dfdc_train_part_2_ivtgygzijt,train,fake,/workspace/data/raw/dfdc/dfdc_train_part_02/dfdc_train_part_2/ivtgygzijt.mp4,dfdc_train_part_2
dfdc_train_part_2_umloaoulgo,train,fake,/workspace/data/raw/dfdc/dfdc_train_part_02/dfdc_train_part_2/umloaoulgo.mp4,dfdc_train_part_2
dfdc_train_part_2_nawtezpgnm,train,real,/workspace/data/raw/dfdc/dfdc_train_part_02/dfdc_train_part_2/nawtezpgnm.mp4,dfdc_train_part_2
dfdc_train_part_2_iiumieewxp,train,fake,/workspace/data/raw/dfdc/dfdc_train_part_02/dfdc_train_part_2/iiumieewxp.mp4,dfdc_train_part_2
dfdc_train_part_2_azrnasfxsw,train,fake,/workspace/data/raw/dfdc/dfdc_train_part_02/dfdc_train_part_2/azrnasfxsw.mp4,dfdc_train_part_2
dfdc_train_part_2_skwgkomhwg,train,fake,/workspace/data/raw/dfdc/dfdc_train_part_02/dfdc_train_part_2/skwgkomhwg.mp4,dfdc_train_part_2
dfdc_train_part_2_jyuzlarico,train,fake,/workspace/data/raw/dfdc/dfdc_train_part_02/dfdc_train_part_2/jyuzlarico.mp4,dfdc_train_part_2
dfdc_train_part_2_hxqqnbdlaj,train,fake,/workspace/data/raw/dfdc/dfdc_train_part_02/dfdc_train_part_2/hxqqnbdlaj.mp4,dfdc_train_part_2
dfdc_train_part_2_truwgbqpni,train,fake,/workspace/data/raw/dfdc/dfdc_train_part_02/dfdc_train_part_2/truwgbqpni.mp4,dfdc_train_part_2
dfdc_train_part_2_hspdmdjzod,train,fake,/workspace/data/raw/dfdc/dfdc_train_part_02/dfdc_train_part_2/hspdmdjzod.mp4,dfdc_train_part_2
dfdc_train_part_2_chhjdmutms,train,fake,/workspace/data/raw/dfdc/dfdc_train_part_02/dfdc_train_part_2/chhjdmutms.mp4,dfdc_train_part_2
dfdc_train_part_2_mqsuoaynsx,train,fake,/workspace/data/raw/dfdc/dfdc_train_part_02/dfdc_train_part_2/mqsuoaynsx.mp4,dfdc_train_part_2
dfdc_train_part_2_gbwgfjfwax,train,fake,/workspace/data/raw/dfdc/dfdc_train_part_02/dfdc_train_part_2/gbwgfjfwax.mp4,dfdc_train_part_2
dfdc_train_part_2_xjekugqeho,train,fake,/workspace/data/raw/dfdc/dfdc_train_part_02/dfdc_train_part_2/xjekugqeho.mp4,dfdc_train_part_2
dfdc_train_part_2_tsvkpzczfu,train,fake,/workspace/data/raw/dfdc/dfdc_train_part_02/dfdc_train_part_2/tsvkpzczfu.mp4,dfdc_train_part_2
dfdc_train_part_2_wszppqgytq,train,fake,/workspace/data/raw/dfdc/dfdc_train_part_02/dfdc_train_part_2/wszppqgytq.mp4,dfdc_train_part_2
dfdc_train_part_2_qobytwcryc,train,fake,/workspace/data/raw/dfdc/dfdc_train_part_02/dfdc_train_part_2/qobytwcryc.mp4,dfdc_train_part_2
dfdc_train_part_2_csnkohqxdv,train,fake,/workspace/data/raw/dfdc/dfdc_train_part_02/dfdc_train_part_2/csnkohqxdv.mp4,dfdc_train_part_2
dfdc_train_part_2_yatwyftvgr,train,fake,/workspace/data/raw/dfdc/dfdc_train_part_02/dfdc_train_part_2/yatwyftvgr.mp4,dfdc_train_part_2
dfdc_train_part_2_ngesleahtm,train,fake,/workspace/data/raw/dfdc/dfdc_train_part_02/dfdc_train_part_2/ngesleahtm.mp4,dfdc_train_part_2
dfdc_train_part_2_lorysiznty,train,fake,/workspace/data/raw/dfdc/dfdc_train_part_02/dfdc_train_part_2/lorysiznty.mp4,dfdc_train_part_2
dfdc_train_part_2_pabtvtqbpz,train,fake,/workspace/data/raw/dfdc/dfdc_train_part_02/dfdc_train_part_2/pabtvtqbpz.mp4,dfdc_train_part_2
dfdc_train_part_2_hfxvecyvmj,train,fake,/workspace/data/raw/dfdc/dfdc_train_part_02/dfdc_train_part_2/hfxvecyvmj.mp4,dfdc_train_part_2
dfdc_train_part_2_oguqwtfjlx,train,fake,/workspace/data/raw/dfdc/dfdc_train_part_02/dfdc_train_part_2/oguqwtfjlx.mp4,dfdc_train_part_2
dfdc_train_part_2_rgarqfixsm,train,fake,/workspace/data/raw/dfdc/dfdc_train_part_02/dfdc_train_part_2/rgarqfixsm.mp4,dfdc_train_part_2
dfdc_train_part_2_bdhbzwfiov,train,fake,/workspace/data/raw/dfdc/dfdc_train_part_02/dfdc_train_part_2/bdhbzwfiov.mp4,dfdc_train_part_2
dfdc_train_part_2_eqsdsagofc,train,fake,/workspace/data/raw/dfdc/dfdc_train_part_02/dfdc_train_part_2/eqsdsagofc.mp4,dfdc_train_part_2
dfdc_train_part_2_runqzmfxhs,train,fake,/workspace/data/raw/dfdc/dfdc_train_part_02/dfdc_train_part_2/runqzmfxhs.mp4,dfdc_train_part_2
dfdc_train_part_2_zvnwnkfbpz,train,fake,/workspace/data/raw/dfdc/dfdc_train_part_02/dfdc_train_part_2/zvnwnkfbpz.mp4,dfdc_train_part_2
dfdc_train_part_2_mnaqhfnjre,train,fake,/workspace/data/raw/dfdc/dfdc_train_part_02/dfdc_train_part_2/mnaqhfnjre.mp4,dfdc_train_part_2
dfdc_train_part_2_qxmvgpsbpg,train,real,/workspace/data/raw/dfdc/dfdc_train_part_02/dfdc_train_part_2/qxmvgpsbpg.mp4,dfdc_train_part_2
dfdc_train_part_2_iaquzvpkgp,train,fake,/workspace/data/raw/dfdc/dfdc_train_part_02/dfdc_train_part_2/iaquzvpkgp.mp4,dfdc_train_part_2
dfdc_train_part_2_bjjnvcgjml,train,fake,/workspace/data/raw/dfdc/dfdc_train_part_02/dfdc_train_part_2/bjjnvcgjml.mp4,dfdc_train_part_2
dfdc_train_part_2_bcjteassyd,train,real,/workspace/data/raw/dfdc/dfdc_train_part_02/dfdc_train_part_2/bcjteassyd.mp4,dfdc_train_part_2
dfdc_train_part_2_apzlacqgnz,train,fake,/workspace/data/raw/dfdc/dfdc_train_part_02/dfdc_train_part_2/apzlacqgnz.mp4,dfdc_train_part_2
dfdc_train_part_2_grtyfxhthr,train,fake,/workspace/data/raw/dfdc/dfdc_train_part_02/dfdc_train_part_2/grtyfxhthr.mp4,dfdc_train_part_2
dfdc_train_part_2_imvbxbuhbp,train,fake,/workspace/data/raw/dfdc/dfdc_train_part_02/dfdc_train_part_2/imvbxbuhbp.mp4,dfdc_train_part_2
dfdc_train_part_2_bnwlsejuna,train,fake,/workspace/data/raw/dfdc/dfdc_train_part_02/dfdc_train_part_2/bnwlsejuna.mp4,dfdc_train_part_2
dfdc_train_part_2_uwxvvywkfo,train,fake,/workspace/data/raw/dfdc/dfdc_train_part_02/dfdc_train_part_2/uwxvvywkfo.mp4,dfdc_train_part_2
dfdc_train_part_2_fmnhbcghcx,train,fake,/workspace/data/raw/dfdc/dfdc_train_part_02/dfdc_train_part_2/fmnhbcghcx.mp4,dfdc_train_part_2
dfdc_train_part_2_ghjellrvet,train,fake,/workspace/data/raw/dfdc/dfdc_train_part_02/dfdc_train_part_2/ghjellrvet.mp4,dfdc_train_part_2
dfdc_train_part_2_hgrmznqdzx,train,fake,/workspace/data/raw/dfdc/dfdc_train_part_02/dfdc_train_part_2/hgrmznqdzx.mp4,dfdc_train_part_2
dfdc_train_part_2_mueekicuyv,train,real,/workspace/data/raw/dfdc/dfdc_train_part_02/dfdc_train_part_2/mueekicuyv.mp4,dfdc_train_part_2
dfdc_train_part_2_npofldlttc,train,fake,/workspace/data/raw/dfdc/dfdc_train_part_02/dfdc_train_part_2/npofldlttc.mp4,dfdc_train_part_2
dfdc_train_part_2_ccbfcnkwxa,train,fake,/workspace/data/raw/dfdc/dfdc_train_part_02/dfdc_train_part_2/ccbfcnkwxa.mp4,dfdc_train_part_2
dfdc_train_part_2_xfoaofsmzi,train,fake,/workspace/data/raw/dfdc/dfdc_train_part_02/dfdc_train_part_2/xfoaofsmzi.mp4,dfdc_train_part_2
dfdc_train_part_2_ztqaofrnbc,train,fake,/workspace/data/raw/dfdc/dfdc_train_part_02/dfdc_train_part_2/ztqaofrnbc.mp4,dfdc_train_part_2
dfdc_train_part_2_wvowwzbgbd,train,fake,/workspace/data/raw/dfdc/dfdc_train_part_02/dfdc_train_part_2/wvowwzbgbd.mp4,dfdc_train_part_2
dfdc_train_part_2_jmoltzkhax,train,fake,/workspace/data/raw/dfdc/dfdc_train_part_02/dfdc_train_part_2/jmoltzkhax.mp4,dfdc_train_part_2
dfdc_train_part_2_fbbpclizuw,train,fake,/workspace/data/raw/dfdc/dfdc_train_part_02/dfdc_train_part_2/fbbpclizuw.mp4,dfdc_train_part_2
dfdc_train_part_2_xlvneejsyd,train,fake,/workspace/data/raw/dfdc/dfdc_train_part_02/dfdc_train_part_2/xlvneejsyd.mp4,dfdc_train_part_2
dfdc_train_part_2_vwikrwipol,train,fake,/workspace/data/raw/dfdc/dfdc_train_part_02/dfdc_train_part_2/vwikrwipol.mp4,dfdc_train_part_2
dfdc_train_part_2_ptsoeirkem,train,fake,/workspace/data/raw/dfdc/dfdc_train_part_02/dfdc_train_part_2/ptsoeirkem.mp4,dfdc_train_part_2
dfdc_train_part_2_qsptlvtecx,train,fake,/workspace/data/raw/dfdc/dfdc_train_part_02/dfdc_train_part_2/qsptlvtecx.mp4,dfdc_train_part_2
dfdc_train_part_2_qzkeinseeu,train,fake,/workspace/data/raw/dfdc/dfdc_train_part_02/dfdc_train_part_2/qzkeinseeu.mp4,dfdc_train_part_2
dfdc_train_part_2_ncfgdgdumj,train,fake,/workspace/data/raw/dfdc/dfdc_train_part_02/dfdc_train_part_2/ncfgdgdumj.mp4,dfdc_train_part_2
dfdc_train_part_2_avlfjeuozz,train,fake,/workspace/data/raw/dfdc/dfdc_train_part_02/dfdc_train_part_2/avlfjeuozz.mp4,dfdc_train_part_2
dfdc_train_part_2_cwjtawpefj,train,fake,/workspace/data/raw/dfdc/dfdc_train_part_02/dfdc_train_part_2/cwjtawpefj.mp4,dfdc_train_part_2
dfdc_train_part_2_sckgpvbzpc,train,fake,/workspace/data/raw/dfdc/dfdc_train_part_02/dfdc_train_part_2/sckgpvbzpc.mp4,dfdc_train_part_2
dfdc_train_part_2_pqijxhlbyw,train,fake,/workspace/data/raw/dfdc/dfdc_train_part_02/dfdc_train_part_2/pqijxhlbyw.mp4,dfdc_train_part_2
dfdc_train_part_2_cmliuimutv,train,fake,/workspace/data/raw/dfdc/dfdc_train_part_02/dfdc_train_part_2/cmliuimutv.mp4,dfdc_train_part_2
dfdc_train_part_2_vplnauucuc,train,fake,/workspace/data/raw/dfdc/dfdc_train_part_02/dfdc_train_part_2/vplnauucuc.mp4,dfdc_train_part_2
dfdc_train_part_2_aufcgglxtv,train,fake,/workspace/data/raw/dfdc/dfdc_train_part_02/dfdc_train_part_2/aufcgglxtv.mp4,dfdc_train_part_2
dfdc_train_part_2_cqeqirfagb,train,fake,/workspace/data/raw/dfdc/dfdc_train_part_02/dfdc_train_part_2/cqeqirfagb.mp4,dfdc_train_part_2
dfdc_train_part_2_ouoqfjpcqy,train,fake,/workspace/data/raw/dfdc/dfdc_train_part_02/dfdc_train_part_2/ouoqfjpcqy.mp4,dfdc_train_part_2
dfdc_train_part_2_wuxsmzxkfk,train,fake,/workspace/data/raw/dfdc/dfdc_train_part_02/dfdc_train_part_2/wuxsmzxkfk.mp4,dfdc_train_part_2
dfdc_train_part_2_afkfweamui,train,fake,/workspace/data/raw/dfdc/dfdc_train_part_02/dfdc_train_part_2/afkfweamui.mp4,dfdc_train_part_2
dfdc_train_part_2_lxfeonkcec,train,fake,/workspace/data/raw/dfdc/dfdc_train_part_02/dfdc_train_part_2/lxfeonkcec.mp4,dfdc_train_part_2
dfdc_train_part_2_ehbujerrtd,train,fake,/workspace/data/raw/dfdc/dfdc_train_part_02/dfdc_train_part_2/ehbujerrtd.mp4,dfdc_train_part_2
dfdc_train_part_2_edmiitrplj,train,fake,/workspace/data/raw/dfdc/dfdc_train_part_02/dfdc_train_part_2/edmiitrplj.mp4,dfdc_train_part_2
dfdc_train_part_2_ykiewiehnr,train,fake,/workspace/data/raw/dfdc/dfdc_train_part_02/dfdc_train_part_2/ykiewiehnr.mp4,dfdc_train_part_2
dfdc_train_part_2_luksuvlrom,train,fake,/workspace/data/raw/dfdc/dfdc_train_part_02/dfdc_train_part_2/luksuvlrom.mp4,dfdc_train_part_2
dfdc_train_part_2_xrdkntysvh,train,fake,/workspace/data/raw/dfdc/dfdc_train_part_02/dfdc_train_part_2/xrdkntysvh.mp4,dfdc_train_part_2
dfdc_train_part_2_yblzpeegnk,train,fake,/workspace/data/raw/dfdc/dfdc_train_part_02/dfdc_train_part_2/yblzpeegnk.mp4,dfdc_train_part_2
dfdc_train_part_2_aqvowsdlld,train,fake,/workspace/data/raw/dfdc/dfdc_train_part_02/dfdc_train_part_2/aqvowsdlld.mp4,dfdc_train_part_2
dfdc_train_part_2_lgjtuooxmu,train,fake,/workspace/data/raw/dfdc/dfdc_train_part_02/dfdc_train_part_2/lgjtuooxmu.mp4,dfdc_train_part_2
dfdc_train_part_2_cbtxhyzfbh,train,fake,/workspace/data/raw/dfdc/dfdc_train_part_02/dfdc_train_part_2/cbtxhyzfbh.mp4,dfdc_train_part_2
dfdc_train_part_2_gpktopynlp,train,fake,/workspace/data/raw/dfdc/dfdc_train_part_02/dfdc_train_part_2/gpktopynlp.mp4,dfdc_train_part_2
dfdc_train_part_2_tvmnxkhbgw,train,fake,/workspace/data/raw/dfdc/dfdc_train_part_02/dfdc_train_part_2/tvmnxkhbgw.mp4,dfdc_train_part_2
dfdc_train_part_2_qgnlsfxjnw,train,fake,/workspace/data/raw/dfdc/dfdc_train_part_02/dfdc_train_part_2/qgnlsfxjnw.mp4,dfdc_train_part_2
dfdc_train_part_2_xcgayyyene,train,fake,/workspace/data/raw/dfdc/dfdc_train_part_02/dfdc_train_part_2/xcgayyyene.mp4,dfdc_train_part_2
dfdc_train_part_2_vjepxgipfi,train,fake,/workspace/data/raw/dfdc/dfdc_train_part_02/dfdc_train_part_2/vjepxgipfi.mp4,dfdc_train_part_2
dfdc_train_part_2_txoroydndn,train,fake,/workspace/data/raw/dfdc/dfdc_train_part_02/dfdc_train_part_2/txoroydndn.mp4,dfdc_train_part_2
dfdc_train_part_2_kxnfqjansf,train,fake,/workspace/data/raw/dfdc/dfdc_train_part_02/dfdc_train_part_2/kxnfqjansf.mp4,dfdc_train_part_2
dfdc_train_part_2_smzgpdtyyj,train,fake,/workspace/data/raw/dfdc/dfdc_train_part_02/dfdc_train_part_2/smzgpdtyyj.mp4,dfdc_train_part_2
dfdc_train_part_2_gxdzpuxjlg,train,fake,/workspace/data/raw/dfdc/dfdc_train_part_02/dfdc_train_part_2/gxdzpuxjlg.mp4,dfdc_train_part_2
dfdc_train_part_2_xguuadleva,train,fake,/workspace/data/raw/dfdc/dfdc_train_part_02/dfdc_train_part_2/xguuadleva.mp4,dfdc_train_part_2
dfdc_train_part_2_upjxnffxqn,train,fake,/workspace/data/raw/dfdc/dfdc_train_part_02/dfdc_train_part_2/upjxnffxqn.mp4,dfdc_train_part_2
dfdc_train_part_2_ltetbelgve,train,fake,/workspace/data/raw/dfdc/dfdc_train_part_02/dfdc_train_part_2/ltetbelgve.mp4,dfdc_train_part_2
dfdc_train_part_2_xzvvegmzjn,train,fake,/workspace/data/raw/dfdc/dfdc_train_part_02/dfdc_train_part_2/xzvvegmzjn.mp4,dfdc_train_part_2
dfdc_train_part_2_bofqrylfpr,train,fake,/workspace/data/raw/dfdc/dfdc_train_part_02/dfdc_train_part_2/bofqrylfpr.mp4,dfdc_train_part_2
dfdc_train_part_2_vjljdfopjg,train,fake,/workspace/data/raw/dfdc/dfdc_train_part_02/dfdc_train_part_2/vjljdfopjg.mp4,dfdc_train_part_2
dfdc_train_part_2_uwxdraosyo,train,fake,/workspace/data/raw/dfdc/dfdc_train_part_02/dfdc_train_part_2/uwxdraosyo.mp4,dfdc_train_part_2
dfdc_train_part_2_jcyitrgvtz,train,fake,/workspace/data/raw/dfdc/dfdc_train_part_02/dfdc_train_part_2/jcyitrgvtz.mp4,dfdc_train_part_2
dfdc_train_part_2_wqysrieiqu,train,real,/workspace/data/raw/dfdc/dfdc_train_part_02/dfdc_train_part_2/wqysrieiqu.mp4,dfdc_train_part_2
dfdc_train_part_2_evoieivlzm,train,fake,/workspace/data/raw/dfdc/dfdc_train_part_02/dfdc_train_part_2/evoieivlzm.mp4,dfdc_train_part_2
dfdc_train_part_2_oelqpetgwj,train,fake,/workspace/data/raw/dfdc/dfdc_train_part_02/dfdc_train_part_2/oelqpetgwj.mp4,dfdc_train_part_2
dfdc_train_part_2_oobeaklccb,train,real,/workspace/data/raw/dfdc/dfdc_train_part_02/dfdc_train_part_2/oobeaklccb.mp4,dfdc_train_part_2
dfdc_train_part_2_enclclienu,train,fake,/workspace/data/raw/dfdc/dfdc_train_part_02/dfdc_train_part_2/enclclienu.mp4,dfdc_train_part_2
dfdc_train_part_2_vkqivxnett,train,fake,/workspace/data/raw/dfdc/dfdc_train_part_02/dfdc_train_part_2/vkqivxnett.mp4,dfdc_train_part_2
dfdc_train_part_2_ztvzwlrqoi,train,fake,/workspace/data/raw/dfdc/dfdc_train_part_02/dfdc_train_part_2/ztvzwlrqoi.mp4,dfdc_train_part_2
dfdc_train_part_2_egscoezvho,train,fake,/workspace/data/raw/dfdc/dfdc_train_part_02/dfdc_train_part_2/egscoezvho.mp4,dfdc_train_part_2
dfdc_train_part_2_pcoxcmtroa,train,real,/workspace/data/raw/dfdc/dfdc_train_part_02/dfdc_train_part_2/pcoxcmtroa.mp4,dfdc_train_part_2
dfdc_train_part_2_ayfjanopir,train,fake,/workspace/data/raw/dfdc/dfdc_train_part_02/dfdc_train_part_2/ayfjanopir.mp4,dfdc_train_part_2
dfdc_train_part_2_kzsjqiorqf,train,fake,/workspace/data/raw/dfdc/dfdc_train_part_02/dfdc_train_part_2/kzsjqiorqf.mp4,dfdc_train_part_2
dfdc_train_part_2_qxzuuzvpmg,train,real,/workspace/data/raw/dfdc/dfdc_train_part_02/dfdc_train_part_2/qxzuuzvpmg.mp4,dfdc_train_part_2
dfdc_train_part_2_lmvgprgmlh,train,fake,/workspace/data/raw/dfdc/dfdc_train_part_02/dfdc_train_part_2/lmvgprgmlh.mp4,dfdc_train_part_2
dfdc_train_part_2_hsyjbopvdt,train,fake,/workspace/data/raw/dfdc/dfdc_train_part_02/dfdc_train_part_2/hsyjbopvdt.mp4,dfdc_train_part_2
dfdc_train_part_2_ycqxwzrorr,train,fake,/workspace/data/raw/dfdc/dfdc_train_part_02/dfdc_train_part_2/ycqxwzrorr.mp4,dfdc_train_part_2
dfdc_train_part_2_eazkicaoye,train,fake,/workspace/data/raw/dfdc/dfdc_train_part_02/dfdc_train_part_2/eazkicaoye.mp4,dfdc_train_part_2
dfdc_train_part_2_cygblzsrwn,train,fake,/workspace/data/raw/dfdc/dfdc_train_part_02/dfdc_train_part_2/cygblzsrwn.mp4,dfdc_train_part_2
dfdc_train_part_2_fljjrisqoy,train,fake,/workspace/data/raw/dfdc/dfdc_train_part_02/dfdc_train_part_2/fljjrisqoy.mp4,dfdc_train_part_2
dfdc_train_part_2_ezsfifpetq,train,fake,/workspace/data/raw/dfdc/dfdc_train_part_02/dfdc_train_part_2/ezsfifpetq.mp4,dfdc_train_part_2
dfdc_train_part_2_bakuscluwn,train,fake,/workspace/data/raw/dfdc/dfdc_train_part_02/dfdc_train_part_2/bakuscluwn.mp4,dfdc_train_part_2
dfdc_train_part_2_iegzhaqbvj,train,fake,/workspace/data/raw/dfdc/dfdc_train_part_02/dfdc_train_part_2/iegzhaqbvj.mp4,dfdc_train_part_2
dfdc_train_part_2_mshechsves,train,fake,/workspace/data/raw/dfdc/dfdc_train_part_02/dfdc_train_part_2/mshechsves.mp4,dfdc_train_part_2
dfdc_train_part_2_efdiqgqeka,train,fake,/workspace/data/raw/dfdc/dfdc_train_part_02/dfdc_train_part_2/efdiqgqeka.mp4,dfdc_train_part_2
dfdc_train_part_2_zltwghgilz,train,fake,/workspace/data/raw/dfdc/dfdc_train_part_02/dfdc_train_part_2/zltwghgilz.mp4,dfdc_train_part_2
dfdc_train_part_2_owkvbejepx,train,fake,/workspace/data/raw/dfdc/dfdc_train_part_02/dfdc_train_part_2/owkvbejepx.mp4,dfdc_train_part_2
dfdc_train_part_2_sqnllaanol,train,fake,/workspace/data/raw/dfdc/dfdc_train_part_02/dfdc_train_part_2/sqnllaanol.mp4,dfdc_train_part_2
dfdc_train_part_2_sznkemeqro,train,real,/workspace/data/raw/dfdc/dfdc_train_part_02/dfdc_train_part_2/sznkemeqro.mp4,dfdc_train_part_2
dfdc_train_part_2_yrtebwifno,train,fake,/workspace/data/raw/dfdc/dfdc_train_part_02/dfdc_train_part_2/yrtebwifno.mp4,dfdc_train_part_2
dfdc_train_part_2_ylxwcwhjjd,train,real,/workspace/data/raw/dfdc/dfdc_train_part_02/dfdc_train_part_2/ylxwcwhjjd.mp4,dfdc_train_part_2
dfdc_train_part_2_kdrjycvkdv,train,fake,/workspace/data/raw/dfdc/dfdc_train_part_02/dfdc_train_part_2/kdrjycvkdv.mp4,dfdc_train_part_2
dfdc_train_part_2_arcviozhqq,train,fake,/workspace/data/raw/dfdc/dfdc_train_part_02/dfdc_train_part_2/arcviozhqq.mp4,dfdc_train_part_2
dfdc_train_part_2_bjhlloopdo,train,fake,/workspace/data/raw/dfdc/dfdc_train_part_02/dfdc_train_part_2/bjhlloopdo.mp4,dfdc_train_part_2
dfdc_train_part_2_atidvosipb,train,fake,/workspace/data/raw/dfdc/dfdc_train_part_02/dfdc_train_part_2/atidvosipb.mp4,dfdc_train_part_2
dfdc_train_part_2_dkphahwdrr,train,fake,/workspace/data/raw/dfdc/dfdc_train_part_02/dfdc_train_part_2/dkphahwdrr.mp4,dfdc_train_part_2
dfdc_train_part_2_beactrbhub,train,fake,/workspace/data/raw/dfdc/dfdc_train_part_02/dfdc_train_part_2/beactrbhub.mp4,dfdc_train_part_2
dfdc_train_part_2_muntsvmpps,train,fake,/workspace/data/raw/dfdc/dfdc_train_part_02/dfdc_train_part_2/muntsvmpps.mp4,dfdc_train_part_2
dfdc_train_part_2_yanjitgylg,train,fake,/workspace/data/raw/dfdc/dfdc_train_part_02/dfdc_train_part_2/yanjitgylg.mp4,dfdc_train_part_2
dfdc_train_part_2_elpxrseijw,train,fake,/workspace/data/raw/dfdc/dfdc_train_part_02/dfdc_train_part_2/elpxrseijw.mp4,dfdc_train_part_2
dfdc_train_part_2_wvgviwnwob,train,fake,/workspace/data/raw/dfdc/dfdc_train_part_02/dfdc_train_part_2/wvgviwnwob.mp4,dfdc_train_part_2
dfdc_train_part_2_csflwluoeb,train,fake,/workspace/data/raw/dfdc/dfdc_train_part_02/dfdc_train_part_2/csflwluoeb.mp4,dfdc_train_part_2
dfdc_train_part_2_rfzzdnmefy,train,fake,/workspace/data/raw/dfdc/dfdc_train_part_02/dfdc_train_part_2/rfzzdnmefy.mp4,dfdc_train_part_2
dfdc_train_part_2_owqtpqsqkq,train,fake,/workspace/data/raw/dfdc/dfdc_train_part_02/dfdc_train_part_2/owqtpqsqkq.mp4,dfdc_train_part_2
dfdc_train_part_2_houbvfwmrd,train,fake,/workspace/data/raw/dfdc/dfdc_train_part_02/dfdc_train_part_2/houbvfwmrd.mp4,dfdc_train_part_2
dfdc_train_part_2_jtfcivmkts,train,fake,/workspace/data/raw/dfdc/dfdc_train_part_02/dfdc_train_part_2/jtfcivmkts.mp4,dfdc_train_part_2
dfdc_train_part_2_gyxeyzdwqf,train,fake,/workspace/data/raw/dfdc/dfdc_train_part_02/dfdc_train_part_2/gyxeyzdwqf.mp4,dfdc_train_part_2
dfdc_train_part_2_txcbkicwgk,train,fake,/workspace/data/raw/dfdc/dfdc_train_part_02/dfdc_train_part_2/txcbkicwgk.mp4,dfdc_train_part_2
dfdc_train_part_2_nxhbxtqhtb,train,fake,/workspace/data/raw/dfdc/dfdc_train_part_02/dfdc_train_part_2/nxhbxtqhtb.mp4,dfdc_train_part_2
dfdc_train_part_2_otkkiwhxrw,train,fake,/workspace/data/raw/dfdc/dfdc_train_part_02/dfdc_train_part_2/otkkiwhxrw.mp4,dfdc_train_part_2
dfdc_train_part_2_styhzwgwxp,train,fake,/workspace/data/raw/dfdc/dfdc_train_part_02/dfdc_train_part_2/styhzwgwxp.mp4,dfdc_train_part_2
dfdc_train_part_2_okoueyswyl,train,fake,/workspace/data/raw/dfdc/dfdc_train_part_02/dfdc_train_part_2/okoueyswyl.mp4,dfdc_train_part_2
dfdc_train_part_2_xlixnbjyhz,train,fake,/workspace/data/raw/dfdc/dfdc_train_part_02/dfdc_train_part_2/xlixnbjyhz.mp4,dfdc_train_part_2
dfdc_train_part_2_hovmulvwpz,train,fake,/workspace/data/raw/dfdc/dfdc_train_part_02/dfdc_train_part_2/hovmulvwpz.mp4,dfdc_train_part_2
dfdc_train_part_2_bmdrytwxjp,train,fake,/workspace/data/raw/dfdc/dfdc_train_part_02/dfdc_train_part_2/bmdrytwxjp.mp4,dfdc_train_part_2
dfdc_train_part_2_ckskyotfdx,train,fake,/workspace/data/raw/dfdc/dfdc_train_part_02/dfdc_train_part_2/ckskyotfdx.mp4,dfdc_train_part_2
dfdc_train_part_2_bktkwbcawi,train,fake,/workspace/data/raw/dfdc/dfdc_train_part_02/dfdc_train_part_2/bktkwbcawi.mp4,dfdc_train_part_2
dfdc_train_part_2_gfyrsyoruy,train,fake,/workspace/data/raw/dfdc/dfdc_train_part_02/dfdc_train_part_2/gfyrsyoruy.mp4,dfdc_train_part_2
dfdc_train_part_2_xhaxplpegb,train,fake,/workspace/data/raw/dfdc/dfdc_train_part_02/dfdc_train_part_2/xhaxplpegb.mp4,dfdc_train_part_2
dfdc_train_part_2_gisfmijhfw,train,fake,/workspace/data/raw/dfdc/dfdc_train_part_02/dfdc_train_part_2/gisfmijhfw.mp4,dfdc_train_part_2
dfdc_train_part_2_hihllafeup,train,fake,/workspace/data/raw/dfdc/dfdc_train_part_02/dfdc_train_part_2/hihllafeup.mp4,dfdc_train_part_2
dfdc_train_part_2_sqrlmwoknq,train,fake,/workspace/data/raw/dfdc/dfdc_train_part_02/dfdc_train_part_2/sqrlmwoknq.mp4,dfdc_train_part_2
dfdc_train_part_2_omggotplak,train,fake,/workspace/data/raw/dfdc/dfdc_train_part_02/dfdc_train_part_2/omggotplak.mp4,dfdc_train_part_2
dfdc_train_part_2_xtnsydjuqs,train,fake,/workspace/data/raw/dfdc/dfdc_train_part_02/dfdc_train_part_2/xtnsydjuqs.mp4,dfdc_train_part_2
dfdc_train_part_2_ziipxxchai,train,real,/workspace/data/raw/dfdc/dfdc_train_part_02/dfdc_train_part_2/ziipxxchai.mp4,dfdc_train_part_2
dfdc_train_part_2_veoljutdiu,train,fake,/workspace/data/raw/dfdc/dfdc_train_part_02/dfdc_train_part_2/veoljutdiu.mp4,dfdc_train_part_2
dfdc_train_part_2_oeuszzavxl,train,fake,/workspace/data/raw/dfdc/dfdc_train_part_02/dfdc_train_part_2/oeuszzavxl.mp4,dfdc_train_part_2
dfdc_train_part_2_rvyoztwigc,train,fake,/workspace/data/raw/dfdc/dfdc_train_part_02/dfdc_train_part_2/rvyoztwigc.mp4,dfdc_train_part_2
dfdc_train_part_2_kthmgbrozc,train,fake,/workspace/data/raw/dfdc/dfdc_train_part_02/dfdc_train_part_2/kthmgbrozc.mp4,dfdc_train_part_2
dfdc_train_part_2_jtzjxkcbtg,train,fake,/workspace/data/raw/dfdc/dfdc_train_part_02/dfdc_train_part_2/jtzjxkcbtg.mp4,dfdc_train_part_2
dfdc_train_part_2_ymldbifpdy,train,fake,/workspace/data/raw/dfdc/dfdc_train_part_02/dfdc_train_part_2/ymldbifpdy.mp4,dfdc_train_part_2
dfdc_train_part_2_bhetenlzsp,train,fake,/workspace/data/raw/dfdc/dfdc_train_part_02/dfdc_train_part_2/bhetenlzsp.mp4,dfdc_train_part_2
dfdc_train_part_2_xckipphmtx,train,fake,/workspace/data/raw/dfdc/dfdc_train_part_02/dfdc_train_part_2/xckipphmtx.mp4,dfdc_train_part_2
dfdc_train_part_2_qxatnspkbp,train,fake,/workspace/data/raw/dfdc/dfdc_train_part_02/dfdc_train_part_2/qxatnspkbp.mp4,dfdc_train_part_2
dfdc_train_part_2_fktzmvlqpf,train,fake,/workspace/data/raw/dfdc/dfdc_train_part_02/dfdc_train_part_2/fktzmvlqpf.mp4,dfdc_train_part_2
dfdc_train_part_2_pycijresne,train,fake,/workspace/data/raw/dfdc/dfdc_train_part_02/dfdc_train_part_2/pycijresne.mp4,dfdc_train_part_2
dfdc_train_part_2_hilmuaqgdw,train,fake,/workspace/data/raw/dfdc/dfdc_train_part_02/dfdc_train_part_2/hilmuaqgdw.mp4,dfdc_train_part_2
dfdc_train_part_2_qttdlsecod,train,fake,/workspace/data/raw/dfdc/dfdc_train_part_02/dfdc_train_part_2/qttdlsecod.mp4,dfdc_train_part_2
dfdc_train_part_2_octnezlnfn,train,fake,/workspace/data/raw/dfdc/dfdc_train_part_02/dfdc_train_part_2/octnezlnfn.mp4,dfdc_train_part_2
dfdc_train_part_2_fgcvmubbzp,train,fake,/workspace/data/raw/dfdc/dfdc_train_part_02/dfdc_train_part_2/fgcvmubbzp.mp4,dfdc_train_part_2
dfdc_train_part_2_jvxticvhgh,train,fake,/workspace/data/raw/dfdc/dfdc_train_part_02/dfdc_train_part_2/jvxticvhgh.mp4,dfdc_train_part_2
dfdc_train_part_2_bwpfzrtkvk,train,fake,/workspace/data/raw/dfdc/dfdc_train_part_02/dfdc_train_part_2/bwpfzrtkvk.mp4,dfdc_train_part_2
dfdc_train_part_2_lhfngqvexu,train,fake,/workspace/data/raw/dfdc/dfdc_train_part_02/dfdc_train_part_2/lhfngqvexu.mp4,dfdc_train_part_2
dfdc_train_part_2_rbtvfrxtou,train,fake,/workspace/data/raw/dfdc/dfdc_train_part_02/dfdc_train_part_2/rbtvfrxtou.mp4,dfdc_train_part_2
dfdc_train_part_2_jaomwewhxt,train,fake,/workspace/data/raw/dfdc/dfdc_train_part_02/dfdc_train_part_2/jaomwewhxt.mp4,dfdc_train_part_2
dfdc_train_part_2_rbhecseopz,train,real,/workspace/data/raw/dfdc/dfdc_train_part_02/dfdc_train_part_2/rbhecseopz.mp4,dfdc_train_part_2
dfdc_train_part_2_nfwtcosqtn,train,fake,/workspace/data/raw/dfdc/dfdc_train_part_02/dfdc_train_part_2/nfwtcosqtn.mp4,dfdc_train_part_2
dfdc_train_part_2_elwodtjxbz,train,fake,/workspace/data/raw/dfdc/dfdc_train_part_02/dfdc_train_part_2/elwodtjxbz.mp4,dfdc_train_part_2
dfdc_train_part_2_apahohbfek,train,fake,/workspace/data/raw/dfdc/dfdc_train_part_02/dfdc_train_part_2/apahohbfek.mp4,dfdc_train_part_2
dfdc_train_part_2_qjeovxqskj,train,real,/workspace/data/raw/dfdc/dfdc_train_part_02/dfdc_train_part_2/qjeovxqskj.mp4,dfdc_train_part_2
dfdc_train_part_2_likgrgbgrk,train,fake,/workspace/data/raw/dfdc/dfdc_train_part_02/dfdc_train_part_2/likgrgbgrk.mp4,dfdc_train_part_2
dfdc_train_part_2_txlzfnddji,train,fake,/workspace/data/raw/dfdc/dfdc_train_part_02/dfdc_train_part_2/txlzfnddji.mp4,dfdc_train_part_2
dfdc_train_part_2_gxnpgaquti,train,fake,/workspace/data/raw/dfdc/dfdc_train_part_02/dfdc_train_part_2/gxnpgaquti.mp4,dfdc_train_part_2
dfdc_train_part_2_bndciminct,train,fake,/workspace/data/raw/dfdc/dfdc_train_part_02/dfdc_train_part_2/bndciminct.mp4,dfdc_train_part_2
dfdc_train_part_2_wixgnqglrw,train,fake,/workspace/data/raw/dfdc/dfdc_train_part_02/dfdc_train_part_2/wixgnqglrw.mp4,dfdc_train_part_2
dfdc_train_part_2_ynbspbggvc,train,fake,/workspace/data/raw/dfdc/dfdc_train_part_02/dfdc_train_part_2/ynbspbggvc.mp4,dfdc_train_part_2
dfdc_train_part_2_abjgxazkfk,train,fake,/workspace/data/raw/dfdc/dfdc_train_part_02/dfdc_train_part_2/abjgxazkfk.mp4,dfdc_train_part_2
dfdc_train_part_2_jloanvopeo,train,fake,/workspace/data/raw/dfdc/dfdc_train_part_02/dfdc_train_part_2/jloanvopeo.mp4,dfdc_train_part_2
dfdc_train_part_2_ifltvewlpa,train,fake,/workspace/data/raw/dfdc/dfdc_train_part_02/dfdc_train_part_2/ifltvewlpa.mp4,dfdc_train_part_2
dfdc_train_part_2_tutiwwsydm,train,fake,/workspace/data/raw/dfdc/dfdc_train_part_02/dfdc_train_part_2/tutiwwsydm.mp4,dfdc_train_part_2
dfdc_train_part_2_blfwnbitgb,train,fake,/workspace/data/raw/dfdc/dfdc_train_part_02/dfdc_train_part_2/blfwnbitgb.mp4,dfdc_train_part_2
dfdc_train_part_2_wxaucsbekq,train,fake,/workspace/data/raw/dfdc/dfdc_train_part_02/dfdc_train_part_2/wxaucsbekq.mp4,dfdc_train_part_2
dfdc_train_part_2_okxgxnrnbh,train,fake,/workspace/data/raw/dfdc/dfdc_train_part_02/dfdc_train_part_2/okxgxnrnbh.mp4,dfdc_train_part_2
dfdc_train_part_2_fnyrvnfegv,train,fake,/workspace/data/raw/dfdc/dfdc_train_part_02/dfdc_train_part_2/fnyrvnfegv.mp4,dfdc_train_part_2
dfdc_train_part_2_loezszktwx,train,fake,/workspace/data/raw/dfdc/dfdc_train_part_02/dfdc_train_part_2/loezszktwx.mp4,dfdc_train_part_2
dfdc_train_part_2_feqrqoxiwy,train,fake,/workspace/data/raw/dfdc/dfdc_train_part_02/dfdc_train_part_2/feqrqoxiwy.mp4,dfdc_train_part_2
dfdc_train_part_2_qbtogciltz,train,fake,/workspace/data/raw/dfdc/dfdc_train_part_02/dfdc_train_part_2/qbtogciltz.mp4,dfdc_train_part_2
dfdc_train_part_2_mipytuozkc,train,fake,/workspace/data/raw/dfdc/dfdc_train_part_02/dfdc_train_part_2/mipytuozkc.mp4,dfdc_train_part_2
dfdc_train_part_2_fiavrtgzkk,train,fake,/workspace/data/raw/dfdc/dfdc_train_part_02/dfdc_train_part_2/fiavrtgzkk.mp4,dfdc_train_part_2
dfdc_train_part_2_zzaifosmuw,train,fake,/workspace/data/raw/dfdc/dfdc_train_part_02/dfdc_train_part_2/zzaifosmuw.mp4,dfdc_train_part_2
dfdc_train_part_2_znfuvjjufb,train,fake,/workspace/data/raw/dfdc/dfdc_train_part_02/dfdc_train_part_2/znfuvjjufb.mp4,dfdc_train_part_2
dfdc_train_part_2_kulozbyxnt,train,fake,/workspace/data/raw/dfdc/dfdc_train_part_02/dfdc_train_part_2/kulozbyxnt.mp4,dfdc_train_part_2
dfdc_train_part_2_cwqislqtti,train,fake,/workspace/data/raw/dfdc/dfdc_train_part_02/dfdc_train_part_2/cwqislqtti.mp4,dfdc_train_part_2
dfdc_train_part_2_shqrlgxpnm,train,fake,/workspace/data/raw/dfdc/dfdc_train_part_02/dfdc_train_part_2/shqrlgxpnm.mp4,dfdc_train_part_2
dfdc_train_part_2_hkecflwqpr,train,fake,/workspace/data/raw/dfdc/dfdc_train_part_02/dfdc_train_part_2/hkecflwqpr.mp4,dfdc_train_part_2
dfdc_train_part_2_vmgjtzksgo,train,fake,/workspace/data/raw/dfdc/dfdc_train_part_02/dfdc_train_part_2/vmgjtzksgo.mp4,dfdc_train_part_2
dfdc_train_part_2_jhmliugwqq,train,real,/workspace/data/raw/dfdc/dfdc_train_part_02/dfdc_train_part_2/jhmliugwqq.mp4,dfdc_train_part_2
dfdc_train_part_2_mzngitwont,train,fake,/workspace/data/raw/dfdc/dfdc_train_part_02/dfdc_train_part_2/mzngitwont.mp4,dfdc_train_part_2
dfdc_train_part_2_tjuihawuqm,train,fake,/workspace/data/raw/dfdc/dfdc_train_part_02/dfdc_train_part_2/tjuihawuqm.mp4,dfdc_train_part_2
dfdc_train_part_2_kqrwehyplx,train,fake,/workspace/data/raw/dfdc/dfdc_train_part_02/dfdc_train_part_2/kqrwehyplx.mp4,dfdc_train_part_2
dfdc_train_part_2_xwndyovxel,train,fake,/workspace/data/raw/dfdc/dfdc_train_part_02/dfdc_train_part_2/xwndyovxel.mp4,dfdc_train_part_2
dfdc_train_part_2_xtequyjssk,train,fake,/workspace/data/raw/dfdc/dfdc_train_part_02/dfdc_train_part_2/xtequyjssk.mp4,dfdc_train_part_2
dfdc_train_part_2_jrlodkmngy,train,fake,/workspace/data/raw/dfdc/dfdc_train_part_02/dfdc_train_part_2/jrlodkmngy.mp4,dfdc_train_part_2
dfdc_train_part_2_qwltfyrlvl,train,fake,/workspace/data/raw/dfdc/dfdc_train_part_02/dfdc_train_part_2/qwltfyrlvl.mp4,dfdc_train_part_2
dfdc_train_part_2_evzwnwrjgz,train,fake,/workspace/data/raw/dfdc/dfdc_train_part_02/dfdc_train_part_2/evzwnwrjgz.mp4,dfdc_train_part_2
dfdc_train_part_2_ctsoiluvvz,train,fake,/workspace/data/raw/dfdc/dfdc_train_part_02/dfdc_train_part_2/ctsoiluvvz.mp4,dfdc_train_part_2
dfdc_train_part_2_ndfrtxtzvb,train,fake,/workspace/data/raw/dfdc/dfdc_train_part_02/dfdc_train_part_2/ndfrtxtzvb.mp4,dfdc_train_part_2
dfdc_train_part_2_fiobpjuuzw,train,fake,/workspace/data/raw/dfdc/dfdc_train_part_02/dfdc_train_part_2/fiobpjuuzw.mp4,dfdc_train_part_2
dfdc_train_part_2_kiresyxsem,train,fake,/workspace/data/raw/dfdc/dfdc_train_part_02/dfdc_train_part_2/kiresyxsem.mp4,dfdc_train_part_2
dfdc_train_part_2_ggrxjfxdxm,train,fake,/workspace/data/raw/dfdc/dfdc_train_part_02/dfdc_train_part_2/ggrxjfxdxm.mp4,dfdc_train_part_2
dfdc_train_part_2_zabvfyouie,train,fake,/workspace/data/raw/dfdc/dfdc_train_part_02/dfdc_train_part_2/zabvfyouie.mp4,dfdc_train_part_2
dfdc_train_part_2_xfdqklwidy,train,fake,/workspace/data/raw/dfdc/dfdc_train_part_02/dfdc_train_part_2/xfdqklwidy.mp4,dfdc_train_part_2
dfdc_train_part_2_qbxdkocqaq,train,fake,/workspace/data/raw/dfdc/dfdc_train_part_02/dfdc_train_part_2/qbxdkocqaq.mp4,dfdc_train_part_2
dfdc_train_part_2_gduzikqfgp,train,fake,/workspace/data/raw/dfdc/dfdc_train_part_02/dfdc_train_part_2/gduzikqfgp.mp4,dfdc_train_part_2
dfdc_train_part_2_hrztbthajc,train,fake,/workspace/data/raw/dfdc/dfdc_train_part_02/dfdc_train_part_2/hrztbthajc.mp4,dfdc_train_part_2
dfdc_train_part_2_pomtnbjmsu,train,fake,/workspace/data/raw/dfdc/dfdc_train_part_02/dfdc_train_part_2/pomtnbjmsu.mp4,dfdc_train_part_2
dfdc_train_part_2_rueyylafpn,train,fake,/workspace/data/raw/dfdc/dfdc_train_part_02/dfdc_train_part_2/rueyylafpn.mp4,dfdc_train_part_2
dfdc_train_part_2_jaxslvzthe,train,fake,/workspace/data/raw/dfdc/dfdc_train_part_02/dfdc_train_part_2/jaxslvzthe.mp4,dfdc_train_part_2
dfdc_train_part_2_wxdtsmszxj,train,fake,/workspace/data/raw/dfdc/dfdc_train_part_02/dfdc_train_part_2/wxdtsmszxj.mp4,dfdc_train_part_2
dfdc_train_part_2_bjaejffikm,train,fake,/workspace/data/raw/dfdc/dfdc_train_part_02/dfdc_train_part_2/bjaejffikm.mp4,dfdc_train_part_2
dfdc_train_part_2_jbxlivgkll,train,fake,/workspace/data/raw/dfdc/dfdc_train_part_02/dfdc_train_part_2/jbxlivgkll.mp4,dfdc_train_part_2
dfdc_train_part_2_rfgfslexzm,train,fake,/workspace/data/raw/dfdc/dfdc_train_part_02/dfdc_train_part_2/rfgfslexzm.mp4,dfdc_train_part_2
dfdc_train_part_2_aurcpsxlqm,train,fake,/workspace/data/raw/dfdc/dfdc_train_part_02/dfdc_train_part_2/aurcpsxlqm.mp4,dfdc_train_part_2
dfdc_train_part_2_fzmnxvmtgh,train,real,/workspace/data/raw/dfdc/dfdc_train_part_02/dfdc_train_part_2/fzmnxvmtgh.mp4,dfdc_train_part_2
dfdc_train_part_2_eeyomeqcox,train,fake,/workspace/data/raw/dfdc/dfdc_train_part_02/dfdc_train_part_2/eeyomeqcox.mp4,dfdc_train_part_2
dfdc_train_part_2_evgejrtvay,train,fake,/workspace/data/raw/dfdc/dfdc_train_part_02/dfdc_train_part_2/evgejrtvay.mp4,dfdc_train_part_2
dfdc_train_part_2_jwodisvnmw,train,fake,/workspace/data/raw/dfdc/dfdc_train_part_02/dfdc_train_part_2/jwodisvnmw.mp4,dfdc_train_part_2
dfdc_train_part_2_uqwzbcmqwq,train,fake,/workspace/data/raw/dfdc/dfdc_train_part_02/dfdc_train_part_2/uqwzbcmqwq.mp4,dfdc_train_part_2
dfdc_train_part_2_ymkqlnvytm,train,fake,/workspace/data/raw/dfdc/dfdc_train_part_02/dfdc_train_part_2/ymkqlnvytm.mp4,dfdc_train_part_2
dfdc_train_part_2_wpycrzdvcz,train,fake,/workspace/data/raw/dfdc/dfdc_train_part_02/dfdc_train_part_2/wpycrzdvcz.mp4,dfdc_train_part_2
dfdc_train_part_2_bqrqgidhyk,train,fake,/workspace/data/raw/dfdc/dfdc_train_part_02/dfdc_train_part_2/bqrqgidhyk.mp4,dfdc_train_part_2
dfdc_train_part_2_xndeknnxbi,train,fake,/workspace/data/raw/dfdc/dfdc_train_part_02/dfdc_train_part_2/xndeknnxbi.mp4,dfdc_train_part_2
dfdc_train_part_2_dorgwfxgrc,train,fake,/workspace/data/raw/dfdc/dfdc_train_part_02/dfdc_train_part_2/dorgwfxgrc.mp4,dfdc_train_part_2
dfdc_train_part_2_frlsxhdntt,train,fake,/workspace/data/raw/dfdc/dfdc_train_part_02/dfdc_train_part_2/frlsxhdntt.mp4,dfdc_train_part_2
dfdc_train_part_2_mnslaqqghi,train,fake,/workspace/data/raw/dfdc/dfdc_train_part_02/dfdc_train_part_2/mnslaqqghi.mp4,dfdc_train_part_2
dfdc_train_part_2_rrwdacnzcd,train,real,/workspace/data/raw/dfdc/dfdc_train_part_02/dfdc_train_part_2/rrwdacnzcd.mp4,dfdc_train_part_2
dfdc_train_part_2_jhnjkjvwgd,train,fake,/workspace/data/raw/dfdc/dfdc_train_part_02/dfdc_train_part_2/jhnjkjvwgd.mp4,dfdc_train_part_2
dfdc_train_part_2_ffvgdqjkjb,train,fake,/workspace/data/raw/dfdc/dfdc_train_part_02/dfdc_train_part_2/ffvgdqjkjb.mp4,dfdc_train_part_2
dfdc_train_part_2_cezihuwtca,train,fake,/workspace/data/raw/dfdc/dfdc_train_part_02/dfdc_train_part_2/cezihuwtca.mp4,dfdc_train_part_2
dfdc_train_part_2_gsmppiotsb,train,fake,/workspace/data/raw/dfdc/dfdc_train_part_02/dfdc_train_part_2/gsmppiotsb.mp4,dfdc_train_part_2
dfdc_train_part_2_dxhacwtgxn,train,fake,/workspace/data/raw/dfdc/dfdc_train_part_02/dfdc_train_part_2/dxhacwtgxn.mp4,dfdc_train_part_2
dfdc_train_part_2_xumgnmzseo,train,fake,/workspace/data/raw/dfdc/dfdc_train_part_02/dfdc_train_part_2/xumgnmzseo.mp4,dfdc_train_part_2
dfdc_train_part_2_nkwcryvgfm,train,fake,/workspace/data/raw/dfdc/dfdc_train_part_02/dfdc_train_part_2/nkwcryvgfm.mp4,dfdc_train_part_2
dfdc_train_part_2_vlentymfmv,train,fake,/workspace/data/raw/dfdc/dfdc_train_part_02/dfdc_train_part_2/vlentymfmv.mp4,dfdc_train_part_2
dfdc_train_part_2_tcllqhkyvg,train,fake,/workspace/data/raw/dfdc/dfdc_train_part_02/dfdc_train_part_2/tcllqhkyvg.mp4,dfdc_train_part_2
dfdc_train_part_2_riaapnoqxv,train,fake,/workspace/data/raw/dfdc/dfdc_train_part_02/dfdc_train_part_2/riaapnoqxv.mp4,dfdc_train_part_2
dfdc_train_part_2_gbfdzigwic,train,fake,/workspace/data/raw/dfdc/dfdc_train_part_02/dfdc_train_part_2/gbfdzigwic.mp4,dfdc_train_part_2
dfdc_train_part_2_sngvajugzk,train,fake,/workspace/data/raw/dfdc/dfdc_train_part_02/dfdc_train_part_2/sngvajugzk.mp4,dfdc_train_part_2
dfdc_train_part_2_lpoorssrdj,train,fake,/workspace/data/raw/dfdc/dfdc_train_part_02/dfdc_train_part_2/lpoorssrdj.mp4,dfdc_train_part_2
dfdc_train_part_2_hniyrjepdi,train,fake,/workspace/data/raw/dfdc/dfdc_train_part_02/dfdc_train_part_2/hniyrjepdi.mp4,dfdc_train_part_2
dfdc_train_part_2_sxscnjzfbo,train,fake,/workspace/data/raw/dfdc/dfdc_train_part_02/dfdc_train_part_2/sxscnjzfbo.mp4,dfdc_train_part_2
dfdc_train_part_2_mrgbytmuzz,train,fake,/workspace/data/raw/dfdc/dfdc_train_part_02/dfdc_train_part_2/mrgbytmuzz.mp4,dfdc_train_part_2
dfdc_train_part_2_cmffxgsunl,train,fake,/workspace/data/raw/dfdc/dfdc_train_part_02/dfdc_train_part_2/cmffxgsunl.mp4,dfdc_train_part_2
dfdc_train_part_2_xgyeextktw,train,fake,/workspace/data/raw/dfdc/dfdc_train_part_02/dfdc_train_part_2/xgyeextktw.mp4,dfdc_train_part_2
dfdc_train_part_2_eypfraqxmc,train,fake,/workspace/data/raw/dfdc/dfdc_train_part_02/dfdc_train_part_2/eypfraqxmc.mp4,dfdc_train_part_2
dfdc_train_part_2_kkbznuwipg,train,real,/workspace/data/raw/dfdc/dfdc_train_part_02/dfdc_train_part_2/kkbznuwipg.mp4,dfdc_train_part_2
dfdc_train_part_2_upajgpnybr,train,fake,/workspace/data/raw/dfdc/dfdc_train_part_02/dfdc_train_part_2/upajgpnybr.mp4,dfdc_train_part_2
dfdc_train_part_2_esoidwhxwo,train,fake,/workspace/data/raw/dfdc/dfdc_train_part_02/dfdc_train_part_2/esoidwhxwo.mp4,dfdc_train_part_2
dfdc_train_part_2_isiourhpot,train,fake,/workspace/data/raw/dfdc/dfdc_train_part_02/dfdc_train_part_2/isiourhpot.mp4,dfdc_train_part_2
dfdc_train_part_2_tssnkrqorm,train,fake,/workspace/data/raw/dfdc/dfdc_train_part_02/dfdc_train_part_2/tssnkrqorm.mp4,dfdc_train_part_2
dfdc_train_part_2_lvkvmojpal,train,fake,/workspace/data/raw/dfdc/dfdc_train_part_02/dfdc_train_part_2/lvkvmojpal.mp4,dfdc_train_part_2
dfdc_train_part_2_ytopzxrswu,train,fake,/workspace/data/raw/dfdc/dfdc_train_part_02/dfdc_train_part_2/ytopzxrswu.mp4,dfdc_train_part_2
dfdc_train_part_2_mxahsihabr,train,fake,/workspace/data/raw/dfdc/dfdc_train_part_02/dfdc_train_part_2/mxahsihabr.mp4,dfdc_train_part_2
dfdc_train_part_2_awgnijixvk,train,fake,/workspace/data/raw/dfdc/dfdc_train_part_02/dfdc_train_part_2/awgnijixvk.mp4,dfdc_train_part_2
dfdc_train_part_2_lapbrokvri,train,fake,/workspace/data/raw/dfdc/dfdc_train_part_02/dfdc_train_part_2/lapbrokvri.mp4,dfdc_train_part_2
dfdc_train_part_2_gdpklemybz,train,fake,/workspace/data/raw/dfdc/dfdc_train_part_02/dfdc_train_part_2/gdpklemybz.mp4,dfdc_train_part_2
dfdc_train_part_2_nplwscliza,train,fake,/workspace/data/raw/dfdc/dfdc_train_part_02/dfdc_train_part_2/nplwscliza.mp4,dfdc_train_part_2
dfdc_train_part_2_vyggbiovvt,train,fake,/workspace/data/raw/dfdc/dfdc_train_part_02/dfdc_train_part_2/vyggbiovvt.mp4,dfdc_train_part_2
dfdc_train_part_2_wxeohxknkm,train,fake,/workspace/data/raw/dfdc/dfdc_train_part_02/dfdc_train_part_2/wxeohxknkm.mp4,dfdc_train_part_2
dfdc_train_part_2_ywplahmhnz,train,fake,/workspace/data/raw/dfdc/dfdc_train_part_02/dfdc_train_part_2/ywplahmhnz.mp4,dfdc_train_part_2
dfdc_train_part_2_uoccaiathd,train,fake,/workspace/data/raw/dfdc/dfdc_train_part_02/dfdc_train_part_2/uoccaiathd.mp4,dfdc_train_part_2
dfdc_train_part_2_yrxljghbmn,train,real,/workspace/data/raw/dfdc/dfdc_train_part_02/dfdc_train_part_2/yrxljghbmn.mp4,dfdc_train_part_2
dfdc_train_part_2_xsnqmsivxr,train,fake,/workspace/data/raw/dfdc/dfdc_train_part_02/dfdc_train_part_2/xsnqmsivxr.mp4,dfdc_train_part_2
dfdc_train_part_2_atmpbrgsmp,train,fake,/workspace/data/raw/dfdc/dfdc_train_part_02/dfdc_train_part_2/atmpbrgsmp.mp4,dfdc_train_part_2
dfdc_train_part_2_puxusolkbv,train,fake,/workspace/data/raw/dfdc/dfdc_train_part_02/dfdc_train_part_2/puxusolkbv.mp4,dfdc_train_part_2
dfdc_train_part_2_ezbvvongzk,train,real,/workspace/data/raw/dfdc/dfdc_train_part_02/dfdc_train_part_2/ezbvvongzk.mp4,dfdc_train_part_2
dfdc_train_part_2_cxsqjzyauw,train,fake,/workspace/data/raw/dfdc/dfdc_train_part_02/dfdc_train_part_2/cxsqjzyauw.mp4,dfdc_train_part_2
dfdc_train_part_2_saoolihnnj,train,fake,/workspace/data/raw/dfdc/dfdc_train_part_02/dfdc_train_part_2/saoolihnnj.mp4,dfdc_train_part_2
dfdc_train_part_2_uavcnuldga,train,fake,/workspace/data/raw/dfdc/dfdc_train_part_02/dfdc_train_part_2/uavcnuldga.mp4,dfdc_train_part_2
dfdc_train_part_2_thentwgugx,train,fake,/workspace/data/raw/dfdc/dfdc_train_part_02/dfdc_train_part_2/thentwgugx.mp4,dfdc_train_part_2
dfdc_train_part_2_rsvqeunwup,train,fake,/workspace/data/raw/dfdc/dfdc_train_part_02/dfdc_train_part_2/rsvqeunwup.mp4,dfdc_train_part_2
dfdc_train_part_2_gmgzufywqd,train,fake,/workspace/data/raw/dfdc/dfdc_train_part_02/dfdc_train_part_2/gmgzufywqd.mp4,dfdc_train_part_2
dfdc_train_part_2_fnjtrjjppf,train,fake,/workspace/data/raw/dfdc/dfdc_train_part_02/dfdc_train_part_2/fnjtrjjppf.mp4,dfdc_train_part_2
dfdc_train_part_2_gbyttktwdg,train,fake,/workspace/data/raw/dfdc/dfdc_train_part_02/dfdc_train_part_2/gbyttktwdg.mp4,dfdc_train_part_2
dfdc_train_part_2_yemwcnnqxv,train,fake,/workspace/data/raw/dfdc/dfdc_train_part_02/dfdc_train_part_2/yemwcnnqxv.mp4,dfdc_train_part_2
dfdc_train_part_2_rzfuspmsky,train,fake,/workspace/data/raw/dfdc/dfdc_train_part_02/dfdc_train_part_2/rzfuspmsky.mp4,dfdc_train_part_2
dfdc_train_part_2_meqdihrbbi,train,fake,/workspace/data/raw/dfdc/dfdc_train_part_02/dfdc_train_part_2/meqdihrbbi.mp4,dfdc_train_part_2
dfdc_train_part_2_eqrrsmbhcm,train,fake,/workspace/data/raw/dfdc/dfdc_train_part_02/dfdc_train_part_2/eqrrsmbhcm.mp4,dfdc_train_part_2
dfdc_train_part_2_xhyzpfrbud,train,fake,/workspace/data/raw/dfdc/dfdc_train_part_02/dfdc_train_part_2/xhyzpfrbud.mp4,dfdc_train_part_2
dfdc_train_part_2_mxuwtkorlm,train,fake,/workspace/data/raw/dfdc/dfdc_train_part_02/dfdc_train_part_2/mxuwtkorlm.mp4,dfdc_train_part_2
dfdc_train_part_2_cgjgaddbbw,train,fake,/workspace/data/raw/dfdc/dfdc_train_part_02/dfdc_train_part_2/cgjgaddbbw.mp4,dfdc_train_part_2
dfdc_train_part_2_gpalfmianp,train,fake,/workspace/data/raw/dfdc/dfdc_train_part_02/dfdc_train_part_2/gpalfmianp.mp4,dfdc_train_part_2
dfdc_train_part_2_eoavcmopsy,train,fake,/workspace/data/raw/dfdc/dfdc_train_part_02/dfdc_train_part_2/eoavcmopsy.mp4,dfdc_train_part_2
dfdc_train_part_2_qjhlsrombu,train,fake,/workspace/data/raw/dfdc/dfdc_train_part_02/dfdc_train_part_2/qjhlsrombu.mp4,dfdc_train_part_2
dfdc_train_part_2_bkkxuqeifu,train,fake,/workspace/data/raw/dfdc/dfdc_train_part_02/dfdc_train_part_2/bkkxuqeifu.mp4,dfdc_train_part_2
dfdc_train_part_2_vbycfqgyxi,train,fake,/workspace/data/raw/dfdc/dfdc_train_part_02/dfdc_train_part_2/vbycfqgyxi.mp4,dfdc_train_part_2
dfdc_train_part_2_mappfodejs,train,fake,/workspace/data/raw/dfdc/dfdc_train_part_02/dfdc_train_part_2/mappfodejs.mp4,dfdc_train_part_2
dfdc_train_part_2_wukbidwwhd,train,fake,/workspace/data/raw/dfdc/dfdc_train_part_02/dfdc_train_part_2/wukbidwwhd.mp4,dfdc_train_part_2
dfdc_train_part_2_whpwsctanc,train,fake,/workspace/data/raw/dfdc/dfdc_train_part_02/dfdc_train_part_2/whpwsctanc.mp4,dfdc_train_part_2
dfdc_train_part_2_lidtnbnzko,train,fake,/workspace/data/raw/dfdc/dfdc_train_part_02/dfdc_train_part_2/lidtnbnzko.mp4,dfdc_train_part_2
dfdc_train_part_2_rrfrmzwiao,train,fake,/workspace/data/raw/dfdc/dfdc_train_part_02/dfdc_train_part_2/rrfrmzwiao.mp4,dfdc_train_part_2
dfdc_train_part_2_ycszmelaqh,train,fake,/workspace/data/raw/dfdc/dfdc_train_part_02/dfdc_train_part_2/ycszmelaqh.mp4,dfdc_train_part_2
dfdc_train_part_2_xhqvlmevuo,train,fake,/workspace/data/raw/dfdc/dfdc_train_part_02/dfdc_train_part_2/xhqvlmevuo.mp4,dfdc_train_part_2
dfdc_train_part_2_laumqvjrgp,train,fake,/workspace/data/raw/dfdc/dfdc_train_part_02/dfdc_train_part_2/laumqvjrgp.mp4,dfdc_train_part_2
dfdc_train_part_2_narmvcsfpy,train,fake,/workspace/data/raw/dfdc/dfdc_train_part_02/dfdc_train_part_2/narmvcsfpy.mp4,dfdc_train_part_2
dfdc_train_part_2_ehptzgpilt,train,fake,/workspace/data/raw/dfdc/dfdc_train_part_02/dfdc_train_part_2/ehptzgpilt.mp4,dfdc_train_part_2
dfdc_train_part_2_cchjzlcplu,train,fake,/workspace/data/raw/dfdc/dfdc_train_part_02/dfdc_train_part_2/cchjzlcplu.mp4,dfdc_train_part_2
dfdc_train_part_2_bbhwlztebz,train,fake,/workspace/data/raw/dfdc/dfdc_train_part_02/dfdc_train_part_2/bbhwlztebz.mp4,dfdc_train_part_2
dfdc_train_part_2_vjyvrugkoe,train,fake,/workspace/data/raw/dfdc/dfdc_train_part_02/dfdc_train_part_2/vjyvrugkoe.mp4,dfdc_train_part_2
dfdc_train_part_2_tivrtzgsvg,train,fake,/workspace/data/raw/dfdc/dfdc_train_part_02/dfdc_train_part_2/tivrtzgsvg.mp4,dfdc_train_part_2
dfdc_train_part_2_tasfvqdjjj,train,fake,/workspace/data/raw/dfdc/dfdc_train_part_02/dfdc_train_part_2/tasfvqdjjj.mp4,dfdc_train_part_2
dfdc_train_part_2_jhjghxwhep,train,fake,/workspace/data/raw/dfdc/dfdc_train_part_02/dfdc_train_part_2/jhjghxwhep.mp4,dfdc_train_part_2
dfdc_train_part_2_edvsrpoqyg,train,fake,/workspace/data/raw/dfdc/dfdc_train_part_02/dfdc_train_part_2/edvsrpoqyg.mp4,dfdc_train_part_2
dfdc_train_part_2_owlwpkwqdy,train,fake,/workspace/data/raw/dfdc/dfdc_train_part_02/dfdc_train_part_2/owlwpkwqdy.mp4,dfdc_train_part_2
dfdc_train_part_2_ielwvvgavv,train,fake,/workspace/data/raw/dfdc/dfdc_train_part_02/dfdc_train_part_2/ielwvvgavv.mp4,dfdc_train_part_2
dfdc_train_part_2_iuukqiavbb,train,fake,/workspace/data/raw/dfdc/dfdc_train_part_02/dfdc_train_part_2/iuukqiavbb.mp4,dfdc_train_part_2
dfdc_train_part_2_zbdffgbbtn,train,fake,/workspace/data/raw/dfdc/dfdc_train_part_02/dfdc_train_part_2/zbdffgbbtn.mp4,dfdc_train_part_2
dfdc_train_part_2_ctsxxraruc,train,fake,/workspace/data/raw/dfdc/dfdc_train_part_02/dfdc_train_part_2/ctsxxraruc.mp4,dfdc_train_part_2
dfdc_train_part_2_iuatfdhkya,train,real,/workspace/data/raw/dfdc/dfdc_train_part_02/dfdc_train_part_2/iuatfdhkya.mp4,dfdc_train_part_2
dfdc_train_part_2_xvxyivgiky,train,fake,/workspace/data/raw/dfdc/dfdc_train_part_02/dfdc_train_part_2/xvxyivgiky.mp4,dfdc_train_part_2
dfdc_train_part_2_kpwohccsea,train,fake,/workspace/data/raw/dfdc/dfdc_train_part_02/dfdc_train_part_2/kpwohccsea.mp4,dfdc_train_part_2
dfdc_train_part_2_grzszchajr,train,real,/workspace/data/raw/dfdc/dfdc_train_part_02/dfdc_train_part_2/grzszchajr.mp4,dfdc_train_part_2
dfdc_train_part_2_wbpvrvhedt,train,fake,/workspace/data/raw/dfdc/dfdc_train_part_02/dfdc_train_part_2/wbpvrvhedt.mp4,dfdc_train_part_2
dfdc_train_part_2_rrjdtfbygt,train,fake,/workspace/data/raw/dfdc/dfdc_train_part_02/dfdc_train_part_2/rrjdtfbygt.mp4,dfdc_train_part_2
dfdc_train_part_2_jwgasxcjou,train,fake,/workspace/data/raw/dfdc/dfdc_train_part_02/dfdc_train_part_2/jwgasxcjou.mp4,dfdc_train_part_2
dfdc_train_part_2_tkiupqhmud,train,fake,/workspace/data/raw/dfdc/dfdc_train_part_02/dfdc_train_part_2/tkiupqhmud.mp4,dfdc_train_part_2
dfdc_train_part_2_pyhizdvmlh,train,fake,/workspace/data/raw/dfdc/dfdc_train_part_02/dfdc_train_part_2/pyhizdvmlh.mp4,dfdc_train_part_2
dfdc_train_part_2_pojvzwdlwd,train,fake,/workspace/data/raw/dfdc/dfdc_train_part_02/dfdc_train_part_2/pojvzwdlwd.mp4,dfdc_train_part_2
dfdc_train_part_2_hkhutqidrk,train,fake,/workspace/data/raw/dfdc/dfdc_train_part_02/dfdc_train_part_2/hkhutqidrk.mp4,dfdc_train_part_2
dfdc_train_part_2_mhknvdzfxy,train,fake,/workspace/data/raw/dfdc/dfdc_train_part_02/dfdc_train_part_2/mhknvdzfxy.mp4,dfdc_train_part_2
dfdc_train_part_2_dzwleiudsk,train,fake,/workspace/data/raw/dfdc/dfdc_train_part_02/dfdc_train_part_2/dzwleiudsk.mp4,dfdc_train_part_2
dfdc_train_part_2_cracusggal,train,fake,/workspace/data/raw/dfdc/dfdc_train_part_02/dfdc_train_part_2/cracusggal.mp4,dfdc_train_part_2
dfdc_train_part_2_ggdpclfcgk,train,fake,/workspace/data/raw/dfdc/dfdc_train_part_02/dfdc_train_part_2/ggdpclfcgk.mp4,dfdc_train_part_2
dfdc_train_part_2_zdntzsnoyl,train,fake,/workspace/data/raw/dfdc/dfdc_train_part_02/dfdc_train_part_2/zdntzsnoyl.mp4,dfdc_train_part_2
dfdc_train_part_2_rbsfjrhtcc,train,fake,/workspace/data/raw/dfdc/dfdc_train_part_02/dfdc_train_part_2/rbsfjrhtcc.mp4,dfdc_train_part_2
dfdc_train_part_2_kwkjrvwhfs,train,fake,/workspace/data/raw/dfdc/dfdc_train_part_02/dfdc_train_part_2/kwkjrvwhfs.mp4,dfdc_train_part_2
dfdc_train_part_2_jsvxrjvyuj,train,fake,/workspace/data/raw/dfdc/dfdc_train_part_02/dfdc_train_part_2/jsvxrjvyuj.mp4,dfdc_train_part_2
dfdc_train_part_2_gwqplejvnt,train,fake,/workspace/data/raw/dfdc/dfdc_train_part_02/dfdc_train_part_2/gwqplejvnt.mp4,dfdc_train_part_2
dfdc_train_part_2_sodvtfqbpf,train,real,/workspace/data/raw/dfdc/dfdc_train_part_02/dfdc_train_part_2/sodvtfqbpf.mp4,dfdc_train_part_2
dfdc_train_part_2_eswtvvkqvn,train,fake,/workspace/data/raw/dfdc/dfdc_train_part_02/dfdc_train_part_2/eswtvvkqvn.mp4,dfdc_train_part_2
dfdc_train_part_2_puntestxix,train,fake,/workspace/data/raw/dfdc/dfdc_train_part_02/dfdc_train_part_2/puntestxix.mp4,dfdc_train_part_2
dfdc_train_part_2_lpbzqozaxo,train,fake,/workspace/data/raw/dfdc/dfdc_train_part_02/dfdc_train_part_2/lpbzqozaxo.mp4,dfdc_train_part_2
dfdc_train_part_2_jchjdqfaax,train,fake,/workspace/data/raw/dfdc/dfdc_train_part_02/dfdc_train_part_2/jchjdqfaax.mp4,dfdc_train_part_2
dfdc_train_part_2_nctssvaeda,train,fake,/workspace/data/raw/dfdc/dfdc_train_part_02/dfdc_train_part_2/nctssvaeda.mp4,dfdc_train_part_2
dfdc_train_part_2_xszsemeklp,train,fake,/workspace/data/raw/dfdc/dfdc_train_part_02/dfdc_train_part_2/xszsemeklp.mp4,dfdc_train_part_2
dfdc_train_part_2_qiyzfjrloz,train,real,/workspace/data/raw/dfdc/dfdc_train_part_02/dfdc_train_part_2/qiyzfjrloz.mp4,dfdc_train_part_2
dfdc_train_part_2_cgnhytdbnt,train,fake,/workspace/data/raw/dfdc/dfdc_train_part_02/dfdc_train_part_2/cgnhytdbnt.mp4,dfdc_train_part_2
dfdc_train_part_2_hxwtsaydal,train,fake,/workspace/data/raw/dfdc/dfdc_train_part_02/dfdc_train_part_2/hxwtsaydal.mp4,dfdc_train_part_2
dfdc_train_part_2_pppywrdngk,train,fake,/workspace/data/raw/dfdc/dfdc_train_part_02/dfdc_train_part_2/pppywrdngk.mp4,dfdc_train_part_2
dfdc_train_part_2_greejvtkkn,train,fake,/workspace/data/raw/dfdc/dfdc_train_part_02/dfdc_train_part_2/greejvtkkn.mp4,dfdc_train_part_2
dfdc_train_part_2_wrkwebyakb,train,fake,/workspace/data/raw/dfdc/dfdc_train_part_02/dfdc_train_part_2/wrkwebyakb.mp4,dfdc_train_part_2
dfdc_train_part_2_lkmrjtsrsv,train,fake,/workspace/data/raw/dfdc/dfdc_train_part_02/dfdc_train_part_2/lkmrjtsrsv.mp4,dfdc_train_part_2
dfdc_train_part_2_mvswfbqmss,train,fake,/workspace/data/raw/dfdc/dfdc_train_part_02/dfdc_train_part_2/mvswfbqmss.mp4,dfdc_train_part_2
dfdc_train_part_2_lugzkkhoer,train,fake,/workspace/data/raw/dfdc/dfdc_train_part_02/dfdc_train_part_2/lugzkkhoer.mp4,dfdc_train_part_2
dfdc_train_part_2_vbwzrduaun,train,fake,/workspace/data/raw/dfdc/dfdc_train_part_02/dfdc_train_part_2/vbwzrduaun.mp4,dfdc_train_part_2
dfdc_train_part_2_qweylvmagw,train,fake,/workspace/data/raw/dfdc/dfdc_train_part_02/dfdc_train_part_2/qweylvmagw.mp4,dfdc_train_part_2
dfdc_train_part_2_osjxxblajo,train,fake,/workspace/data/raw/dfdc/dfdc_train_part_02/dfdc_train_part_2/osjxxblajo.mp4,dfdc_train_part_2
dfdc_train_part_2_zfrrixsimm,train,real,/workspace/data/raw/dfdc/dfdc_train_part_02/dfdc_train_part_2/zfrrixsimm.mp4,dfdc_train_part_2
dfdc_train_part_2_jidosktebk,train,fake,/workspace/data/raw/dfdc/dfdc_train_part_02/dfdc_train_part_2/jidosktebk.mp4,dfdc_train_part_2
dfdc_train_part_2_xmmhtbzfii,train,fake,/workspace/data/raw/dfdc/dfdc_train_part_02/dfdc_train_part_2/xmmhtbzfii.mp4,dfdc_train_part_2
dfdc_train_part_2_fxrtkfzqcm,train,fake,/workspace/data/raw/dfdc/dfdc_train_part_02/dfdc_train_part_2/fxrtkfzqcm.mp4,dfdc_train_part_2
dfdc_train_part_2_agqzyglsup,train,fake,/workspace/data/raw/dfdc/dfdc_train_part_02/dfdc_train_part_2/agqzyglsup.mp4,dfdc_train_part_2
dfdc_train_part_2_ehcbtioqtu,train,fake,/workspace/data/raw/dfdc/dfdc_train_part_02/dfdc_train_part_2/ehcbtioqtu.mp4,dfdc_train_part_2
dfdc_train_part_2_ihckldqxzj,train,fake,/workspace/data/raw/dfdc/dfdc_train_part_02/dfdc_train_part_2/ihckldqxzj.mp4,dfdc_train_part_2
dfdc_train_part_2_bsxuigrkhw,train,fake,/workspace/data/raw/dfdc/dfdc_train_part_02/dfdc_train_part_2/bsxuigrkhw.mp4,dfdc_train_part_2
dfdc_train_part_2_hflhhnqajt,train,fake,/workspace/data/raw/dfdc/dfdc_train_part_02/dfdc_train_part_2/hflhhnqajt.mp4,dfdc_train_part_2
dfdc_train_part_2_rvhkguqcff,train,fake,/workspace/data/raw/dfdc/dfdc_train_part_02/dfdc_train_part_2/rvhkguqcff.mp4,dfdc_train_part_2
dfdc_train_part_2_dkqwmjuvky,train,fake,/workspace/data/raw/dfdc/dfdc_train_part_02/dfdc_train_part_2/dkqwmjuvky.mp4,dfdc_train_part_2
dfdc_train_part_2_npotcizfal,train,fake,/workspace/data/raw/dfdc/dfdc_train_part_02/dfdc_train_part_2/npotcizfal.mp4,dfdc_train_part_2
dfdc_train_part_2_ezshcaeksv,train,fake,/workspace/data/raw/dfdc/dfdc_train_part_02/dfdc_train_part_2/ezshcaeksv.mp4,dfdc_train_part_2
dfdc_train_part_2_kzydcqhpql,train,fake,/workspace/data/raw/dfdc/dfdc_train_part_02/dfdc_train_part_2/kzydcqhpql.mp4,dfdc_train_part_2
dfdc_train_part_2_gochxzemmq,train,real,/workspace/data/raw/dfdc/dfdc_train_part_02/dfdc_train_part_2/gochxzemmq.mp4,dfdc_train_part_2
dfdc_train_part_2_rwydnzpyzw,train,fake,/workspace/data/raw/dfdc/dfdc_train_part_02/dfdc_train_part_2/rwydnzpyzw.mp4,dfdc_train_part_2
dfdc_train_part_2_yvpimaskia,train,fake,/workspace/data/raw/dfdc/dfdc_train_part_02/dfdc_train_part_2/yvpimaskia.mp4,dfdc_train_part_2
dfdc_train_part_2_gsdxqkdkzu,train,fake,/workspace/data/raw/dfdc/dfdc_train_part_02/dfdc_train_part_2/gsdxqkdkzu.mp4,dfdc_train_part_2
dfdc_train_part_2_vcoilwjhcp,train,fake,/workspace/data/raw/dfdc/dfdc_train_part_02/dfdc_train_part_2/vcoilwjhcp.mp4,dfdc_train_part_2
dfdc_train_part_2_xxtasqbooh,train,fake,/workspace/data/raw/dfdc/dfdc_train_part_02/dfdc_train_part_2/xxtasqbooh.mp4,dfdc_train_part_2
dfdc_train_part_2_ujaemekjcx,train,fake,/workspace/data/raw/dfdc/dfdc_train_part_02/dfdc_train_part_2/ujaemekjcx.mp4,dfdc_train_part_2
dfdc_train_part_2_nlxyfrchud,train,fake,/workspace/data/raw/dfdc/dfdc_train_part_02/dfdc_train_part_2/nlxyfrchud.mp4,dfdc_train_part_2
dfdc_train_part_2_xwjskqwwuz,train,fake,/workspace/data/raw/dfdc/dfdc_train_part_02/dfdc_train_part_2/xwjskqwwuz.mp4,dfdc_train_part_2
dfdc_train_part_2_aoallgteyc,train,fake,/workspace/data/raw/dfdc/dfdc_train_part_02/dfdc_train_part_2/aoallgteyc.mp4,dfdc_train_part_2
dfdc_train_part_2_dhwsdumcee,train,fake,/workspace/data/raw/dfdc/dfdc_train_part_02/dfdc_train_part_2/dhwsdumcee.mp4,dfdc_train_part_2
dfdc_train_part_2_rnhsouhjxu,train,fake,/workspace/data/raw/dfdc/dfdc_train_part_02/dfdc_train_part_2/rnhsouhjxu.mp4,dfdc_train_part_2
dfdc_train_part_2_uvntelzsnn,train,fake,/workspace/data/raw/dfdc/dfdc_train_part_02/dfdc_train_part_2/uvntelzsnn.mp4,dfdc_train_part_2
dfdc_train_part_2_plkbyavvqp,train,fake,/workspace/data/raw/dfdc/dfdc_train_part_02/dfdc_train_part_2/plkbyavvqp.mp4,dfdc_train_part_2
dfdc_train_part_2_qfipvubhgj,train,fake,/workspace/data/raw/dfdc/dfdc_train_part_02/dfdc_train_part_2/qfipvubhgj.mp4,dfdc_train_part_2
dfdc_train_part_2_jfdpdvqrly,train,fake,/workspace/data/raw/dfdc/dfdc_train_part_02/dfdc_train_part_2/jfdpdvqrly.mp4,dfdc_train_part_2
dfdc_train_part_2_mshtebowpn,train,fake,/workspace/data/raw/dfdc/dfdc_train_part_02/dfdc_train_part_2/mshtebowpn.mp4,dfdc_train_part_2
dfdc_train_part_2_lzipmumqlu,train,fake,/workspace/data/raw/dfdc/dfdc_train_part_02/dfdc_train_part_2/lzipmumqlu.mp4,dfdc_train_part_2
dfdc_train_part_2_ledwcahvbf,train,fake,/workspace/data/raw/dfdc/dfdc_train_part_02/dfdc_train_part_2/ledwcahvbf.mp4,dfdc_train_part_2
dfdc_train_part_2_dzkyxbbqkr,train,real,/workspace/data/raw/dfdc/dfdc_train_part_02/dfdc_train_part_2/dzkyxbbqkr.mp4,dfdc_train_part_2
dfdc_train_part_2_vhnnlnkeyf,train,fake,/workspace/data/raw/dfdc/dfdc_train_part_02/dfdc_train_part_2/vhnnlnkeyf.mp4,dfdc_train_part_2
dfdc_train_part_2_phjvutxpoi,train,real,/workspace/data/raw/dfdc/dfdc_train_part_02/dfdc_train_part_2/phjvutxpoi.mp4,dfdc_train_part_2
dfdc_train_part_2_qwkmfcrcxm,train,fake,/workspace/data/raw/dfdc/dfdc_train_part_02/dfdc_train_part_2/qwkmfcrcxm.mp4,dfdc_train_part_2
dfdc_train_part_2_kezwvsxxzj,train,real,/workspace/data/raw/dfdc/dfdc_train_part_02/dfdc_train_part_2/kezwvsxxzj.mp4,dfdc_train_part_2
dfdc_train_part_2_munkjkkrfl,train,fake,/workspace/data/raw/dfdc/dfdc_train_part_02/dfdc_train_part_2/munkjkkrfl.mp4,dfdc_train_part_2
dfdc_train_part_2_umxpqkdxkq,train,fake,/workspace/data/raw/dfdc/dfdc_train_part_02/dfdc_train_part_2/umxpqkdxkq.mp4,dfdc_train_part_2
dfdc_train_part_2_zycouhitte,train,fake,/workspace/data/raw/dfdc/dfdc_train_part_02/dfdc_train_part_2/zycouhitte.mp4,dfdc_train_part_2
dfdc_train_part_2_qpgxiukrbf,train,fake,/workspace/data/raw/dfdc/dfdc_train_part_02/dfdc_train_part_2/qpgxiukrbf.mp4,dfdc_train_part_2
dfdc_train_part_2_rrrfjhugvb,train,fake,/workspace/data/raw/dfdc/dfdc_train_part_02/dfdc_train_part_2/rrrfjhugvb.mp4,dfdc_train_part_2
dfdc_train_part_2_myqymglyxd,train,fake,/workspace/data/raw/dfdc/dfdc_train_part_02/dfdc_train_part_2/myqymglyxd.mp4,dfdc_train_part_2
dfdc_train_part_2_hkrhoronxv,train,real,/workspace/data/raw/dfdc/dfdc_train_part_02/dfdc_train_part_2/hkrhoronxv.mp4,dfdc_train_part_2
dfdc_train_part_2_colylxvjmu,train,fake,/workspace/data/raw/dfdc/dfdc_train_part_02/dfdc_train_part_2/colylxvjmu.mp4,dfdc_train_part_2
dfdc_train_part_2_dvslrgviss,train,fake,/workspace/data/raw/dfdc/dfdc_train_part_02/dfdc_train_part_2/dvslrgviss.mp4,dfdc_train_part_2
dfdc_train_part_2_rgpridicbi,train,fake,/workspace/data/raw/dfdc/dfdc_train_part_02/dfdc_train_part_2/rgpridicbi.mp4,dfdc_train_part_2
dfdc_train_part_2_vbioqjntgg,train,fake,/workspace/data/raw/dfdc/dfdc_train_part_02/dfdc_train_part_2/vbioqjntgg.mp4,dfdc_train_part_2
dfdc_train_part_2_eevyugldiw,train,fake,/workspace/data/raw/dfdc/dfdc_train_part_02/dfdc_train_part_2/eevyugldiw.mp4,dfdc_train_part_2
dfdc_train_part_2_uvkamblolg,train,fake,/workspace/data/raw/dfdc/dfdc_train_part_02/dfdc_train_part_2/uvkamblolg.mp4,dfdc_train_part_2
dfdc_train_part_2_kwbvipecaa,train,fake,/workspace/data/raw/dfdc/dfdc_train_part_02/dfdc_train_part_2/kwbvipecaa.mp4,dfdc_train_part_2
dfdc_train_part_2_uyzwvjizwq,train,fake,/workspace/data/raw/dfdc/dfdc_train_part_02/dfdc_train_part_2/uyzwvjizwq.mp4,dfdc_train_part_2
dfdc_train_part_2_fisyxjvtre,train,fake,/workspace/data/raw/dfdc/dfdc_train_part_02/dfdc_train_part_2/fisyxjvtre.mp4,dfdc_train_part_2
dfdc_train_part_2_befkxqjbox,train,fake,/workspace/data/raw/dfdc/dfdc_train_part_02/dfdc_train_part_2/befkxqjbox.mp4,dfdc_train_part_2
dfdc_train_part_2_qoaxnacjgl,train,fake,/workspace/data/raw/dfdc/dfdc_train_part_02/dfdc_train_part_2/qoaxnacjgl.mp4,dfdc_train_part_2
dfdc_train_part_2_noljdyeghv,train,fake,/workspace/data/raw/dfdc/dfdc_train_part_02/dfdc_train_part_2/noljdyeghv.mp4,dfdc_train_part_2
dfdc_train_part_2_unthlermem,train,fake,/workspace/data/raw/dfdc/dfdc_train_part_02/dfdc_train_part_2/unthlermem.mp4,dfdc_train_part_2
dfdc_train_part_2_uwrjugxfeu,train,fake,/workspace/data/raw/dfdc/dfdc_train_part_02/dfdc_train_part_2/uwrjugxfeu.mp4,dfdc_train_part_2
dfdc_train_part_2_ahcbiribgn,train,fake,/workspace/data/raw/dfdc/dfdc_train_part_02/dfdc_train_part_2/ahcbiribgn.mp4,dfdc_train_part_2
dfdc_train_part_2_ajiyrjfyzp,train,real,/workspace/data/raw/dfdc/dfdc_train_part_02/dfdc_train_part_2/ajiyrjfyzp.mp4,dfdc_train_part_2
dfdc_train_part_2_lvjtgjhrft,train,fake,/workspace/data/raw/dfdc/dfdc_train_part_02/dfdc_train_part_2/lvjtgjhrft.mp4,dfdc_train_part_2
dfdc_train_part_2_lgyybhfedg,train,fake,/workspace/data/raw/dfdc/dfdc_train_part_02/dfdc_train_part_2/lgyybhfedg.mp4,dfdc_train_part_2
dfdc_train_part_2_wzbmpqcdof,train,fake,/workspace/data/raw/dfdc/dfdc_train_part_02/dfdc_train_part_2/wzbmpqcdof.mp4,dfdc_train_part_2
dfdc_train_part_2_vnldthxqbz,train,fake,/workspace/data/raw/dfdc/dfdc_train_part_02/dfdc_train_part_2/vnldthxqbz.mp4,dfdc_train_part_2
dfdc_train_part_2_wilyayimlj,train,real,/workspace/data/raw/dfdc/dfdc_train_part_02/dfdc_train_part_2/wilyayimlj.mp4,dfdc_train_part_2
dfdc_train_part_2_axyzsqhnts,train,fake,/workspace/data/raw/dfdc/dfdc_train_part_02/dfdc_train_part_2/axyzsqhnts.mp4,dfdc_train_part_2
dfdc_train_part_2_rnxzqumvvl,train,real,/workspace/data/raw/dfdc/dfdc_train_part_02/dfdc_train_part_2/rnxzqumvvl.mp4,dfdc_train_part_2
dfdc_train_part_2_qtfieshmjo,train,fake,/workspace/data/raw/dfdc/dfdc_train_part_02/dfdc_train_part_2/qtfieshmjo.mp4,dfdc_train_part_2
dfdc_train_part_2_qgssjxqkez,train,fake,/workspace/data/raw/dfdc/dfdc_train_part_02/dfdc_train_part_2/qgssjxqkez.mp4,dfdc_train_part_2
dfdc_train_part_2_hnrejhehka,train,fake,/workspace/data/raw/dfdc/dfdc_train_part_02/dfdc_train_part_2/hnrejhehka.mp4,dfdc_train_part_2
dfdc_train_part_2_kvhqiaatsm,train,fake,/workspace/data/raw/dfdc/dfdc_train_part_02/dfdc_train_part_2/kvhqiaatsm.mp4,dfdc_train_part_2
dfdc_train_part_2_rvvpazsffd,train,fake,/workspace/data/raw/dfdc/dfdc_train_part_02/dfdc_train_part_2/rvvpazsffd.mp4,dfdc_train_part_2
dfdc_train_part_2_oypuaodmql,train,fake,/workspace/data/raw/dfdc/dfdc_train_part_02/dfdc_train_part_2/oypuaodmql.mp4,dfdc_train_part_2
dfdc_train_part_2_orldpmngae,train,fake,/workspace/data/raw/dfdc/dfdc_train_part_02/dfdc_train_part_2/orldpmngae.mp4,dfdc_train_part_2
dfdc_train_part_2_cdwbxofixe,train,fake,/workspace/data/raw/dfdc/dfdc_train_part_02/dfdc_train_part_2/cdwbxofixe.mp4,dfdc_train_part_2
dfdc_train_part_2_jsxqmxtmgu,train,fake,/workspace/data/raw/dfdc/dfdc_train_part_02/dfdc_train_part_2/jsxqmxtmgu.mp4,dfdc_train_part_2
dfdc_train_part_2_pinatsphkj,train,fake,/workspace/data/raw/dfdc/dfdc_train_part_02/dfdc_train_part_2/pinatsphkj.mp4,dfdc_train_part_2
dfdc_train_part_2_burglzjysn,train,fake,/workspace/data/raw/dfdc/dfdc_train_part_02/dfdc_train_part_2/burglzjysn.mp4,dfdc_train_part_2
dfdc_train_part_2_qrezkkaymo,train,fake,/workspace/data/raw/dfdc/dfdc_train_part_02/dfdc_train_part_2/qrezkkaymo.mp4,dfdc_train_part_2
dfdc_train_part_2_ppfuxngnjh,train,fake,/workspace/data/raw/dfdc/dfdc_train_part_02/dfdc_train_part_2/ppfuxngnjh.mp4,dfdc_train_part_2
dfdc_train_part_2_mbikhzndpo,train,fake,/workspace/data/raw/dfdc/dfdc_train_part_02/dfdc_train_part_2/mbikhzndpo.mp4,dfdc_train_part_2
dfdc_train_part_2_lkaujabuvv,train,fake,/workspace/data/raw/dfdc/dfdc_train_part_02/dfdc_train_part_2/lkaujabuvv.mp4,dfdc_train_part_2
dfdc_train_part_2_knsikqqjrw,train,fake,/workspace/data/raw/dfdc/dfdc_train_part_02/dfdc_train_part_2/knsikqqjrw.mp4,dfdc_train_part_2
dfdc_train_part_2_sgvtnejlmb,train,fake,/workspace/data/raw/dfdc/dfdc_train_part_02/dfdc_train_part_2/sgvtnejlmb.mp4,dfdc_train_part_2
dfdc_train_part_2_mmjdrqyjpg,train,fake,/workspace/data/raw/dfdc/dfdc_train_part_02/dfdc_train_part_2/mmjdrqyjpg.mp4,dfdc_train_part_2
dfdc_train_part_2_lbjdjmcnoz,train,fake,/workspace/data/raw/dfdc/dfdc_train_part_02/dfdc_train_part_2/lbjdjmcnoz.mp4,dfdc_train_part_2
dfdc_train_part_2_koifnfvjbv,train,fake,/workspace/data/raw/dfdc/dfdc_train_part_02/dfdc_train_part_2/koifnfvjbv.mp4,dfdc_train_part_2
dfdc_train_part_2_jirmulechj,train,fake,/workspace/data/raw/dfdc/dfdc_train_part_02/dfdc_train_part_2/jirmulechj.mp4,dfdc_train_part_2
dfdc_train_part_2_sxscmttzum,train,fake,/workspace/data/raw/dfdc/dfdc_train_part_02/dfdc_train_part_2/sxscmttzum.mp4,dfdc_train_part_2
dfdc_train_part_2_vvzmcirvmr,train,fake,/workspace/data/raw/dfdc/dfdc_train_part_02/dfdc_train_part_2/vvzmcirvmr.mp4,dfdc_train_part_2
dfdc_train_part_2_ighsijifvf,train,fake,/workspace/data/raw/dfdc/dfdc_train_part_02/dfdc_train_part_2/ighsijifvf.mp4,dfdc_train_part_2
dfdc_train_part_2_bfjsthfhbd,train,real,/workspace/data/raw/dfdc/dfdc_train_part_02/dfdc_train_part_2/bfjsthfhbd.mp4,dfdc_train_part_2
dfdc_train_part_2_fbzyimzylr,train,fake,/workspace/data/raw/dfdc/dfdc_train_part_02/dfdc_train_part_2/fbzyimzylr.mp4,dfdc_train_part_2
dfdc_train_part_2_loscbcucal,train,fake,/workspace/data/raw/dfdc/dfdc_train_part_02/dfdc_train_part_2/loscbcucal.mp4,dfdc_train_part_2
dfdc_train_part_2_nexkqdemjm,train,fake,/workspace/data/raw/dfdc/dfdc_train_part_02/dfdc_train_part_2/nexkqdemjm.mp4,dfdc_train_part_2
dfdc_train_part_2_cugqzibkas,train,fake,/workspace/data/raw/dfdc/dfdc_train_part_02/dfdc_train_part_2/cugqzibkas.mp4,dfdc_train_part_2
dfdc_train_part_2_kqbtuywibk,train,fake,/workspace/data/raw/dfdc/dfdc_train_part_02/dfdc_train_part_2/kqbtuywibk.mp4,dfdc_train_part_2
dfdc_train_part_2_xgibfzgbun,train,fake,/workspace/data/raw/dfdc/dfdc_train_part_02/dfdc_train_part_2/xgibfzgbun.mp4,dfdc_train_part_2
dfdc_train_part_2_luugakcroo,train,fake,/workspace/data/raw/dfdc/dfdc_train_part_02/dfdc_train_part_2/luugakcroo.mp4,dfdc_train_part_2
dfdc_train_part_2_keowcpkxdg,train,fake,/workspace/data/raw/dfdc/dfdc_train_part_02/dfdc_train_part_2/keowcpkxdg.mp4,dfdc_train_part_2
dfdc_train_part_2_rnfcjxynfa,train,fake,/workspace/data/raw/dfdc/dfdc_train_part_02/dfdc_train_part_2/rnfcjxynfa.mp4,dfdc_train_part_2
dfdc_train_part_2_mqvhifdmgx,train,fake,/workspace/data/raw/dfdc/dfdc_train_part_02/dfdc_train_part_2/mqvhifdmgx.mp4,dfdc_train_part_2
dfdc_train_part_2_mxdglglbbl,train,fake,/workspace/data/raw/dfdc/dfdc_train_part_02/dfdc_train_part_2/mxdglglbbl.mp4,dfdc_train_part_2
dfdc_train_part_2_hxqkgjannv,train,fake,/workspace/data/raw/dfdc/dfdc_train_part_02/dfdc_train_part_2/hxqkgjannv.mp4,dfdc_train_part_2
dfdc_train_part_2_txecywhbwn,train,fake,/workspace/data/raw/dfdc/dfdc_train_part_02/dfdc_train_part_2/txecywhbwn.mp4,dfdc_train_part_2
dfdc_train_part_2_hbpnvvuloc,train,fake,/workspace/data/raw/dfdc/dfdc_train_part_02/dfdc_train_part_2/hbpnvvuloc.mp4,dfdc_train_part_2
dfdc_train_part_2_hgqqxcrajb,train,fake,/workspace/data/raw/dfdc/dfdc_train_part_02/dfdc_train_part_2/hgqqxcrajb.mp4,dfdc_train_part_2
dfdc_train_part_2_uksqzousoi,train,fake,/workspace/data/raw/dfdc/dfdc_train_part_02/dfdc_train_part_2/uksqzousoi.mp4,dfdc_train_part_2
dfdc_train_part_2_tvhqrnwctp,train,fake,/workspace/data/raw/dfdc/dfdc_train_part_02/dfdc_train_part_2/tvhqrnwctp.mp4,dfdc_train_part_2
dfdc_train_part_2_ajovkrmjye,train,fake,/workspace/data/raw/dfdc/dfdc_train_part_02/dfdc_train_part_2/ajovkrmjye.mp4,dfdc_train_part_2
dfdc_train_part_2_gaozfnsrob,train,fake,/workspace/data/raw/dfdc/dfdc_train_part_02/dfdc_train_part_2/gaozfnsrob.mp4,dfdc_train_part_2
dfdc_train_part_2_tzbglleskg,train,fake,/workspace/data/raw/dfdc/dfdc_train_part_02/dfdc_train_part_2/tzbglleskg.mp4,dfdc_train_part_2
dfdc_train_part_2_jrxmcmigoq,train,fake,/workspace/data/raw/dfdc/dfdc_train_part_02/dfdc_train_part_2/jrxmcmigoq.mp4,dfdc_train_part_2
dfdc_train_part_2_zlbzpdspzt,train,fake,/workspace/data/raw/dfdc/dfdc_train_part_02/dfdc_train_part_2/zlbzpdspzt.mp4,dfdc_train_part_2
dfdc_train_part_2_qcbkztamqc,train,fake,/workspace/data/raw/dfdc/dfdc_train_part_02/dfdc_train_part_2/qcbkztamqc.mp4,dfdc_train_part_2
dfdc_train_part_2_uhqbwdgeur,train,fake,/workspace/data/raw/dfdc/dfdc_train_part_02/dfdc_train_part_2/uhqbwdgeur.mp4,dfdc_train_part_2
dfdc_train_part_2_zhrgqbbjvh,train,fake,/workspace/data/raw/dfdc/dfdc_train_part_02/dfdc_train_part_2/zhrgqbbjvh.mp4,dfdc_train_part_2
dfdc_train_part_2_zmxeiipnqb,train,real,/workspace/data/raw/dfdc/dfdc_train_part_02/dfdc_train_part_2/zmxeiipnqb.mp4,dfdc_train_part_2
dfdc_train_part_2_accuranbpc,train,fake,/workspace/data/raw/dfdc/dfdc_train_part_02/dfdc_train_part_2/accuranbpc.mp4,dfdc_train_part_2
dfdc_train_part_2_yncqzlcggq,train,fake,/workspace/data/raw/dfdc/dfdc_train_part_02/dfdc_train_part_2/yncqzlcggq.mp4,dfdc_train_part_2
dfdc_train_part_2_lxprtdtlqx,train,fake,/workspace/data/raw/dfdc/dfdc_train_part_02/dfdc_train_part_2/lxprtdtlqx.mp4,dfdc_train_part_2
dfdc_train_part_2_jwmkeennzf,train,fake,/workspace/data/raw/dfdc/dfdc_train_part_02/dfdc_train_part_2/jwmkeennzf.mp4,dfdc_train_part_2
dfdc_train_part_2_bofrwgeyjo,train,fake,/workspace/data/raw/dfdc/dfdc_train_part_02/dfdc_train_part_2/bofrwgeyjo.mp4,dfdc_train_part_2
dfdc_train_part_2_yqhouqakbx,train,fake,/workspace/data/raw/dfdc/dfdc_train_part_02/dfdc_train_part_2/yqhouqakbx.mp4,dfdc_train_part_2
dfdc_train_part_2_dywxefvgfi,train,fake,/workspace/data/raw/dfdc/dfdc_train_part_02/dfdc_train_part_2/dywxefvgfi.mp4,dfdc_train_part_2
dfdc_train_part_2_misitumkmh,train,fake,/workspace/data/raw/dfdc/dfdc_train_part_02/dfdc_train_part_2/misitumkmh.mp4,dfdc_train_part_2
dfdc_train_part_2_nbscmtskvm,train,fake,/workspace/data/raw/dfdc/dfdc_train_part_02/dfdc_train_part_2/nbscmtskvm.mp4,dfdc_train_part_2
dfdc_train_part_2_ltcdbgucot,train,fake,/workspace/data/raw/dfdc/dfdc_train_part_02/dfdc_train_part_2/ltcdbgucot.mp4,dfdc_train_part_2
dfdc_train_part_2_rpwjfquqal,train,fake,/workspace/data/raw/dfdc/dfdc_train_part_02/dfdc_train_part_2/rpwjfquqal.mp4,dfdc_train_part_2
dfdc_train_part_2_jlvnsjgyhz,train,fake,/workspace/data/raw/dfdc/dfdc_train_part_02/dfdc_train_part_2/jlvnsjgyhz.mp4,dfdc_train_part_2
dfdc_train_part_2_wplfwkwixo,train,fake,/workspace/data/raw/dfdc/dfdc_train_part_02/dfdc_train_part_2/wplfwkwixo.mp4,dfdc_train_part_2
dfdc_train_part_2_qjuhejzyeq,train,fake,/workspace/data/raw/dfdc/dfdc_train_part_02/dfdc_train_part_2/qjuhejzyeq.mp4,dfdc_train_part_2
dfdc_train_part_2_szfiektjqw,train,fake,/workspace/data/raw/dfdc/dfdc_train_part_02/dfdc_train_part_2/szfiektjqw.mp4,dfdc_train_part_2
dfdc_train_part_2_ekzltdwpjj,train,fake,/workspace/data/raw/dfdc/dfdc_train_part_02/dfdc_train_part_2/ekzltdwpjj.mp4,dfdc_train_part_2
dfdc_train_part_2_zbqupdrlyd,train,fake,/workspace/data/raw/dfdc/dfdc_train_part_02/dfdc_train_part_2/zbqupdrlyd.mp4,dfdc_train_part_2
dfdc_train_part_2_pfaxkqcuqn,train,fake,/workspace/data/raw/dfdc/dfdc_train_part_02/dfdc_train_part_2/pfaxkqcuqn.mp4,dfdc_train_part_2
dfdc_train_part_2_zoropdkinx,train,fake,/workspace/data/raw/dfdc/dfdc_train_part_02/dfdc_train_part_2/zoropdkinx.mp4,dfdc_train_part_2
dfdc_train_part_2_dzjswiqnmm,train,fake,/workspace/data/raw/dfdc/dfdc_train_part_02/dfdc_train_part_2/dzjswiqnmm.mp4,dfdc_train_part_2
dfdc_train_part_2_mfkwnwrwdr,train,fake,/workspace/data/raw/dfdc/dfdc_train_part_02/dfdc_train_part_2/mfkwnwrwdr.mp4,dfdc_train_part_2
dfdc_train_part_2_pnjzfeokjv,train,fake,/workspace/data/raw/dfdc/dfdc_train_part_02/dfdc_train_part_2/pnjzfeokjv.mp4,dfdc_train_part_2
dfdc_train_part_2_feffcgjgww,train,fake,/workspace/data/raw/dfdc/dfdc_train_part_02/dfdc_train_part_2/feffcgjgww.mp4,dfdc_train_part_2
dfdc_train_part_2_wxukovbmac,train,fake,/workspace/data/raw/dfdc/dfdc_train_part_02/dfdc_train_part_2/wxukovbmac.mp4,dfdc_train_part_2
dfdc_train_part_2_fmvvmcbdrw,train,fake,/workspace/data/raw/dfdc/dfdc_train_part_02/dfdc_train_part_2/fmvvmcbdrw.mp4,dfdc_train_part_2
dfdc_train_part_2_jalutuvgew,train,fake,/workspace/data/raw/dfdc/dfdc_train_part_02/dfdc_train_part_2/jalutuvgew.mp4,dfdc_train_part_2
dfdc_train_part_2_xdtuvxwenq,train,fake,/workspace/data/raw/dfdc/dfdc_train_part_02/dfdc_train_part_2/xdtuvxwenq.mp4,dfdc_train_part_2
dfdc_train_part_2_potwhcjoor,train,fake,/workspace/data/raw/dfdc/dfdc_train_part_02/dfdc_train_part_2/potwhcjoor.mp4,dfdc_train_part_2
dfdc_train_part_2_cekwtyxdoo,train,fake,/workspace/data/raw/dfdc/dfdc_train_part_02/dfdc_train_part_2/cekwtyxdoo.mp4,dfdc_train_part_2
dfdc_train_part_2_atsvznzksa,train,fake,/workspace/data/raw/dfdc/dfdc_train_part_02/dfdc_train_part_2/atsvznzksa.mp4,dfdc_train_part_2
dfdc_train_part_2_riciqhftax,train,fake,/workspace/data/raw/dfdc/dfdc_train_part_02/dfdc_train_part_2/riciqhftax.mp4,dfdc_train_part_2
dfdc_train_part_2_zcucfxufwz,train,fake,/workspace/data/raw/dfdc/dfdc_train_part_02/dfdc_train_part_2/zcucfxufwz.mp4,dfdc_train_part_2
dfdc_train_part_2_tjumanauqk,train,fake,/workspace/data/raw/dfdc/dfdc_train_part_02/dfdc_train_part_2/tjumanauqk.mp4,dfdc_train_part_2
dfdc_train_part_2_xyyzkihhhn,train,fake,/workspace/data/raw/dfdc/dfdc_train_part_02/dfdc_train_part_2/xyyzkihhhn.mp4,dfdc_train_part_2
dfdc_train_part_2_kgnlyovxsj,train,fake,/workspace/data/raw/dfdc/dfdc_train_part_02/dfdc_train_part_2/kgnlyovxsj.mp4,dfdc_train_part_2
dfdc_train_part_2_bohdrbkdgk,train,fake,/workspace/data/raw/dfdc/dfdc_train_part_02/dfdc_train_part_2/bohdrbkdgk.mp4,dfdc_train_part_2
dfdc_train_part_2_kahjemskay,train,fake,/workspace/data/raw/dfdc/dfdc_train_part_02/dfdc_train_part_2/kahjemskay.mp4,dfdc_train_part_2
dfdc_train_part_2_byloqytsws,train,fake,/workspace/data/raw/dfdc/dfdc_train_part_02/dfdc_train_part_2/byloqytsws.mp4,dfdc_train_part_2
dfdc_train_part_2_yigeqqnxmp,train,fake,/workspace/data/raw/dfdc/dfdc_train_part_02/dfdc_train_part_2/yigeqqnxmp.mp4,dfdc_train_part_2
dfdc_train_part_2_udhrnsnbmb,train,fake,/workspace/data/raw/dfdc/dfdc_train_part_02/dfdc_train_part_2/udhrnsnbmb.mp4,dfdc_train_part_2
dfdc_train_part_2_getllmoacf,train,fake,/workspace/data/raw/dfdc/dfdc_train_part_02/dfdc_train_part_2/getllmoacf.mp4,dfdc_train_part_2
dfdc_train_part_2_semkwpxsom,train,fake,/workspace/data/raw/dfdc/dfdc_train_part_02/dfdc_train_part_2/semkwpxsom.mp4,dfdc_train_part_2
dfdc_train_part_2_philxwuuxh,train,fake,/workspace/data/raw/dfdc/dfdc_train_part_02/dfdc_train_part_2/philxwuuxh.mp4,dfdc_train_part_2
dfdc_train_part_2_tvjasbrchx,train,fake,/workspace/data/raw/dfdc/dfdc_train_part_02/dfdc_train_part_2/tvjasbrchx.mp4,dfdc_train_part_2
dfdc_train_part_2_zrzbolnrls,train,fake,/workspace/data/raw/dfdc/dfdc_train_part_02/dfdc_train_part_2/zrzbolnrls.mp4,dfdc_train_part_2
dfdc_train_part_2_lppbbyjbcd,train,fake,/workspace/data/raw/dfdc/dfdc_train_part_02/dfdc_train_part_2/lppbbyjbcd.mp4,dfdc_train_part_2
dfdc_train_part_2_dyjfkbskab,train,fake,/workspace/data/raw/dfdc/dfdc_train_part_02/dfdc_train_part_2/dyjfkbskab.mp4,dfdc_train_part_2
dfdc_train_part_2_lxbzlfbixq,train,fake,/workspace/data/raw/dfdc/dfdc_train_part_02/dfdc_train_part_2/lxbzlfbixq.mp4,dfdc_train_part_2
dfdc_train_part_2_fugzbjmcsc,train,fake,/workspace/data/raw/dfdc/dfdc_train_part_02/dfdc_train_part_2/fugzbjmcsc.mp4,dfdc_train_part_2
dfdc_train_part_2_glpzlkxzsm,train,fake,/workspace/data/raw/dfdc/dfdc_train_part_02/dfdc_train_part_2/glpzlkxzsm.mp4,dfdc_train_part_2
dfdc_train_part_2_gpsxfxrjrr,train,real,/workspace/data/raw/dfdc/dfdc_train_part_02/dfdc_train_part_2/gpsxfxrjrr.mp4,dfdc_train_part_2
dfdc_train_part_2_vhpupxveay,train,fake,/workspace/data/raw/dfdc/dfdc_train_part_02/dfdc_train_part_2/vhpupxveay.mp4,dfdc_train_part_2
dfdc_train_part_2_bftztxnheg,train,fake,/workspace/data/raw/dfdc/dfdc_train_part_02/dfdc_train_part_2/bftztxnheg.mp4,dfdc_train_part_2
dfdc_train_part_2_rhncgvckxz,train,fake,/workspace/data/raw/dfdc/dfdc_train_part_02/dfdc_train_part_2/rhncgvckxz.mp4,dfdc_train_part_2
dfdc_train_part_2_nylwyrqaot,train,fake,/workspace/data/raw/dfdc/dfdc_train_part_02/dfdc_train_part_2/nylwyrqaot.mp4,dfdc_train_part_2
dfdc_train_part_2_kvxdcbxdcd,train,fake,/workspace/data/raw/dfdc/dfdc_train_part_02/dfdc_train_part_2/kvxdcbxdcd.mp4,dfdc_train_part_2
dfdc_train_part_2_pkqrvokzaq,train,fake,/workspace/data/raw/dfdc/dfdc_train_part_02/dfdc_train_part_2/pkqrvokzaq.mp4,dfdc_train_part_2
dfdc_train_part_2_ekihpvgnpk,train,fake,/workspace/data/raw/dfdc/dfdc_train_part_02/dfdc_train_part_2/ekihpvgnpk.mp4,dfdc_train_part_2
dfdc_train_part_2_nvcczlkuvt,train,fake,/workspace/data/raw/dfdc/dfdc_train_part_02/dfdc_train_part_2/nvcczlkuvt.mp4,dfdc_train_part_2
dfdc_train_part_2_cvqlmslhdv,train,fake,/workspace/data/raw/dfdc/dfdc_train_part_02/dfdc_train_part_2/cvqlmslhdv.mp4,dfdc_train_part_2
dfdc_train_part_2_mjldbxggbe,train,fake,/workspace/data/raw/dfdc/dfdc_train_part_02/dfdc_train_part_2/mjldbxggbe.mp4,dfdc_train_part_2
dfdc_train_part_2_zpjqhxpuip,train,fake,/workspace/data/raw/dfdc/dfdc_train_part_02/dfdc_train_part_2/zpjqhxpuip.mp4,dfdc_train_part_2
dfdc_train_part_2_azvpvieiaj,train,fake,/workspace/data/raw/dfdc/dfdc_train_part_02/dfdc_train_part_2/azvpvieiaj.mp4,dfdc_train_part_2
dfdc_train_part_2_aentwuqfmv,train,fake,/workspace/data/raw/dfdc/dfdc_train_part_02/dfdc_train_part_2/aentwuqfmv.mp4,dfdc_train_part_2
dfdc_train_part_2_anzylmbqgi,train,fake,/workspace/data/raw/dfdc/dfdc_train_part_02/dfdc_train_part_2/anzylmbqgi.mp4,dfdc_train_part_2
dfdc_train_part_2_oohcodnooj,train,fake,/workspace/data/raw/dfdc/dfdc_train_part_02/dfdc_train_part_2/oohcodnooj.mp4,dfdc_train_part_2
dfdc_train_part_2_wxvtaveqvb,train,fake,/workspace/data/raw/dfdc/dfdc_train_part_02/dfdc_train_part_2/wxvtaveqvb.mp4,dfdc_train_part_2
dfdc_train_part_2_pzwsysrpnj,train,fake,/workspace/data/raw/dfdc/dfdc_train_part_02/dfdc_train_part_2/pzwsysrpnj.mp4,dfdc_train_part_2
dfdc_train_part_2_pjkmenibnx,train,fake,/workspace/data/raw/dfdc/dfdc_train_part_02/dfdc_train_part_2/pjkmenibnx.mp4,dfdc_train_part_2
dfdc_train_part_2_zkokhikmle,train,fake,/workspace/data/raw/dfdc/dfdc_train_part_02/dfdc_train_part_2/zkokhikmle.mp4,dfdc_train_part_2
dfdc_train_part_2_rvngxtbpgz,train,fake,/workspace/data/raw/dfdc/dfdc_train_part_02/dfdc_train_part_2/rvngxtbpgz.mp4,dfdc_train_part_2
dfdc_train_part_2_uipindbexi,train,fake,/workspace/data/raw/dfdc/dfdc_train_part_02/dfdc_train_part_2/uipindbexi.mp4,dfdc_train_part_2
dfdc_train_part_2_aqcqygyoae,train,fake,/workspace/data/raw/dfdc/dfdc_train_part_02/dfdc_train_part_2/aqcqygyoae.mp4,dfdc_train_part_2
dfdc_train_part_2_kgsgnwoahd,train,fake,/workspace/data/raw/dfdc/dfdc_train_part_02/dfdc_train_part_2/kgsgnwoahd.mp4,dfdc_train_part_2
dfdc_train_part_2_gefzxebncs,train,fake,/workspace/data/raw/dfdc/dfdc_train_part_02/dfdc_train_part_2/gefzxebncs.mp4,dfdc_train_part_2
dfdc_train_part_2_qqjmgyicqe,train,fake,/workspace/data/raw/dfdc/dfdc_train_part_02/dfdc_train_part_2/qqjmgyicqe.mp4,dfdc_train_part_2
dfdc_train_part_2_azloskdmkl,train,fake,/workspace/data/raw/dfdc/dfdc_train_part_02/dfdc_train_part_2/azloskdmkl.mp4,dfdc_train_part_2
dfdc_train_part_2_vodsjegctz,train,fake,/workspace/data/raw/dfdc/dfdc_train_part_02/dfdc_train_part_2/vodsjegctz.mp4,dfdc_train_part_2
dfdc_train_part_2_cfmapbvctw,train,fake,/workspace/data/raw/dfdc/dfdc_train_part_02/dfdc_train_part_2/cfmapbvctw.mp4,dfdc_train_part_2
dfdc_train_part_2_lpgxwdgnio,train,real,/workspace/data/raw/dfdc/dfdc_train_part_02/dfdc_train_part_2/lpgxwdgnio.mp4,dfdc_train_part_2
dfdc_train_part_2_rwxtbuazte,train,fake,/workspace/data/raw/dfdc/dfdc_train_part_02/dfdc_train_part_2/rwxtbuazte.mp4,dfdc_train_part_2
dfdc_train_part_2_blklnegyki,train,fake,/workspace/data/raw/dfdc/dfdc_train_part_02/dfdc_train_part_2/blklnegyki.mp4,dfdc_train_part_2
dfdc_train_part_2_nnzqouukoj,train,fake,/workspace/data/raw/dfdc/dfdc_train_part_02/dfdc_train_part_2/nnzqouukoj.mp4,dfdc_train_part_2
dfdc_train_part_2_kvslbdyvxn,train,fake,/workspace/data/raw/dfdc/dfdc_train_part_02/dfdc_train_part_2/kvslbdyvxn.mp4,dfdc_train_part_2
dfdc_train_part_2_pvgotgpsft,train,fake,/workspace/data/raw/dfdc/dfdc_train_part_02/dfdc_train_part_2/pvgotgpsft.mp4,dfdc_train_part_2
dfdc_train_part_2_tvjrimupbc,train,fake,/workspace/data/raw/dfdc/dfdc_train_part_02/dfdc_train_part_2/tvjrimupbc.mp4,dfdc_train_part_2
dfdc_train_part_2_msaecegxgv,train,fake,/workspace/data/raw/dfdc/dfdc_train_part_02/dfdc_train_part_2/msaecegxgv.mp4,dfdc_train_part_2
dfdc_train_part_2_uprhmcacrm,train,fake,/workspace/data/raw/dfdc/dfdc_train_part_02/dfdc_train_part_2/uprhmcacrm.mp4,dfdc_train_part_2
dfdc_train_part_2_ogaxeeegzg,train,fake,/workspace/data/raw/dfdc/dfdc_train_part_02/dfdc_train_part_2/ogaxeeegzg.mp4,dfdc_train_part_2
dfdc_train_part_2_cktnvixgub,train,fake,/workspace/data/raw/dfdc/dfdc_train_part_02/dfdc_train_part_2/cktnvixgub.mp4,dfdc_train_part_2
dfdc_train_part_2_ghncfauixn,train,fake,/workspace/data/raw/dfdc/dfdc_train_part_02/dfdc_train_part_2/ghncfauixn.mp4,dfdc_train_part_2
dfdc_train_part_2_jfmmvfpudw,train,fake,/workspace/data/raw/dfdc/dfdc_train_part_02/dfdc_train_part_2/jfmmvfpudw.mp4,dfdc_train_part_2
dfdc_train_part_2_kpktmafsnl,train,fake,/workspace/data/raw/dfdc/dfdc_train_part_02/dfdc_train_part_2/kpktmafsnl.mp4,dfdc_train_part_2
dfdc_train_part_2_xomjpqxtdh,train,fake,/workspace/data/raw/dfdc/dfdc_train_part_02/dfdc_train_part_2/xomjpqxtdh.mp4,dfdc_train_part_2
dfdc_train_part_2_ldmoodikzl,train,fake,/workspace/data/raw/dfdc/dfdc_train_part_02/dfdc_train_part_2/ldmoodikzl.mp4,dfdc_train_part_2
dfdc_train_part_2_clgpmpxpxa,train,fake,/workspace/data/raw/dfdc/dfdc_train_part_02/dfdc_train_part_2/clgpmpxpxa.mp4,dfdc_train_part_2
dfdc_train_part_2_otilzpjrfc,train,fake,/workspace/data/raw/dfdc/dfdc_train_part_02/dfdc_train_part_2/otilzpjrfc.mp4,dfdc_train_part_2
dfdc_train_part_2_niypamicvn,train,fake,/workspace/data/raw/dfdc/dfdc_train_part_02/dfdc_train_part_2/niypamicvn.mp4,dfdc_train_part_2
dfdc_train_part_2_wbwipxamgj,train,fake,/workspace/data/raw/dfdc/dfdc_train_part_02/dfdc_train_part_2/wbwipxamgj.mp4,dfdc_train_part_2
dfdc_train_part_2_mapkjstmip,train,fake,/workspace/data/raw/dfdc/dfdc_train_part_02/dfdc_train_part_2/mapkjstmip.mp4,dfdc_train_part_2
dfdc_train_part_2_wzsfoifswy,train,fake,/workspace/data/raw/dfdc/dfdc_train_part_02/dfdc_train_part_2/wzsfoifswy.mp4,dfdc_train_part_2
dfdc_train_part_2_dxzscteuyd,train,fake,/workspace/data/raw/dfdc/dfdc_train_part_02/dfdc_train_part_2/dxzscteuyd.mp4,dfdc_train_part_2
dfdc_train_part_2_fyewovfowx,train,fake,/workspace/data/raw/dfdc/dfdc_train_part_02/dfdc_train_part_2/fyewovfowx.mp4,dfdc_train_part_2
dfdc_train_part_2_ylqucqmtbi,train,fake,/workspace/data/raw/dfdc/dfdc_train_part_02/dfdc_train_part_2/ylqucqmtbi.mp4,dfdc_train_part_2
dfdc_train_part_2_zyufpqvpyu,train,fake,/workspace/data/raw/dfdc/dfdc_train_part_02/dfdc_train_part_2/zyufpqvpyu.mp4,dfdc_train_part_2
dfdc_train_part_2_hdmhhcixqb,train,fake,/workspace/data/raw/dfdc/dfdc_train_part_02/dfdc_train_part_2/hdmhhcixqb.mp4,dfdc_train_part_2
dfdc_train_part_2_ptbfnkajyi,train,fake,/workspace/data/raw/dfdc/dfdc_train_part_02/dfdc_train_part_2/ptbfnkajyi.mp4,dfdc_train_part_2
dfdc_train_part_2_ftrvqvielv,train,fake,/workspace/data/raw/dfdc/dfdc_train_part_02/dfdc_train_part_2/ftrvqvielv.mp4,dfdc_train_part_2
dfdc_train_part_2_fhlxhkrpyt,train,fake,/workspace/data/raw/dfdc/dfdc_train_part_02/dfdc_train_part_2/fhlxhkrpyt.mp4,dfdc_train_part_2
dfdc_train_part_2_ranvoqkzwn,train,fake,/workspace/data/raw/dfdc/dfdc_train_part_02/dfdc_train_part_2/ranvoqkzwn.mp4,dfdc_train_part_2
dfdc_train_part_2_pswdsdsfha,train,fake,/workspace/data/raw/dfdc/dfdc_train_part_02/dfdc_train_part_2/pswdsdsfha.mp4,dfdc_train_part_2
dfdc_train_part_2_lcloalkyrx,train,fake,/workspace/data/raw/dfdc/dfdc_train_part_02/dfdc_train_part_2/lcloalkyrx.mp4,dfdc_train_part_2
dfdc_train_part_2_jaogotncwj,train,fake,/workspace/data/raw/dfdc/dfdc_train_part_02/dfdc_train_part_2/jaogotncwj.mp4,dfdc_train_part_2
dfdc_train_part_2_jfgidfrxqn,train,fake,/workspace/data/raw/dfdc/dfdc_train_part_02/dfdc_train_part_2/jfgidfrxqn.mp4,dfdc_train_part_2
dfdc_train_part_2_araoplrpeb,train,fake,/workspace/data/raw/dfdc/dfdc_train_part_02/dfdc_train_part_2/araoplrpeb.mp4,dfdc_train_part_2
dfdc_train_part_2_chihfjebdp,train,fake,/workspace/data/raw/dfdc/dfdc_train_part_02/dfdc_train_part_2/chihfjebdp.mp4,dfdc_train_part_2
dfdc_train_part_2_psckptrrys,train,fake,/workspace/data/raw/dfdc/dfdc_train_part_02/dfdc_train_part_2/psckptrrys.mp4,dfdc_train_part_2
dfdc_train_part_2_ybmyhjyabe,train,fake,/workspace/data/raw/dfdc/dfdc_train_part_02/dfdc_train_part_2/ybmyhjyabe.mp4,dfdc_train_part_2
dfdc_train_part_2_phoxxwoozc,train,fake,/workspace/data/raw/dfdc/dfdc_train_part_02/dfdc_train_part_2/phoxxwoozc.mp4,dfdc_train_part_2
dfdc_train_part_2_rrlgynofwd,train,fake,/workspace/data/raw/dfdc/dfdc_train_part_02/dfdc_train_part_2/rrlgynofwd.mp4,dfdc_train_part_2
dfdc_train_part_2_zfnbkyefuh,train,real,/workspace/data/raw/dfdc/dfdc_train_part_02/dfdc_train_part_2/zfnbkyefuh.mp4,dfdc_train_part_2
dfdc_train_part_2_uxuvkrjhws,train,real,/workspace/data/raw/dfdc/dfdc_train_part_02/dfdc_train_part_2/uxuvkrjhws.mp4,dfdc_train_part_2
dfdc_train_part_2_qpvgdzncxe,train,fake,/workspace/data/raw/dfdc/dfdc_train_part_02/dfdc_train_part_2/qpvgdzncxe.mp4,dfdc_train_part_2
dfdc_train_part_2_nqotvzfcck,train,fake,/workspace/data/raw/dfdc/dfdc_train_part_02/dfdc_train_part_2/nqotvzfcck.mp4,dfdc_train_part_2
dfdc_train_part_2_xpedyhitul,train,fake,/workspace/data/raw/dfdc/dfdc_train_part_02/dfdc_train_part_2/xpedyhitul.mp4,dfdc_train_part_2
dfdc_train_part_2_oojxonbgow,train,real,/workspace/data/raw/dfdc/dfdc_train_part_02/dfdc_train_part_2/oojxonbgow.mp4,dfdc_train_part_2
dfdc_train_part_2_vlmllzbcbe,train,fake,/workspace/data/raw/dfdc/dfdc_train_part_02/dfdc_train_part_2/vlmllzbcbe.mp4,dfdc_train_part_2
dfdc_train_part_2_sropxiectt,train,fake,/workspace/data/raw/dfdc/dfdc_train_part_02/dfdc_train_part_2/sropxiectt.mp4,dfdc_train_part_2
dfdc_train_part_2_wcvsqnplsk,train,fake,/workspace/data/raw/dfdc/dfdc_train_part_02/dfdc_train_part_2/wcvsqnplsk.mp4,dfdc_train_part_2
dfdc_train_part_2_bkcyglmfci,train,real,/workspace/data/raw/dfdc/dfdc_train_part_02/dfdc_train_part_2/bkcyglmfci.mp4,dfdc_train_part_2
dfdc_train_part_2_jtuiddncpo,train,fake,/workspace/data/raw/dfdc/dfdc_train_part_02/dfdc_train_part_2/jtuiddncpo.mp4,dfdc_train_part_2
dfdc_train_part_2_eywdmustbb,train,fake,/workspace/data/raw/dfdc/dfdc_train_part_02/dfdc_train_part_2/eywdmustbb.mp4,dfdc_train_part_2
dfdc_train_part_2_ipisbnwavn,train,fake,/workspace/data/raw/dfdc/dfdc_train_part_02/dfdc_train_part_2/ipisbnwavn.mp4,dfdc_train_part_2
dfdc_train_part_2_binribybof,train,fake,/workspace/data/raw/dfdc/dfdc_train_part_02/dfdc_train_part_2/binribybof.mp4,dfdc_train_part_2
dfdc_train_part_2_mskuywhlfh,train,fake,/workspace/data/raw/dfdc/dfdc_train_part_02/dfdc_train_part_2/mskuywhlfh.mp4,dfdc_train_part_2
dfdc_train_part_2_cjbejshqep,train,fake,/workspace/data/raw/dfdc/dfdc_train_part_02/dfdc_train_part_2/cjbejshqep.mp4,dfdc_train_part_2
dfdc_train_part_2_zzmgnglanj,train,real,/workspace/data/raw/dfdc/dfdc_train_part_02/dfdc_train_part_2/zzmgnglanj.mp4,dfdc_train_part_2
dfdc_train_part_2_ilqwcbprqa,train,real,/workspace/data/raw/dfdc/dfdc_train_part_02/dfdc_train_part_2/ilqwcbprqa.mp4,dfdc_train_part_2
dfdc_train_part_2_xxigldllip,train,fake,/workspace/data/raw/dfdc/dfdc_train_part_02/dfdc_train_part_2/xxigldllip.mp4,dfdc_train_part_2
dfdc_train_part_2_sfqwnoixtm,train,real,/workspace/data/raw/dfdc/dfdc_train_part_02/dfdc_train_part_2/sfqwnoixtm.mp4,dfdc_train_part_2
dfdc_train_part_2_vzzkunmkkl,train,fake,/workspace/data/raw/dfdc/dfdc_train_part_02/dfdc_train_part_2/vzzkunmkkl.mp4,dfdc_train_part_2
dfdc_train_part_2_zltamubaab,train,fake,/workspace/data/raw/dfdc/dfdc_train_part_02/dfdc_train_part_2/zltamubaab.mp4,dfdc_train_part_2
dfdc_train_part_2_knmrhhsnqw,train,real,/workspace/data/raw/dfdc/dfdc_train_part_02/dfdc_train_part_2/knmrhhsnqw.mp4,dfdc_train_part_2
dfdc_train_part_2_mshernruud,train,fake,/workspace/data/raw/dfdc/dfdc_train_part_02/dfdc_train_part_2/mshernruud.mp4,dfdc_train_part_2
dfdc_train_part_2_prwsfljdjo,train,real,/workspace/data/raw/dfdc/dfdc_train_part_02/dfdc_train_part_2/prwsfljdjo.mp4,dfdc_train_part_2
dfdc_train_part_2_woxyzsfoyv,train,fake,/workspace/data/raw/dfdc/dfdc_train_part_02/dfdc_train_part_2/woxyzsfoyv.mp4,dfdc_train_part_2
dfdc_train_part_2_kbulxcnrhd,train,real,/workspace/data/raw/dfdc/dfdc_train_part_02/dfdc_train_part_2/kbulxcnrhd.mp4,dfdc_train_part_2
dfdc_train_part_2_hxdggdclkc,train,fake,/workspace/data/raw/dfdc/dfdc_train_part_02/dfdc_train_part_2/hxdggdclkc.mp4,dfdc_train_part_2
dfdc_train_part_2_bhbdbhcqlh,train,real,/workspace/data/raw/dfdc/dfdc_train_part_02/dfdc_train_part_2/bhbdbhcqlh.mp4,dfdc_train_part_2
dfdc_train_part_2_fqgypsunzr,train,fake,/workspace/data/raw/dfdc/dfdc_train_part_02/dfdc_train_part_2/fqgypsunzr.mp4,dfdc_train_part_2
dfdc_train_part_2_irqzdokcws,train,real,/workspace/data/raw/dfdc/dfdc_train_part_02/dfdc_train_part_2/irqzdokcws.mp4,dfdc_train_part_2
dfdc_train_part_2_roltkgcnoc,train,fake,/workspace/data/raw/dfdc/dfdc_train_part_02/dfdc_train_part_2/roltkgcnoc.mp4,dfdc_train_part_2
dfdc_train_part_2_fazxlgrnot,train,fake,/workspace/data/raw/dfdc/dfdc_train_part_02/dfdc_train_part_2/fazxlgrnot.mp4,dfdc_train_part_2
dfdc_train_part_2_qqkyznondw,train,fake,/workspace/data/raw/dfdc/dfdc_train_part_02/dfdc_train_part_2/qqkyznondw.mp4,dfdc_train_part_2
dfdc_train_part_2_bppvyenwri,train,fake,/workspace/data/raw/dfdc/dfdc_train_part_02/dfdc_train_part_2/bppvyenwri.mp4,dfdc_train_part_2
dfdc_train_part_2_axyczuqmyl,train,fake,/workspace/data/raw/dfdc/dfdc_train_part_02/dfdc_train_part_2/axyczuqmyl.mp4,dfdc_train_part_2
dfdc_train_part_2_yirhsptlko,train,fake,/workspace/data/raw/dfdc/dfdc_train_part_02/dfdc_train_part_2/yirhsptlko.mp4,dfdc_train_part_2
dfdc_train_part_2_nmmizonqhs,train,fake,/workspace/data/raw/dfdc/dfdc_train_part_02/dfdc_train_part_2/nmmizonqhs.mp4,dfdc_train_part_2
dfdc_train_part_2_akrubjfzzc,train,real,/workspace/data/raw/dfdc/dfdc_train_part_02/dfdc_train_part_2/akrubjfzzc.mp4,dfdc_train_part_2
dfdc_train_part_2_ddtgcdxlfj,train,fake,/workspace/data/raw/dfdc/dfdc_train_part_02/dfdc_train_part_2/ddtgcdxlfj.mp4,dfdc_train_part_2
dfdc_train_part_2_rysmxgsgly,train,fake,/workspace/data/raw/dfdc/dfdc_train_part_02/dfdc_train_part_2/rysmxgsgly.mp4,dfdc_train_part_2
dfdc_train_part_2_nzqtvipnoc,train,real,/workspace/data/raw/dfdc/dfdc_train_part_02/dfdc_train_part_2/nzqtvipnoc.mp4,dfdc_train_part_2
dfdc_train_part_2_llplvmcvbl,train,real,/workspace/data/raw/dfdc/dfdc_train_part_02/dfdc_train_part_2/llplvmcvbl.mp4,dfdc_train_part_2
dfdc_train_part_2_bdeouczrwb,train,fake,/workspace/data/raw/dfdc/dfdc_train_part_02/dfdc_train_part_2/bdeouczrwb.mp4,dfdc_train_part_2
dfdc_train_part_2_ebqceovwpd,train,real,/workspace/data/raw/dfdc/dfdc_train_part_02/dfdc_train_part_2/ebqceovwpd.mp4,dfdc_train_part_2
dfdc_train_part_2_mtzvnmxgqj,train,fake,/workspace/data/raw/dfdc/dfdc_train_part_02/dfdc_train_part_2/mtzvnmxgqj.mp4,dfdc_train_part_2
dfdc_train_part_2_ijxjjxtrsi,train,fake,/workspace/data/raw/dfdc/dfdc_train_part_02/dfdc_train_part_2/ijxjjxtrsi.mp4,dfdc_train_part_2
dfdc_train_part_2_knceeulwam,train,fake,/workspace/data/raw/dfdc/dfdc_train_part_02/dfdc_train_part_2/knceeulwam.mp4,dfdc_train_part_2
dfdc_train_part_2_lthliysdpo,train,fake,/workspace/data/raw/dfdc/dfdc_train_part_02/dfdc_train_part_2/lthliysdpo.mp4,dfdc_train_part_2
dfdc_train_part_2_bfdopzvxbi,train,real,/workspace/data/raw/dfdc/dfdc_train_part_02/dfdc_train_part_2/bfdopzvxbi.mp4,dfdc_train_part_2
dfdc_train_part_2_lptongiurm,train,fake,/workspace/data/raw/dfdc/dfdc_train_part_02/dfdc_train_part_2/lptongiurm.mp4,dfdc_train_part_2
dfdc_train_part_2_xvgkojxxwd,train,fake,/workspace/data/raw/dfdc/dfdc_train_part_02/dfdc_train_part_2/xvgkojxxwd.mp4,dfdc_train_part_2
dfdc_train_part_2_rvyvuuvdxs,train,fake,/workspace/data/raw/dfdc/dfdc_train_part_02/dfdc_train_part_2/rvyvuuvdxs.mp4,dfdc_train_part_2
dfdc_train_part_2_rxdoimqble,train,real,/workspace/data/raw/dfdc/dfdc_train_part_02/dfdc_train_part_2/rxdoimqble.mp4,dfdc_train_part_2
dfdc_train_part_2_xswdwufkyy,train,fake,/workspace/data/raw/dfdc/dfdc_train_part_02/dfdc_train_part_2/xswdwufkyy.mp4,dfdc_train_part_2
dfdc_train_part_2_foftbpkdev,train,fake,/workspace/data/raw/dfdc/dfdc_train_part_02/dfdc_train_part_2/foftbpkdev.mp4,dfdc_train_part_2
dfdc_train_part_2_rmlzgerevr,train,real,/workspace/data/raw/dfdc/dfdc_train_part_02/dfdc_train_part_2/rmlzgerevr.mp4,dfdc_train_part_2
dfdc_train_part_2_ohxzmopbvc,train,fake,/workspace/data/raw/dfdc/dfdc_train_part_02/dfdc_train_part_2/ohxzmopbvc.mp4,dfdc_train_part_2
dfdc_train_part_2_ebezansurq,train,real,/workspace/data/raw/dfdc/dfdc_train_part_02/dfdc_train_part_2/ebezansurq.mp4,dfdc_train_part_2
dfdc_train_part_2_orkccpsdba,train,real,/workspace/data/raw/dfdc/dfdc_train_part_02/dfdc_train_part_2/orkccpsdba.mp4,dfdc_train_part_2
dfdc_train_part_2_qooxnxqqjb,train,real,/workspace/data/raw/dfdc/dfdc_train_part_02/dfdc_train_part_2/qooxnxqqjb.mp4,dfdc_train_part_2
dfdc_train_part_2_jnqmcyshrf,train,fake,/workspace/data/raw/dfdc/dfdc_train_part_02/dfdc_train_part_2/jnqmcyshrf.mp4,dfdc_train_part_2
dfdc_train_part_2_wbjtrlyjsm,train,real,/workspace/data/raw/dfdc/dfdc_train_part_02/dfdc_train_part_2/wbjtrlyjsm.mp4,dfdc_train_part_2
dfdc_train_part_2_rzljiqidhj,train,real,/workspace/data/raw/dfdc/dfdc_train_part_02/dfdc_train_part_2/rzljiqidhj.mp4,dfdc_train_part_2
dfdc_train_part_2_qhkzlnzruj,train,real,/workspace/data/raw/dfdc/dfdc_train_part_02/dfdc_train_part_2/qhkzlnzruj.mp4,dfdc_train_part_2
dfdc_train_part_2_pcvpkdmppy,train,fake,/workspace/data/raw/dfdc/dfdc_train_part_02/dfdc_train_part_2/pcvpkdmppy.mp4,dfdc_train_part_2
dfdc_train_part_2_wufsogqfhx,train,fake,/workspace/data/raw/dfdc/dfdc_train_part_02/dfdc_train_part_2/wufsogqfhx.mp4,dfdc_train_part_2
dfdc_train_part_2_mxpqyayjka,train,fake,/workspace/data/raw/dfdc/dfdc_train_part_02/dfdc_train_part_2/mxpqyayjka.mp4,dfdc_train_part_2
dfdc_train_part_2_cebcmahlap,train,fake,/workspace/data/raw/dfdc/dfdc_train_part_02/dfdc_train_part_2/cebcmahlap.mp4,dfdc_train_part_2
dfdc_train_part_2_tyjpjpglgx,train,real,/workspace/data/raw/dfdc/dfdc_train_part_02/dfdc_train_part_2/tyjpjpglgx.mp4,dfdc_train_part_2
dfdc_train_part_2_hvmzimtrdq,train,fake,/workspace/data/raw/dfdc/dfdc_train_part_02/dfdc_train_part_2/hvmzimtrdq.mp4,dfdc_train_part_2
dfdc_train_part_2_mdgbfnyoys,train,real,/workspace/data/raw/dfdc/dfdc_train_part_02/dfdc_train_part_2/mdgbfnyoys.mp4,dfdc_train_part_2
dfdc_train_part_2_npsotexafg,train,fake,/workspace/data/raw/dfdc/dfdc_train_part_02/dfdc_train_part_2/npsotexafg.mp4,dfdc_train_part_2
dfdc_train_part_2_ihglzxzroo,train,real,/workspace/data/raw/dfdc/dfdc_train_part_02/dfdc_train_part_2/ihglzxzroo.mp4,dfdc_train_part_2
dfdc_train_part_2_whurggewea,train,real,/workspace/data/raw/dfdc/dfdc_train_part_02/dfdc_train_part_2/whurggewea.mp4,dfdc_train_part_2
dfdc_train_part_2_tbtbhuncfm,train,fake,/workspace/data/raw/dfdc/dfdc_train_part_02/dfdc_train_part_2/tbtbhuncfm.mp4,dfdc_train_part_2
dfdc_train_part_2_bjorshdgjo,train,fake,/workspace/data/raw/dfdc/dfdc_train_part_02/dfdc_train_part_2/bjorshdgjo.mp4,dfdc_train_part_2
dfdc_train_part_2_snhqpfqbsf,train,fake,/workspace/data/raw/dfdc/dfdc_train_part_02/dfdc_train_part_2/snhqpfqbsf.mp4,dfdc_train_part_2
dfdc_train_part_2_nxabngwifq,train,fake,/workspace/data/raw/dfdc/dfdc_train_part_02/dfdc_train_part_2/nxabngwifq.mp4,dfdc_train_part_2
dfdc_train_part_2_syomlwoate,train,fake,/workspace/data/raw/dfdc/dfdc_train_part_02/dfdc_train_part_2/syomlwoate.mp4,dfdc_train_part_2
dfdc_train_part_2_sxryoeigag,train,real,/workspace/data/raw/dfdc/dfdc_train_part_02/dfdc_train_part_2/sxryoeigag.mp4,dfdc_train_part_2
dfdc_train_part_2_pdswwyyntw,train,real,/workspace/data/raw/dfdc/dfdc_train_part_02/dfdc_train_part_2/pdswwyyntw.mp4,dfdc_train_part_2
dfdc_train_part_2_wtooqmfqsq,train,fake,/workspace/data/raw/dfdc/dfdc_train_part_02/dfdc_train_part_2/wtooqmfqsq.mp4,dfdc_train_part_2
dfdc_train_part_2_ijvprklcmz,train,real,/workspace/data/raw/dfdc/dfdc_train_part_02/dfdc_train_part_2/ijvprklcmz.mp4,dfdc_train_part_2
dfdc_train_part_2_xemhvuvgrn,train,real,/workspace/data/raw/dfdc/dfdc_train_part_02/dfdc_train_part_2/xemhvuvgrn.mp4,dfdc_train_part_2
dfdc_train_part_2_jsysgmycsx,train,fake,/workspace/data/raw/dfdc/dfdc_train_part_02/dfdc_train_part_2/jsysgmycsx.mp4,dfdc_train_part_2
dfdc_train_part_2_vajkicalux,train,real,/workspace/data/raw/dfdc/dfdc_train_part_02/dfdc_train_part_2/vajkicalux.mp4,dfdc_train_part_2
dfdc_train_part_2_srdrsrbfzj,train,fake,/workspace/data/raw/dfdc/dfdc_train_part_02/dfdc_train_part_2/srdrsrbfzj.mp4,dfdc_train_part_2
dfdc_train_part_2_xiutydegfu,train,fake,/workspace/data/raw/dfdc/dfdc_train_part_02/dfdc_train_part_2/xiutydegfu.mp4,dfdc_train_part_2
dfdc_train_part_2_meksaaboua,train,fake,/workspace/data/raw/dfdc/dfdc_train_part_02/dfdc_train_part_2/meksaaboua.mp4,dfdc_train_part_2
dfdc_train_part_2_enerzluejw,train,fake,/workspace/data/raw/dfdc/dfdc_train_part_02/dfdc_train_part_2/enerzluejw.mp4,dfdc_train_part_2
dfdc_train_part_2_lurgyrniwf,train,fake,/workspace/data/raw/dfdc/dfdc_train_part_02/dfdc_train_part_2/lurgyrniwf.mp4,dfdc_train_part_2
dfdc_train_part_2_sxjybmxvms,train,fake,/workspace/data/raw/dfdc/dfdc_train_part_02/dfdc_train_part_2/sxjybmxvms.mp4,dfdc_train_part_2
dfdc_train_part_2_dsbrnbihpn,train,fake,/workspace/data/raw/dfdc/dfdc_train_part_02/dfdc_train_part_2/dsbrnbihpn.mp4,dfdc_train_part_2
dfdc_train_part_2_ekvwecwltj,train,real,/workspace/data/raw/dfdc/dfdc_train_part_02/dfdc_train_part_2/ekvwecwltj.mp4,dfdc_train_part_2
dfdc_train_part_2_rrsczkvqso,train,real,/workspace/data/raw/dfdc/dfdc_train_part_02/dfdc_train_part_2/rrsczkvqso.mp4,dfdc_train_part_2
dfdc_train_part_2_npjwiaxcjd,train,fake,/workspace/data/raw/dfdc/dfdc_train_part_02/dfdc_train_part_2/npjwiaxcjd.mp4,dfdc_train_part_2
dfdc_train_part_2_jyoxdvxpza,train,real,/workspace/data/raw/dfdc/dfdc_train_part_02/dfdc_train_part_2/jyoxdvxpza.mp4,dfdc_train_part_2
dfdc_train_part_2_getuajcsmb,train,fake,/workspace/data/raw/dfdc/dfdc_train_part_02/dfdc_train_part_2/getuajcsmb.mp4,dfdc_train_part_2
dfdc_train_part_2_yhjlnisfel,train,real,/workspace/data/raw/dfdc/dfdc_train_part_02/dfdc_train_part_2/yhjlnisfel.mp4,dfdc_train_part_2
dfdc_train_part_2_yayiggnpuw,train,fake,/workspace/data/raw/dfdc/dfdc_train_part_02/dfdc_train_part_2/yayiggnpuw.mp4,dfdc_train_part_2
dfdc_train_part_2_lwiziramni,train,fake,/workspace/data/raw/dfdc/dfdc_train_part_02/dfdc_train_part_2/lwiziramni.mp4,dfdc_train_part_2
dfdc_train_part_2_jtafajtmpv,train,real,/workspace/data/raw/dfdc/dfdc_train_part_02/dfdc_train_part_2/jtafajtmpv.mp4,dfdc_train_part_2
dfdc_train_part_2_ggzjfrirjh,train,real,/workspace/data/raw/dfdc/dfdc_train_part_02/dfdc_train_part_2/ggzjfrirjh.mp4,dfdc_train_part_2
dfdc_train_part_2_houzrrfbqg,train,fake,/workspace/data/raw/dfdc/dfdc_train_part_02/dfdc_train_part_2/houzrrfbqg.mp4,dfdc_train_part_2
dfdc_train_part_2_xcrfebhpzf,train,fake,/workspace/data/raw/dfdc/dfdc_train_part_02/dfdc_train_part_2/xcrfebhpzf.mp4,dfdc_train_part_2
dfdc_train_part_2_zxacihctqp,train,real,/workspace/data/raw/dfdc/dfdc_train_part_02/dfdc_train_part_2/zxacihctqp.mp4,dfdc_train_part_2
dfdc_train_part_2_zktfvbaupk,train,fake,/workspace/data/raw/dfdc/dfdc_train_part_02/dfdc_train_part_2/zktfvbaupk.mp4,dfdc_train_part_2
dfdc_train_part_2_niptrdsfjq,train,fake,/workspace/data/raw/dfdc/dfdc_train_part_02/dfdc_train_part_2/niptrdsfjq.mp4,dfdc_train_part_2
dfdc_train_part_2_vmigrsncac,train,fake,/workspace/data/raw/dfdc/dfdc_train_part_02/dfdc_train_part_2/vmigrsncac.mp4,dfdc_train_part_2
dfdc_train_part_2_idfpkfirul,train,fake,/workspace/data/raw/dfdc/dfdc_train_part_02/dfdc_train_part_2/idfpkfirul.mp4,dfdc_train_part_2
dfdc_train_part_2_mwocdprfiu,train,real,/workspace/data/raw/dfdc/dfdc_train_part_02/dfdc_train_part_2/mwocdprfiu.mp4,dfdc_train_part_2
dfdc_train_part_2_rcqcattfsu,train,real,/workspace/data/raw/dfdc/dfdc_train_part_02/dfdc_train_part_2/rcqcattfsu.mp4,dfdc_train_part_2
dfdc_train_part_2_aahsnkchkz,train,fake,/workspace/data/raw/dfdc/dfdc_train_part_02/dfdc_train_part_2/aahsnkchkz.mp4,dfdc_train_part_2
dfdc_train_part_2_dmmvuaikkv,train,real,/workspace/data/raw/dfdc/dfdc_train_part_02/dfdc_train_part_2/dmmvuaikkv.mp4,dfdc_train_part_2
dfdc_train_part_2_uufozqkfkf,train,real,/workspace/data/raw/dfdc/dfdc_train_part_02/dfdc_train_part_2/uufozqkfkf.mp4,dfdc_train_part_2
dfdc_train_part_2_auiyaoncks,train,real,/workspace/data/raw/dfdc/dfdc_train_part_02/dfdc_train_part_2/auiyaoncks.mp4,dfdc_train_part_2
dfdc_train_part_2_jowxvukjyo,train,fake,/workspace/data/raw/dfdc/dfdc_train_part_02/dfdc_train_part_2/jowxvukjyo.mp4,dfdc_train_part_2
dfdc_train_part_2_rcgccchtvn,train,fake,/workspace/data/raw/dfdc/dfdc_train_part_02/dfdc_train_part_2/rcgccchtvn.mp4,dfdc_train_part_2
dfdc_train_part_2_xyrslykzlj,train,fake,/workspace/data/raw/dfdc/dfdc_train_part_02/dfdc_train_part_2/xyrslykzlj.mp4,dfdc_train_part_2
dfdc_train_part_2_yhoylflxjo,train,fake,/workspace/data/raw/dfdc/dfdc_train_part_02/dfdc_train_part_2/yhoylflxjo.mp4,dfdc_train_part_2
dfdc_train_part_2_wmltghyhfh,train,fake,/workspace/data/raw/dfdc/dfdc_train_part_02/dfdc_train_part_2/wmltghyhfh.mp4,dfdc_train_part_2
dfdc_train_part_2_blnmxntbey,train,real,/workspace/data/raw/dfdc/dfdc_train_part_02/dfdc_train_part_2/blnmxntbey.mp4,dfdc_train_part_2
dfdc_train_part_2_fjxovgmwnm,train,real,/workspace/data/raw/dfdc/dfdc_train_part_02/dfdc_train_part_2/fjxovgmwnm.mp4,dfdc_train_part_2
dfdc_train_part_2_zsmtlfucab,train,fake,/workspace/data/raw/dfdc/dfdc_train_part_02/dfdc_train_part_2/zsmtlfucab.mp4,dfdc_train_part_2
dfdc_train_part_2_aoayayeqji,train,fake,/workspace/data/raw/dfdc/dfdc_train_part_02/dfdc_train_part_2/aoayayeqji.mp4,dfdc_train_part_2
dfdc_train_part_2_yyacdikwrg,train,fake,/workspace/data/raw/dfdc/dfdc_train_part_02/dfdc_train_part_2/yyacdikwrg.mp4,dfdc_train_part_2
dfdc_train_part_2_wjhpisoeaj,train,real,/workspace/data/raw/dfdc/dfdc_train_part_02/dfdc_train_part_2/wjhpisoeaj.mp4,dfdc_train_part_2
dfdc_train_part_2_qilkmlkovm,train,fake,/workspace/data/raw/dfdc/dfdc_train_part_02/dfdc_train_part_2/qilkmlkovm.mp4,dfdc_train_part_2
dfdc_train_part_2_kuryxaqwqz,train,fake,/workspace/data/raw/dfdc/dfdc_train_part_02/dfdc_train_part_2/kuryxaqwqz.mp4,dfdc_train_part_2
dfdc_train_part_2_ndxodmkaia,train,real,/workspace/data/raw/dfdc/dfdc_train_part_02/dfdc_train_part_2/ndxodmkaia.mp4,dfdc_train_part_2
dfdc_train_part_2_qcsfyfuibd,train,real,/workspace/data/raw/dfdc/dfdc_train_part_02/dfdc_train_part_2/qcsfyfuibd.mp4,dfdc_train_part_2
dfdc_train_part_2_gqauayeamb,train,real,/workspace/data/raw/dfdc/dfdc_train_part_02/dfdc_train_part_2/gqauayeamb.mp4,dfdc_train_part_2
dfdc_train_part_2_tlwffdhger,train,fake,/workspace/data/raw/dfdc/dfdc_train_part_02/dfdc_train_part_2/tlwffdhger.mp4,dfdc_train_part_2
dfdc_train_part_2_ctjewcqxee,train,fake,/workspace/data/raw/dfdc/dfdc_train_part_02/dfdc_train_part_2/ctjewcqxee.mp4,dfdc_train_part_2
dfdc_train_part_2_jfvhokkzmq,train,real,/workspace/data/raw/dfdc/dfdc_train_part_02/dfdc_train_part_2/jfvhokkzmq.mp4,dfdc_train_part_2
dfdc_train_part_2_xezkldtvhk,train,real,/workspace/data/raw/dfdc/dfdc_train_part_02/dfdc_train_part_2/xezkldtvhk.mp4,dfdc_train_part_2
dfdc_train_part_2_rlqbowounu,train,real,/workspace/data/raw/dfdc/dfdc_train_part_02/dfdc_train_part_2/rlqbowounu.mp4,dfdc_train_part_2
dfdc_train_part_2_jzimocxipm,train,fake,/workspace/data/raw/dfdc/dfdc_train_part_02/dfdc_train_part_2/jzimocxipm.mp4,dfdc_train_part_2
dfdc_train_part_2_rcejkynepf,train,fake,/workspace/data/raw/dfdc/dfdc_train_part_02/dfdc_train_part_2/rcejkynepf.mp4,dfdc_train_part_2
dfdc_train_part_2_vnlzxqwthl,train,real,/workspace/data/raw/dfdc/dfdc_train_part_02/dfdc_train_part_2/vnlzxqwthl.mp4,dfdc_train_part_2
dfdc_train_part_2_nimjvlvgfj,train,fake,/workspace/data/raw/dfdc/dfdc_train_part_02/dfdc_train_part_2/nimjvlvgfj.mp4,dfdc_train_part_2
dfdc_train_part_2_uyextxwokc,train,fake,/workspace/data/raw/dfdc/dfdc_train_part_02/dfdc_train_part_2/uyextxwokc.mp4,dfdc_train_part_2
dfdc_train_part_2_upfgdyshre,train,fake,/workspace/data/raw/dfdc/dfdc_train_part_02/dfdc_train_part_2/upfgdyshre.mp4,dfdc_train_part_2
dfdc_train_part_2_obwygkicpv,train,fake,/workspace/data/raw/dfdc/dfdc_train_part_02/dfdc_train_part_2/obwygkicpv.mp4,dfdc_train_part_2
dfdc_train_part_2_crvepxiplb,train,real,/workspace/data/raw/dfdc/dfdc_train_part_02/dfdc_train_part_2/crvepxiplb.mp4,dfdc_train_part_2
dfdc_train_part_2_dzojiwfvba,train,real,/workspace/data/raw/dfdc/dfdc_train_part_02/dfdc_train_part_2/dzojiwfvba.mp4,dfdc_train_part_2
dfdc_train_part_2_uulabkvfns,train,real,/workspace/data/raw/dfdc/dfdc_train_part_02/dfdc_train_part_2/uulabkvfns.mp4,dfdc_train_part_2
dfdc_train_part_2_pxjkzvqomp,train,real,/workspace/data/raw/dfdc/dfdc_train_part_02/dfdc_train_part_2/pxjkzvqomp.mp4,dfdc_train_part_2
dfdc_train_part_2_gvwkwkosow,train,real,/workspace/data/raw/dfdc/dfdc_train_part_02/dfdc_train_part_2/gvwkwkosow.mp4,dfdc_train_part_2
dfdc_train_part_2_iaoudvakbo,train,fake,/workspace/data/raw/dfdc/dfdc_train_part_02/dfdc_train_part_2/iaoudvakbo.mp4,dfdc_train_part_2
dfdc_train_part_2_lbywhswpgc,train,fake,/workspace/data/raw/dfdc/dfdc_train_part_02/dfdc_train_part_2/lbywhswpgc.mp4,dfdc_train_part_2
dfdc_train_part_2_sekwncgkzc,train,real,/workspace/data/raw/dfdc/dfdc_train_part_02/dfdc_train_part_2/sekwncgkzc.mp4,dfdc_train_part_2
dfdc_train_part_2_mgiofhkmqe,train,fake,/workspace/data/raw/dfdc/dfdc_train_part_02/dfdc_train_part_2/mgiofhkmqe.mp4,dfdc_train_part_2
dfdc_train_part_2_bstbbiefie,train,fake,/workspace/data/raw/dfdc/dfdc_train_part_02/dfdc_train_part_2/bstbbiefie.mp4,dfdc_train_part_2
dfdc_train_part_2_tzegdvincl,train,fake,/workspace/data/raw/dfdc/dfdc_train_part_02/dfdc_train_part_2/tzegdvincl.mp4,dfdc_train_part_2
dfdc_train_part_2_nyyrcevhrc,train,real,/workspace/data/raw/dfdc/dfdc_train_part_02/dfdc_train_part_2/nyyrcevhrc.mp4,dfdc_train_part_2
dfdc_train_part_2_ncmpqwmnzb,train,real,/workspace/data/raw/dfdc/dfdc_train_part_02/dfdc_train_part_2/ncmpqwmnzb.mp4,dfdc_train_part_2
dfdc_train_part_2_olxuxttfce,train,fake,/workspace/data/raw/dfdc/dfdc_train_part_02/dfdc_train_part_2/olxuxttfce.mp4,dfdc_train_part_2
dfdc_train_part_2_olqctxmttw,train,fake,/workspace/data/raw/dfdc/dfdc_train_part_02/dfdc_train_part_2/olqctxmttw.mp4,dfdc_train_part_2
dfdc_train_part_2_uhrqlmlclw,train,real,/workspace/data/raw/dfdc/dfdc_train_part_02/dfdc_train_part_2/uhrqlmlclw.mp4,dfdc_train_part_2
dfdc_train_part_2_imuifxhtpx,train,fake,/workspace/data/raw/dfdc/dfdc_train_part_02/dfdc_train_part_2/imuifxhtpx.mp4,dfdc_train_part_2
dfdc_train_part_2_tomunwedej,train,real,/workspace/data/raw/dfdc/dfdc_train_part_02/dfdc_train_part_2/tomunwedej.mp4,dfdc_train_part_2
dfdc_train_part_2_zbgssotnjm,train,real,/workspace/data/raw/dfdc/dfdc_train_part_02/dfdc_train_part_2/zbgssotnjm.mp4,dfdc_train_part_2
dfdc_train_part_2_xvpyayjsmf,train,fake,/workspace/data/raw/dfdc/dfdc_train_part_02/dfdc_train_part_2/xvpyayjsmf.mp4,dfdc_train_part_2
dfdc_train_part_2_xlqdwwxxzb,train,fake,/workspace/data/raw/dfdc/dfdc_train_part_02/dfdc_train_part_2/xlqdwwxxzb.mp4,dfdc_train_part_2
dfdc_train_part_2_jlluezfnyr,train,fake,/workspace/data/raw/dfdc/dfdc_train_part_02/dfdc_train_part_2/jlluezfnyr.mp4,dfdc_train_part_2
dfdc_train_part_2_zewluzlkbe,train,fake,/workspace/data/raw/dfdc/dfdc_train_part_02/dfdc_train_part_2/zewluzlkbe.mp4,dfdc_train_part_2
dfdc_train_part_2_zzgtjnoyoo,train,fake,/workspace/data/raw/dfdc/dfdc_train_part_02/dfdc_train_part_2/zzgtjnoyoo.mp4,dfdc_train_part_2
dfdc_train_part_2_ydnvgacdnv,train,fake,/workspace/data/raw/dfdc/dfdc_train_part_02/dfdc_train_part_2/ydnvgacdnv.mp4,dfdc_train_part_2
dfdc_train_part_2_ouopeunsmf,train,fake,/workspace/data/raw/dfdc/dfdc_train_part_02/dfdc_train_part_2/ouopeunsmf.mp4,dfdc_train_part_2
dfdc_train_part_2_lbigytrrtr,train,real,/workspace/data/raw/dfdc/dfdc_train_part_02/dfdc_train_part_2/lbigytrrtr.mp4,dfdc_train_part_2
dfdc_train_part_2_nioeronoih,train,fake,/workspace/data/raw/dfdc/dfdc_train_part_02/dfdc_train_part_2/nioeronoih.mp4,dfdc_train_part_2
dfdc_train_part_2_rytusspynn,train,fake,/workspace/data/raw/dfdc/dfdc_train_part_02/dfdc_train_part_2/rytusspynn.mp4,dfdc_train_part_2
dfdc_train_part_2_mxlipjhmqk,train,real,/workspace/data/raw/dfdc/dfdc_train_part_02/dfdc_train_part_2/mxlipjhmqk.mp4,dfdc_train_part_2
dfdc_train_part_2_xzbkneczno,train,fake,/workspace/data/raw/dfdc/dfdc_train_part_02/dfdc_train_part_2/xzbkneczno.mp4,dfdc_train_part_2
dfdc_train_part_2_txnmkabufs,train,real,/workspace/data/raw/dfdc/dfdc_train_part_02/dfdc_train_part_2/txnmkabufs.mp4,dfdc_train_part_2
dfdc_train_part_2_tgawasvbbr,train,real,/workspace/data/raw/dfdc/dfdc_train_part_02/dfdc_train_part_2/tgawasvbbr.mp4,dfdc_train_part_2
dfdc_train_part_2_gfgcwxkbjd,train,real,/workspace/data/raw/dfdc/dfdc_train_part_02/dfdc_train_part_2/gfgcwxkbjd.mp4,dfdc_train_part_2
dfdc_train_part_2_dbyfoksnlh,train,fake,/workspace/data/raw/dfdc/dfdc_train_part_02/dfdc_train_part_2/dbyfoksnlh.mp4,dfdc_train_part_2
dfdc_train_part_2_dsnxgrfdmd,train,real,/workspace/data/raw/dfdc/dfdc_train_part_02/dfdc_train_part_2/dsnxgrfdmd.mp4,dfdc_train_part_2
dfdc_train_part_2_yrdrzkpxgz,train,real,/workspace/data/raw/dfdc/dfdc_train_part_02/dfdc_train_part_2/yrdrzkpxgz.mp4,dfdc_train_part_2
dfdc_train_part_2_wyfckvawpg,train,fake,/workspace/data/raw/dfdc/dfdc_train_part_02/dfdc_train_part_2/wyfckvawpg.mp4,dfdc_train_part_2
dfdc_train_part_2_pnwjdpjlup,train,real,/workspace/data/raw/dfdc/dfdc_train_part_02/dfdc_train_part_2/pnwjdpjlup.mp4,dfdc_train_part_2
dfdc_train_part_2_xwpcgrdpqy,train,fake,/workspace/data/raw/dfdc/dfdc_train_part_02/dfdc_train_part_2/xwpcgrdpqy.mp4,dfdc_train_part_2
dfdc_train_part_2_adohdulfwb,train,real,/workspace/data/raw/dfdc/dfdc_train_part_02/dfdc_train_part_2/adohdulfwb.mp4,dfdc_train_part_2
dfdc_train_part_2_xsqazrqgah,train,fake,/workspace/data/raw/dfdc/dfdc_train_part_02/dfdc_train_part_2/xsqazrqgah.mp4,dfdc_train_part_2
dfdc_train_part_2_ruhtnngrqv,train,real,/workspace/data/raw/dfdc/dfdc_train_part_02/dfdc_train_part_2/ruhtnngrqv.mp4,dfdc_train_part_2
dfdc_train_part_2_czifmcopho,train,fake,/workspace/data/raw/dfdc/dfdc_train_part_02/dfdc_train_part_2/czifmcopho.mp4,dfdc_train_part_2
dfdc_train_part_2_bcvheslzrq,train,fake,/workspace/data/raw/dfdc/dfdc_train_part_02/dfdc_train_part_2/bcvheslzrq.mp4,dfdc_train_part_2
dfdc_train_part_2_cshlbvfpzi,train,fake,/workspace/data/raw/dfdc/dfdc_train_part_02/dfdc_train_part_2/cshlbvfpzi.mp4,dfdc_train_part_2
dfdc_train_part_2_rfukeoxpqu,train,real,/workspace/data/raw/dfdc/dfdc_train_part_02/dfdc_train_part_2/rfukeoxpqu.mp4,dfdc_train_part_2
dfdc_train_part_2_imdmhwkkni,train,fake,/workspace/data/raw/dfdc/dfdc_train_part_02/dfdc_train_part_2/imdmhwkkni.mp4,dfdc_train_part_2
dfdc_train_part_2_mwnibuujwz,train,real,/workspace/data/raw/dfdc/dfdc_train_part_02/dfdc_train_part_2/mwnibuujwz.mp4,dfdc_train_part_2
dfdc_train_part_2_rqgdchivrl,train,fake,/workspace/data/raw/dfdc/dfdc_train_part_02/dfdc_train_part_2/rqgdchivrl.mp4,dfdc_train_part_2
dfdc_train_part_2_oocincvedt,train,real,/workspace/data/raw/dfdc/dfdc_train_part_02/dfdc_train_part_2/oocincvedt.mp4,dfdc_train_part_2
dfdc_train_part_2_esmqxszybs,train,fake,/workspace/data/raw/dfdc/dfdc_train_part_02/dfdc_train_part_2/esmqxszybs.mp4,dfdc_train_part_2
dfdc_train_part_2_abmjszfycr,train,real,/workspace/data/raw/dfdc/dfdc_train_part_02/dfdc_train_part_2/abmjszfycr.mp4,dfdc_train_part_2
dfdc_train_part_2_ammowfdpae,train,fake,/workspace/data/raw/dfdc/dfdc_train_part_02/dfdc_train_part_2/ammowfdpae.mp4,dfdc_train_part_2
dfdc_train_part_2_bbaeewtqei,train,fake,/workspace/data/raw/dfdc/dfdc_train_part_02/dfdc_train_part_2/bbaeewtqei.mp4,dfdc_train_part_2
dfdc_train_part_2_jkonwkrhqp,train,real,/workspace/data/raw/dfdc/dfdc_train_part_02/dfdc_train_part_2/jkonwkrhqp.mp4,dfdc_train_part_2
dfdc_train_part_2_zzsvsjkcva,train,fake,/workspace/data/raw/dfdc/dfdc_train_part_02/dfdc_train_part_2/zzsvsjkcva.mp4,dfdc_train_part_2
dfdc_train_part_2_yxadevzohx,train,fake,/workspace/data/raw/dfdc/dfdc_train_part_02/dfdc_train_part_2/yxadevzohx.mp4,dfdc_train_part_2
dfdc_train_part_2_onanqtsdjk,train,real,/workspace/data/raw/dfdc/dfdc_train_part_02/dfdc_train_part_2/onanqtsdjk.mp4,dfdc_train_part_2
dfdc_train_part_2_iweugtdrpv,train,real,/workspace/data/raw/dfdc/dfdc_train_part_02/dfdc_train_part_2/iweugtdrpv.mp4,dfdc_train_part_2
dfdc_train_part_2_tpxpejlgev,train,fake,/workspace/data/raw/dfdc/dfdc_train_part_02/dfdc_train_part_2/tpxpejlgev.mp4,dfdc_train_part_2
dfdc_train_part_2_mqyqjzccao,train,fake,/workspace/data/raw/dfdc/dfdc_train_part_02/dfdc_train_part_2/mqyqjzccao.mp4,dfdc_train_part_2
dfdc_train_part_2_ljauauuyka,train,real,/workspace/data/raw/dfdc/dfdc_train_part_02/dfdc_train_part_2/ljauauuyka.mp4,dfdc_train_part_2
dfdc_train_part_2_xwotyajtkq,train,fake,/workspace/data/raw/dfdc/dfdc_train_part_02/dfdc_train_part_2/xwotyajtkq.mp4,dfdc_train_part_2
dfdc_train_part_2_gnbaqomlin,train,fake,/workspace/data/raw/dfdc/dfdc_train_part_02/dfdc_train_part_2/gnbaqomlin.mp4,dfdc_train_part_2
dfdc_train_part_2_wgsenzwsjp,train,fake,/workspace/data/raw/dfdc/dfdc_train_part_02/dfdc_train_part_2/wgsenzwsjp.mp4,dfdc_train_part_2
dfdc_train_part_2_rukyxomwcx,train,real,/workspace/data/raw/dfdc/dfdc_train_part_02/dfdc_train_part_2/rukyxomwcx.mp4,dfdc_train_part_2
dfdc_train_part_2_wqsveixiyo,train,real,/workspace/data/raw/dfdc/dfdc_train_part_02/dfdc_train_part_2/wqsveixiyo.mp4,dfdc_train_part_2
dfdc_train_part_2_pruvhwligx,train,fake,/workspace/data/raw/dfdc/dfdc_train_part_02/dfdc_train_part_2/pruvhwligx.mp4,dfdc_train_part_2
dfdc_train_part_2_mwxecbuidu,train,real,/workspace/data/raw/dfdc/dfdc_train_part_02/dfdc_train_part_2/mwxecbuidu.mp4,dfdc_train_part_2
dfdc_train_part_2_enwdngjood,train,fake,/workspace/data/raw/dfdc/dfdc_train_part_02/dfdc_train_part_2/enwdngjood.mp4,dfdc_train_part_2
dfdc_train_part_2_jsksmezfth,train,fake,/workspace/data/raw/dfdc/dfdc_train_part_02/dfdc_train_part_2/jsksmezfth.mp4,dfdc_train_part_2
dfdc_train_part_2_mldkxuuwze,train,fake,/workspace/data/raw/dfdc/dfdc_train_part_02/dfdc_train_part_2/mldkxuuwze.mp4,dfdc_train_part_2
dfdc_train_part_2_iorbtaarte,train,real,/workspace/data/raw/dfdc/dfdc_train_part_02/dfdc_train_part_2/iorbtaarte.mp4,dfdc_train_part_2
dfdc_train_part_2_wvbzxaspaa,train,fake,/workspace/data/raw/dfdc/dfdc_train_part_02/dfdc_train_part_2/wvbzxaspaa.mp4,dfdc_train_part_2
dfdc_train_part_2_woahqydkcl,train,fake,/workspace/data/raw/dfdc/dfdc_train_part_02/dfdc_train_part_2/woahqydkcl.mp4,dfdc_train_part_2
dfdc_train_part_2_uuqrzdhjuh,train,real,/workspace/data/raw/dfdc/dfdc_train_part_02/dfdc_train_part_2/uuqrzdhjuh.mp4,dfdc_train_part_2
dfdc_train_part_2_djzyraaict,train,fake,/workspace/data/raw/dfdc/dfdc_train_part_02/dfdc_train_part_2/djzyraaict.mp4,dfdc_train_part_2
dfdc_train_part_2_caaackoecr,train,real,/workspace/data/raw/dfdc/dfdc_train_part_02/dfdc_train_part_2/caaackoecr.mp4,dfdc_train_part_2
dfdc_train_part_2_nsrbvbkpfr,train,real,/workspace/data/raw/dfdc/dfdc_train_part_02/dfdc_train_part_2/nsrbvbkpfr.mp4,dfdc_train_part_2
dfdc_train_part_2_mbqpmbgxve,train,fake,/workspace/data/raw/dfdc/dfdc_train_part_02/dfdc_train_part_2/mbqpmbgxve.mp4,dfdc_train_part_2
dfdc_train_part_2_kowgqrymzs,train,fake,/workspace/data/raw/dfdc/dfdc_train_part_02/dfdc_train_part_2/kowgqrymzs.mp4,dfdc_train_part_2
dfdc_train_part_2_ogghhskfdr,train,real,/workspace/data/raw/dfdc/dfdc_train_part_02/dfdc_train_part_2/ogghhskfdr.mp4,dfdc_train_part_2
dfdc_train_part_2_ohtgaalrue,train,fake,/workspace/data/raw/dfdc/dfdc_train_part_02/dfdc_train_part_2/ohtgaalrue.mp4,dfdc_train_part_2
dfdc_train_part_2_czfqlbcfpa,train,real,/workspace/data/raw/dfdc/dfdc_train_part_02/dfdc_train_part_2/czfqlbcfpa.mp4,dfdc_train_part_2
dfdc_train_part_2_tunylyceda,train,fake,/workspace/data/raw/dfdc/dfdc_train_part_02/dfdc_train_part_2/tunylyceda.mp4,dfdc_train_part_2
dfdc_train_part_2_nvxgxrvjww,train,fake,/workspace/data/raw/dfdc/dfdc_train_part_02/dfdc_train_part_2/nvxgxrvjww.mp4,dfdc_train_part_2
dfdc_train_part_2_rucctscaqp,train,fake,/workspace/data/raw/dfdc/dfdc_train_part_02/dfdc_train_part_2/rucctscaqp.mp4,dfdc_train_part_2
dfdc_train_part_2_cbtcwfzudb,train,fake,/workspace/data/raw/dfdc/dfdc_train_part_02/dfdc_train_part_2/cbtcwfzudb.mp4,dfdc_train_part_2
dfdc_train_part_2_jzzcskarto,train,fake,/workspace/data/raw/dfdc/dfdc_train_part_02/dfdc_train_part_2/jzzcskarto.mp4,dfdc_train_part_2
dfdc_train_part_2_ixzkhxrmka,train,real,/workspace/data/raw/dfdc/dfdc_train_part_02/dfdc_train_part_2/ixzkhxrmka.mp4,dfdc_train_part_2
dfdc_train_part_2_hjiixnernu,train,real,/workspace/data/raw/dfdc/dfdc_train_part_02/dfdc_train_part_2/hjiixnernu.mp4,dfdc_train_part_2
dfdc_train_part_2_vdwxhqsypv,train,real,/workspace/data/raw/dfdc/dfdc_train_part_02/dfdc_train_part_2/vdwxhqsypv.mp4,dfdc_train_part_2
dfdc_train_part_2_nraqgmsnmm,train,fake,/workspace/data/raw/dfdc/dfdc_train_part_02/dfdc_train_part_2/nraqgmsnmm.mp4,dfdc_train_part_2
dfdc_train_part_2_tomfehexjw,train,fake,/workspace/data/raw/dfdc/dfdc_train_part_02/dfdc_train_part_2/tomfehexjw.mp4,dfdc_train_part_2
dfdc_train_part_2_ywxpquomgt,train,real,/workspace/data/raw/dfdc/dfdc_train_part_02/dfdc_train_part_2/ywxpquomgt.mp4,dfdc_train_part_2
dfdc_train_part_2_oqwpakepin,train,fake,/workspace/data/raw/dfdc/dfdc_train_part_02/dfdc_train_part_2/oqwpakepin.mp4,dfdc_train_part_2
dfdc_train_part_2_ehkjdctavq,train,fake,/workspace/data/raw/dfdc/dfdc_train_part_02/dfdc_train_part_2/ehkjdctavq.mp4,dfdc_train_part_2
dfdc_train_part_2_oaguiggjyv,train,real,/workspace/data/raw/dfdc/dfdc_train_part_02/dfdc_train_part_2/oaguiggjyv.mp4,dfdc_train_part_2
dfdc_train_part_2_vbfjlcuswe,train,real,/workspace/data/raw/dfdc/dfdc_train_part_02/dfdc_train_part_2/vbfjlcuswe.mp4,dfdc_train_part_2
dfdc_train_part_2_fqvaalcdae,train,real,/workspace/data/raw/dfdc/dfdc_train_part_02/dfdc_train_part_2/fqvaalcdae.mp4,dfdc_train_part_2
dfdc_train_part_2_mdlwompdxe,train,real,/workspace/data/raw/dfdc/dfdc_train_part_02/dfdc_train_part_2/mdlwompdxe.mp4,dfdc_train_part_2
dfdc_train_part_2_nycmyuzpml,train,real,/workspace/data/raw/dfdc/dfdc_train_part_02/dfdc_train_part_2/nycmyuzpml.mp4,dfdc_train_part_2
dfdc_train_part_2_pfoiiepvxb,train,fake,/workspace/data/raw/dfdc/dfdc_train_part_02/dfdc_train_part_2/pfoiiepvxb.mp4,dfdc_train_part_2
dfdc_train_part_2_mxwqmxncer,train,fake,/workspace/data/raw/dfdc/dfdc_train_part_02/dfdc_train_part_2/mxwqmxncer.mp4,dfdc_train_part_2
dfdc_train_part_2_jiswxuqzyz,train,real,/workspace/data/raw/dfdc/dfdc_train_part_02/dfdc_train_part_2/jiswxuqzyz.mp4,dfdc_train_part_2
dfdc_train_part_2_bfajruognp,train,real,/workspace/data/raw/dfdc/dfdc_train_part_02/dfdc_train_part_2/bfajruognp.mp4,dfdc_train_part_2
dfdc_train_part_2_kcjvhgvhpt,train,fake,/workspace/data/raw/dfdc/dfdc_train_part_02/dfdc_train_part_2/kcjvhgvhpt.mp4,dfdc_train_part_2
dfdc_train_part_2_bckjuzbabv,train,real,/workspace/data/raw/dfdc/dfdc_train_part_02/dfdc_train_part_2/bckjuzbabv.mp4,dfdc_train_part_2
dfdc_train_part_2_jlmmslbing,train,fake,/workspace/data/raw/dfdc/dfdc_train_part_02/dfdc_train_part_2/jlmmslbing.mp4,dfdc_train_part_2
dfdc_train_part_2_elackxuccp,train,real,/workspace/data/raw/dfdc/dfdc_train_part_02/dfdc_train_part_2/elackxuccp.mp4,dfdc_train_part_2
dfdc_train_part_2_qsuinwnjjb,train,real,/workspace/data/raw/dfdc/dfdc_train_part_02/dfdc_train_part_2/qsuinwnjjb.mp4,dfdc_train_part_2
dfdc_train_part_2_nxnmkytwze,train,real,/workspace/data/raw/dfdc/dfdc_train_part_02/dfdc_train_part_2/nxnmkytwze.mp4,dfdc_train_part_2
dfdc_train_part_2_hqldzgqqpg,train,fake,/workspace/data/raw/dfdc/dfdc_train_part_02/dfdc_train_part_2/hqldzgqqpg.mp4,dfdc_train_part_2
dfdc_train_part_2_uqguyibemu,train,real,/workspace/data/raw/dfdc/dfdc_train_part_02/dfdc_train_part_2/uqguyibemu.mp4,dfdc_train_part_2
dfdc_train_part_2_dqqwmmwlbg,train,fake,/workspace/data/raw/dfdc/dfdc_train_part_02/dfdc_train_part_2/dqqwmmwlbg.mp4,dfdc_train_part_2
dfdc_train_part_2_tzmithsdcj,train,real,/workspace/data/raw/dfdc/dfdc_train_part_02/dfdc_train_part_2/tzmithsdcj.mp4,dfdc_train_part_2
dfdc_train_part_2_sevpubemdc,train,fake,/workspace/data/raw/dfdc/dfdc_train_part_02/dfdc_train_part_2/sevpubemdc.mp4,dfdc_train_part_2
dfdc_train_part_2_mkmgcxaztt,train,real,/workspace/data/raw/dfdc/dfdc_train_part_02/dfdc_train_part_2/mkmgcxaztt.mp4,dfdc_train_part_2
dfdc_train_part_2_iuvfvfzxeh,train,fake,/workspace/data/raw/dfdc/dfdc_train_part_02/dfdc_train_part_2/iuvfvfzxeh.mp4,dfdc_train_part_2
dfdc_train_part_2_jhvvkiwfwq,train,fake,/workspace/data/raw/dfdc/dfdc_train_part_02/dfdc_train_part_2/jhvvkiwfwq.mp4,dfdc_train_part_2
dfdc_train_part_2_snhsvdcgpm,train,fake,/workspace/data/raw/dfdc/dfdc_train_part_02/dfdc_train_part_2/snhsvdcgpm.mp4,dfdc_train_part_2
dfdc_train_part_2_sforadgblh,train,fake,/workspace/data/raw/dfdc/dfdc_train_part_02/dfdc_train_part_2/sforadgblh.mp4,dfdc_train_part_2
dfdc_train_part_2_hvyevrpeyc,train,real,/workspace/data/raw/dfdc/dfdc_train_part_02/dfdc_train_part_2/hvyevrpeyc.mp4,dfdc_train_part_2
dfdc_train_part_2_vcwxdwngnq,train,real,/workspace/data/raw/dfdc/dfdc_train_part_02/dfdc_train_part_2/vcwxdwngnq.mp4,dfdc_train_part_2
dfdc_train_part_2_zbpltusqqm,train,fake,/workspace/data/raw/dfdc/dfdc_train_part_02/dfdc_train_part_2/zbpltusqqm.mp4,dfdc_train_part_2
dfdc_train_part_2_hqczhhssie,train,fake,/workspace/data/raw/dfdc/dfdc_train_part_02/dfdc_train_part_2/hqczhhssie.mp4,dfdc_train_part_2
dfdc_train_part_2_nutazlhrji,train,fake,/workspace/data/raw/dfdc/dfdc_train_part_02/dfdc_train_part_2/nutazlhrji.mp4,dfdc_train_part_2
dfdc_train_part_2_hierggamuo,train,real,/workspace/data/raw/dfdc/dfdc_train_part_02/dfdc_train_part_2/hierggamuo.mp4,dfdc_train_part_2
dfdc_train_part_2_uzcfbthcin,train,fake,/workspace/data/raw/dfdc/dfdc_train_part_02/dfdc_train_part_2/uzcfbthcin.mp4,dfdc_train_part_2
dfdc_train_part_2_krbdxferiy,train,fake,/workspace/data/raw/dfdc/dfdc_train_part_02/dfdc_train_part_2/krbdxferiy.mp4,dfdc_train_part_2
dfdc_train_part_2_cwhoszpfek,train,fake,/workspace/data/raw/dfdc/dfdc_train_part_02/dfdc_train_part_2/cwhoszpfek.mp4,dfdc_train_part_2
dfdc_train_part_2_jyfvaequfg,train,real,/workspace/data/raw/dfdc/dfdc_train_part_02/dfdc_train_part_2/jyfvaequfg.mp4,dfdc_train_part_2
dfdc_train_part_2_ystdtnetgj,train,real,/workspace/data/raw/dfdc/dfdc_train_part_02/dfdc_train_part_2/ystdtnetgj.mp4,dfdc_train_part_2
dfdc_train_part_2_gxbkcxyfjm,train,real,/workspace/data/raw/dfdc/dfdc_train_part_02/dfdc_train_part_2/gxbkcxyfjm.mp4,dfdc_train_part_2
dfdc_train_part_2_zuwwbbusgl,train,real,/workspace/data/raw/dfdc/dfdc_train_part_02/dfdc_train_part_2/zuwwbbusgl.mp4,dfdc_train_part_2
dfdc_train_part_2_lkqotnclpd,train,fake,/workspace/data/raw/dfdc/dfdc_train_part_02/dfdc_train_part_2/lkqotnclpd.mp4,dfdc_train_part_2
dfdc_train_part_2_ugrlhuxwkw,train,real,/workspace/data/raw/dfdc/dfdc_train_part_02/dfdc_train_part_2/ugrlhuxwkw.mp4,dfdc_train_part_2
dfdc_train_part_2_oefukgnvel,train,real,/workspace/data/raw/dfdc/dfdc_train_part_02/dfdc_train_part_2/oefukgnvel.mp4,dfdc_train_part_2
dfdc_train_part_2_nwwvbgkbgc,train,fake,/workspace/data/raw/dfdc/dfdc_train_part_02/dfdc_train_part_2/nwwvbgkbgc.mp4,dfdc_train_part_2
dfdc_train_part_2_dohidzgzqj,train,fake,/workspace/data/raw/dfdc/dfdc_train_part_02/dfdc_train_part_2/dohidzgzqj.mp4,dfdc_train_part_2
dfdc_train_part_2_dajebuxaez,train,real,/workspace/data/raw/dfdc/dfdc_train_part_02/dfdc_train_part_2/dajebuxaez.mp4,dfdc_train_part_2
dfdc_train_part_2_krbdlemuzz,train,fake,/workspace/data/raw/dfdc/dfdc_train_part_02/dfdc_train_part_2/krbdlemuzz.mp4,dfdc_train_part_2
dfdc_train_part_2_ibvomadohg,train,fake,/workspace/data/raw/dfdc/dfdc_train_part_02/dfdc_train_part_2/ibvomadohg.mp4,dfdc_train_part_2
dfdc_train_part_2_dtozwcapoa,train,real,/workspace/data/raw/dfdc/dfdc_train_part_02/dfdc_train_part_2/dtozwcapoa.mp4,dfdc_train_part_2
dfdc_train_part_2_uayzvvmhjr,train,real,/workspace/data/raw/dfdc/dfdc_train_part_02/dfdc_train_part_2/uayzvvmhjr.mp4,dfdc_train_part_2
dfdc_train_part_2_yronlutbgm,train,real,/workspace/data/raw/dfdc/dfdc_train_part_02/dfdc_train_part_2/yronlutbgm.mp4,dfdc_train_part_2
dfdc_train_part_2_qknnpddobj,train,real,/workspace/data/raw/dfdc/dfdc_train_part_02/dfdc_train_part_2/qknnpddobj.mp4,dfdc_train_part_2
dfdc_train_part_2_lmqpkvjpru,train,fake,/workspace/data/raw/dfdc/dfdc_train_part_02/dfdc_train_part_2/lmqpkvjpru.mp4,dfdc_train_part_2
dfdc_train_part_2_qqnlrngaft,train,real,/workspace/data/raw/dfdc/dfdc_train_part_02/dfdc_train_part_2/qqnlrngaft.mp4,dfdc_train_part_2
dfdc_train_part_2_psesikjaxx,train,real,/workspace/data/raw/dfdc/dfdc_train_part_02/dfdc_train_part_2/psesikjaxx.mp4,dfdc_train_part_2
dfdc_train_part_2_dpmgoiwhuf,train,real,/workspace/data/raw/dfdc/dfdc_train_part_02/dfdc_train_part_2/dpmgoiwhuf.mp4,dfdc_train_part_2
dfdc_train_part_2_vqqvveifjn,train,fake,/workspace/data/raw/dfdc/dfdc_train_part_02/dfdc_train_part_2/vqqvveifjn.mp4,dfdc_train_part_2
dfdc_train_part_2_siebfpwuhu,train,real,/workspace/data/raw/dfdc/dfdc_train_part_02/dfdc_train_part_2/siebfpwuhu.mp4,dfdc_train_part_2
dfdc_train_part_2_jikxnnhscb,train,fake,/workspace/data/raw/dfdc/dfdc_train_part_02/dfdc_train_part_2/jikxnnhscb.mp4,dfdc_train_part_2
dfdc_train_part_2_mbqctmgdhl,train,fake,/workspace/data/raw/dfdc/dfdc_train_part_02/dfdc_train_part_2/mbqctmgdhl.mp4,dfdc_train_part_2
dfdc_train_part_2_ybnjvhunta,train,fake,/workspace/data/raw/dfdc/dfdc_train_part_02/dfdc_train_part_2/ybnjvhunta.mp4,dfdc_train_part_2
dfdc_train_part_2_pzdsiytket,train,real,/workspace/data/raw/dfdc/dfdc_train_part_02/dfdc_train_part_2/pzdsiytket.mp4,dfdc_train_part_2
dfdc_train_part_2_ljouzjaqqe,train,real,/workspace/data/raw/dfdc/dfdc_train_part_02/dfdc_train_part_2/ljouzjaqqe.mp4,dfdc_train_part_2
dfdc_train_part_2_ocguwrotdy,train,fake,/workspace/data/raw/dfdc/dfdc_train_part_02/dfdc_train_part_2/ocguwrotdy.mp4,dfdc_train_part_2
dfdc_train_part_2_bhidtfximd,train,fake,/workspace/data/raw/dfdc/dfdc_train_part_02/dfdc_train_part_2/bhidtfximd.mp4,dfdc_train_part_2
dfdc_train_part_2_dxgnpnowgk,train,real,/workspace/data/raw/dfdc/dfdc_train_part_02/dfdc_train_part_2/dxgnpnowgk.mp4,dfdc_train_part_2
dfdc_train_part_2_wadvzjhwtw,train,real,/workspace/data/raw/dfdc/dfdc_train_part_02/dfdc_train_part_2/wadvzjhwtw.mp4,dfdc_train_part_2
dfdc_train_part_2_phvzvwsxtx,train,real,/workspace/data/raw/dfdc/dfdc_train_part_02/dfdc_train_part_2/phvzvwsxtx.mp4,dfdc_train_part_2
dfdc_train_part_2_gxwmwjmyxr,train,fake,/workspace/data/raw/dfdc/dfdc_train_part_02/dfdc_train_part_2/gxwmwjmyxr.mp4,dfdc_train_part_2
dfdc_train_part_2_egxdgjsilw,train,fake,/workspace/data/raw/dfdc/dfdc_train_part_02/dfdc_train_part_2/egxdgjsilw.mp4,dfdc_train_part_2
dfdc_train_part_2_zsormhyuwd,train,fake,/workspace/data/raw/dfdc/dfdc_train_part_02/dfdc_train_part_2/zsormhyuwd.mp4,dfdc_train_part_2
dfdc_train_part_2_xhdbbnhzbq,train,fake,/workspace/data/raw/dfdc/dfdc_train_part_02/dfdc_train_part_2/xhdbbnhzbq.mp4,dfdc_train_part_2
dfdc_train_part_2_sdibedfnep,train,fake,/workspace/data/raw/dfdc/dfdc_train_part_02/dfdc_train_part_2/sdibedfnep.mp4,dfdc_train_part_2
dfdc_train_part_2_oovzfmploa,train,real,/workspace/data/raw/dfdc/dfdc_train_part_02/dfdc_train_part_2/oovzfmploa.mp4,dfdc_train_part_2
dfdc_train_part_3_vngueqqcmz,val,fake,/workspace/data/raw/dfdc/dfdc_train_part_03/dfdc_train_part_3/vngueqqcmz.mp4,dfdc_train_part_3
dfdc_train_part_3_ieblyetiob,val,fake,/workspace/data/raw/dfdc/dfdc_train_part_03/dfdc_train_part_3/ieblyetiob.mp4,dfdc_train_part_3
dfdc_train_part_3_dnrpknwija,val,fake,/workspace/data/raw/dfdc/dfdc_train_part_03/dfdc_train_part_3/dnrpknwija.mp4,dfdc_train_part_3
dfdc_train_part_3_zznanrtksj,val,fake,/workspace/data/raw/dfdc/dfdc_train_part_03/dfdc_train_part_3/zznanrtksj.mp4,dfdc_train_part_3
dfdc_train_part_3_vdwoazrodt,val,fake,/workspace/data/raw/dfdc/dfdc_train_part_03/dfdc_train_part_3/vdwoazrodt.mp4,dfdc_train_part_3
dfdc_train_part_3_znnqbkpanr,val,fake,/workspace/data/raw/dfdc/dfdc_train_part_03/dfdc_train_part_3/znnqbkpanr.mp4,dfdc_train_part_3
dfdc_train_part_3_cxwcpgspni,val,real,/workspace/data/raw/dfdc/dfdc_train_part_03/dfdc_train_part_3/cxwcpgspni.mp4,dfdc_train_part_3
dfdc_train_part_3_lkazyduuwz,val,fake,/workspace/data/raw/dfdc/dfdc_train_part_03/dfdc_train_part_3/lkazyduuwz.mp4,dfdc_train_part_3
dfdc_train_part_3_ldefmlfcdg,val,fake,/workspace/data/raw/dfdc/dfdc_train_part_03/dfdc_train_part_3/ldefmlfcdg.mp4,dfdc_train_part_3
dfdc_train_part_3_khmeblwrds,val,fake,/workspace/data/raw/dfdc/dfdc_train_part_03/dfdc_train_part_3/khmeblwrds.mp4,dfdc_train_part_3
dfdc_train_part_3_wjsbijgijx,val,fake,/workspace/data/raw/dfdc/dfdc_train_part_03/dfdc_train_part_3/wjsbijgijx.mp4,dfdc_train_part_3
dfdc_train_part_3_amexfpxjzt,val,fake,/workspace/data/raw/dfdc/dfdc_train_part_03/dfdc_train_part_3/amexfpxjzt.mp4,dfdc_train_part_3
dfdc_train_part_3_bxctteujhv,val,fake,/workspace/data/raw/dfdc/dfdc_train_part_03/dfdc_train_part_3/bxctteujhv.mp4,dfdc_train_part_3
dfdc_train_part_3_riljfrtubt,val,fake,/workspace/data/raw/dfdc/dfdc_train_part_03/dfdc_train_part_3/riljfrtubt.mp4,dfdc_train_part_3
dfdc_train_part_3_bwrtykzswp,val,fake,/workspace/data/raw/dfdc/dfdc_train_part_03/dfdc_train_part_3/bwrtykzswp.mp4,dfdc_train_part_3
dfdc_train_part_3_eldndygyuj,val,fake,/workspace/data/raw/dfdc/dfdc_train_part_03/dfdc_train_part_3/eldndygyuj.mp4,dfdc_train_part_3
dfdc_train_part_3_zxmbqubekj,val,fake,/workspace/data/raw/dfdc/dfdc_train_part_03/dfdc_train_part_3/zxmbqubekj.mp4,dfdc_train_part_3
dfdc_train_part_3_yjkiocvhko,val,fake,/workspace/data/raw/dfdc/dfdc_train_part_03/dfdc_train_part_3/yjkiocvhko.mp4,dfdc_train_part_3
dfdc_train_part_3_otrustcycj,val,fake,/workspace/data/raw/dfdc/dfdc_train_part_03/dfdc_train_part_3/otrustcycj.mp4,dfdc_train_part_3
dfdc_train_part_3_nnregnyxcq,val,fake,/workspace/data/raw/dfdc/dfdc_train_part_03/dfdc_train_part_3/nnregnyxcq.mp4,dfdc_train_part_3
dfdc_train_part_3_cvwbvedicl,val,fake,/workspace/data/raw/dfdc/dfdc_train_part_03/dfdc_train_part_3/cvwbvedicl.mp4,dfdc_train_part_3
dfdc_train_part_3_dnugrjawlu,val,fake,/workspace/data/raw/dfdc/dfdc_train_part_03/dfdc_train_part_3/dnugrjawlu.mp4,dfdc_train_part_3
dfdc_train_part_3_nulqhgmnir,val,fake,/workspace/data/raw/dfdc/dfdc_train_part_03/dfdc_train_part_3/nulqhgmnir.mp4,dfdc_train_part_3
dfdc_train_part_3_nyfwigdxrh,val,fake,/workspace/data/raw/dfdc/dfdc_train_part_03/dfdc_train_part_3/nyfwigdxrh.mp4,dfdc_train_part_3
dfdc_train_part_3_mqxnnpvsgc,val,fake,/workspace/data/raw/dfdc/dfdc_train_part_03/dfdc_train_part_3/mqxnnpvsgc.mp4,dfdc_train_part_3
dfdc_train_part_3_wmnwendqoj,val,fake,/workspace/data/raw/dfdc/dfdc_train_part_03/dfdc_train_part_3/wmnwendqoj.mp4,dfdc_train_part_3
dfdc_train_part_3_yuimrvtija,val,fake,/workspace/data/raw/dfdc/dfdc_train_part_03/dfdc_train_part_3/yuimrvtija.mp4,dfdc_train_part_3
dfdc_train_part_3_dzbtmzyupz,val,fake,/workspace/data/raw/dfdc/dfdc_train_part_03/dfdc_train_part_3/dzbtmzyupz.mp4,dfdc_train_part_3
dfdc_train_part_3_ueqlgnkiiz,val,fake,/workspace/data/raw/dfdc/dfdc_train_part_03/dfdc_train_part_3/ueqlgnkiiz.mp4,dfdc_train_part_3
dfdc_train_part_3_wzrwsreyep,val,fake,/workspace/data/raw/dfdc/dfdc_train_part_03/dfdc_train_part_3/wzrwsreyep.mp4,dfdc_train_part_3
dfdc_train_part_3_utjrtrmbrt,val,fake,/workspace/data/raw/dfdc/dfdc_train_part_03/dfdc_train_part_3/utjrtrmbrt.mp4,dfdc_train_part_3
dfdc_train_part_3_nhknkdzana,val,fake,/workspace/data/raw/dfdc/dfdc_train_part_03/dfdc_train_part_3/nhknkdzana.mp4,dfdc_train_part_3
dfdc_train_part_3_afnxnrrqsj,val,fake,/workspace/data/raw/dfdc/dfdc_train_part_03/dfdc_train_part_3/afnxnrrqsj.mp4,dfdc_train_part_3
dfdc_train_part_3_pejjmegtvd,val,fake,/workspace/data/raw/dfdc/dfdc_train_part_03/dfdc_train_part_3/pejjmegtvd.mp4,dfdc_train_part_3
dfdc_train_part_3_jtkslktcjw,val,fake,/workspace/data/raw/dfdc/dfdc_train_part_03/dfdc_train_part_3/jtkslktcjw.mp4,dfdc_train_part_3
dfdc_train_part_3_dwdsqjvuch,val,fake,/workspace/data/raw/dfdc/dfdc_train_part_03/dfdc_train_part_3/dwdsqjvuch.mp4,dfdc_train_part_3
dfdc_train_part_3_kdmuuxmmpp,val,fake,/workspace/data/raw/dfdc/dfdc_train_part_03/dfdc_train_part_3/kdmuuxmmpp.mp4,dfdc_train_part_3
dfdc_train_part_3_ixihznhwqr,val,fake,/workspace/data/raw/dfdc/dfdc_train_part_03/dfdc_train_part_3/ixihznhwqr.mp4,dfdc_train_part_3
dfdc_train_part_3_qjvehghyvb,val,fake,/workspace/data/raw/dfdc/dfdc_train_part_03/dfdc_train_part_3/qjvehghyvb.mp4,dfdc_train_part_3
dfdc_train_part_3_aqzbhxohjk,val,real,/workspace/data/raw/dfdc/dfdc_train_part_03/dfdc_train_part_3/aqzbhxohjk.mp4,dfdc_train_part_3
dfdc_train_part_3_cchevvfwpu,val,fake,/workspace/data/raw/dfdc/dfdc_train_part_03/dfdc_train_part_3/cchevvfwpu.mp4,dfdc_train_part_3
dfdc_train_part_3_mibjsxichk,val,fake,/workspace/data/raw/dfdc/dfdc_train_part_03/dfdc_train_part_3/mibjsxichk.mp4,dfdc_train_part_3
dfdc_train_part_3_mrvtxwjvny,val,fake,/workspace/data/raw/dfdc/dfdc_train_part_03/dfdc_train_part_3/mrvtxwjvny.mp4,dfdc_train_part_3
dfdc_train_part_3_ijykzqouhx,val,fake,/workspace/data/raw/dfdc/dfdc_train_part_03/dfdc_train_part_3/ijykzqouhx.mp4,dfdc_train_part_3
dfdc_train_part_3_fgakmywupb,val,fake,/workspace/data/raw/dfdc/dfdc_train_part_03/dfdc_train_part_3/fgakmywupb.mp4,dfdc_train_part_3
dfdc_train_part_3_bvsnqubtjc,val,real,/workspace/data/raw/dfdc/dfdc_train_part_03/dfdc_train_part_3/bvsnqubtjc.mp4,dfdc_train_part_3
dfdc_train_part_3_ycklqgnxkb,val,fake,/workspace/data/raw/dfdc/dfdc_train_part_03/dfdc_train_part_3/ycklqgnxkb.mp4,dfdc_train_part_3
dfdc_train_part_3_aglalfjfer,val,fake,/workspace/data/raw/dfdc/dfdc_train_part_03/dfdc_train_part_3/aglalfjfer.mp4,dfdc_train_part_3
dfdc_train_part_3_nvbuidyove,val,fake,/workspace/data/raw/dfdc/dfdc_train_part_03/dfdc_train_part_3/nvbuidyove.mp4,dfdc_train_part_3
dfdc_train_part_3_iuoembbpmf,val,fake,/workspace/data/raw/dfdc/dfdc_train_part_03/dfdc_train_part_3/iuoembbpmf.mp4,dfdc_train_part_3
dfdc_train_part_3_etndujkuoe,val,fake,/workspace/data/raw/dfdc/dfdc_train_part_03/dfdc_train_part_3/etndujkuoe.mp4,dfdc_train_part_3
dfdc_train_part_3_whcpszkhls,val,fake,/workspace/data/raw/dfdc/dfdc_train_part_03/dfdc_train_part_3/whcpszkhls.mp4,dfdc_train_part_3
dfdc_train_part_3_pqbyjmgmrk,val,fake,/workspace/data/raw/dfdc/dfdc_train_part_03/dfdc_train_part_3/pqbyjmgmrk.mp4,dfdc_train_part_3
dfdc_train_part_3_wbxpuymxoa,val,fake,/workspace/data/raw/dfdc/dfdc_train_part_03/dfdc_train_part_3/wbxpuymxoa.mp4,dfdc_train_part_3
dfdc_train_part_3_ozibrtbhar,val,fake,/workspace/data/raw/dfdc/dfdc_train_part_03/dfdc_train_part_3/ozibrtbhar.mp4,dfdc_train_part_3
dfdc_train_part_3_dnhdqryijq,val,fake,/workspace/data/raw/dfdc/dfdc_train_part_03/dfdc_train_part_3/dnhdqryijq.mp4,dfdc_train_part_3
dfdc_train_part_3_lkdbtxjusm,val,fake,/workspace/data/raw/dfdc/dfdc_train_part_03/dfdc_train_part_3/lkdbtxjusm.mp4,dfdc_train_part_3
dfdc_train_part_3_getnufqfhq,val,fake,/workspace/data/raw/dfdc/dfdc_train_part_03/dfdc_train_part_3/getnufqfhq.mp4,dfdc_train_part_3
dfdc_train_part_3_qlzfgzyuly,val,real,/workspace/data/raw/dfdc/dfdc_train_part_03/dfdc_train_part_3/qlzfgzyuly.mp4,dfdc_train_part_3
dfdc_train_part_3_jzkwdaddjj,val,fake,/workspace/data/raw/dfdc/dfdc_train_part_03/dfdc_train_part_3/jzkwdaddjj.mp4,dfdc_train_part_3
dfdc_train_part_3_cxwfakmhui,val,fake,/workspace/data/raw/dfdc/dfdc_train_part_03/dfdc_train_part_3/cxwfakmhui.mp4,dfdc_train_part_3
dfdc_train_part_3_tbowpmcrot,val,fake,/workspace/data/raw/dfdc/dfdc_train_part_03/dfdc_train_part_3/tbowpmcrot.mp4,dfdc_train_part_3
dfdc_train_part_3_dbrepbwbuu,val,fake,/workspace/data/raw/dfdc/dfdc_train_part_03/dfdc_train_part_3/dbrepbwbuu.mp4,dfdc_train_part_3
dfdc_train_part_3_ffulcrvbzg,val,fake,/workspace/data/raw/dfdc/dfdc_train_part_03/dfdc_train_part_3/ffulcrvbzg.mp4,dfdc_train_part_3
dfdc_train_part_3_fdwswcptlx,val,fake,/workspace/data/raw/dfdc/dfdc_train_part_03/dfdc_train_part_3/fdwswcptlx.mp4,dfdc_train_part_3
dfdc_train_part_3_xgcotkynac,val,fake,/workspace/data/raw/dfdc/dfdc_train_part_03/dfdc_train_part_3/xgcotkynac.mp4,dfdc_train_part_3
dfdc_train_part_3_kxppqyujvj,val,real,/workspace/data/raw/dfdc/dfdc_train_part_03/dfdc_train_part_3/kxppqyujvj.mp4,dfdc_train_part_3
dfdc_train_part_3_yvkcsvebfj,val,fake,/workspace/data/raw/dfdc/dfdc_train_part_03/dfdc_train_part_3/yvkcsvebfj.mp4,dfdc_train_part_3
dfdc_train_part_3_dmspiciqdb,val,fake,/workspace/data/raw/dfdc/dfdc_train_part_03/dfdc_train_part_3/dmspiciqdb.mp4,dfdc_train_part_3
dfdc_train_part_3_rjxdjiaefw,val,fake,/workspace/data/raw/dfdc/dfdc_train_part_03/dfdc_train_part_3/rjxdjiaefw.mp4,dfdc_train_part_3
dfdc_train_part_3_qjyfljeaxy,val,fake,/workspace/data/raw/dfdc/dfdc_train_part_03/dfdc_train_part_3/qjyfljeaxy.mp4,dfdc_train_part_3
dfdc_train_part_3_rqhmtjhudb,val,fake,/workspace/data/raw/dfdc/dfdc_train_part_03/dfdc_train_part_3/rqhmtjhudb.mp4,dfdc_train_part_3
dfdc_train_part_3_xmnvivqjps,val,fake,/workspace/data/raw/dfdc/dfdc_train_part_03/dfdc_train_part_3/xmnvivqjps.mp4,dfdc_train_part_3
dfdc_train_part_3_isimeplgmv,val,fake,/workspace/data/raw/dfdc/dfdc_train_part_03/dfdc_train_part_3/isimeplgmv.mp4,dfdc_train_part_3
dfdc_train_part_3_qjwamqdiph,val,fake,/workspace/data/raw/dfdc/dfdc_train_part_03/dfdc_train_part_3/qjwamqdiph.mp4,dfdc_train_part_3
dfdc_train_part_3_cehhbxagyt,val,fake,/workspace/data/raw/dfdc/dfdc_train_part_03/dfdc_train_part_3/cehhbxagyt.mp4,dfdc_train_part_3
dfdc_train_part_3_rjsmlstaaq,val,fake,/workspace/data/raw/dfdc/dfdc_train_part_03/dfdc_train_part_3/rjsmlstaaq.mp4,dfdc_train_part_3
dfdc_train_part_3_iumybqkbzt,val,real,/workspace/data/raw/dfdc/dfdc_train_part_03/dfdc_train_part_3/iumybqkbzt.mp4,dfdc_train_part_3
dfdc_train_part_3_jvvlwjmfyn,val,fake,/workspace/data/raw/dfdc/dfdc_train_part_03/dfdc_train_part_3/jvvlwjmfyn.mp4,dfdc_train_part_3
dfdc_train_part_3_wkffpbgghy,val,fake,/workspace/data/raw/dfdc/dfdc_train_part_03/dfdc_train_part_3/wkffpbgghy.mp4,dfdc_train_part_3
dfdc_train_part_3_shmkfwlhwr,val,real,/workspace/data/raw/dfdc/dfdc_train_part_03/dfdc_train_part_3/shmkfwlhwr.mp4,dfdc_train_part_3
dfdc_train_part_3_cpxlfotfyz,val,fake,/workspace/data/raw/dfdc/dfdc_train_part_03/dfdc_train_part_3/cpxlfotfyz.mp4,dfdc_train_part_3
dfdc_train_part_3_fpwtdlbnte,val,fake,/workspace/data/raw/dfdc/dfdc_train_part_03/dfdc_train_part_3/fpwtdlbnte.mp4,dfdc_train_part_3
dfdc_train_part_3_ztcfohxgym,val,fake,/workspace/data/raw/dfdc/dfdc_train_part_03/dfdc_train_part_3/ztcfohxgym.mp4,dfdc_train_part_3
dfdc_train_part_3_wcstfjyucj,val,fake,/workspace/data/raw/dfdc/dfdc_train_part_03/dfdc_train_part_3/wcstfjyucj.mp4,dfdc_train_part_3
dfdc_train_part_3_gbvpnqitbh,val,fake,/workspace/data/raw/dfdc/dfdc_train_part_03/dfdc_train_part_3/gbvpnqitbh.mp4,dfdc_train_part_3
dfdc_train_part_3_wtroauoykb,val,fake,/workspace/data/raw/dfdc/dfdc_train_part_03/dfdc_train_part_3/wtroauoykb.mp4,dfdc_train_part_3
dfdc_train_part_3_zqyhebqeno,val,fake,/workspace/data/raw/dfdc/dfdc_train_part_03/dfdc_train_part_3/zqyhebqeno.mp4,dfdc_train_part_3
dfdc_train_part_3_pdooagkgdl,val,fake,/workspace/data/raw/dfdc/dfdc_train_part_03/dfdc_train_part_3/pdooagkgdl.mp4,dfdc_train_part_3
dfdc_train_part_3_eqklxbzhmu,val,fake,/workspace/data/raw/dfdc/dfdc_train_part_03/dfdc_train_part_3/eqklxbzhmu.mp4,dfdc_train_part_3
dfdc_train_part_3_edmrdlwfbp,val,fake,/workspace/data/raw/dfdc/dfdc_train_part_03/dfdc_train_part_3/edmrdlwfbp.mp4,dfdc_train_part_3
dfdc_train_part_3_wqbzbxjndx,val,real,/workspace/data/raw/dfdc/dfdc_train_part_03/dfdc_train_part_3/wqbzbxjndx.mp4,dfdc_train_part_3
dfdc_train_part_3_clkgvdosxe,val,fake,/workspace/data/raw/dfdc/dfdc_train_part_03/dfdc_train_part_3/clkgvdosxe.mp4,dfdc_train_part_3
dfdc_train_part_3_qspdmgpzkn,val,fake,/workspace/data/raw/dfdc/dfdc_train_part_03/dfdc_train_part_3/qspdmgpzkn.mp4,dfdc_train_part_3
dfdc_train_part_3_qtpjpxvhfg,val,fake,/workspace/data/raw/dfdc/dfdc_train_part_03/dfdc_train_part_3/qtpjpxvhfg.mp4,dfdc_train_part_3
dfdc_train_part_3_rqzuikccfv,val,fake,/workspace/data/raw/dfdc/dfdc_train_part_03/dfdc_train_part_3/rqzuikccfv.mp4,dfdc_train_part_3
dfdc_train_part_3_pkjhgyadnk,val,fake,/workspace/data/raw/dfdc/dfdc_train_part_03/dfdc_train_part_3/pkjhgyadnk.mp4,dfdc_train_part_3
dfdc_train_part_3_gqtztlohkv,val,fake,/workspace/data/raw/dfdc/dfdc_train_part_03/dfdc_train_part_3/gqtztlohkv.mp4,dfdc_train_part_3
dfdc_train_part_3_ddghapcesx,val,fake,/workspace/data/raw/dfdc/dfdc_train_part_03/dfdc_train_part_3/ddghapcesx.mp4,dfdc_train_part_3
dfdc_train_part_3_kttbhknmtp,val,fake,/workspace/data/raw/dfdc/dfdc_train_part_03/dfdc_train_part_3/kttbhknmtp.mp4,dfdc_train_part_3
dfdc_train_part_3_xxxrnkdsso,val,fake,/workspace/data/raw/dfdc/dfdc_train_part_03/dfdc_train_part_3/xxxrnkdsso.mp4,dfdc_train_part_3
dfdc_train_part_3_jlfgxphhzt,val,fake,/workspace/data/raw/dfdc/dfdc_train_part_03/dfdc_train_part_3/jlfgxphhzt.mp4,dfdc_train_part_3
dfdc_train_part_3_nqjrsrnvhh,val,fake,/workspace/data/raw/dfdc/dfdc_train_part_03/dfdc_train_part_3/nqjrsrnvhh.mp4,dfdc_train_part_3
dfdc_train_part_3_tszhgiauyc,val,fake,/workspace/data/raw/dfdc/dfdc_train_part_03/dfdc_train_part_3/tszhgiauyc.mp4,dfdc_train_part_3
dfdc_train_part_3_wgkeydcvej,val,fake,/workspace/data/raw/dfdc/dfdc_train_part_03/dfdc_train_part_3/wgkeydcvej.mp4,dfdc_train_part_3
dfdc_train_part_3_gjasrapdle,val,real,/workspace/data/raw/dfdc/dfdc_train_part_03/dfdc_train_part_3/gjasrapdle.mp4,dfdc_train_part_3
dfdc_train_part_3_zlvcfewxik,val,fake,/workspace/data/raw/dfdc/dfdc_train_part_03/dfdc_train_part_3/zlvcfewxik.mp4,dfdc_train_part_3
dfdc_train_part_3_lqbdnoglfj,val,fake,/workspace/data/raw/dfdc/dfdc_train_part_03/dfdc_train_part_3/lqbdnoglfj.mp4,dfdc_train_part_3
dfdc_train_part_3_vqwfgoiqen,val,fake,/workspace/data/raw/dfdc/dfdc_train_part_03/dfdc_train_part_3/vqwfgoiqen.mp4,dfdc_train_part_3
dfdc_train_part_3_tfjrbekdbk,val,fake,/workspace/data/raw/dfdc/dfdc_train_part_03/dfdc_train_part_3/tfjrbekdbk.mp4,dfdc_train_part_3
dfdc_train_part_3_betxlrlfsv,val,fake,/workspace/data/raw/dfdc/dfdc_train_part_03/dfdc_train_part_3/betxlrlfsv.mp4,dfdc_train_part_3
dfdc_train_part_3_tvrdritale,val,fake,/workspace/data/raw/dfdc/dfdc_train_part_03/dfdc_train_part_3/tvrdritale.mp4,dfdc_train_part_3
dfdc_train_part_3_nvvvzuhpes,val,fake,/workspace/data/raw/dfdc/dfdc_train_part_03/dfdc_train_part_3/nvvvzuhpes.mp4,dfdc_train_part_3
dfdc_train_part_3_wdgzjksmht,val,fake,/workspace/data/raw/dfdc/dfdc_train_part_03/dfdc_train_part_3/wdgzjksmht.mp4,dfdc_train_part_3
dfdc_train_part_3_tyzdvdxmra,val,fake,/workspace/data/raw/dfdc/dfdc_train_part_03/dfdc_train_part_3/tyzdvdxmra.mp4,dfdc_train_part_3
dfdc_train_part_3_mrgmchwvfk,val,real,/workspace/data/raw/dfdc/dfdc_train_part_03/dfdc_train_part_3/mrgmchwvfk.mp4,dfdc_train_part_3
dfdc_train_part_3_vzzndvloxn,val,fake,/workspace/data/raw/dfdc/dfdc_train_part_03/dfdc_train_part_3/vzzndvloxn.mp4,dfdc_train_part_3
dfdc_train_part_3_ydfrzhxhaf,val,fake,/workspace/data/raw/dfdc/dfdc_train_part_03/dfdc_train_part_3/ydfrzhxhaf.mp4,dfdc_train_part_3
dfdc_train_part_3_osqyiendxp,val,fake,/workspace/data/raw/dfdc/dfdc_train_part_03/dfdc_train_part_3/osqyiendxp.mp4,dfdc_train_part_3
dfdc_train_part_3_kxfxwnpiqb,val,fake,/workspace/data/raw/dfdc/dfdc_train_part_03/dfdc_train_part_3/kxfxwnpiqb.mp4,dfdc_train_part_3
dfdc_train_part_3_vycjvimbgl,val,fake,/workspace/data/raw/dfdc/dfdc_train_part_03/dfdc_train_part_3/vycjvimbgl.mp4,dfdc_train_part_3
dfdc_train_part_3_enipqkwzqx,val,fake,/workspace/data/raw/dfdc/dfdc_train_part_03/dfdc_train_part_3/enipqkwzqx.mp4,dfdc_train_part_3
dfdc_train_part_3_kubasdkleg,val,fake,/workspace/data/raw/dfdc/dfdc_train_part_03/dfdc_train_part_3/kubasdkleg.mp4,dfdc_train_part_3
dfdc_train_part_3_trflljtoam,val,fake,/workspace/data/raw/dfdc/dfdc_train_part_03/dfdc_train_part_3/trflljtoam.mp4,dfdc_train_part_3
dfdc_train_part_3_chprhivkyt,val,fake,/workspace/data/raw/dfdc/dfdc_train_part_03/dfdc_train_part_3/chprhivkyt.mp4,dfdc_train_part_3
dfdc_train_part_3_nlthgstqvc,val,fake,/workspace/data/raw/dfdc/dfdc_train_part_03/dfdc_train_part_3/nlthgstqvc.mp4,dfdc_train_part_3
dfdc_train_part_3_xdjbvepdic,val,fake,/workspace/data/raw/dfdc/dfdc_train_part_03/dfdc_train_part_3/xdjbvepdic.mp4,dfdc_train_part_3
dfdc_train_part_3_rbtflalxmn,val,fake,/workspace/data/raw/dfdc/dfdc_train_part_03/dfdc_train_part_3/rbtflalxmn.mp4,dfdc_train_part_3
dfdc_train_part_3_fcwarehzgq,val,fake,/workspace/data/raw/dfdc/dfdc_train_part_03/dfdc_train_part_3/fcwarehzgq.mp4,dfdc_train_part_3
dfdc_train_part_3_sjdepepazd,val,fake,/workspace/data/raw/dfdc/dfdc_train_part_03/dfdc_train_part_3/sjdepepazd.mp4,dfdc_train_part_3
dfdc_train_part_3_fynwgopwky,val,fake,/workspace/data/raw/dfdc/dfdc_train_part_03/dfdc_train_part_3/fynwgopwky.mp4,dfdc_train_part_3
dfdc_train_part_3_xzhlniwqng,val,real,/workspace/data/raw/dfdc/dfdc_train_part_03/dfdc_train_part_3/xzhlniwqng.mp4,dfdc_train_part_3
dfdc_train_part_3_eyscmmobpw,val,real,/workspace/data/raw/dfdc/dfdc_train_part_03/dfdc_train_part_3/eyscmmobpw.mp4,dfdc_train_part_3
dfdc_train_part_3_dbsfikupsn,val,fake,/workspace/data/raw/dfdc/dfdc_train_part_03/dfdc_train_part_3/dbsfikupsn.mp4,dfdc_train_part_3
dfdc_train_part_3_qmdqgeienp,val,fake,/workspace/data/raw/dfdc/dfdc_train_part_03/dfdc_train_part_3/qmdqgeienp.mp4,dfdc_train_part_3
dfdc_train_part_3_rvrlzxepiu,val,fake,/workspace/data/raw/dfdc/dfdc_train_part_03/dfdc_train_part_3/rvrlzxepiu.mp4,dfdc_train_part_3
dfdc_train_part_3_tlmhhkozpn,val,fake,/workspace/data/raw/dfdc/dfdc_train_part_03/dfdc_train_part_3/tlmhhkozpn.mp4,dfdc_train_part_3
dfdc_train_part_3_islnawtqzq,val,fake,/workspace/data/raw/dfdc/dfdc_train_part_03/dfdc_train_part_3/islnawtqzq.mp4,dfdc_train_part_3
dfdc_train_part_3_vkkssrvejb,val,fake,/workspace/data/raw/dfdc/dfdc_train_part_03/dfdc_train_part_3/vkkssrvejb.mp4,dfdc_train_part_3
dfdc_train_part_3_xxzxwyduww,val,fake,/workspace/data/raw/dfdc/dfdc_train_part_03/dfdc_train_part_3/xxzxwyduww.mp4,dfdc_train_part_3
dfdc_train_part_3_campcpgvlt,val,fake,/workspace/data/raw/dfdc/dfdc_train_part_03/dfdc_train_part_3/campcpgvlt.mp4,dfdc_train_part_3
dfdc_train_part_3_nomhiwvfvj,val,fake,/workspace/data/raw/dfdc/dfdc_train_part_03/dfdc_train_part_3/nomhiwvfvj.mp4,dfdc_train_part_3
dfdc_train_part_3_ggtodztkbr,val,fake,/workspace/data/raw/dfdc/dfdc_train_part_03/dfdc_train_part_3/ggtodztkbr.mp4,dfdc_train_part_3
dfdc_train_part_3_pxqdpfpmtl,val,fake,/workspace/data/raw/dfdc/dfdc_train_part_03/dfdc_train_part_3/pxqdpfpmtl.mp4,dfdc_train_part_3
dfdc_train_part_3_uneappholu,val,fake,/workspace/data/raw/dfdc/dfdc_train_part_03/dfdc_train_part_3/uneappholu.mp4,dfdc_train_part_3
dfdc_train_part_3_ovnbtfrvau,val,fake,/workspace/data/raw/dfdc/dfdc_train_part_03/dfdc_train_part_3/ovnbtfrvau.mp4,dfdc_train_part_3
dfdc_train_part_3_cntwvadfii,val,fake,/workspace/data/raw/dfdc/dfdc_train_part_03/dfdc_train_part_3/cntwvadfii.mp4,dfdc_train_part_3
dfdc_train_part_3_ompyqcitmj,val,fake,/workspace/data/raw/dfdc/dfdc_train_part_03/dfdc_train_part_3/ompyqcitmj.mp4,dfdc_train_part_3
dfdc_train_part_3_drywmgvslp,val,real,/workspace/data/raw/dfdc/dfdc_train_part_03/dfdc_train_part_3/drywmgvslp.mp4,dfdc_train_part_3
dfdc_train_part_3_awlmfcjhxf,val,fake,/workspace/data/raw/dfdc/dfdc_train_part_03/dfdc_train_part_3/awlmfcjhxf.mp4,dfdc_train_part_3
dfdc_train_part_3_xlzhzudnny,val,real,/workspace/data/raw/dfdc/dfdc_train_part_03/dfdc_train_part_3/xlzhzudnny.mp4,dfdc_train_part_3
dfdc_train_part_3_onkkwebcuf,val,fake,/workspace/data/raw/dfdc/dfdc_train_part_03/dfdc_train_part_3/onkkwebcuf.mp4,dfdc_train_part_3
dfdc_train_part_3_tgkgvebadw,val,fake,/workspace/data/raw/dfdc/dfdc_train_part_03/dfdc_train_part_3/tgkgvebadw.mp4,dfdc_train_part_3
dfdc_train_part_3_lnfcvriupb,val,fake,/workspace/data/raw/dfdc/dfdc_train_part_03/dfdc_train_part_3/lnfcvriupb.mp4,dfdc_train_part_3
dfdc_train_part_3_wtahejnbel,val,fake,/workspace/data/raw/dfdc/dfdc_train_part_03/dfdc_train_part_3/wtahejnbel.mp4,dfdc_train_part_3
dfdc_train_part_3_hhmmgbgsdx,val,fake,/workspace/data/raw/dfdc/dfdc_train_part_03/dfdc_train_part_3/hhmmgbgsdx.mp4,dfdc_train_part_3
dfdc_train_part_3_eggcbcoedw,val,fake,/workspace/data/raw/dfdc/dfdc_train_part_03/dfdc_train_part_3/eggcbcoedw.mp4,dfdc_train_part_3
dfdc_train_part_3_wslxekjtyo,val,fake,/workspace/data/raw/dfdc/dfdc_train_part_03/dfdc_train_part_3/wslxekjtyo.mp4,dfdc_train_part_3
dfdc_train_part_3_xfmkawnodd,val,fake,/workspace/data/raw/dfdc/dfdc_train_part_03/dfdc_train_part_3/xfmkawnodd.mp4,dfdc_train_part_3
dfdc_train_part_3_ivdwcrytmz,val,fake,/workspace/data/raw/dfdc/dfdc_train_part_03/dfdc_train_part_3/ivdwcrytmz.mp4,dfdc_train_part_3
dfdc_train_part_3_qnxyumzeve,val,fake,/workspace/data/raw/dfdc/dfdc_train_part_03/dfdc_train_part_3/qnxyumzeve.mp4,dfdc_train_part_3
dfdc_train_part_3_pczqsicacb,val,real,/workspace/data/raw/dfdc/dfdc_train_part_03/dfdc_train_part_3/pczqsicacb.mp4,dfdc_train_part_3
dfdc_train_part_3_gurzpxkvrb,val,fake,/workspace/data/raw/dfdc/dfdc_train_part_03/dfdc_train_part_3/gurzpxkvrb.mp4,dfdc_train_part_3
dfdc_train_part_3_crcrqrsyik,val,fake,/workspace/data/raw/dfdc/dfdc_train_part_03/dfdc_train_part_3/crcrqrsyik.mp4,dfdc_train_part_3
dfdc_train_part_3_mdpdbaynzn,val,fake,/workspace/data/raw/dfdc/dfdc_train_part_03/dfdc_train_part_3/mdpdbaynzn.mp4,dfdc_train_part_3
dfdc_train_part_3_ablzpwqhcc,val,fake,/workspace/data/raw/dfdc/dfdc_train_part_03/dfdc_train_part_3/ablzpwqhcc.mp4,dfdc_train_part_3
dfdc_train_part_3_uigfkvrkvv,val,fake,/workspace/data/raw/dfdc/dfdc_train_part_03/dfdc_train_part_3/uigfkvrkvv.mp4,dfdc_train_part_3
dfdc_train_part_3_qcnjnwebtv,val,fake,/workspace/data/raw/dfdc/dfdc_train_part_03/dfdc_train_part_3/qcnjnwebtv.mp4,dfdc_train_part_3
dfdc_train_part_3_mqtozuqgtz,val,fake,/workspace/data/raw/dfdc/dfdc_train_part_03/dfdc_train_part_3/mqtozuqgtz.mp4,dfdc_train_part_3
dfdc_train_part_3_hcmfxucsvn,val,fake,/workspace/data/raw/dfdc/dfdc_train_part_03/dfdc_train_part_3/hcmfxucsvn.mp4,dfdc_train_part_3
dfdc_train_part_3_hbdoyfcesz,val,fake,/workspace/data/raw/dfdc/dfdc_train_part_03/dfdc_train_part_3/hbdoyfcesz.mp4,dfdc_train_part_3
dfdc_train_part_3_xhldizmuqm,val,fake,/workspace/data/raw/dfdc/dfdc_train_part_03/dfdc_train_part_3/xhldizmuqm.mp4,dfdc_train_part_3
dfdc_train_part_3_kkhtabarcx,val,real,/workspace/data/raw/dfdc/dfdc_train_part_03/dfdc_train_part_3/kkhtabarcx.mp4,dfdc_train_part_3
dfdc_train_part_3_zgvpbkobxe,val,fake,/workspace/data/raw/dfdc/dfdc_train_part_03/dfdc_train_part_3/zgvpbkobxe.mp4,dfdc_train_part_3
dfdc_train_part_3_fsldzkimln,val,fake,/workspace/data/raw/dfdc/dfdc_train_part_03/dfdc_train_part_3/fsldzkimln.mp4,dfdc_train_part_3
dfdc_train_part_3_qfxdehbmxh,val,fake,/workspace/data/raw/dfdc/dfdc_train_part_03/dfdc_train_part_3/qfxdehbmxh.mp4,dfdc_train_part_3
dfdc_train_part_3_uqmnkmtnzq,val,fake,/workspace/data/raw/dfdc/dfdc_train_part_03/dfdc_train_part_3/uqmnkmtnzq.mp4,dfdc_train_part_3
dfdc_train_part_3_yrgkqjuxzp,val,fake,/workspace/data/raw/dfdc/dfdc_train_part_03/dfdc_train_part_3/yrgkqjuxzp.mp4,dfdc_train_part_3
dfdc_train_part_3_tbffeacfev,val,fake,/workspace/data/raw/dfdc/dfdc_train_part_03/dfdc_train_part_3/tbffeacfev.mp4,dfdc_train_part_3
dfdc_train_part_3_ihgiutlmbw,val,fake,/workspace/data/raw/dfdc/dfdc_train_part_03/dfdc_train_part_3/ihgiutlmbw.mp4,dfdc_train_part_3
dfdc_train_part_3_pyotdcocdp,val,fake,/workspace/data/raw/dfdc/dfdc_train_part_03/dfdc_train_part_3/pyotdcocdp.mp4,dfdc_train_part_3
dfdc_train_part_3_tfrtdisjbp,val,fake,/workspace/data/raw/dfdc/dfdc_train_part_03/dfdc_train_part_3/tfrtdisjbp.mp4,dfdc_train_part_3
dfdc_train_part_3_nbuohbgntg,val,fake,/workspace/data/raw/dfdc/dfdc_train_part_03/dfdc_train_part_3/nbuohbgntg.mp4,dfdc_train_part_3
dfdc_train_part_3_ilubksbtrs,val,fake,/workspace/data/raw/dfdc/dfdc_train_part_03/dfdc_train_part_3/ilubksbtrs.mp4,dfdc_train_part_3
dfdc_train_part_3_dxraevezxe,val,fake,/workspace/data/raw/dfdc/dfdc_train_part_03/dfdc_train_part_3/dxraevezxe.mp4,dfdc_train_part_3
dfdc_train_part_3_bbwwbsccdf,val,fake,/workspace/data/raw/dfdc/dfdc_train_part_03/dfdc_train_part_3/bbwwbsccdf.mp4,dfdc_train_part_3
dfdc_train_part_3_tatfpdvzoz,val,fake,/workspace/data/raw/dfdc/dfdc_train_part_03/dfdc_train_part_3/tatfpdvzoz.mp4,dfdc_train_part_3
dfdc_train_part_3_wkrdghadnr,val,fake,/workspace/data/raw/dfdc/dfdc_train_part_03/dfdc_train_part_3/wkrdghadnr.mp4,dfdc_train_part_3
dfdc_train_part_3_llgvbjanwg,val,fake,/workspace/data/raw/dfdc/dfdc_train_part_03/dfdc_train_part_3/llgvbjanwg.mp4,dfdc_train_part_3
dfdc_train_part_3_xxmdknsonl,val,real,/workspace/data/raw/dfdc/dfdc_train_part_03/dfdc_train_part_3/xxmdknsonl.mp4,dfdc_train_part_3
dfdc_train_part_3_upgoekpvep,val,fake,/workspace/data/raw/dfdc/dfdc_train_part_03/dfdc_train_part_3/upgoekpvep.mp4,dfdc_train_part_3
dfdc_train_part_3_eifretwgfd,val,real,/workspace/data/raw/dfdc/dfdc_train_part_03/dfdc_train_part_3/eifretwgfd.mp4,dfdc_train_part_3
dfdc_train_part_3_mvqkyeyrct,val,fake,/workspace/data/raw/dfdc/dfdc_train_part_03/dfdc_train_part_3/mvqkyeyrct.mp4,dfdc_train_part_3
dfdc_train_part_3_llkcftkuin,val,fake,/workspace/data/raw/dfdc/dfdc_train_part_03/dfdc_train_part_3/llkcftkuin.mp4,dfdc_train_part_3
dfdc_train_part_3_rpxxslpjuq,val,fake,/workspace/data/raw/dfdc/dfdc_train_part_03/dfdc_train_part_3/rpxxslpjuq.mp4,dfdc_train_part_3
dfdc_train_part_3_fezxipxwsm,val,fake,/workspace/data/raw/dfdc/dfdc_train_part_03/dfdc_train_part_3/fezxipxwsm.mp4,dfdc_train_part_3
dfdc_train_part_3_gxhzqfiqni,val,fake,/workspace/data/raw/dfdc/dfdc_train_part_03/dfdc_train_part_3/gxhzqfiqni.mp4,dfdc_train_part_3
dfdc_train_part_3_netkxloawi,val,fake,/workspace/data/raw/dfdc/dfdc_train_part_03/dfdc_train_part_3/netkxloawi.mp4,dfdc_train_part_3
dfdc_train_part_3_mutcnezgfz,val,fake,/workspace/data/raw/dfdc/dfdc_train_part_03/dfdc_train_part_3/mutcnezgfz.mp4,dfdc_train_part_3
dfdc_train_part_3_tejdkuljwn,val,fake,/workspace/data/raw/dfdc/dfdc_train_part_03/dfdc_train_part_3/tejdkuljwn.mp4,dfdc_train_part_3
dfdc_train_part_3_gmfharjwig,val,fake,/workspace/data/raw/dfdc/dfdc_train_part_03/dfdc_train_part_3/gmfharjwig.mp4,dfdc_train_part_3
dfdc_train_part_3_unaaotirke,val,fake,/workspace/data/raw/dfdc/dfdc_train_part_03/dfdc_train_part_3/unaaotirke.mp4,dfdc_train_part_3
dfdc_train_part_3_fjiokipniq,val,fake,/workspace/data/raw/dfdc/dfdc_train_part_03/dfdc_train_part_3/fjiokipniq.mp4,dfdc_train_part_3
dfdc_train_part_3_eclxonfxph,val,real,/workspace/data/raw/dfdc/dfdc_train_part_03/dfdc_train_part_3/eclxonfxph.mp4,dfdc_train_part_3
dfdc_train_part_3_lnftjpyahp,val,fake,/workspace/data/raw/dfdc/dfdc_train_part_03/dfdc_train_part_3/lnftjpyahp.mp4,dfdc_train_part_3
dfdc_train_part_3_vrcdeqaomc,val,fake,/workspace/data/raw/dfdc/dfdc_train_part_03/dfdc_train_part_3/vrcdeqaomc.mp4,dfdc_train_part_3
dfdc_train_part_3_nxbctyvkgg,val,fake,/workspace/data/raw/dfdc/dfdc_train_part_03/dfdc_train_part_3/nxbctyvkgg.mp4,dfdc_train_part_3
dfdc_train_part_3_ktqdzqbzgm,val,fake,/workspace/data/raw/dfdc/dfdc_train_part_03/dfdc_train_part_3/ktqdzqbzgm.mp4,dfdc_train_part_3
dfdc_train_part_3_luiqqsfzgz,val,real,/workspace/data/raw/dfdc/dfdc_train_part_03/dfdc_train_part_3/luiqqsfzgz.mp4,dfdc_train_part_3
dfdc_train_part_3_xehhtcrdes,val,fake,/workspace/data/raw/dfdc/dfdc_train_part_03/dfdc_train_part_3/xehhtcrdes.mp4,dfdc_train_part_3
dfdc_train_part_3_iuqjoilxex,val,fake,/workspace/data/raw/dfdc/dfdc_train_part_03/dfdc_train_part_3/iuqjoilxex.mp4,dfdc_train_part_3
dfdc_train_part_3_rgbtqlxpxd,val,fake,/workspace/data/raw/dfdc/dfdc_train_part_03/dfdc_train_part_3/rgbtqlxpxd.mp4,dfdc_train_part_3
dfdc_train_part_3_mbaeoohgox,val,fake,/workspace/data/raw/dfdc/dfdc_train_part_03/dfdc_train_part_3/mbaeoohgox.mp4,dfdc_train_part_3
dfdc_train_part_3_ilkzwzcrnh,val,fake,/workspace/data/raw/dfdc/dfdc_train_part_03/dfdc_train_part_3/ilkzwzcrnh.mp4,dfdc_train_part_3
dfdc_train_part_3_zsmxriemzh,val,fake,/workspace/data/raw/dfdc/dfdc_train_part_03/dfdc_train_part_3/zsmxriemzh.mp4,dfdc_train_part_3
dfdc_train_part_3_uyxcjhrvko,val,fake,/workspace/data/raw/dfdc/dfdc_train_part_03/dfdc_train_part_3/uyxcjhrvko.mp4,dfdc_train_part_3
dfdc_train_part_3_olamtmlblj,val,fake,/workspace/data/raw/dfdc/dfdc_train_part_03/dfdc_train_part_3/olamtmlblj.mp4,dfdc_train_part_3
dfdc_train_part_3_nsqssmxbuk,val,real,/workspace/data/raw/dfdc/dfdc_train_part_03/dfdc_train_part_3/nsqssmxbuk.mp4,dfdc_train_part_3
dfdc_train_part_3_czrnayusig,val,fake,/workspace/data/raw/dfdc/dfdc_train_part_03/dfdc_train_part_3/czrnayusig.mp4,dfdc_train_part_3
dfdc_train_part_3_mbjcxbdgzn,val,fake,/workspace/data/raw/dfdc/dfdc_train_part_03/dfdc_train_part_3/mbjcxbdgzn.mp4,dfdc_train_part_3
dfdc_train_part_3_ihcgbzhszd,val,fake,/workspace/data/raw/dfdc/dfdc_train_part_03/dfdc_train_part_3/ihcgbzhszd.mp4,dfdc_train_part_3
dfdc_train_part_3_rafbnikdhw,val,fake,/workspace/data/raw/dfdc/dfdc_train_part_03/dfdc_train_part_3/rafbnikdhw.mp4,dfdc_train_part_3
dfdc_train_part_3_glesxeslfn,val,fake,/workspace/data/raw/dfdc/dfdc_train_part_03/dfdc_train_part_3/glesxeslfn.mp4,dfdc_train_part_3
dfdc_train_part_3_vwhairfgdx,val,fake,/workspace/data/raw/dfdc/dfdc_train_part_03/dfdc_train_part_3/vwhairfgdx.mp4,dfdc_train_part_3
dfdc_train_part_3_coytfhjqcr,val,fake,/workspace/data/raw/dfdc/dfdc_train_part_03/dfdc_train_part_3/coytfhjqcr.mp4,dfdc_train_part_3
dfdc_train_part_3_eyguyqoyml,val,fake,/workspace/data/raw/dfdc/dfdc_train_part_03/dfdc_train_part_3/eyguyqoyml.mp4,dfdc_train_part_3
dfdc_train_part_3_infnnslrwc,val,fake,/workspace/data/raw/dfdc/dfdc_train_part_03/dfdc_train_part_3/infnnslrwc.mp4,dfdc_train_part_3
dfdc_train_part_3_bhbnvkiwti,val,fake,/workspace/data/raw/dfdc/dfdc_train_part_03/dfdc_train_part_3/bhbnvkiwti.mp4,dfdc_train_part_3
dfdc_train_part_3_deczfkdrhz,val,fake,/workspace/data/raw/dfdc/dfdc_train_part_03/dfdc_train_part_3/deczfkdrhz.mp4,dfdc_train_part_3
dfdc_train_part_3_uqzgyxstct,val,fake,/workspace/data/raw/dfdc/dfdc_train_part_03/dfdc_train_part_3/uqzgyxstct.mp4,dfdc_train_part_3
dfdc_train_part_3_rqwviepils,val,fake,/workspace/data/raw/dfdc/dfdc_train_part_03/dfdc_train_part_3/rqwviepils.mp4,dfdc_train_part_3
dfdc_train_part_3_edquqwggla,val,fake,/workspace/data/raw/dfdc/dfdc_train_part_03/dfdc_train_part_3/edquqwggla.mp4,dfdc_train_part_3
dfdc_train_part_3_sxsqzekmxc,val,fake,/workspace/data/raw/dfdc/dfdc_train_part_03/dfdc_train_part_3/sxsqzekmxc.mp4,dfdc_train_part_3
dfdc_train_part_3_nlzfavdtdz,val,fake,/workspace/data/raw/dfdc/dfdc_train_part_03/dfdc_train_part_3/nlzfavdtdz.mp4,dfdc_train_part_3
dfdc_train_part_3_ofdhwdwvqb,val,real,/workspace/data/raw/dfdc/dfdc_train_part_03/dfdc_train_part_3/ofdhwdwvqb.mp4,dfdc_train_part_3
dfdc_train_part_3_xuutqiitvu,val,fake,/workspace/data/raw/dfdc/dfdc_train_part_03/dfdc_train_part_3/xuutqiitvu.mp4,dfdc_train_part_3
dfdc_train_part_3_suiusgvsut,val,fake,/workspace/data/raw/dfdc/dfdc_train_part_03/dfdc_train_part_3/suiusgvsut.mp4,dfdc_train_part_3
dfdc_train_part_3_olvrdzyzhb,val,fake,/workspace/data/raw/dfdc/dfdc_train_part_03/dfdc_train_part_3/olvrdzyzhb.mp4,dfdc_train_part_3
dfdc_train_part_3_kawjjcrooq,val,fake,/workspace/data/raw/dfdc/dfdc_train_part_03/dfdc_train_part_3/kawjjcrooq.mp4,dfdc_train_part_3
dfdc_train_part_3_tsvhwitvah,val,real,/workspace/data/raw/dfdc/dfdc_train_part_03/dfdc_train_part_3/tsvhwitvah.mp4,dfdc_train_part_3
dfdc_train_part_3_gvztvkzyar,val,fake,/workspace/data/raw/dfdc/dfdc_train_part_03/dfdc_train_part_3/gvztvkzyar.mp4,dfdc_train_part_3
dfdc_train_part_3_tjieiokfcv,val,fake,/workspace/data/raw/dfdc/dfdc_train_part_03/dfdc_train_part_3/tjieiokfcv.mp4,dfdc_train_part_3
dfdc_train_part_3_nxwmvvfpdv,val,fake,/workspace/data/raw/dfdc/dfdc_train_part_03/dfdc_train_part_3/nxwmvvfpdv.mp4,dfdc_train_part_3
dfdc_train_part_3_gfwypxolgv,val,fake,/workspace/data/raw/dfdc/dfdc_train_part_03/dfdc_train_part_3/gfwypxolgv.mp4,dfdc_train_part_3
dfdc_train_part_3_hvsrsstpkd,val,fake,/workspace/data/raw/dfdc/dfdc_train_part_03/dfdc_train_part_3/hvsrsstpkd.mp4,dfdc_train_part_3
dfdc_train_part_3_afhoaqaddf,val,fake,/workspace/data/raw/dfdc/dfdc_train_part_03/dfdc_train_part_3/afhoaqaddf.mp4,dfdc_train_part_3
dfdc_train_part_3_mvphfcjhzu,val,fake,/workspace/data/raw/dfdc/dfdc_train_part_03/dfdc_train_part_3/mvphfcjhzu.mp4,dfdc_train_part_3
dfdc_train_part_3_yvqbezsntt,val,fake,/workspace/data/raw/dfdc/dfdc_train_part_03/dfdc_train_part_3/yvqbezsntt.mp4,dfdc_train_part_3
dfdc_train_part_3_libmahdeva,val,fake,/workspace/data/raw/dfdc/dfdc_train_part_03/dfdc_train_part_3/libmahdeva.mp4,dfdc_train_part_3
dfdc_train_part_3_mcvbizeusu,val,fake,/workspace/data/raw/dfdc/dfdc_train_part_03/dfdc_train_part_3/mcvbizeusu.mp4,dfdc_train_part_3
dfdc_train_part_3_ofrpnuvpxx,val,fake,/workspace/data/raw/dfdc/dfdc_train_part_03/dfdc_train_part_3/ofrpnuvpxx.mp4,dfdc_train_part_3
dfdc_train_part_3_uarbsevgjo,val,fake,/workspace/data/raw/dfdc/dfdc_train_part_03/dfdc_train_part_3/uarbsevgjo.mp4,dfdc_train_part_3
dfdc_train_part_3_olabdqzebq,val,fake,/workspace/data/raw/dfdc/dfdc_train_part_03/dfdc_train_part_3/olabdqzebq.mp4,dfdc_train_part_3
dfdc_train_part_3_ygglrlqryk,val,fake,/workspace/data/raw/dfdc/dfdc_train_part_03/dfdc_train_part_3/ygglrlqryk.mp4,dfdc_train_part_3
dfdc_train_part_3_vahqmewacr,val,fake,/workspace/data/raw/dfdc/dfdc_train_part_03/dfdc_train_part_3/vahqmewacr.mp4,dfdc_train_part_3
dfdc_train_part_3_qjxzelzwjj,val,fake,/workspace/data/raw/dfdc/dfdc_train_part_03/dfdc_train_part_3/qjxzelzwjj.mp4,dfdc_train_part_3
dfdc_train_part_3_hnabxlxbqa,val,fake,/workspace/data/raw/dfdc/dfdc_train_part_03/dfdc_train_part_3/hnabxlxbqa.mp4,dfdc_train_part_3
dfdc_train_part_3_sazofmoait,val,fake,/workspace/data/raw/dfdc/dfdc_train_part_03/dfdc_train_part_3/sazofmoait.mp4,dfdc_train_part_3
dfdc_train_part_3_imtxzghzev,val,fake,/workspace/data/raw/dfdc/dfdc_train_part_03/dfdc_train_part_3/imtxzghzev.mp4,dfdc_train_part_3
dfdc_train_part_3_smwdwrzsdo,val,fake,/workspace/data/raw/dfdc/dfdc_train_part_03/dfdc_train_part_3/smwdwrzsdo.mp4,dfdc_train_part_3
dfdc_train_part_3_gycrbqqnje,val,fake,/workspace/data/raw/dfdc/dfdc_train_part_03/dfdc_train_part_3/gycrbqqnje.mp4,dfdc_train_part_3
dfdc_train_part_3_juoldquzwp,val,fake,/workspace/data/raw/dfdc/dfdc_train_part_03/dfdc_train_part_3/juoldquzwp.mp4,dfdc_train_part_3
dfdc_train_part_3_jphofajnku,val,fake,/workspace/data/raw/dfdc/dfdc_train_part_03/dfdc_train_part_3/jphofajnku.mp4,dfdc_train_part_3
dfdc_train_part_3_lucpovssjg,val,fake,/workspace/data/raw/dfdc/dfdc_train_part_03/dfdc_train_part_3/lucpovssjg.mp4,dfdc_train_part_3
dfdc_train_part_3_ckogtjkhzt,val,fake,/workspace/data/raw/dfdc/dfdc_train_part_03/dfdc_train_part_3/ckogtjkhzt.mp4,dfdc_train_part_3
dfdc_train_part_3_qcjntslwao,val,fake,/workspace/data/raw/dfdc/dfdc_train_part_03/dfdc_train_part_3/qcjntslwao.mp4,dfdc_train_part_3
dfdc_train_part_3_kkuuolsxfq,val,fake,/workspace/data/raw/dfdc/dfdc_train_part_03/dfdc_train_part_3/kkuuolsxfq.mp4,dfdc_train_part_3
dfdc_train_part_3_advzryyfkn,val,real,/workspace/data/raw/dfdc/dfdc_train_part_03/dfdc_train_part_3/advzryyfkn.mp4,dfdc_train_part_3
dfdc_train_part_3_opjakdohfw,val,fake,/workspace/data/raw/dfdc/dfdc_train_part_03/dfdc_train_part_3/opjakdohfw.mp4,dfdc_train_part_3
dfdc_train_part_3_oeanhumqlt,val,fake,/workspace/data/raw/dfdc/dfdc_train_part_03/dfdc_train_part_3/oeanhumqlt.mp4,dfdc_train_part_3
dfdc_train_part_3_ekzwasnkky,val,fake,/workspace/data/raw/dfdc/dfdc_train_part_03/dfdc_train_part_3/ekzwasnkky.mp4,dfdc_train_part_3
dfdc_train_part_3_acptlizllc,val,fake,/workspace/data/raw/dfdc/dfdc_train_part_03/dfdc_train_part_3/acptlizllc.mp4,dfdc_train_part_3
dfdc_train_part_3_iqtlsawhqe,val,fake,/workspace/data/raw/dfdc/dfdc_train_part_03/dfdc_train_part_3/iqtlsawhqe.mp4,dfdc_train_part_3
dfdc_train_part_3_kkgazwkqot,val,fake,/workspace/data/raw/dfdc/dfdc_train_part_03/dfdc_train_part_3/kkgazwkqot.mp4,dfdc_train_part_3
dfdc_train_part_3_bcgnzohdlw,val,fake,/workspace/data/raw/dfdc/dfdc_train_part_03/dfdc_train_part_3/bcgnzohdlw.mp4,dfdc_train_part_3
dfdc_train_part_3_wxncnevluq,val,fake,/workspace/data/raw/dfdc/dfdc_train_part_03/dfdc_train_part_3/wxncnevluq.mp4,dfdc_train_part_3
dfdc_train_part_3_vhcdsovnca,val,fake,/workspace/data/raw/dfdc/dfdc_train_part_03/dfdc_train_part_3/vhcdsovnca.mp4,dfdc_train_part_3
dfdc_train_part_3_tbdoocfnft,val,fake,/workspace/data/raw/dfdc/dfdc_train_part_03/dfdc_train_part_3/tbdoocfnft.mp4,dfdc_train_part_3
dfdc_train_part_3_yxqucilnlu,val,fake,/workspace/data/raw/dfdc/dfdc_train_part_03/dfdc_train_part_3/yxqucilnlu.mp4,dfdc_train_part_3
dfdc_train_part_3_nhrqjnyvjl,val,fake,/workspace/data/raw/dfdc/dfdc_train_part_03/dfdc_train_part_3/nhrqjnyvjl.mp4,dfdc_train_part_3
dfdc_train_part_3_oirtumfsar,val,fake,/workspace/data/raw/dfdc/dfdc_train_part_03/dfdc_train_part_3/oirtumfsar.mp4,dfdc_train_part_3
dfdc_train_part_3_jmpwdyskda,val,fake,/workspace/data/raw/dfdc/dfdc_train_part_03/dfdc_train_part_3/jmpwdyskda.mp4,dfdc_train_part_3
dfdc_train_part_3_kgtyiuehxe,val,fake,/workspace/data/raw/dfdc/dfdc_train_part_03/dfdc_train_part_3/kgtyiuehxe.mp4,dfdc_train_part_3
dfdc_train_part_3_ftfiuxqnrq,val,fake,/workspace/data/raw/dfdc/dfdc_train_part_03/dfdc_train_part_3/ftfiuxqnrq.mp4,dfdc_train_part_3
dfdc_train_part_3_hcpxaobnjr,val,real,/workspace/data/raw/dfdc/dfdc_train_part_03/dfdc_train_part_3/hcpxaobnjr.mp4,dfdc_train_part_3
dfdc_train_part_3_xploilhkfz,val,fake,/workspace/data/raw/dfdc/dfdc_train_part_03/dfdc_train_part_3/xploilhkfz.mp4,dfdc_train_part_3
dfdc_train_part_3_ecqpbhajkx,val,fake,/workspace/data/raw/dfdc/dfdc_train_part_03/dfdc_train_part_3/ecqpbhajkx.mp4,dfdc_train_part_3
dfdc_train_part_3_whwgqnexeu,val,fake,/workspace/data/raw/dfdc/dfdc_train_part_03/dfdc_train_part_3/whwgqnexeu.mp4,dfdc_train_part_3
dfdc_train_part_3_hzrnxusemq,val,fake,/workspace/data/raw/dfdc/dfdc_train_part_03/dfdc_train_part_3/hzrnxusemq.mp4,dfdc_train_part_3
dfdc_train_part_3_clndjmjqbg,val,fake,/workspace/data/raw/dfdc/dfdc_train_part_03/dfdc_train_part_3/clndjmjqbg.mp4,dfdc_train_part_3
dfdc_train_part_3_mcchrddyxx,val,real,/workspace/data/raw/dfdc/dfdc_train_part_03/dfdc_train_part_3/mcchrddyxx.mp4,dfdc_train_part_3
dfdc_train_part_3_kozaxpoobi,val,fake,/workspace/data/raw/dfdc/dfdc_train_part_03/dfdc_train_part_3/kozaxpoobi.mp4,dfdc_train_part_3
dfdc_train_part_3_trrgjelmuc,val,fake,/workspace/data/raw/dfdc/dfdc_train_part_03/dfdc_train_part_3/trrgjelmuc.mp4,dfdc_train_part_3
dfdc_train_part_3_bzybxsrwxk,val,real,/workspace/data/raw/dfdc/dfdc_train_part_03/dfdc_train_part_3/bzybxsrwxk.mp4,dfdc_train_part_3
dfdc_train_part_3_ewalytdxho,val,fake,/workspace/data/raw/dfdc/dfdc_train_part_03/dfdc_train_part_3/ewalytdxho.mp4,dfdc_train_part_3
dfdc_train_part_3_lknbqmikwg,val,fake,/workspace/data/raw/dfdc/dfdc_train_part_03/dfdc_train_part_3/lknbqmikwg.mp4,dfdc_train_part_3
dfdc_train_part_3_hmmpibwcha,val,fake,/workspace/data/raw/dfdc/dfdc_train_part_03/dfdc_train_part_3/hmmpibwcha.mp4,dfdc_train_part_3
dfdc_train_part_3_jrjturuuzm,val,fake,/workspace/data/raw/dfdc/dfdc_train_part_03/dfdc_train_part_3/jrjturuuzm.mp4,dfdc_train_part_3
dfdc_train_part_3_hsktvjqwjh,val,fake,/workspace/data/raw/dfdc/dfdc_train_part_03/dfdc_train_part_3/hsktvjqwjh.mp4,dfdc_train_part_3
dfdc_train_part_3_wsrgbixfae,val,fake,/workspace/data/raw/dfdc/dfdc_train_part_03/dfdc_train_part_3/wsrgbixfae.mp4,dfdc_train_part_3
dfdc_train_part_3_bbmagsmxrb,val,fake,/workspace/data/raw/dfdc/dfdc_train_part_03/dfdc_train_part_3/bbmagsmxrb.mp4,dfdc_train_part_3
dfdc_train_part_3_svdwmdvifm,val,fake,/workspace/data/raw/dfdc/dfdc_train_part_03/dfdc_train_part_3/svdwmdvifm.mp4,dfdc_train_part_3
dfdc_train_part_3_naurxjekvo,val,fake,/workspace/data/raw/dfdc/dfdc_train_part_03/dfdc_train_part_3/naurxjekvo.mp4,dfdc_train_part_3
dfdc_train_part_3_kmxsddcuvi,val,fake,/workspace/data/raw/dfdc/dfdc_train_part_03/dfdc_train_part_3/kmxsddcuvi.mp4,dfdc_train_part_3
dfdc_train_part_3_pmfnksgznw,val,fake,/workspace/data/raw/dfdc/dfdc_train_part_03/dfdc_train_part_3/pmfnksgznw.mp4,dfdc_train_part_3
dfdc_train_part_3_ejsdvcnvlu,val,fake,/workspace/data/raw/dfdc/dfdc_train_part_03/dfdc_train_part_3/ejsdvcnvlu.mp4,dfdc_train_part_3
dfdc_train_part_3_eczoeypdon,val,fake,/workspace/data/raw/dfdc/dfdc_train_part_03/dfdc_train_part_3/eczoeypdon.mp4,dfdc_train_part_3
dfdc_train_part_3_jwpwducvzg,val,fake,/workspace/data/raw/dfdc/dfdc_train_part_03/dfdc_train_part_3/jwpwducvzg.mp4,dfdc_train_part_3
dfdc_train_part_3_ihihvlytpy,val,fake,/workspace/data/raw/dfdc/dfdc_train_part_03/dfdc_train_part_3/ihihvlytpy.mp4,dfdc_train_part_3
dfdc_train_part_3_umtdpjvjgx,val,fake,/workspace/data/raw/dfdc/dfdc_train_part_03/dfdc_train_part_3/umtdpjvjgx.mp4,dfdc_train_part_3
dfdc_train_part_3_ltuxjcvdsv,val,fake,/workspace/data/raw/dfdc/dfdc_train_part_03/dfdc_train_part_3/ltuxjcvdsv.mp4,dfdc_train_part_3
dfdc_train_part_3_msxqtzvreq,val,fake,/workspace/data/raw/dfdc/dfdc_train_part_03/dfdc_train_part_3/msxqtzvreq.mp4,dfdc_train_part_3
dfdc_train_part_3_tlwbrrcnme,val,fake,/workspace/data/raw/dfdc/dfdc_train_part_03/dfdc_train_part_3/tlwbrrcnme.mp4,dfdc_train_part_3
dfdc_train_part_3_ygqcvloktt,val,fake,/workspace/data/raw/dfdc/dfdc_train_part_03/dfdc_train_part_3/ygqcvloktt.mp4,dfdc_train_part_3
dfdc_train_part_3_guthpzsxmr,val,fake,/workspace/data/raw/dfdc/dfdc_train_part_03/dfdc_train_part_3/guthpzsxmr.mp4,dfdc_train_part_3
dfdc_train_part_3_jegaokdbdb,val,real,/workspace/data/raw/dfdc/dfdc_train_part_03/dfdc_train_part_3/jegaokdbdb.mp4,dfdc_train_part_3
dfdc_train_part_3_qarpynklhz,val,fake,/workspace/data/raw/dfdc/dfdc_train_part_03/dfdc_train_part_3/qarpynklhz.mp4,dfdc_train_part_3
dfdc_train_part_3_otaahqoath,val,real,/workspace/data/raw/dfdc/dfdc_train_part_03/dfdc_train_part_3/otaahqoath.mp4,dfdc_train_part_3
dfdc_train_part_3_ozixsxpjkw,val,fake,/workspace/data/raw/dfdc/dfdc_train_part_03/dfdc_train_part_3/ozixsxpjkw.mp4,dfdc_train_part_3
dfdc_train_part_3_wwvwoppudl,val,fake,/workspace/data/raw/dfdc/dfdc_train_part_03/dfdc_train_part_3/wwvwoppudl.mp4,dfdc_train_part_3
dfdc_train_part_3_gqohgvwgiy,val,fake,/workspace/data/raw/dfdc/dfdc_train_part_03/dfdc_train_part_3/gqohgvwgiy.mp4,dfdc_train_part_3
dfdc_train_part_3_hiivirhwur,val,fake,/workspace/data/raw/dfdc/dfdc_train_part_03/dfdc_train_part_3/hiivirhwur.mp4,dfdc_train_part_3
dfdc_train_part_3_wiqdiiskbi,val,real,/workspace/data/raw/dfdc/dfdc_train_part_03/dfdc_train_part_3/wiqdiiskbi.mp4,dfdc_train_part_3
dfdc_train_part_3_slrfqkkyzu,val,fake,/workspace/data/raw/dfdc/dfdc_train_part_03/dfdc_train_part_3/slrfqkkyzu.mp4,dfdc_train_part_3
dfdc_train_part_3_poityevofb,val,fake,/workspace/data/raw/dfdc/dfdc_train_part_03/dfdc_train_part_3/poityevofb.mp4,dfdc_train_part_3
dfdc_train_part_3_gpzflkluau,val,fake,/workspace/data/raw/dfdc/dfdc_train_part_03/dfdc_train_part_3/gpzflkluau.mp4,dfdc_train_part_3
dfdc_train_part_3_pdlxtkajzt,val,fake,/workspace/data/raw/dfdc/dfdc_train_part_03/dfdc_train_part_3/pdlxtkajzt.mp4,dfdc_train_part_3
dfdc_train_part_3_ifraezsjlu,val,fake,/workspace/data/raw/dfdc/dfdc_train_part_03/dfdc_train_part_3/ifraezsjlu.mp4,dfdc_train_part_3
dfdc_train_part_3_ddnishdmey,val,fake,/workspace/data/raw/dfdc/dfdc_train_part_03/dfdc_train_part_3/ddnishdmey.mp4,dfdc_train_part_3
dfdc_train_part_3_bnwgnvnreu,val,fake,/workspace/data/raw/dfdc/dfdc_train_part_03/dfdc_train_part_3/bnwgnvnreu.mp4,dfdc_train_part_3
dfdc_train_part_3_hxtxahjitb,val,fake,/workspace/data/raw/dfdc/dfdc_train_part_03/dfdc_train_part_3/hxtxahjitb.mp4,dfdc_train_part_3
dfdc_train_part_3_utmllvpzkv,val,fake,/workspace/data/raw/dfdc/dfdc_train_part_03/dfdc_train_part_3/utmllvpzkv.mp4,dfdc_train_part_3
dfdc_train_part_3_ajcgqfzbef,val,fake,/workspace/data/raw/dfdc/dfdc_train_part_03/dfdc_train_part_3/ajcgqfzbef.mp4,dfdc_train_part_3
dfdc_train_part_3_zpsmkrweby,val,fake,/workspace/data/raw/dfdc/dfdc_train_part_03/dfdc_train_part_3/zpsmkrweby.mp4,dfdc_train_part_3
dfdc_train_part_3_atchftsngx,val,fake,/workspace/data/raw/dfdc/dfdc_train_part_03/dfdc_train_part_3/atchftsngx.mp4,dfdc_train_part_3
dfdc_train_part_3_xwmjwzygbn,val,fake,/workspace/data/raw/dfdc/dfdc_train_part_03/dfdc_train_part_3/xwmjwzygbn.mp4,dfdc_train_part_3
dfdc_train_part_3_yayvrsvhlv,val,fake,/workspace/data/raw/dfdc/dfdc_train_part_03/dfdc_train_part_3/yayvrsvhlv.mp4,dfdc_train_part_3
dfdc_train_part_3_yhfnkaderm,val,fake,/workspace/data/raw/dfdc/dfdc_train_part_03/dfdc_train_part_3/yhfnkaderm.mp4,dfdc_train_part_3
dfdc_train_part_3_rdxfcupiyo,val,fake,/workspace/data/raw/dfdc/dfdc_train_part_03/dfdc_train_part_3/rdxfcupiyo.mp4,dfdc_train_part_3
dfdc_train_part_3_qajuyojvdd,val,fake,/workspace/data/raw/dfdc/dfdc_train_part_03/dfdc_train_part_3/qajuyojvdd.mp4,dfdc_train_part_3
dfdc_train_part_3_pdgzsvxvht,val,real,/workspace/data/raw/dfdc/dfdc_train_part_03/dfdc_train_part_3/pdgzsvxvht.mp4,dfdc_train_part_3
dfdc_train_part_3_zouqndmlgi,val,fake,/workspace/data/raw/dfdc/dfdc_train_part_03/dfdc_train_part_3/zouqndmlgi.mp4,dfdc_train_part_3
dfdc_train_part_3_zevjaxtggn,val,fake,/workspace/data/raw/dfdc/dfdc_train_part_03/dfdc_train_part_3/zevjaxtggn.mp4,dfdc_train_part_3
dfdc_train_part_3_zzgtpnamdc,val,fake,/workspace/data/raw/dfdc/dfdc_train_part_03/dfdc_train_part_3/zzgtpnamdc.mp4,dfdc_train_part_3
dfdc_train_part_3_axidwwmhvb,val,fake,/workspace/data/raw/dfdc/dfdc_train_part_03/dfdc_train_part_3/axidwwmhvb.mp4,dfdc_train_part_3
dfdc_train_part_3_mfszujdaqw,val,fake,/workspace/data/raw/dfdc/dfdc_train_part_03/dfdc_train_part_3/mfszujdaqw.mp4,dfdc_train_part_3
dfdc_train_part_3_nlrjefgrov,val,fake,/workspace/data/raw/dfdc/dfdc_train_part_03/dfdc_train_part_3/nlrjefgrov.mp4,dfdc_train_part_3
dfdc_train_part_3_afrwgxjdqz,val,fake,/workspace/data/raw/dfdc/dfdc_train_part_03/dfdc_train_part_3/afrwgxjdqz.mp4,dfdc_train_part_3
dfdc_train_part_3_ghfnznqrvh,val,real,/workspace/data/raw/dfdc/dfdc_train_part_03/dfdc_train_part_3/ghfnznqrvh.mp4,dfdc_train_part_3
dfdc_train_part_3_wgvjgjdhxg,val,fake,/workspace/data/raw/dfdc/dfdc_train_part_03/dfdc_train_part_3/wgvjgjdhxg.mp4,dfdc_train_part_3
dfdc_train_part_3_fzoevqhrnz,val,fake,/workspace/data/raw/dfdc/dfdc_train_part_03/dfdc_train_part_3/fzoevqhrnz.mp4,dfdc_train_part_3
dfdc_train_part_3_ktctecjuyz,val,fake,/workspace/data/raw/dfdc/dfdc_train_part_03/dfdc_train_part_3/ktctecjuyz.mp4,dfdc_train_part_3
dfdc_train_part_3_hbcasaspdr,val,real,/workspace/data/raw/dfdc/dfdc_train_part_03/dfdc_train_part_3/hbcasaspdr.mp4,dfdc_train_part_3
dfdc_train_part_3_eshylhwvej,val,fake,/workspace/data/raw/dfdc/dfdc_train_part_03/dfdc_train_part_3/eshylhwvej.mp4,dfdc_train_part_3
dfdc_train_part_3_kzheptictt,val,fake,/workspace/data/raw/dfdc/dfdc_train_part_03/dfdc_train_part_3/kzheptictt.mp4,dfdc_train_part_3
dfdc_train_part_3_qbzsfwwciq,val,fake,/workspace/data/raw/dfdc/dfdc_train_part_03/dfdc_train_part_3/qbzsfwwciq.mp4,dfdc_train_part_3
dfdc_train_part_3_peyfcytcef,val,fake,/workspace/data/raw/dfdc/dfdc_train_part_03/dfdc_train_part_3/peyfcytcef.mp4,dfdc_train_part_3
dfdc_train_part_3_uhoasjgnsc,val,fake,/workspace/data/raw/dfdc/dfdc_train_part_03/dfdc_train_part_3/uhoasjgnsc.mp4,dfdc_train_part_3
dfdc_train_part_3_ewttmsywwz,val,fake,/workspace/data/raw/dfdc/dfdc_train_part_03/dfdc_train_part_3/ewttmsywwz.mp4,dfdc_train_part_3
dfdc_train_part_3_yvrezovjkj,val,fake,/workspace/data/raw/dfdc/dfdc_train_part_03/dfdc_train_part_3/yvrezovjkj.mp4,dfdc_train_part_3
dfdc_train_part_3_tzvupxegqs,val,fake,/workspace/data/raw/dfdc/dfdc_train_part_03/dfdc_train_part_3/tzvupxegqs.mp4,dfdc_train_part_3
dfdc_train_part_3_mfhsgjziss,val,fake,/workspace/data/raw/dfdc/dfdc_train_part_03/dfdc_train_part_3/mfhsgjziss.mp4,dfdc_train_part_3
dfdc_train_part_3_plsttxlqoo,val,real,/workspace/data/raw/dfdc/dfdc_train_part_03/dfdc_train_part_3/plsttxlqoo.mp4,dfdc_train_part_3
dfdc_train_part_3_hgqerdoyfn,val,fake,/workspace/data/raw/dfdc/dfdc_train_part_03/dfdc_train_part_3/hgqerdoyfn.mp4,dfdc_train_part_3
dfdc_train_part_3_vwxoezsjbx,val,fake,/workspace/data/raw/dfdc/dfdc_train_part_03/dfdc_train_part_3/vwxoezsjbx.mp4,dfdc_train_part_3
dfdc_train_part_3_bdshamihxz,val,fake,/workspace/data/raw/dfdc/dfdc_train_part_03/dfdc_train_part_3/bdshamihxz.mp4,dfdc_train_part_3
dfdc_train_part_3_xhljdvjzoo,val,fake,/workspace/data/raw/dfdc/dfdc_train_part_03/dfdc_train_part_3/xhljdvjzoo.mp4,dfdc_train_part_3
dfdc_train_part_3_vspaahwtew,val,fake,/workspace/data/raw/dfdc/dfdc_train_part_03/dfdc_train_part_3/vspaahwtew.mp4,dfdc_train_part_3
dfdc_train_part_3_zovadywage,val,fake,/workspace/data/raw/dfdc/dfdc_train_part_03/dfdc_train_part_3/zovadywage.mp4,dfdc_train_part_3
dfdc_train_part_3_rczqubhdel,val,fake,/workspace/data/raw/dfdc/dfdc_train_part_03/dfdc_train_part_3/rczqubhdel.mp4,dfdc_train_part_3
dfdc_train_part_3_rqmwermthr,val,fake,/workspace/data/raw/dfdc/dfdc_train_part_03/dfdc_train_part_3/rqmwermthr.mp4,dfdc_train_part_3
dfdc_train_part_3_pzkvwtadta,val,real,/workspace/data/raw/dfdc/dfdc_train_part_03/dfdc_train_part_3/pzkvwtadta.mp4,dfdc_train_part_3
dfdc_train_part_3_jlpowwswuu,val,fake,/workspace/data/raw/dfdc/dfdc_train_part_03/dfdc_train_part_3/jlpowwswuu.mp4,dfdc_train_part_3
dfdc_train_part_3_cxmvedvusk,val,fake,/workspace/data/raw/dfdc/dfdc_train_part_03/dfdc_train_part_3/cxmvedvusk.mp4,dfdc_train_part_3
dfdc_train_part_3_caljwhewpb,val,fake,/workspace/data/raw/dfdc/dfdc_train_part_03/dfdc_train_part_3/caljwhewpb.mp4,dfdc_train_part_3
dfdc_train_part_3_druokiksrn,val,fake,/workspace/data/raw/dfdc/dfdc_train_part_03/dfdc_train_part_3/druokiksrn.mp4,dfdc_train_part_3
dfdc_train_part_3_jmscasqqke,val,fake,/workspace/data/raw/dfdc/dfdc_train_part_03/dfdc_train_part_3/jmscasqqke.mp4,dfdc_train_part_3
dfdc_train_part_3_sfvhqnulzm,val,fake,/workspace/data/raw/dfdc/dfdc_train_part_03/dfdc_train_part_3/sfvhqnulzm.mp4,dfdc_train_part_3
dfdc_train_part_3_jdxvbzwshp,val,fake,/workspace/data/raw/dfdc/dfdc_train_part_03/dfdc_train_part_3/jdxvbzwshp.mp4,dfdc_train_part_3
dfdc_train_part_3_zcthiwrsfz,val,fake,/workspace/data/raw/dfdc/dfdc_train_part_03/dfdc_train_part_3/zcthiwrsfz.mp4,dfdc_train_part_3
dfdc_train_part_3_iidlzxipln,val,fake,/workspace/data/raw/dfdc/dfdc_train_part_03/dfdc_train_part_3/iidlzxipln.mp4,dfdc_train_part_3
dfdc_train_part_3_bpijdklhxj,val,fake,/workspace/data/raw/dfdc/dfdc_train_part_03/dfdc_train_part_3/bpijdklhxj.mp4,dfdc_train_part_3
dfdc_train_part_3_euwrayzkvf,val,fake,/workspace/data/raw/dfdc/dfdc_train_part_03/dfdc_train_part_3/euwrayzkvf.mp4,dfdc_train_part_3
dfdc_train_part_3_gxarkezoin,val,fake,/workspace/data/raw/dfdc/dfdc_train_part_03/dfdc_train_part_3/gxarkezoin.mp4,dfdc_train_part_3
dfdc_train_part_3_piqrfppjjx,val,fake,/workspace/data/raw/dfdc/dfdc_train_part_03/dfdc_train_part_3/piqrfppjjx.mp4,dfdc_train_part_3
dfdc_train_part_3_dawsozqnoy,val,fake,/workspace/data/raw/dfdc/dfdc_train_part_03/dfdc_train_part_3/dawsozqnoy.mp4,dfdc_train_part_3
dfdc_train_part_3_jleecnqvlk,val,fake,/workspace/data/raw/dfdc/dfdc_train_part_03/dfdc_train_part_3/jleecnqvlk.mp4,dfdc_train_part_3
dfdc_train_part_3_sbsclbjjjh,val,fake,/workspace/data/raw/dfdc/dfdc_train_part_03/dfdc_train_part_3/sbsclbjjjh.mp4,dfdc_train_part_3
dfdc_train_part_3_xaxptdvide,val,fake,/workspace/data/raw/dfdc/dfdc_train_part_03/dfdc_train_part_3/xaxptdvide.mp4,dfdc_train_part_3
dfdc_train_part_3_dbpwyvzccc,val,fake,/workspace/data/raw/dfdc/dfdc_train_part_03/dfdc_train_part_3/dbpwyvzccc.mp4,dfdc_train_part_3
dfdc_train_part_3_idlvayiwru,val,fake,/workspace/data/raw/dfdc/dfdc_train_part_03/dfdc_train_part_3/idlvayiwru.mp4,dfdc_train_part_3
dfdc_train_part_3_qlstcyptrk,val,fake,/workspace/data/raw/dfdc/dfdc_train_part_03/dfdc_train_part_3/qlstcyptrk.mp4,dfdc_train_part_3
dfdc_train_part_3_lvmgoqfqha,val,fake,/workspace/data/raw/dfdc/dfdc_train_part_03/dfdc_train_part_3/lvmgoqfqha.mp4,dfdc_train_part_3
dfdc_train_part_3_lbzhwugumm,val,fake,/workspace/data/raw/dfdc/dfdc_train_part_03/dfdc_train_part_3/lbzhwugumm.mp4,dfdc_train_part_3
dfdc_train_part_3_uyftiwbolt,val,fake,/workspace/data/raw/dfdc/dfdc_train_part_03/dfdc_train_part_3/uyftiwbolt.mp4,dfdc_train_part_3
dfdc_train_part_3_eqliqjdput,val,fake,/workspace/data/raw/dfdc/dfdc_train_part_03/dfdc_train_part_3/eqliqjdput.mp4,dfdc_train_part_3
dfdc_train_part_3_zoxsjljbkr,val,fake,/workspace/data/raw/dfdc/dfdc_train_part_03/dfdc_train_part_3/zoxsjljbkr.mp4,dfdc_train_part_3
dfdc_train_part_3_zjxeptlacm,val,real,/workspace/data/raw/dfdc/dfdc_train_part_03/dfdc_train_part_3/zjxeptlacm.mp4,dfdc_train_part_3
dfdc_train_part_3_wyttjinowl,val,fake,/workspace/data/raw/dfdc/dfdc_train_part_03/dfdc_train_part_3/wyttjinowl.mp4,dfdc_train_part_3
dfdc_train_part_3_tipvemrumo,val,fake,/workspace/data/raw/dfdc/dfdc_train_part_03/dfdc_train_part_3/tipvemrumo.mp4,dfdc_train_part_3
dfdc_train_part_3_yqohyqqxmx,val,fake,/workspace/data/raw/dfdc/dfdc_train_part_03/dfdc_train_part_3/yqohyqqxmx.mp4,dfdc_train_part_3
dfdc_train_part_3_pjvhpqfoyr,val,fake,/workspace/data/raw/dfdc/dfdc_train_part_03/dfdc_train_part_3/pjvhpqfoyr.mp4,dfdc_train_part_3
dfdc_train_part_3_nkauocpskr,val,fake,/workspace/data/raw/dfdc/dfdc_train_part_03/dfdc_train_part_3/nkauocpskr.mp4,dfdc_train_part_3
dfdc_train_part_3_uzczzvvjal,val,fake,/workspace/data/raw/dfdc/dfdc_train_part_03/dfdc_train_part_3/uzczzvvjal.mp4,dfdc_train_part_3
dfdc_train_part_3_qpwzmbqafu,val,fake,/workspace/data/raw/dfdc/dfdc_train_part_03/dfdc_train_part_3/qpwzmbqafu.mp4,dfdc_train_part_3
dfdc_train_part_3_ppahluazwa,val,fake,/workspace/data/raw/dfdc/dfdc_train_part_03/dfdc_train_part_3/ppahluazwa.mp4,dfdc_train_part_3
dfdc_train_part_3_puiomqyjhv,val,fake,/workspace/data/raw/dfdc/dfdc_train_part_03/dfdc_train_part_3/puiomqyjhv.mp4,dfdc_train_part_3
dfdc_train_part_3_ziumacwbnq,val,fake,/workspace/data/raw/dfdc/dfdc_train_part_03/dfdc_train_part_3/ziumacwbnq.mp4,dfdc_train_part_3
dfdc_train_part_3_cscqiumunp,val,fake,/workspace/data/raw/dfdc/dfdc_train_part_03/dfdc_train_part_3/cscqiumunp.mp4,dfdc_train_part_3
dfdc_train_part_3_ugtxpawoso,val,fake,/workspace/data/raw/dfdc/dfdc_train_part_03/dfdc_train_part_3/ugtxpawoso.mp4,dfdc_train_part_3
dfdc_train_part_3_aarsmohwrt,val,fake,/workspace/data/raw/dfdc/dfdc_train_part_03/dfdc_train_part_3/aarsmohwrt.mp4,dfdc_train_part_3
dfdc_train_part_3_suzswficla,val,fake,/workspace/data/raw/dfdc/dfdc_train_part_03/dfdc_train_part_3/suzswficla.mp4,dfdc_train_part_3
dfdc_train_part_3_yffdrqtbrt,val,fake,/workspace/data/raw/dfdc/dfdc_train_part_03/dfdc_train_part_3/yffdrqtbrt.mp4,dfdc_train_part_3
dfdc_train_part_3_aycjerwghk,val,real,/workspace/data/raw/dfdc/dfdc_train_part_03/dfdc_train_part_3/aycjerwghk.mp4,dfdc_train_part_3
dfdc_train_part_3_mwtamzmmjs,val,real,/workspace/data/raw/dfdc/dfdc_train_part_03/dfdc_train_part_3/mwtamzmmjs.mp4,dfdc_train_part_3
dfdc_train_part_3_eppywcdkcs,val,fake,/workspace/data/raw/dfdc/dfdc_train_part_03/dfdc_train_part_3/eppywcdkcs.mp4,dfdc_train_part_3
dfdc_train_part_3_kwbowssmwq,val,fake,/workspace/data/raw/dfdc/dfdc_train_part_03/dfdc_train_part_3/kwbowssmwq.mp4,dfdc_train_part_3
dfdc_train_part_3_ifzspsyvsu,val,fake,/workspace/data/raw/dfdc/dfdc_train_part_03/dfdc_train_part_3/ifzspsyvsu.mp4,dfdc_train_part_3
dfdc_train_part_3_eefjhklvnt,val,fake,/workspace/data/raw/dfdc/dfdc_train_part_03/dfdc_train_part_3/eefjhklvnt.mp4,dfdc_train_part_3
dfdc_train_part_3_bmwftpdgmk,val,fake,/workspace/data/raw/dfdc/dfdc_train_part_03/dfdc_train_part_3/bmwftpdgmk.mp4,dfdc_train_part_3
dfdc_train_part_3_dzjswxpstl,val,fake,/workspace/data/raw/dfdc/dfdc_train_part_03/dfdc_train_part_3/dzjswxpstl.mp4,dfdc_train_part_3
dfdc_train_part_3_woorsicxkq,val,fake,/workspace/data/raw/dfdc/dfdc_train_part_03/dfdc_train_part_3/woorsicxkq.mp4,dfdc_train_part_3
dfdc_train_part_3_kwobmfatrm,val,fake,/workspace/data/raw/dfdc/dfdc_train_part_03/dfdc_train_part_3/kwobmfatrm.mp4,dfdc_train_part_3
dfdc_train_part_3_qihliclcso,val,fake,/workspace/data/raw/dfdc/dfdc_train_part_03/dfdc_train_part_3/qihliclcso.mp4,dfdc_train_part_3
dfdc_train_part_3_ryzjzycgax,val,fake,/workspace/data/raw/dfdc/dfdc_train_part_03/dfdc_train_part_3/ryzjzycgax.mp4,dfdc_train_part_3
dfdc_train_part_3_ocsfspgksg,val,fake,/workspace/data/raw/dfdc/dfdc_train_part_03/dfdc_train_part_3/ocsfspgksg.mp4,dfdc_train_part_3
dfdc_train_part_3_idrzntgmqv,val,fake,/workspace/data/raw/dfdc/dfdc_train_part_03/dfdc_train_part_3/idrzntgmqv.mp4,dfdc_train_part_3
dfdc_train_part_3_cssoselqjy,val,fake,/workspace/data/raw/dfdc/dfdc_train_part_03/dfdc_train_part_3/cssoselqjy.mp4,dfdc_train_part_3
dfdc_train_part_3_qjuagjhdth,val,fake,/workspace/data/raw/dfdc/dfdc_train_part_03/dfdc_train_part_3/qjuagjhdth.mp4,dfdc_train_part_3
dfdc_train_part_3_cyomcqpgmy,val,fake,/workspace/data/raw/dfdc/dfdc_train_part_03/dfdc_train_part_3/cyomcqpgmy.mp4,dfdc_train_part_3
dfdc_train_part_3_kosjbrfoxt,val,fake,/workspace/data/raw/dfdc/dfdc_train_part_03/dfdc_train_part_3/kosjbrfoxt.mp4,dfdc_train_part_3
dfdc_train_part_3_wqnftvyqgs,val,fake,/workspace/data/raw/dfdc/dfdc_train_part_03/dfdc_train_part_3/wqnftvyqgs.mp4,dfdc_train_part_3
dfdc_train_part_3_dwynqbgsue,val,fake,/workspace/data/raw/dfdc/dfdc_train_part_03/dfdc_train_part_3/dwynqbgsue.mp4,dfdc_train_part_3
dfdc_train_part_3_uliblojdwu,val,fake,/workspace/data/raw/dfdc/dfdc_train_part_03/dfdc_train_part_3/uliblojdwu.mp4,dfdc_train_part_3
dfdc_train_part_3_wvjlljxfdj,val,fake,/workspace/data/raw/dfdc/dfdc_train_part_03/dfdc_train_part_3/wvjlljxfdj.mp4,dfdc_train_part_3
dfdc_train_part_3_cxdibrhrwz,val,fake,/workspace/data/raw/dfdc/dfdc_train_part_03/dfdc_train_part_3/cxdibrhrwz.mp4,dfdc_train_part_3
dfdc_train_part_3_qtvjkrnnfq,val,fake,/workspace/data/raw/dfdc/dfdc_train_part_03/dfdc_train_part_3/qtvjkrnnfq.mp4,dfdc_train_part_3
dfdc_train_part_3_pgqrjzhtlb,val,fake,/workspace/data/raw/dfdc/dfdc_train_part_03/dfdc_train_part_3/pgqrjzhtlb.mp4,dfdc_train_part_3
dfdc_train_part_3_zokvpuvkuc,val,fake,/workspace/data/raw/dfdc/dfdc_train_part_03/dfdc_train_part_3/zokvpuvkuc.mp4,dfdc_train_part_3
dfdc_train_part_3_gvpqgtsuyh,val,real,/workspace/data/raw/dfdc/dfdc_train_part_03/dfdc_train_part_3/gvpqgtsuyh.mp4,dfdc_train_part_3
dfdc_train_part_3_pucwejjpdg,val,fake,/workspace/data/raw/dfdc/dfdc_train_part_03/dfdc_train_part_3/pucwejjpdg.mp4,dfdc_train_part_3
dfdc_train_part_3_wziugfxzzd,val,fake,/workspace/data/raw/dfdc/dfdc_train_part_03/dfdc_train_part_3/wziugfxzzd.mp4,dfdc_train_part_3
dfdc_train_part_3_ijvqpzanqe,val,fake,/workspace/data/raw/dfdc/dfdc_train_part_03/dfdc_train_part_3/ijvqpzanqe.mp4,dfdc_train_part_3
dfdc_train_part_3_fjxjzeuxco,val,fake,/workspace/data/raw/dfdc/dfdc_train_part_03/dfdc_train_part_3/fjxjzeuxco.mp4,dfdc_train_part_3
dfdc_train_part_3_gtrndgtyqk,val,fake,/workspace/data/raw/dfdc/dfdc_train_part_03/dfdc_train_part_3/gtrndgtyqk.mp4,dfdc_train_part_3
dfdc_train_part_3_hqhxonkyov,val,fake,/workspace/data/raw/dfdc/dfdc_train_part_03/dfdc_train_part_3/hqhxonkyov.mp4,dfdc_train_part_3
dfdc_train_part_3_erzyucrekk,val,fake,/workspace/data/raw/dfdc/dfdc_train_part_03/dfdc_train_part_3/erzyucrekk.mp4,dfdc_train_part_3
dfdc_train_part_3_tujnmixmiw,val,fake,/workspace/data/raw/dfdc/dfdc_train_part_03/dfdc_train_part_3/tujnmixmiw.mp4,dfdc_train_part_3
dfdc_train_part_3_ktwkfhhqhd,val,fake,/workspace/data/raw/dfdc/dfdc_train_part_03/dfdc_train_part_3/ktwkfhhqhd.mp4,dfdc_train_part_3
dfdc_train_part_3_qtxorhdfos,val,fake,/workspace/data/raw/dfdc/dfdc_train_part_03/dfdc_train_part_3/qtxorhdfos.mp4,dfdc_train_part_3
dfdc_train_part_3_uwhiklpzwq,val,fake,/workspace/data/raw/dfdc/dfdc_train_part_03/dfdc_train_part_3/uwhiklpzwq.mp4,dfdc_train_part_3
dfdc_train_part_3_syjkxjekyf,val,fake,/workspace/data/raw/dfdc/dfdc_train_part_03/dfdc_train_part_3/syjkxjekyf.mp4,dfdc_train_part_3
dfdc_train_part_3_qsrzkstona,val,fake,/workspace/data/raw/dfdc/dfdc_train_part_03/dfdc_train_part_3/qsrzkstona.mp4,dfdc_train_part_3
dfdc_train_part_3_wrybstjzbb,val,fake,/workspace/data/raw/dfdc/dfdc_train_part_03/dfdc_train_part_3/wrybstjzbb.mp4,dfdc_train_part_3
dfdc_train_part_3_kytwyrusew,val,real,/workspace/data/raw/dfdc/dfdc_train_part_03/dfdc_train_part_3/kytwyrusew.mp4,dfdc_train_part_3
dfdc_train_part_3_yxdleubquk,val,fake,/workspace/data/raw/dfdc/dfdc_train_part_03/dfdc_train_part_3/yxdleubquk.mp4,dfdc_train_part_3
dfdc_train_part_3_hprmoefdab,val,fake,/workspace/data/raw/dfdc/dfdc_train_part_03/dfdc_train_part_3/hprmoefdab.mp4,dfdc_train_part_3
dfdc_train_part_3_aelvskvush,val,fake,/workspace/data/raw/dfdc/dfdc_train_part_03/dfdc_train_part_3/aelvskvush.mp4,dfdc_train_part_3
dfdc_train_part_3_mhngzlqmyo,val,fake,/workspace/data/raw/dfdc/dfdc_train_part_03/dfdc_train_part_3/mhngzlqmyo.mp4,dfdc_train_part_3
dfdc_train_part_3_lzizdgcqlx,val,fake,/workspace/data/raw/dfdc/dfdc_train_part_03/dfdc_train_part_3/lzizdgcqlx.mp4,dfdc_train_part_3
dfdc_train_part_3_xzanrsqxne,val,fake,/workspace/data/raw/dfdc/dfdc_train_part_03/dfdc_train_part_3/xzanrsqxne.mp4,dfdc_train_part_3
dfdc_train_part_3_xalapiimji,val,fake,/workspace/data/raw/dfdc/dfdc_train_part_03/dfdc_train_part_3/xalapiimji.mp4,dfdc_train_part_3
dfdc_train_part_3_lsuusjjclk,val,fake,/workspace/data/raw/dfdc/dfdc_train_part_03/dfdc_train_part_3/lsuusjjclk.mp4,dfdc_train_part_3
dfdc_train_part_3_jovauydjvz,val,fake,/workspace/data/raw/dfdc/dfdc_train_part_03/dfdc_train_part_3/jovauydjvz.mp4,dfdc_train_part_3
dfdc_train_part_3_yhxegrhbdt,val,fake,/workspace/data/raw/dfdc/dfdc_train_part_03/dfdc_train_part_3/yhxegrhbdt.mp4,dfdc_train_part_3
dfdc_train_part_3_vjqavaocrp,val,fake,/workspace/data/raw/dfdc/dfdc_train_part_03/dfdc_train_part_3/vjqavaocrp.mp4,dfdc_train_part_3
dfdc_train_part_3_qkwkkizbep,val,fake,/workspace/data/raw/dfdc/dfdc_train_part_03/dfdc_train_part_3/qkwkkizbep.mp4,dfdc_train_part_3
dfdc_train_part_3_wkuqvzyxmx,val,fake,/workspace/data/raw/dfdc/dfdc_train_part_03/dfdc_train_part_3/wkuqvzyxmx.mp4,dfdc_train_part_3
dfdc_train_part_3_hznwyqvsjj,val,fake,/workspace/data/raw/dfdc/dfdc_train_part_03/dfdc_train_part_3/hznwyqvsjj.mp4,dfdc_train_part_3
dfdc_train_part_3_efgxwnhdkg,val,fake,/workspace/data/raw/dfdc/dfdc_train_part_03/dfdc_train_part_3/efgxwnhdkg.mp4,dfdc_train_part_3
dfdc_train_part_3_agdivudslh,val,fake,/workspace/data/raw/dfdc/dfdc_train_part_03/dfdc_train_part_3/agdivudslh.mp4,dfdc_train_part_3
dfdc_train_part_3_tufrizdkdx,val,fake,/workspace/data/raw/dfdc/dfdc_train_part_03/dfdc_train_part_3/tufrizdkdx.mp4,dfdc_train_part_3
dfdc_train_part_3_xahpdpoykc,val,fake,/workspace/data/raw/dfdc/dfdc_train_part_03/dfdc_train_part_3/xahpdpoykc.mp4,dfdc_train_part_3
dfdc_train_part_3_hveicxbnbb,val,fake,/workspace/data/raw/dfdc/dfdc_train_part_03/dfdc_train_part_3/hveicxbnbb.mp4,dfdc_train_part_3
dfdc_train_part_3_bzmrzdjdfi,val,fake,/workspace/data/raw/dfdc/dfdc_train_part_03/dfdc_train_part_3/bzmrzdjdfi.mp4,dfdc_train_part_3
dfdc_train_part_3_mgssylcwny,val,real,/workspace/data/raw/dfdc/dfdc_train_part_03/dfdc_train_part_3/mgssylcwny.mp4,dfdc_train_part_3
dfdc_train_part_3_duxebrvpko,val,fake,/workspace/data/raw/dfdc/dfdc_train_part_03/dfdc_train_part_3/duxebrvpko.mp4,dfdc_train_part_3
dfdc_train_part_3_kwtkwmnapm,val,fake,/workspace/data/raw/dfdc/dfdc_train_part_03/dfdc_train_part_3/kwtkwmnapm.mp4,dfdc_train_part_3
dfdc_train_part_3_upcgeucbzp,val,fake,/workspace/data/raw/dfdc/dfdc_train_part_03/dfdc_train_part_3/upcgeucbzp.mp4,dfdc_train_part_3
dfdc_train_part_3_jdxfxyljjw,val,fake,/workspace/data/raw/dfdc/dfdc_train_part_03/dfdc_train_part_3/jdxfxyljjw.mp4,dfdc_train_part_3
dfdc_train_part_3_qdijdyiutg,val,fake,/workspace/data/raw/dfdc/dfdc_train_part_03/dfdc_train_part_3/qdijdyiutg.mp4,dfdc_train_part_3
dfdc_train_part_3_bmewfssalv,val,fake,/workspace/data/raw/dfdc/dfdc_train_part_03/dfdc_train_part_3/bmewfssalv.mp4,dfdc_train_part_3
dfdc_train_part_3_rrsybdbper,val,fake,/workspace/data/raw/dfdc/dfdc_train_part_03/dfdc_train_part_3/rrsybdbper.mp4,dfdc_train_part_3
dfdc_train_part_3_pijwznrtjh,val,real,/workspace/data/raw/dfdc/dfdc_train_part_03/dfdc_train_part_3/pijwznrtjh.mp4,dfdc_train_part_3
dfdc_train_part_3_iupxhybuyo,val,fake,/workspace/data/raw/dfdc/dfdc_train_part_03/dfdc_train_part_3/iupxhybuyo.mp4,dfdc_train_part_3
dfdc_train_part_3_aqbkbgwgrd,val,fake,/workspace/data/raw/dfdc/dfdc_train_part_03/dfdc_train_part_3/aqbkbgwgrd.mp4,dfdc_train_part_3
dfdc_train_part_3_yxexnvndkd,val,fake,/workspace/data/raw/dfdc/dfdc_train_part_03/dfdc_train_part_3/yxexnvndkd.mp4,dfdc_train_part_3
dfdc_train_part_3_gqeapnhtur,val,fake,/workspace/data/raw/dfdc/dfdc_train_part_03/dfdc_train_part_3/gqeapnhtur.mp4,dfdc_train_part_3
dfdc_train_part_3_qnuqtsojbg,val,fake,/workspace/data/raw/dfdc/dfdc_train_part_03/dfdc_train_part_3/qnuqtsojbg.mp4,dfdc_train_part_3
dfdc_train_part_3_mxfppuzljp,val,fake,/workspace/data/raw/dfdc/dfdc_train_part_03/dfdc_train_part_3/mxfppuzljp.mp4,dfdc_train_part_3
dfdc_train_part_3_fuxlgnyujv,val,fake,/workspace/data/raw/dfdc/dfdc_train_part_03/dfdc_train_part_3/fuxlgnyujv.mp4,dfdc_train_part_3
dfdc_train_part_3_pxrhjlzird,val,real,/workspace/data/raw/dfdc/dfdc_train_part_03/dfdc_train_part_3/pxrhjlzird.mp4,dfdc_train_part_3
dfdc_train_part_3_cerlkkynsx,val,fake,/workspace/data/raw/dfdc/dfdc_train_part_03/dfdc_train_part_3/cerlkkynsx.mp4,dfdc_train_part_3
dfdc_train_part_3_tdivpngaxx,val,fake,/workspace/data/raw/dfdc/dfdc_train_part_03/dfdc_train_part_3/tdivpngaxx.mp4,dfdc_train_part_3
dfdc_train_part_3_lvtpvzwwwx,val,fake,/workspace/data/raw/dfdc/dfdc_train_part_03/dfdc_train_part_3/lvtpvzwwwx.mp4,dfdc_train_part_3
dfdc_train_part_3_ijlyhbzvmg,val,fake,/workspace/data/raw/dfdc/dfdc_train_part_03/dfdc_train_part_3/ijlyhbzvmg.mp4,dfdc_train_part_3
dfdc_train_part_3_vvzsstbyrd,val,fake,/workspace/data/raw/dfdc/dfdc_train_part_03/dfdc_train_part_3/vvzsstbyrd.mp4,dfdc_train_part_3
dfdc_train_part_3_olqnjjfoyf,val,fake,/workspace/data/raw/dfdc/dfdc_train_part_03/dfdc_train_part_3/olqnjjfoyf.mp4,dfdc_train_part_3
dfdc_train_part_3_lwlpjzobjr,val,fake,/workspace/data/raw/dfdc/dfdc_train_part_03/dfdc_train_part_3/lwlpjzobjr.mp4,dfdc_train_part_3
dfdc_train_part_3_tgwkvbtunv,val,fake,/workspace/data/raw/dfdc/dfdc_train_part_03/dfdc_train_part_3/tgwkvbtunv.mp4,dfdc_train_part_3
dfdc_train_part_3_jovwjoypwf,val,fake,/workspace/data/raw/dfdc/dfdc_train_part_03/dfdc_train_part_3/jovwjoypwf.mp4,dfdc_train_part_3
dfdc_train_part_3_vvwqzzfxpl,val,fake,/workspace/data/raw/dfdc/dfdc_train_part_03/dfdc_train_part_3/vvwqzzfxpl.mp4,dfdc_train_part_3
dfdc_train_part_3_biihbnwecq,val,fake,/workspace/data/raw/dfdc/dfdc_train_part_03/dfdc_train_part_3/biihbnwecq.mp4,dfdc_train_part_3
dfdc_train_part_3_rqezbiotrw,val,fake,/workspace/data/raw/dfdc/dfdc_train_part_03/dfdc_train_part_3/rqezbiotrw.mp4,dfdc_train_part_3
dfdc_train_part_3_lnrnzseeft,val,fake,/workspace/data/raw/dfdc/dfdc_train_part_03/dfdc_train_part_3/lnrnzseeft.mp4,dfdc_train_part_3
dfdc_train_part_3_kjypviopcd,val,fake,/workspace/data/raw/dfdc/dfdc_train_part_03/dfdc_train_part_3/kjypviopcd.mp4,dfdc_train_part_3
dfdc_train_part_3_rnjbgbrnmv,val,fake,/workspace/data/raw/dfdc/dfdc_train_part_03/dfdc_train_part_3/rnjbgbrnmv.mp4,dfdc_train_part_3
dfdc_train_part_3_itjxzhfilr,val,fake,/workspace/data/raw/dfdc/dfdc_train_part_03/dfdc_train_part_3/itjxzhfilr.mp4,dfdc_train_part_3
dfdc_train_part_3_bujfknruqx,val,fake,/workspace/data/raw/dfdc/dfdc_train_part_03/dfdc_train_part_3/bujfknruqx.mp4,dfdc_train_part_3
dfdc_train_part_3_hjprgsiagd,val,fake,/workspace/data/raw/dfdc/dfdc_train_part_03/dfdc_train_part_3/hjprgsiagd.mp4,dfdc_train_part_3
dfdc_train_part_3_kvpbmhvnwa,val,fake,/workspace/data/raw/dfdc/dfdc_train_part_03/dfdc_train_part_3/kvpbmhvnwa.mp4,dfdc_train_part_3
dfdc_train_part_3_fqruijjpfk,val,fake,/workspace/data/raw/dfdc/dfdc_train_part_03/dfdc_train_part_3/fqruijjpfk.mp4,dfdc_train_part_3
dfdc_train_part_3_xaqzfgitvj,val,fake,/workspace/data/raw/dfdc/dfdc_train_part_03/dfdc_train_part_3/xaqzfgitvj.mp4,dfdc_train_part_3
dfdc_train_part_3_rwzrbzubij,val,fake,/workspace/data/raw/dfdc/dfdc_train_part_03/dfdc_train_part_3/rwzrbzubij.mp4,dfdc_train_part_3
dfdc_train_part_3_ruthxwmdod,val,fake,/workspace/data/raw/dfdc/dfdc_train_part_03/dfdc_train_part_3/ruthxwmdod.mp4,dfdc_train_part_3
dfdc_train_part_3_xsbvtbycws,val,fake,/workspace/data/raw/dfdc/dfdc_train_part_03/dfdc_train_part_3/xsbvtbycws.mp4,dfdc_train_part_3
dfdc_train_part_3_iwtttiqeco,val,fake,/workspace/data/raw/dfdc/dfdc_train_part_03/dfdc_train_part_3/iwtttiqeco.mp4,dfdc_train_part_3
dfdc_train_part_3_vmfntlgmdz,val,fake,/workspace/data/raw/dfdc/dfdc_train_part_03/dfdc_train_part_3/vmfntlgmdz.mp4,dfdc_train_part_3
dfdc_train_part_3_jafxtknnoa,val,fake,/workspace/data/raw/dfdc/dfdc_train_part_03/dfdc_train_part_3/jafxtknnoa.mp4,dfdc_train_part_3
dfdc_train_part_3_btydshktss,val,fake,/workspace/data/raw/dfdc/dfdc_train_part_03/dfdc_train_part_3/btydshktss.mp4,dfdc_train_part_3
dfdc_train_part_3_nnqfwqrcov,val,real,/workspace/data/raw/dfdc/dfdc_train_part_03/dfdc_train_part_3/nnqfwqrcov.mp4,dfdc_train_part_3
dfdc_train_part_3_mxbwbdoerd,val,fake,/workspace/data/raw/dfdc/dfdc_train_part_03/dfdc_train_part_3/mxbwbdoerd.mp4,dfdc_train_part_3
dfdc_train_part_3_bvjebyqext,val,fake,/workspace/data/raw/dfdc/dfdc_train_part_03/dfdc_train_part_3/bvjebyqext.mp4,dfdc_train_part_3
dfdc_train_part_3_hoeweunzhs,val,fake,/workspace/data/raw/dfdc/dfdc_train_part_03/dfdc_train_part_3/hoeweunzhs.mp4,dfdc_train_part_3
dfdc_train_part_3_ukfleerauf,val,fake,/workspace/data/raw/dfdc/dfdc_train_part_03/dfdc_train_part_3/ukfleerauf.mp4,dfdc_train_part_3
dfdc_train_part_3_jueuqezaoz,val,fake,/workspace/data/raw/dfdc/dfdc_train_part_03/dfdc_train_part_3/jueuqezaoz.mp4,dfdc_train_part_3
dfdc_train_part_3_tyymzqnciy,val,fake,/workspace/data/raw/dfdc/dfdc_train_part_03/dfdc_train_part_3/tyymzqnciy.mp4,dfdc_train_part_3
dfdc_train_part_3_yncbodnton,val,fake,/workspace/data/raw/dfdc/dfdc_train_part_03/dfdc_train_part_3/yncbodnton.mp4,dfdc_train_part_3
dfdc_train_part_3_hsnzpsqxgk,val,fake,/workspace/data/raw/dfdc/dfdc_train_part_03/dfdc_train_part_3/hsnzpsqxgk.mp4,dfdc_train_part_3
dfdc_train_part_3_urajpnzzvs,val,fake,/workspace/data/raw/dfdc/dfdc_train_part_03/dfdc_train_part_3/urajpnzzvs.mp4,dfdc_train_part_3
dfdc_train_part_3_lpqstzsbqv,val,fake,/workspace/data/raw/dfdc/dfdc_train_part_03/dfdc_train_part_3/lpqstzsbqv.mp4,dfdc_train_part_3
dfdc_train_part_3_frhxvdnwxj,val,fake,/workspace/data/raw/dfdc/dfdc_train_part_03/dfdc_train_part_3/frhxvdnwxj.mp4,dfdc_train_part_3
dfdc_train_part_3_cexrhgoikd,val,fake,/workspace/data/raw/dfdc/dfdc_train_part_03/dfdc_train_part_3/cexrhgoikd.mp4,dfdc_train_part_3
dfdc_train_part_3_ftxkyhpuyp,val,real,/workspace/data/raw/dfdc/dfdc_train_part_03/dfdc_train_part_3/ftxkyhpuyp.mp4,dfdc_train_part_3
dfdc_train_part_3_znnxknrfrw,val,fake,/workspace/data/raw/dfdc/dfdc_train_part_03/dfdc_train_part_3/znnxknrfrw.mp4,dfdc_train_part_3
dfdc_train_part_3_vrkjaeqbsb,val,fake,/workspace/data/raw/dfdc/dfdc_train_part_03/dfdc_train_part_3/vrkjaeqbsb.mp4,dfdc_train_part_3
dfdc_train_part_3_opyqhzedxd,val,fake,/workspace/data/raw/dfdc/dfdc_train_part_03/dfdc_train_part_3/opyqhzedxd.mp4,dfdc_train_part_3
dfdc_train_part_3_gtzklhcjrb,val,fake,/workspace/data/raw/dfdc/dfdc_train_part_03/dfdc_train_part_3/gtzklhcjrb.mp4,dfdc_train_part_3
dfdc_train_part_3_myjslpqppw,val,fake,/workspace/data/raw/dfdc/dfdc_train_part_03/dfdc_train_part_3/myjslpqppw.mp4,dfdc_train_part_3
dfdc_train_part_3_almnilnfyu,val,real,/workspace/data/raw/dfdc/dfdc_train_part_03/dfdc_train_part_3/almnilnfyu.mp4,dfdc_train_part_3
dfdc_train_part_3_tovhbmrdcx,val,fake,/workspace/data/raw/dfdc/dfdc_train_part_03/dfdc_train_part_3/tovhbmrdcx.mp4,dfdc_train_part_3
dfdc_train_part_3_iywxsqsrsm,val,fake,/workspace/data/raw/dfdc/dfdc_train_part_03/dfdc_train_part_3/iywxsqsrsm.mp4,dfdc_train_part_3
dfdc_train_part_3_gbwbyxszjl,val,real,/workspace/data/raw/dfdc/dfdc_train_part_03/dfdc_train_part_3/gbwbyxszjl.mp4,dfdc_train_part_3
dfdc_train_part_3_hechzxqtfo,val,fake,/workspace/data/raw/dfdc/dfdc_train_part_03/dfdc_train_part_3/hechzxqtfo.mp4,dfdc_train_part_3
dfdc_train_part_3_iymztkafxg,val,fake,/workspace/data/raw/dfdc/dfdc_train_part_03/dfdc_train_part_3/iymztkafxg.mp4,dfdc_train_part_3
dfdc_train_part_3_esdscwuuqp,val,fake,/workspace/data/raw/dfdc/dfdc_train_part_03/dfdc_train_part_3/esdscwuuqp.mp4,dfdc_train_part_3
dfdc_train_part_3_kaxuhvblig,val,fake,/workspace/data/raw/dfdc/dfdc_train_part_03/dfdc_train_part_3/kaxuhvblig.mp4,dfdc_train_part_3
dfdc_train_part_3_wheyuvnwxe,val,fake,/workspace/data/raw/dfdc/dfdc_train_part_03/dfdc_train_part_3/wheyuvnwxe.mp4,dfdc_train_part_3
dfdc_train_part_3_uvbfjiohah,val,fake,/workspace/data/raw/dfdc/dfdc_train_part_03/dfdc_train_part_3/uvbfjiohah.mp4,dfdc_train_part_3
dfdc_train_part_3_qlpxhvlwuf,val,fake,/workspace/data/raw/dfdc/dfdc_train_part_03/dfdc_train_part_3/qlpxhvlwuf.mp4,dfdc_train_part_3
dfdc_train_part_3_vcawzvkoob,val,fake,/workspace/data/raw/dfdc/dfdc_train_part_03/dfdc_train_part_3/vcawzvkoob.mp4,dfdc_train_part_3
dfdc_train_part_3_eavwghkobe,val,fake,/workspace/data/raw/dfdc/dfdc_train_part_03/dfdc_train_part_3/eavwghkobe.mp4,dfdc_train_part_3
dfdc_train_part_3_mksvxnrrum,val,fake,/workspace/data/raw/dfdc/dfdc_train_part_03/dfdc_train_part_3/mksvxnrrum.mp4,dfdc_train_part_3
dfdc_train_part_3_asjvplzvqm,val,fake,/workspace/data/raw/dfdc/dfdc_train_part_03/dfdc_train_part_3/asjvplzvqm.mp4,dfdc_train_part_3
dfdc_train_part_3_pshagenxml,val,real,/workspace/data/raw/dfdc/dfdc_train_part_03/dfdc_train_part_3/pshagenxml.mp4,dfdc_train_part_3
dfdc_train_part_3_pjbulzfqxi,val,fake,/workspace/data/raw/dfdc/dfdc_train_part_03/dfdc_train_part_3/pjbulzfqxi.mp4,dfdc_train_part_3
dfdc_train_part_3_zqsmqkovmq,val,fake,/workspace/data/raw/dfdc/dfdc_train_part_03/dfdc_train_part_3/zqsmqkovmq.mp4,dfdc_train_part_3
dfdc_train_part_3_omonptfuas,val,fake,/workspace/data/raw/dfdc/dfdc_train_part_03/dfdc_train_part_3/omonptfuas.mp4,dfdc_train_part_3
dfdc_train_part_3_mibwzssjaa,val,fake,/workspace/data/raw/dfdc/dfdc_train_part_03/dfdc_train_part_3/mibwzssjaa.mp4,dfdc_train_part_3
dfdc_train_part_3_ltladympzu,val,fake,/workspace/data/raw/dfdc/dfdc_train_part_03/dfdc_train_part_3/ltladympzu.mp4,dfdc_train_part_3
dfdc_train_part_3_jcqjhgsoxr,val,fake,/workspace/data/raw/dfdc/dfdc_train_part_03/dfdc_train_part_3/jcqjhgsoxr.mp4,dfdc_train_part_3
dfdc_train_part_3_csxtydbgui,val,fake,/workspace/data/raw/dfdc/dfdc_train_part_03/dfdc_train_part_3/csxtydbgui.mp4,dfdc_train_part_3
dfdc_train_part_3_zqdjdmiihu,val,real,/workspace/data/raw/dfdc/dfdc_train_part_03/dfdc_train_part_3/zqdjdmiihu.mp4,dfdc_train_part_3
dfdc_train_part_3_jsxgbxobzi,val,fake,/workspace/data/raw/dfdc/dfdc_train_part_03/dfdc_train_part_3/jsxgbxobzi.mp4,dfdc_train_part_3
dfdc_train_part_3_gxpohzcamw,val,fake,/workspace/data/raw/dfdc/dfdc_train_part_03/dfdc_train_part_3/gxpohzcamw.mp4,dfdc_train_part_3
dfdc_train_part_3_xrxzalqmrz,val,real,/workspace/data/raw/dfdc/dfdc_train_part_03/dfdc_train_part_3/xrxzalqmrz.mp4,dfdc_train_part_3
dfdc_train_part_3_lzfolrfbph,val,fake,/workspace/data/raw/dfdc/dfdc_train_part_03/dfdc_train_part_3/lzfolrfbph.mp4,dfdc_train_part_3
dfdc_train_part_3_agsbrbnbfh,val,fake,/workspace/data/raw/dfdc/dfdc_train_part_03/dfdc_train_part_3/agsbrbnbfh.mp4,dfdc_train_part_3
dfdc_train_part_3_vkkeiamoou,val,fake,/workspace/data/raw/dfdc/dfdc_train_part_03/dfdc_train_part_3/vkkeiamoou.mp4,dfdc_train_part_3
dfdc_train_part_3_ptmnhskybc,val,fake,/workspace/data/raw/dfdc/dfdc_train_part_03/dfdc_train_part_3/ptmnhskybc.mp4,dfdc_train_part_3
dfdc_train_part_3_pwdwxpwbyp,val,fake,/workspace/data/raw/dfdc/dfdc_train_part_03/dfdc_train_part_3/pwdwxpwbyp.mp4,dfdc_train_part_3
dfdc_train_part_3_fcduuskckq,val,fake,/workspace/data/raw/dfdc/dfdc_train_part_03/dfdc_train_part_3/fcduuskckq.mp4,dfdc_train_part_3
dfdc_train_part_3_zxrrlzkgwj,val,fake,/workspace/data/raw/dfdc/dfdc_train_part_03/dfdc_train_part_3/zxrrlzkgwj.mp4,dfdc_train_part_3
dfdc_train_part_3_zsuhvcscph,val,fake,/workspace/data/raw/dfdc/dfdc_train_part_03/dfdc_train_part_3/zsuhvcscph.mp4,dfdc_train_part_3
dfdc_train_part_3_alxodlppci,val,fake,/workspace/data/raw/dfdc/dfdc_train_part_03/dfdc_train_part_3/alxodlppci.mp4,dfdc_train_part_3
dfdc_train_part_3_axklfzdbme,val,fake,/workspace/data/raw/dfdc/dfdc_train_part_03/dfdc_train_part_3/axklfzdbme.mp4,dfdc_train_part_3
dfdc_train_part_3_nhhvemcytp,val,fake,/workspace/data/raw/dfdc/dfdc_train_part_03/dfdc_train_part_3/nhhvemcytp.mp4,dfdc_train_part_3
dfdc_train_part_3_puylpqprqd,val,real,/workspace/data/raw/dfdc/dfdc_train_part_03/dfdc_train_part_3/puylpqprqd.mp4,dfdc_train_part_3
dfdc_train_part_3_ahofrimoni,val,fake,/workspace/data/raw/dfdc/dfdc_train_part_03/dfdc_train_part_3/ahofrimoni.mp4,dfdc_train_part_3
dfdc_train_part_3_zaqhdqviez,val,fake,/workspace/data/raw/dfdc/dfdc_train_part_03/dfdc_train_part_3/zaqhdqviez.mp4,dfdc_train_part_3
dfdc_train_part_3_zsfpgzznoc,val,fake,/workspace/data/raw/dfdc/dfdc_train_part_03/dfdc_train_part_3/zsfpgzznoc.mp4,dfdc_train_part_3
dfdc_train_part_3_mfbhshcwsp,val,fake,/workspace/data/raw/dfdc/dfdc_train_part_03/dfdc_train_part_3/mfbhshcwsp.mp4,dfdc_train_part_3
dfdc_train_part_3_exbachoyoo,val,fake,/workspace/data/raw/dfdc/dfdc_train_part_03/dfdc_train_part_3/exbachoyoo.mp4,dfdc_train_part_3
dfdc_train_part_3_gcfitworgi,val,fake,/workspace/data/raw/dfdc/dfdc_train_part_03/dfdc_train_part_3/gcfitworgi.mp4,dfdc_train_part_3
dfdc_train_part_3_cqbfayfpqx,val,real,/workspace/data/raw/dfdc/dfdc_train_part_03/dfdc_train_part_3/cqbfayfpqx.mp4,dfdc_train_part_3
dfdc_train_part_3_ytjwmglptg,val,fake,/workspace/data/raw/dfdc/dfdc_train_part_03/dfdc_train_part_3/ytjwmglptg.mp4,dfdc_train_part_3
dfdc_train_part_3_qdvimwzjka,val,fake,/workspace/data/raw/dfdc/dfdc_train_part_03/dfdc_train_part_3/qdvimwzjka.mp4,dfdc_train_part_3
dfdc_train_part_3_spbcnwldhk,val,fake,/workspace/data/raw/dfdc/dfdc_train_part_03/dfdc_train_part_3/spbcnwldhk.mp4,dfdc_train_part_3
dfdc_train_part_3_xkmhhsbilj,val,fake,/workspace/data/raw/dfdc/dfdc_train_part_03/dfdc_train_part_3/xkmhhsbilj.mp4,dfdc_train_part_3
dfdc_train_part_3_ynzljkqsvl,val,fake,/workspace/data/raw/dfdc/dfdc_train_part_03/dfdc_train_part_3/ynzljkqsvl.mp4,dfdc_train_part_3
dfdc_train_part_3_pwfipeanwn,val,fake,/workspace/data/raw/dfdc/dfdc_train_part_03/dfdc_train_part_3/pwfipeanwn.mp4,dfdc_train_part_3
dfdc_train_part_3_aimkjacvip,val,fake,/workspace/data/raw/dfdc/dfdc_train_part_03/dfdc_train_part_3/aimkjacvip.mp4,dfdc_train_part_3
dfdc_train_part_3_ppumysdmtg,val,fake,/workspace/data/raw/dfdc/dfdc_train_part_03/dfdc_train_part_3/ppumysdmtg.mp4,dfdc_train_part_3
dfdc_train_part_3_noozhkzkru,val,real,/workspace/data/raw/dfdc/dfdc_train_part_03/dfdc_train_part_3/noozhkzkru.mp4,dfdc_train_part_3
dfdc_train_part_3_lkwtqysqwr,val,real,/workspace/data/raw/dfdc/dfdc_train_part_03/dfdc_train_part_3/lkwtqysqwr.mp4,dfdc_train_part_3
dfdc_train_part_3_hwdtbuwkdt,val,fake,/workspace/data/raw/dfdc/dfdc_train_part_03/dfdc_train_part_3/hwdtbuwkdt.mp4,dfdc_train_part_3
dfdc_train_part_3_jpdmejzwuv,val,fake,/workspace/data/raw/dfdc/dfdc_train_part_03/dfdc_train_part_3/jpdmejzwuv.mp4,dfdc_train_part_3
dfdc_train_part_3_tojzejzwaz,val,fake,/workspace/data/raw/dfdc/dfdc_train_part_03/dfdc_train_part_3/tojzejzwaz.mp4,dfdc_train_part_3
dfdc_train_part_3_tswfawjeei,val,fake,/workspace/data/raw/dfdc/dfdc_train_part_03/dfdc_train_part_3/tswfawjeei.mp4,dfdc_train_part_3
dfdc_train_part_3_xptlhelsxw,val,fake,/workspace/data/raw/dfdc/dfdc_train_part_03/dfdc_train_part_3/xptlhelsxw.mp4,dfdc_train_part_3
dfdc_train_part_3_iarkaikbkj,val,fake,/workspace/data/raw/dfdc/dfdc_train_part_03/dfdc_train_part_3/iarkaikbkj.mp4,dfdc_train_part_3
dfdc_train_part_3_yutgeazjjh,val,fake,/workspace/data/raw/dfdc/dfdc_train_part_03/dfdc_train_part_3/yutgeazjjh.mp4,dfdc_train_part_3
dfdc_train_part_3_nswghqbqbt,val,fake,/workspace/data/raw/dfdc/dfdc_train_part_03/dfdc_train_part_3/nswghqbqbt.mp4,dfdc_train_part_3
dfdc_train_part_3_kqpmzqkkuc,val,fake,/workspace/data/raw/dfdc/dfdc_train_part_03/dfdc_train_part_3/kqpmzqkkuc.mp4,dfdc_train_part_3
dfdc_train_part_3_elkbjpwigu,val,fake,/workspace/data/raw/dfdc/dfdc_train_part_03/dfdc_train_part_3/elkbjpwigu.mp4,dfdc_train_part_3
dfdc_train_part_3_phyjzokkor,val,fake,/workspace/data/raw/dfdc/dfdc_train_part_03/dfdc_train_part_3/phyjzokkor.mp4,dfdc_train_part_3
dfdc_train_part_3_foxmetfmht,val,fake,/workspace/data/raw/dfdc/dfdc_train_part_03/dfdc_train_part_3/foxmetfmht.mp4,dfdc_train_part_3
dfdc_train_part_3_xvvitwdlzi,val,fake,/workspace/data/raw/dfdc/dfdc_train_part_03/dfdc_train_part_3/xvvitwdlzi.mp4,dfdc_train_part_3
dfdc_train_part_3_aajhbrxhzm,val,fake,/workspace/data/raw/dfdc/dfdc_train_part_03/dfdc_train_part_3/aajhbrxhzm.mp4,dfdc_train_part_3
dfdc_train_part_3_watgcivwwz,val,fake,/workspace/data/raw/dfdc/dfdc_train_part_03/dfdc_train_part_3/watgcivwwz.mp4,dfdc_train_part_3
dfdc_train_part_3_irgceawdsw,val,fake,/workspace/data/raw/dfdc/dfdc_train_part_03/dfdc_train_part_3/irgceawdsw.mp4,dfdc_train_part_3
dfdc_train_part_3_yfsmevimjk,val,fake,/workspace/data/raw/dfdc/dfdc_train_part_03/dfdc_train_part_3/yfsmevimjk.mp4,dfdc_train_part_3
dfdc_train_part_3_chfkrpvgnz,val,real,/workspace/data/raw/dfdc/dfdc_train_part_03/dfdc_train_part_3/chfkrpvgnz.mp4,dfdc_train_part_3
dfdc_train_part_3_udoaggmzvh,val,fake,/workspace/data/raw/dfdc/dfdc_train_part_03/dfdc_train_part_3/udoaggmzvh.mp4,dfdc_train_part_3
dfdc_train_part_3_rrwgtachie,val,real,/workspace/data/raw/dfdc/dfdc_train_part_03/dfdc_train_part_3/rrwgtachie.mp4,dfdc_train_part_3
dfdc_train_part_3_buhvwnaupu,val,fake,/workspace/data/raw/dfdc/dfdc_train_part_03/dfdc_train_part_3/buhvwnaupu.mp4,dfdc_train_part_3
dfdc_train_part_3_rvwizqgzgm,val,fake,/workspace/data/raw/dfdc/dfdc_train_part_03/dfdc_train_part_3/rvwizqgzgm.mp4,dfdc_train_part_3
dfdc_train_part_3_lbpdfegpqm,val,fake,/workspace/data/raw/dfdc/dfdc_train_part_03/dfdc_train_part_3/lbpdfegpqm.mp4,dfdc_train_part_3
dfdc_train_part_3_cvqrchlzhm,val,fake,/workspace/data/raw/dfdc/dfdc_train_part_03/dfdc_train_part_3/cvqrchlzhm.mp4,dfdc_train_part_3
dfdc_train_part_3_gwtxwtvsss,val,fake,/workspace/data/raw/dfdc/dfdc_train_part_03/dfdc_train_part_3/gwtxwtvsss.mp4,dfdc_train_part_3
dfdc_train_part_3_ibaoyixdmz,val,fake,/workspace/data/raw/dfdc/dfdc_train_part_03/dfdc_train_part_3/ibaoyixdmz.mp4,dfdc_train_part_3
dfdc_train_part_3_ewoczpvuuc,val,real,/workspace/data/raw/dfdc/dfdc_train_part_03/dfdc_train_part_3/ewoczpvuuc.mp4,dfdc_train_part_3
dfdc_train_part_3_isefonafme,val,fake,/workspace/data/raw/dfdc/dfdc_train_part_03/dfdc_train_part_3/isefonafme.mp4,dfdc_train_part_3
dfdc_train_part_3_mhhnqlpbiw,val,fake,/workspace/data/raw/dfdc/dfdc_train_part_03/dfdc_train_part_3/mhhnqlpbiw.mp4,dfdc_train_part_3
dfdc_train_part_3_navjvngbdq,val,fake,/workspace/data/raw/dfdc/dfdc_train_part_03/dfdc_train_part_3/navjvngbdq.mp4,dfdc_train_part_3
dfdc_train_part_3_aaknzywids,val,fake,/workspace/data/raw/dfdc/dfdc_train_part_03/dfdc_train_part_3/aaknzywids.mp4,dfdc_train_part_3
dfdc_train_part_3_qsgjsmnfyu,val,fake,/workspace/data/raw/dfdc/dfdc_train_part_03/dfdc_train_part_3/qsgjsmnfyu.mp4,dfdc_train_part_3
dfdc_train_part_3_rfaxpthggb,val,fake,/workspace/data/raw/dfdc/dfdc_train_part_03/dfdc_train_part_3/rfaxpthggb.mp4,dfdc_train_part_3
dfdc_train_part_3_dkwcabgddi,val,fake,/workspace/data/raw/dfdc/dfdc_train_part_03/dfdc_train_part_3/dkwcabgddi.mp4,dfdc_train_part_3
dfdc_train_part_3_qunhmabbrn,val,fake,/workspace/data/raw/dfdc/dfdc_train_part_03/dfdc_train_part_3/qunhmabbrn.mp4,dfdc_train_part_3
dfdc_train_part_3_ygbwpfgavp,val,fake,/workspace/data/raw/dfdc/dfdc_train_part_03/dfdc_train_part_3/ygbwpfgavp.mp4,dfdc_train_part_3
dfdc_train_part_3_vpknpyreao,val,fake,/workspace/data/raw/dfdc/dfdc_train_part_03/dfdc_train_part_3/vpknpyreao.mp4,dfdc_train_part_3
dfdc_train_part_3_spzmqugvtn,val,real,/workspace/data/raw/dfdc/dfdc_train_part_03/dfdc_train_part_3/spzmqugvtn.mp4,dfdc_train_part_3
dfdc_train_part_3_ssawqvthzf,val,fake,/workspace/data/raw/dfdc/dfdc_train_part_03/dfdc_train_part_3/ssawqvthzf.mp4,dfdc_train_part_3
dfdc_train_part_3_losccelkab,val,fake,/workspace/data/raw/dfdc/dfdc_train_part_03/dfdc_train_part_3/losccelkab.mp4,dfdc_train_part_3
dfdc_train_part_3_vhrafoxdrn,val,fake,/workspace/data/raw/dfdc/dfdc_train_part_03/dfdc_train_part_3/vhrafoxdrn.mp4,dfdc_train_part_3
dfdc_train_part_3_jyscjzagjg,val,fake,/workspace/data/raw/dfdc/dfdc_train_part_03/dfdc_train_part_3/jyscjzagjg.mp4,dfdc_train_part_3
dfdc_train_part_3_rozrjmrmeo,val,real,/workspace/data/raw/dfdc/dfdc_train_part_03/dfdc_train_part_3/rozrjmrmeo.mp4,dfdc_train_part_3
dfdc_train_part_3_xfefteheod,val,fake,/workspace/data/raw/dfdc/dfdc_train_part_03/dfdc_train_part_3/xfefteheod.mp4,dfdc_train_part_3
dfdc_train_part_3_xtutdkkhva,val,fake,/workspace/data/raw/dfdc/dfdc_train_part_03/dfdc_train_part_3/xtutdkkhva.mp4,dfdc_train_part_3
dfdc_train_part_3_owenlnzkzp,val,fake,/workspace/data/raw/dfdc/dfdc_train_part_03/dfdc_train_part_3/owenlnzkzp.mp4,dfdc_train_part_3
dfdc_train_part_3_zkaeyumllj,val,fake,/workspace/data/raw/dfdc/dfdc_train_part_03/dfdc_train_part_3/zkaeyumllj.mp4,dfdc_train_part_3
dfdc_train_part_3_bvahacnzcf,val,fake,/workspace/data/raw/dfdc/dfdc_train_part_03/dfdc_train_part_3/bvahacnzcf.mp4,dfdc_train_part_3
dfdc_train_part_3_amcocxjkel,val,fake,/workspace/data/raw/dfdc/dfdc_train_part_03/dfdc_train_part_3/amcocxjkel.mp4,dfdc_train_part_3
dfdc_train_part_3_azlfodrdst,val,fake,/workspace/data/raw/dfdc/dfdc_train_part_03/dfdc_train_part_3/azlfodrdst.mp4,dfdc_train_part_3
dfdc_train_part_3_dgggkeswzb,val,fake,/workspace/data/raw/dfdc/dfdc_train_part_03/dfdc_train_part_3/dgggkeswzb.mp4,dfdc_train_part_3
dfdc_train_part_3_hndlhsvgnj,val,fake,/workspace/data/raw/dfdc/dfdc_train_part_03/dfdc_train_part_3/hndlhsvgnj.mp4,dfdc_train_part_3
dfdc_train_part_3_qyvvubsyvw,val,fake,/workspace/data/raw/dfdc/dfdc_train_part_03/dfdc_train_part_3/qyvvubsyvw.mp4,dfdc_train_part_3
dfdc_train_part_3_xarletcyje,val,fake,/workspace/data/raw/dfdc/dfdc_train_part_03/dfdc_train_part_3/xarletcyje.mp4,dfdc_train_part_3
dfdc_train_part_3_qedcylqyod,val,fake,/workspace/data/raw/dfdc/dfdc_train_part_03/dfdc_train_part_3/qedcylqyod.mp4,dfdc_train_part_3
dfdc_train_part_3_mymvjbskxd,val,fake,/workspace/data/raw/dfdc/dfdc_train_part_03/dfdc_train_part_3/mymvjbskxd.mp4,dfdc_train_part_3
dfdc_train_part_3_pcdmsbhhdc,val,fake,/workspace/data/raw/dfdc/dfdc_train_part_03/dfdc_train_part_3/pcdmsbhhdc.mp4,dfdc_train_part_3
dfdc_train_part_3_adckadazdl,val,fake,/workspace/data/raw/dfdc/dfdc_train_part_03/dfdc_train_part_3/adckadazdl.mp4,dfdc_train_part_3
dfdc_train_part_3_myhyqbaouf,val,fake,/workspace/data/raw/dfdc/dfdc_train_part_03/dfdc_train_part_3/myhyqbaouf.mp4,dfdc_train_part_3
dfdc_train_part_3_ewrgbguien,val,fake,/workspace/data/raw/dfdc/dfdc_train_part_03/dfdc_train_part_3/ewrgbguien.mp4,dfdc_train_part_3
dfdc_train_part_3_fkbloovrix,val,fake,/workspace/data/raw/dfdc/dfdc_train_part_03/dfdc_train_part_3/fkbloovrix.mp4,dfdc_train_part_3
dfdc_train_part_3_tohghjrpbj,val,fake,/workspace/data/raw/dfdc/dfdc_train_part_03/dfdc_train_part_3/tohghjrpbj.mp4,dfdc_train_part_3
dfdc_train_part_3_cytdctacrw,val,fake,/workspace/data/raw/dfdc/dfdc_train_part_03/dfdc_train_part_3/cytdctacrw.mp4,dfdc_train_part_3
dfdc_train_part_3_rlaczpbrgz,val,fake,/workspace/data/raw/dfdc/dfdc_train_part_03/dfdc_train_part_3/rlaczpbrgz.mp4,dfdc_train_part_3
dfdc_train_part_3_lxlklnhagc,val,fake,/workspace/data/raw/dfdc/dfdc_train_part_03/dfdc_train_part_3/lxlklnhagc.mp4,dfdc_train_part_3
dfdc_train_part_3_ifhrdtbdnv,val,fake,/workspace/data/raw/dfdc/dfdc_train_part_03/dfdc_train_part_3/ifhrdtbdnv.mp4,dfdc_train_part_3
dfdc_train_part_3_bysnjpwrxs,val,fake,/workspace/data/raw/dfdc/dfdc_train_part_03/dfdc_train_part_3/bysnjpwrxs.mp4,dfdc_train_part_3
dfdc_train_part_3_htljbnzazk,val,fake,/workspace/data/raw/dfdc/dfdc_train_part_03/dfdc_train_part_3/htljbnzazk.mp4,dfdc_train_part_3
dfdc_train_part_3_emxknhlufj,val,fake,/workspace/data/raw/dfdc/dfdc_train_part_03/dfdc_train_part_3/emxknhlufj.mp4,dfdc_train_part_3
dfdc_train_part_3_hoyulwhdfo,val,fake,/workspace/data/raw/dfdc/dfdc_train_part_03/dfdc_train_part_3/hoyulwhdfo.mp4,dfdc_train_part_3
dfdc_train_part_3_sfxycknqco,val,fake,/workspace/data/raw/dfdc/dfdc_train_part_03/dfdc_train_part_3/sfxycknqco.mp4,dfdc_train_part_3
dfdc_train_part_3_gxdimngwgr,val,fake,/workspace/data/raw/dfdc/dfdc_train_part_03/dfdc_train_part_3/gxdimngwgr.mp4,dfdc_train_part_3
dfdc_train_part_3_urkkpopfzg,val,fake,/workspace/data/raw/dfdc/dfdc_train_part_03/dfdc_train_part_3/urkkpopfzg.mp4,dfdc_train_part_3
dfdc_train_part_3_fvwfayarlg,val,fake,/workspace/data/raw/dfdc/dfdc_train_part_03/dfdc_train_part_3/fvwfayarlg.mp4,dfdc_train_part_3
dfdc_train_part_3_yyufyxbpff,val,fake,/workspace/data/raw/dfdc/dfdc_train_part_03/dfdc_train_part_3/yyufyxbpff.mp4,dfdc_train_part_3
dfdc_train_part_3_bqzxvddxhv,val,fake,/workspace/data/raw/dfdc/dfdc_train_part_03/dfdc_train_part_3/bqzxvddxhv.mp4,dfdc_train_part_3
dfdc_train_part_3_dzfavttdga,val,fake,/workspace/data/raw/dfdc/dfdc_train_part_03/dfdc_train_part_3/dzfavttdga.mp4,dfdc_train_part_3
dfdc_train_part_3_azgafrrntz,val,fake,/workspace/data/raw/dfdc/dfdc_train_part_03/dfdc_train_part_3/azgafrrntz.mp4,dfdc_train_part_3
dfdc_train_part_3_vkmtbphtdi,val,fake,/workspace/data/raw/dfdc/dfdc_train_part_03/dfdc_train_part_3/vkmtbphtdi.mp4,dfdc_train_part_3
dfdc_train_part_3_wtqwvhlpdl,val,fake,/workspace/data/raw/dfdc/dfdc_train_part_03/dfdc_train_part_3/wtqwvhlpdl.mp4,dfdc_train_part_3
dfdc_train_part_3_wkuksbikzn,val,fake,/workspace/data/raw/dfdc/dfdc_train_part_03/dfdc_train_part_3/wkuksbikzn.mp4,dfdc_train_part_3
dfdc_train_part_3_cccvfncjid,val,fake,/workspace/data/raw/dfdc/dfdc_train_part_03/dfdc_train_part_3/cccvfncjid.mp4,dfdc_train_part_3
dfdc_train_part_3_gthptdgtgx,val,fake,/workspace/data/raw/dfdc/dfdc_train_part_03/dfdc_train_part_3/gthptdgtgx.mp4,dfdc_train_part_3
dfdc_train_part_3_haeppdsnmr,val,fake,/workspace/data/raw/dfdc/dfdc_train_part_03/dfdc_train_part_3/haeppdsnmr.mp4,dfdc_train_part_3
dfdc_train_part_3_utkaptlbpw,val,fake,/workspace/data/raw/dfdc/dfdc_train_part_03/dfdc_train_part_3/utkaptlbpw.mp4,dfdc_train_part_3
dfdc_train_part_3_wywxjgfwdt,val,fake,/workspace/data/raw/dfdc/dfdc_train_part_03/dfdc_train_part_3/wywxjgfwdt.mp4,dfdc_train_part_3
dfdc_train_part_3_ftfiiokrpe,val,fake,/workspace/data/raw/dfdc/dfdc_train_part_03/dfdc_train_part_3/ftfiiokrpe.mp4,dfdc_train_part_3
dfdc_train_part_3_tcpduegqxj,val,fake,/workspace/data/raw/dfdc/dfdc_train_part_03/dfdc_train_part_3/tcpduegqxj.mp4,dfdc_train_part_3
dfdc_train_part_3_dhogryadgy,val,fake,/workspace/data/raw/dfdc/dfdc_train_part_03/dfdc_train_part_3/dhogryadgy.mp4,dfdc_train_part_3
dfdc_train_part_3_vvgnmlzcdl,val,fake,/workspace/data/raw/dfdc/dfdc_train_part_03/dfdc_train_part_3/vvgnmlzcdl.mp4,dfdc_train_part_3
dfdc_train_part_3_tkwsiwrfut,val,fake,/workspace/data/raw/dfdc/dfdc_train_part_03/dfdc_train_part_3/tkwsiwrfut.mp4,dfdc_train_part_3
dfdc_train_part_3_fsbxvpalcp,val,fake,/workspace/data/raw/dfdc/dfdc_train_part_03/dfdc_train_part_3/fsbxvpalcp.mp4,dfdc_train_part_3
dfdc_train_part_3_upbfilvvsn,val,fake,/workspace/data/raw/dfdc/dfdc_train_part_03/dfdc_train_part_3/upbfilvvsn.mp4,dfdc_train_part_3
dfdc_train_part_3_yhvrcepfzy,val,fake,/workspace/data/raw/dfdc/dfdc_train_part_03/dfdc_train_part_3/yhvrcepfzy.mp4,dfdc_train_part_3
dfdc_train_part_3_zuktznezhv,val,fake,/workspace/data/raw/dfdc/dfdc_train_part_03/dfdc_train_part_3/zuktznezhv.mp4,dfdc_train_part_3
dfdc_train_part_3_oiqwlkguhj,val,fake,/workspace/data/raw/dfdc/dfdc_train_part_03/dfdc_train_part_3/oiqwlkguhj.mp4,dfdc_train_part_3
dfdc_train_part_3_pshvwyylic,val,fake,/workspace/data/raw/dfdc/dfdc_train_part_03/dfdc_train_part_3/pshvwyylic.mp4,dfdc_train_part_3
dfdc_train_part_3_uyddeofvvz,val,real,/workspace/data/raw/dfdc/dfdc_train_part_03/dfdc_train_part_3/uyddeofvvz.mp4,dfdc_train_part_3
dfdc_train_part_3_bgpwqfqnbi,val,fake,/workspace/data/raw/dfdc/dfdc_train_part_03/dfdc_train_part_3/bgpwqfqnbi.mp4,dfdc_train_part_3
dfdc_train_part_3_jxjupddzap,val,fake,/workspace/data/raw/dfdc/dfdc_train_part_03/dfdc_train_part_3/jxjupddzap.mp4,dfdc_train_part_3
dfdc_train_part_3_rmtminrkmz,val,fake,/workspace/data/raw/dfdc/dfdc_train_part_03/dfdc_train_part_3/rmtminrkmz.mp4,dfdc_train_part_3
dfdc_train_part_3_chhcmabekn,val,fake,/workspace/data/raw/dfdc/dfdc_train_part_03/dfdc_train_part_3/chhcmabekn.mp4,dfdc_train_part_3
dfdc_train_part_3_pyuufqkdlk,val,fake,/workspace/data/raw/dfdc/dfdc_train_part_03/dfdc_train_part_3/pyuufqkdlk.mp4,dfdc_train_part_3
dfdc_train_part_3_ucxjlujwfm,val,fake,/workspace/data/raw/dfdc/dfdc_train_part_03/dfdc_train_part_3/ucxjlujwfm.mp4,dfdc_train_part_3
dfdc_train_part_3_cprsviqowo,val,fake,/workspace/data/raw/dfdc/dfdc_train_part_03/dfdc_train_part_3/cprsviqowo.mp4,dfdc_train_part_3
dfdc_train_part_3_eaewlbhlxk,val,fake,/workspace/data/raw/dfdc/dfdc_train_part_03/dfdc_train_part_3/eaewlbhlxk.mp4,dfdc_train_part_3
dfdc_train_part_3_hcrhxbweul,val,fake,/workspace/data/raw/dfdc/dfdc_train_part_03/dfdc_train_part_3/hcrhxbweul.mp4,dfdc_train_part_3
dfdc_train_part_3_xpxqxdbjud,val,real,/workspace/data/raw/dfdc/dfdc_train_part_03/dfdc_train_part_3/xpxqxdbjud.mp4,dfdc_train_part_3
dfdc_train_part_3_emognsfjum,val,fake,/workspace/data/raw/dfdc/dfdc_train_part_03/dfdc_train_part_3/emognsfjum.mp4,dfdc_train_part_3
dfdc_train_part_3_tcarsvtmlc,val,fake,/workspace/data/raw/dfdc/dfdc_train_part_03/dfdc_train_part_3/tcarsvtmlc.mp4,dfdc_train_part_3
dfdc_train_part_3_stpfxqeuiw,val,fake,/workspace/data/raw/dfdc/dfdc_train_part_03/dfdc_train_part_3/stpfxqeuiw.mp4,dfdc_train_part_3
dfdc_train_part_3_njqwtamryw,val,fake,/workspace/data/raw/dfdc/dfdc_train_part_03/dfdc_train_part_3/njqwtamryw.mp4,dfdc_train_part_3
dfdc_train_part_3_ofeedkhgvm,val,fake,/workspace/data/raw/dfdc/dfdc_train_part_03/dfdc_train_part_3/ofeedkhgvm.mp4,dfdc_train_part_3
dfdc_train_part_3_eqhovlsomi,val,fake,/workspace/data/raw/dfdc/dfdc_train_part_03/dfdc_train_part_3/eqhovlsomi.mp4,dfdc_train_part_3
dfdc_train_part_3_nrhpclokqt,val,fake,/workspace/data/raw/dfdc/dfdc_train_part_03/dfdc_train_part_3/nrhpclokqt.mp4,dfdc_train_part_3
dfdc_train_part_3_vslrxyvjcg,val,fake,/workspace/data/raw/dfdc/dfdc_train_part_03/dfdc_train_part_3/vslrxyvjcg.mp4,dfdc_train_part_3
dfdc_train_part_3_xwgwwbwtev,val,fake,/workspace/data/raw/dfdc/dfdc_train_part_03/dfdc_train_part_3/xwgwwbwtev.mp4,dfdc_train_part_3
dfdc_train_part_3_vfxnwwuprd,val,fake,/workspace/data/raw/dfdc/dfdc_train_part_03/dfdc_train_part_3/vfxnwwuprd.mp4,dfdc_train_part_3
dfdc_train_part_3_byrflccwdf,val,fake,/workspace/data/raw/dfdc/dfdc_train_part_03/dfdc_train_part_3/byrflccwdf.mp4,dfdc_train_part_3
dfdc_train_part_3_hlxcalgltw,val,fake,/workspace/data/raw/dfdc/dfdc_train_part_03/dfdc_train_part_3/hlxcalgltw.mp4,dfdc_train_part_3
dfdc_train_part_3_loqhmepgjy,val,fake,/workspace/data/raw/dfdc/dfdc_train_part_03/dfdc_train_part_3/loqhmepgjy.mp4,dfdc_train_part_3
dfdc_train_part_3_atvucyyltw,val,fake,/workspace/data/raw/dfdc/dfdc_train_part_03/dfdc_train_part_3/atvucyyltw.mp4,dfdc_train_part_3
dfdc_train_part_3_xbzgexvpvi,val,fake,/workspace/data/raw/dfdc/dfdc_train_part_03/dfdc_train_part_3/xbzgexvpvi.mp4,dfdc_train_part_3
dfdc_train_part_3_mkyprfrver,val,fake,/workspace/data/raw/dfdc/dfdc_train_part_03/dfdc_train_part_3/mkyprfrver.mp4,dfdc_train_part_3
dfdc_train_part_3_sownklshbw,val,fake,/workspace/data/raw/dfdc/dfdc_train_part_03/dfdc_train_part_3/sownklshbw.mp4,dfdc_train_part_3
dfdc_train_part_3_yrtrhsvvjm,val,fake,/workspace/data/raw/dfdc/dfdc_train_part_03/dfdc_train_part_3/yrtrhsvvjm.mp4,dfdc_train_part_3
dfdc_train_part_3_djrsjqtvry,val,fake,/workspace/data/raw/dfdc/dfdc_train_part_03/dfdc_train_part_3/djrsjqtvry.mp4,dfdc_train_part_3
dfdc_train_part_3_xtupkgvyim,val,fake,/workspace/data/raw/dfdc/dfdc_train_part_03/dfdc_train_part_3/xtupkgvyim.mp4,dfdc_train_part_3
dfdc_train_part_3_wmljrvfrve,val,fake,/workspace/data/raw/dfdc/dfdc_train_part_03/dfdc_train_part_3/wmljrvfrve.mp4,dfdc_train_part_3
dfdc_train_part_3_tpslvemxbe,val,fake,/workspace/data/raw/dfdc/dfdc_train_part_03/dfdc_train_part_3/tpslvemxbe.mp4,dfdc_train_part_3
dfdc_train_part_3_lcmjyjdbqn,val,fake,/workspace/data/raw/dfdc/dfdc_train_part_03/dfdc_train_part_3/lcmjyjdbqn.mp4,dfdc_train_part_3
dfdc_train_part_3_qszmiurntz,val,fake,/workspace/data/raw/dfdc/dfdc_train_part_03/dfdc_train_part_3/qszmiurntz.mp4,dfdc_train_part_3
dfdc_train_part_3_yfznbbnjlt,val,fake,/workspace/data/raw/dfdc/dfdc_train_part_03/dfdc_train_part_3/yfznbbnjlt.mp4,dfdc_train_part_3
dfdc_train_part_3_kfneqlosgg,val,fake,/workspace/data/raw/dfdc/dfdc_train_part_03/dfdc_train_part_3/kfneqlosgg.mp4,dfdc_train_part_3
dfdc_train_part_3_oapxnkneco,val,fake,/workspace/data/raw/dfdc/dfdc_train_part_03/dfdc_train_part_3/oapxnkneco.mp4,dfdc_train_part_3
dfdc_train_part_3_pkpaynzffd,val,fake,/workspace/data/raw/dfdc/dfdc_train_part_03/dfdc_train_part_3/pkpaynzffd.mp4,dfdc_train_part_3
dfdc_train_part_3_ojmrgskuvx,val,fake,/workspace/data/raw/dfdc/dfdc_train_part_03/dfdc_train_part_3/ojmrgskuvx.mp4,dfdc_train_part_3
dfdc_train_part_3_glffvvktkp,val,fake,/workspace/data/raw/dfdc/dfdc_train_part_03/dfdc_train_part_3/glffvvktkp.mp4,dfdc_train_part_3
dfdc_train_part_3_wobomlluee,val,fake,/workspace/data/raw/dfdc/dfdc_train_part_03/dfdc_train_part_3/wobomlluee.mp4,dfdc_train_part_3
dfdc_train_part_3_lnkgjipbwo,val,fake,/workspace/data/raw/dfdc/dfdc_train_part_03/dfdc_train_part_3/lnkgjipbwo.mp4,dfdc_train_part_3
dfdc_train_part_3_tidpozouyy,val,fake,/workspace/data/raw/dfdc/dfdc_train_part_03/dfdc_train_part_3/tidpozouyy.mp4,dfdc_train_part_3
dfdc_train_part_3_exvdklllgp,val,fake,/workspace/data/raw/dfdc/dfdc_train_part_03/dfdc_train_part_3/exvdklllgp.mp4,dfdc_train_part_3
dfdc_train_part_3_mqwcdmtzsz,val,fake,/workspace/data/raw/dfdc/dfdc_train_part_03/dfdc_train_part_3/mqwcdmtzsz.mp4,dfdc_train_part_3
dfdc_train_part_3_bdoadbahhf,val,fake,/workspace/data/raw/dfdc/dfdc_train_part_03/dfdc_train_part_3/bdoadbahhf.mp4,dfdc_train_part_3
dfdc_train_part_3_wrnknepfhl,val,fake,/workspace/data/raw/dfdc/dfdc_train_part_03/dfdc_train_part_3/wrnknepfhl.mp4,dfdc_train_part_3
dfdc_train_part_3_hyfdmkfuyr,val,fake,/workspace/data/raw/dfdc/dfdc_train_part_03/dfdc_train_part_3/hyfdmkfuyr.mp4,dfdc_train_part_3
dfdc_train_part_3_fphuxwdtpy,val,fake,/workspace/data/raw/dfdc/dfdc_train_part_03/dfdc_train_part_3/fphuxwdtpy.mp4,dfdc_train_part_3
dfdc_train_part_3_xppjhsqnnm,val,real,/workspace/data/raw/dfdc/dfdc_train_part_03/dfdc_train_part_3/xppjhsqnnm.mp4,dfdc_train_part_3
dfdc_train_part_3_gcygtpbycz,val,fake,/workspace/data/raw/dfdc/dfdc_train_part_03/dfdc_train_part_3/gcygtpbycz.mp4,dfdc_train_part_3
dfdc_train_part_3_zewrzexlut,val,fake,/workspace/data/raw/dfdc/dfdc_train_part_03/dfdc_train_part_3/zewrzexlut.mp4,dfdc_train_part_3
dfdc_train_part_3_fveuakkpcy,val,fake,/workspace/data/raw/dfdc/dfdc_train_part_03/dfdc_train_part_3/fveuakkpcy.mp4,dfdc_train_part_3
dfdc_train_part_3_vtoznuozon,val,fake,/workspace/data/raw/dfdc/dfdc_train_part_03/dfdc_train_part_3/vtoznuozon.mp4,dfdc_train_part_3
dfdc_train_part_3_ggrsoflwyw,val,fake,/workspace/data/raw/dfdc/dfdc_train_part_03/dfdc_train_part_3/ggrsoflwyw.mp4,dfdc_train_part_3
dfdc_train_part_3_cgyfrcpcqi,val,fake,/workspace/data/raw/dfdc/dfdc_train_part_03/dfdc_train_part_3/cgyfrcpcqi.mp4,dfdc_train_part_3
dfdc_train_part_3_tchdlkhcym,val,real,/workspace/data/raw/dfdc/dfdc_train_part_03/dfdc_train_part_3/tchdlkhcym.mp4,dfdc_train_part_3
dfdc_train_part_3_buxrvoggov,val,fake,/workspace/data/raw/dfdc/dfdc_train_part_03/dfdc_train_part_3/buxrvoggov.mp4,dfdc_train_part_3
dfdc_train_part_3_umxhjfkcfn,val,fake,/workspace/data/raw/dfdc/dfdc_train_part_03/dfdc_train_part_3/umxhjfkcfn.mp4,dfdc_train_part_3
dfdc_train_part_3_magkooowtk,val,fake,/workspace/data/raw/dfdc/dfdc_train_part_03/dfdc_train_part_3/magkooowtk.mp4,dfdc_train_part_3
dfdc_train_part_3_jxwkqvpvwf,val,fake,/workspace/data/raw/dfdc/dfdc_train_part_03/dfdc_train_part_3/jxwkqvpvwf.mp4,dfdc_train_part_3
dfdc_train_part_3_yowasixubd,val,fake,/workspace/data/raw/dfdc/dfdc_train_part_03/dfdc_train_part_3/yowasixubd.mp4,dfdc_train_part_3
dfdc_train_part_3_txsyoxlotc,val,fake,/workspace/data/raw/dfdc/dfdc_train_part_03/dfdc_train_part_3/txsyoxlotc.mp4,dfdc_train_part_3
dfdc_train_part_3_ayphanzbpm,val,fake,/workspace/data/raw/dfdc/dfdc_train_part_03/dfdc_train_part_3/ayphanzbpm.mp4,dfdc_train_part_3
dfdc_train_part_3_zekrcockwd,val,fake,/workspace/data/raw/dfdc/dfdc_train_part_03/dfdc_train_part_3/zekrcockwd.mp4,dfdc_train_part_3
dfdc_train_part_3_vykowaboqz,val,fake,/workspace/data/raw/dfdc/dfdc_train_part_03/dfdc_train_part_3/vykowaboqz.mp4,dfdc_train_part_3
dfdc_train_part_3_yxbegeovkj,val,fake,/workspace/data/raw/dfdc/dfdc_train_part_03/dfdc_train_part_3/yxbegeovkj.mp4,dfdc_train_part_3
dfdc_train_part_3_bspcyahzeb,val,fake,/workspace/data/raw/dfdc/dfdc_train_part_03/dfdc_train_part_3/bspcyahzeb.mp4,dfdc_train_part_3
dfdc_train_part_3_oikcenlmly,val,fake,/workspace/data/raw/dfdc/dfdc_train_part_03/dfdc_train_part_3/oikcenlmly.mp4,dfdc_train_part_3
dfdc_train_part_3_cqgihowwhl,val,fake,/workspace/data/raw/dfdc/dfdc_train_part_03/dfdc_train_part_3/cqgihowwhl.mp4,dfdc_train_part_3
dfdc_train_part_3_sgslmybprh,val,fake,/workspace/data/raw/dfdc/dfdc_train_part_03/dfdc_train_part_3/sgslmybprh.mp4,dfdc_train_part_3
dfdc_train_part_3_dydgxalbvq,val,fake,/workspace/data/raw/dfdc/dfdc_train_part_03/dfdc_train_part_3/dydgxalbvq.mp4,dfdc_train_part_3
dfdc_train_part_3_lgscptipef,val,fake,/workspace/data/raw/dfdc/dfdc_train_part_03/dfdc_train_part_3/lgscptipef.mp4,dfdc_train_part_3
dfdc_train_part_3_aslwfdrdsz,val,fake,/workspace/data/raw/dfdc/dfdc_train_part_03/dfdc_train_part_3/aslwfdrdsz.mp4,dfdc_train_part_3
dfdc_train_part_3_chmzenrmrr,val,fake,/workspace/data/raw/dfdc/dfdc_train_part_03/dfdc_train_part_3/chmzenrmrr.mp4,dfdc_train_part_3
dfdc_train_part_3_izzlvfvkwi,val,fake,/workspace/data/raw/dfdc/dfdc_train_part_03/dfdc_train_part_3/izzlvfvkwi.mp4,dfdc_train_part_3
dfdc_train_part_3_bhtpbkfwdd,val,fake,/workspace/data/raw/dfdc/dfdc_train_part_03/dfdc_train_part_3/bhtpbkfwdd.mp4,dfdc_train_part_3
dfdc_train_part_3_zxdcqixnsm,val,fake,/workspace/data/raw/dfdc/dfdc_train_part_03/dfdc_train_part_3/zxdcqixnsm.mp4,dfdc_train_part_3
dfdc_train_part_3_xoiyevqols,val,real,/workspace/data/raw/dfdc/dfdc_train_part_03/dfdc_train_part_3/xoiyevqols.mp4,dfdc_train_part_3
dfdc_train_part_3_nqxbkwbekr,val,real,/workspace/data/raw/dfdc/dfdc_train_part_03/dfdc_train_part_3/nqxbkwbekr.mp4,dfdc_train_part_3
dfdc_train_part_3_ttmqsshqer,val,fake,/workspace/data/raw/dfdc/dfdc_train_part_03/dfdc_train_part_3/ttmqsshqer.mp4,dfdc_train_part_3
dfdc_train_part_3_sshmcxojgw,val,fake,/workspace/data/raw/dfdc/dfdc_train_part_03/dfdc_train_part_3/sshmcxojgw.mp4,dfdc_train_part_3
dfdc_train_part_3_bqlgvoexky,val,fake,/workspace/data/raw/dfdc/dfdc_train_part_03/dfdc_train_part_3/bqlgvoexky.mp4,dfdc_train_part_3
dfdc_train_part_3_jrpeqcrsax,val,fake,/workspace/data/raw/dfdc/dfdc_train_part_03/dfdc_train_part_3/jrpeqcrsax.mp4,dfdc_train_part_3
dfdc_train_part_3_batfgxokwg,val,fake,/workspace/data/raw/dfdc/dfdc_train_part_03/dfdc_train_part_3/batfgxokwg.mp4,dfdc_train_part_3
dfdc_train_part_3_bhneimyaiz,val,fake,/workspace/data/raw/dfdc/dfdc_train_part_03/dfdc_train_part_3/bhneimyaiz.mp4,dfdc_train_part_3
dfdc_train_part_3_cuwnhkgiyb,val,fake,/workspace/data/raw/dfdc/dfdc_train_part_03/dfdc_train_part_3/cuwnhkgiyb.mp4,dfdc_train_part_3
dfdc_train_part_3_rhuahwxhlr,val,fake,/workspace/data/raw/dfdc/dfdc_train_part_03/dfdc_train_part_3/rhuahwxhlr.mp4,dfdc_train_part_3
dfdc_train_part_3_aafezqchru,val,fake,/workspace/data/raw/dfdc/dfdc_train_part_03/dfdc_train_part_3/aafezqchru.mp4,dfdc_train_part_3
dfdc_train_part_3_iuwfkchvpc,val,fake,/workspace/data/raw/dfdc/dfdc_train_part_03/dfdc_train_part_3/iuwfkchvpc.mp4,dfdc_train_part_3
dfdc_train_part_3_npxvuqfaho,val,fake,/workspace/data/raw/dfdc/dfdc_train_part_03/dfdc_train_part_3/npxvuqfaho.mp4,dfdc_train_part_3
dfdc_train_part_3_lubjdakceq,val,fake,/workspace/data/raw/dfdc/dfdc_train_part_03/dfdc_train_part_3/lubjdakceq.mp4,dfdc_train_part_3
dfdc_train_part_3_czdchuhbfe,val,fake,/workspace/data/raw/dfdc/dfdc_train_part_03/dfdc_train_part_3/czdchuhbfe.mp4,dfdc_train_part_3
dfdc_train_part_3_ufwilcbdjv,val,fake,/workspace/data/raw/dfdc/dfdc_train_part_03/dfdc_train_part_3/ufwilcbdjv.mp4,dfdc_train_part_3
dfdc_train_part_3_hhrdfvgzik,val,fake,/workspace/data/raw/dfdc/dfdc_train_part_03/dfdc_train_part_3/hhrdfvgzik.mp4,dfdc_train_part_3
dfdc_train_part_3_qcrchecdto,val,fake,/workspace/data/raw/dfdc/dfdc_train_part_03/dfdc_train_part_3/qcrchecdto.mp4,dfdc_train_part_3
dfdc_train_part_3_ygtakodngl,val,fake,/workspace/data/raw/dfdc/dfdc_train_part_03/dfdc_train_part_3/ygtakodngl.mp4,dfdc_train_part_3
dfdc_train_part_3_qjlctymlwe,val,fake,/workspace/data/raw/dfdc/dfdc_train_part_03/dfdc_train_part_3/qjlctymlwe.mp4,dfdc_train_part_3
dfdc_train_part_3_aqmxsdujjy,val,fake,/workspace/data/raw/dfdc/dfdc_train_part_03/dfdc_train_part_3/aqmxsdujjy.mp4,dfdc_train_part_3
dfdc_train_part_3_iyjzxaumul,val,fake,/workspace/data/raw/dfdc/dfdc_train_part_03/dfdc_train_part_3/iyjzxaumul.mp4,dfdc_train_part_3
dfdc_train_part_3_nchqcwdesl,val,fake,/workspace/data/raw/dfdc/dfdc_train_part_03/dfdc_train_part_3/nchqcwdesl.mp4,dfdc_train_part_3
dfdc_train_part_3_jjpaedfneo,val,fake,/workspace/data/raw/dfdc/dfdc_train_part_03/dfdc_train_part_3/jjpaedfneo.mp4,dfdc_train_part_3
dfdc_train_part_3_dlgrgmkmpa,val,fake,/workspace/data/raw/dfdc/dfdc_train_part_03/dfdc_train_part_3/dlgrgmkmpa.mp4,dfdc_train_part_3
dfdc_train_part_3_ezfrcspzxw,val,real,/workspace/data/raw/dfdc/dfdc_train_part_03/dfdc_train_part_3/ezfrcspzxw.mp4,dfdc_train_part_3
dfdc_train_part_3_ewnftxjwci,val,fake,/workspace/data/raw/dfdc/dfdc_train_part_03/dfdc_train_part_3/ewnftxjwci.mp4,dfdc_train_part_3
dfdc_train_part_3_iulmqrlzdx,val,fake,/workspace/data/raw/dfdc/dfdc_train_part_03/dfdc_train_part_3/iulmqrlzdx.mp4,dfdc_train_part_3
dfdc_train_part_3_atxqvvrthu,val,fake,/workspace/data/raw/dfdc/dfdc_train_part_03/dfdc_train_part_3/atxqvvrthu.mp4,dfdc_train_part_3
dfdc_train_part_3_avjkwuusto,val,real,/workspace/data/raw/dfdc/dfdc_train_part_03/dfdc_train_part_3/avjkwuusto.mp4,dfdc_train_part_3
dfdc_train_part_3_lnqzyvpcgg,val,fake,/workspace/data/raw/dfdc/dfdc_train_part_03/dfdc_train_part_3/lnqzyvpcgg.mp4,dfdc_train_part_3
dfdc_train_part_3_qivrfrtgfu,val,fake,/workspace/data/raw/dfdc/dfdc_train_part_03/dfdc_train_part_3/qivrfrtgfu.mp4,dfdc_train_part_3
dfdc_train_part_3_birhfcgkot,val,fake,/workspace/data/raw/dfdc/dfdc_train_part_03/dfdc_train_part_3/birhfcgkot.mp4,dfdc_train_part_3
dfdc_train_part_3_aspjhkusgd,val,fake,/workspace/data/raw/dfdc/dfdc_train_part_03/dfdc_train_part_3/aspjhkusgd.mp4,dfdc_train_part_3
dfdc_train_part_3_ntpuuuwjmd,val,fake,/workspace/data/raw/dfdc/dfdc_train_part_03/dfdc_train_part_3/ntpuuuwjmd.mp4,dfdc_train_part_3
dfdc_train_part_3_fgrikchqsu,val,fake,/workspace/data/raw/dfdc/dfdc_train_part_03/dfdc_train_part_3/fgrikchqsu.mp4,dfdc_train_part_3
dfdc_train_part_3_vvymilfgzk,val,fake,/workspace/data/raw/dfdc/dfdc_train_part_03/dfdc_train_part_3/vvymilfgzk.mp4,dfdc_train_part_3
dfdc_train_part_3_notcrobkvh,val,fake,/workspace/data/raw/dfdc/dfdc_train_part_03/dfdc_train_part_3/notcrobkvh.mp4,dfdc_train_part_3
dfdc_train_part_3_odzphlrpnz,val,fake,/workspace/data/raw/dfdc/dfdc_train_part_03/dfdc_train_part_3/odzphlrpnz.mp4,dfdc_train_part_3
dfdc_train_part_3_hdatsxiyhg,val,fake,/workspace/data/raw/dfdc/dfdc_train_part_03/dfdc_train_part_3/hdatsxiyhg.mp4,dfdc_train_part_3
dfdc_train_part_3_jwdodejosj,val,fake,/workspace/data/raw/dfdc/dfdc_train_part_03/dfdc_train_part_3/jwdodejosj.mp4,dfdc_train_part_3
dfdc_train_part_3_nrqtqborgz,val,fake,/workspace/data/raw/dfdc/dfdc_train_part_03/dfdc_train_part_3/nrqtqborgz.mp4,dfdc_train_part_3
dfdc_train_part_3_hobsqgcawk,val,fake,/workspace/data/raw/dfdc/dfdc_train_part_03/dfdc_train_part_3/hobsqgcawk.mp4,dfdc_train_part_3
dfdc_train_part_3_rfnoegtfgl,val,fake,/workspace/data/raw/dfdc/dfdc_train_part_03/dfdc_train_part_3/rfnoegtfgl.mp4,dfdc_train_part_3
dfdc_train_part_3_lsjzqnoexg,val,fake,/workspace/data/raw/dfdc/dfdc_train_part_03/dfdc_train_part_3/lsjzqnoexg.mp4,dfdc_train_part_3
dfdc_train_part_3_nzyjjerssg,val,fake,/workspace/data/raw/dfdc/dfdc_train_part_03/dfdc_train_part_3/nzyjjerssg.mp4,dfdc_train_part_3
dfdc_train_part_3_kbbewozsdr,val,fake,/workspace/data/raw/dfdc/dfdc_train_part_03/dfdc_train_part_3/kbbewozsdr.mp4,dfdc_train_part_3
dfdc_train_part_3_lseldxmqqf,val,fake,/workspace/data/raw/dfdc/dfdc_train_part_03/dfdc_train_part_3/lseldxmqqf.mp4,dfdc_train_part_3
dfdc_train_part_3_eglhjecykb,val,fake,/workspace/data/raw/dfdc/dfdc_train_part_03/dfdc_train_part_3/eglhjecykb.mp4,dfdc_train_part_3
dfdc_train_part_3_bpbtxqytty,val,fake,/workspace/data/raw/dfdc/dfdc_train_part_03/dfdc_train_part_3/bpbtxqytty.mp4,dfdc_train_part_3
dfdc_train_part_3_stcizoyeyn,val,fake,/workspace/data/raw/dfdc/dfdc_train_part_03/dfdc_train_part_3/stcizoyeyn.mp4,dfdc_train_part_3
dfdc_train_part_3_eqwkbdxtyk,val,fake,/workspace/data/raw/dfdc/dfdc_train_part_03/dfdc_train_part_3/eqwkbdxtyk.mp4,dfdc_train_part_3
dfdc_train_part_3_asutuywxrs,val,fake,/workspace/data/raw/dfdc/dfdc_train_part_03/dfdc_train_part_3/asutuywxrs.mp4,dfdc_train_part_3
dfdc_train_part_3_tjzmecgyxc,val,fake,/workspace/data/raw/dfdc/dfdc_train_part_03/dfdc_train_part_3/tjzmecgyxc.mp4,dfdc_train_part_3
dfdc_train_part_3_awkvatcshx,val,real,/workspace/data/raw/dfdc/dfdc_train_part_03/dfdc_train_part_3/awkvatcshx.mp4,dfdc_train_part_3
dfdc_train_part_3_pklkwgaqmw,val,fake,/workspace/data/raw/dfdc/dfdc_train_part_03/dfdc_train_part_3/pklkwgaqmw.mp4,dfdc_train_part_3
dfdc_train_part_3_borwxlaoje,val,fake,/workspace/data/raw/dfdc/dfdc_train_part_03/dfdc_train_part_3/borwxlaoje.mp4,dfdc_train_part_3
dfdc_train_part_3_ruriarpqpz,val,fake,/workspace/data/raw/dfdc/dfdc_train_part_03/dfdc_train_part_3/ruriarpqpz.mp4,dfdc_train_part_3
dfdc_train_part_3_qidtwwcuun,val,fake,/workspace/data/raw/dfdc/dfdc_train_part_03/dfdc_train_part_3/qidtwwcuun.mp4,dfdc_train_part_3
dfdc_train_part_3_naprwzpwfo,val,fake,/workspace/data/raw/dfdc/dfdc_train_part_03/dfdc_train_part_3/naprwzpwfo.mp4,dfdc_train_part_3
dfdc_train_part_3_asntcqtqkq,val,fake,/workspace/data/raw/dfdc/dfdc_train_part_03/dfdc_train_part_3/asntcqtqkq.mp4,dfdc_train_part_3
dfdc_train_part_3_uoltcpnukd,val,fake,/workspace/data/raw/dfdc/dfdc_train_part_03/dfdc_train_part_3/uoltcpnukd.mp4,dfdc_train_part_3
dfdc_train_part_3_frnxbpoasg,val,fake,/workspace/data/raw/dfdc/dfdc_train_part_03/dfdc_train_part_3/frnxbpoasg.mp4,dfdc_train_part_3
dfdc_train_part_3_kxvhbrlzpm,val,fake,/workspace/data/raw/dfdc/dfdc_train_part_03/dfdc_train_part_3/kxvhbrlzpm.mp4,dfdc_train_part_3
dfdc_train_part_3_wzjknaaogp,val,fake,/workspace/data/raw/dfdc/dfdc_train_part_03/dfdc_train_part_3/wzjknaaogp.mp4,dfdc_train_part_3
dfdc_train_part_3_iomwswsmzr,val,fake,/workspace/data/raw/dfdc/dfdc_train_part_03/dfdc_train_part_3/iomwswsmzr.mp4,dfdc_train_part_3
dfdc_train_part_3_lyappzmrxf,val,fake,/workspace/data/raw/dfdc/dfdc_train_part_03/dfdc_train_part_3/lyappzmrxf.mp4,dfdc_train_part_3
dfdc_train_part_3_cdzriaborp,val,fake,/workspace/data/raw/dfdc/dfdc_train_part_03/dfdc_train_part_3/cdzriaborp.mp4,dfdc_train_part_3
dfdc_train_part_3_pmuntzlxku,val,fake,/workspace/data/raw/dfdc/dfdc_train_part_03/dfdc_train_part_3/pmuntzlxku.mp4,dfdc_train_part_3
dfdc_train_part_3_oqkmvmkylo,val,fake,/workspace/data/raw/dfdc/dfdc_train_part_03/dfdc_train_part_3/oqkmvmkylo.mp4,dfdc_train_part_3
dfdc_train_part_3_nmdzujhjid,val,real,/workspace/data/raw/dfdc/dfdc_train_part_03/dfdc_train_part_3/nmdzujhjid.mp4,dfdc_train_part_3
dfdc_train_part_3_sjkigpouuh,val,real,/workspace/data/raw/dfdc/dfdc_train_part_03/dfdc_train_part_3/sjkigpouuh.mp4,dfdc_train_part_3
dfdc_train_part_3_qgzafofgvg,val,fake,/workspace/data/raw/dfdc/dfdc_train_part_03/dfdc_train_part_3/qgzafofgvg.mp4,dfdc_train_part_3
dfdc_train_part_3_tavweuclga,val,fake,/workspace/data/raw/dfdc/dfdc_train_part_03/dfdc_train_part_3/tavweuclga.mp4,dfdc_train_part_3
dfdc_train_part_3_eadolnlbix,val,fake,/workspace/data/raw/dfdc/dfdc_train_part_03/dfdc_train_part_3/eadolnlbix.mp4,dfdc_train_part_3
dfdc_train_part_3_rfpcprybif,val,fake,/workspace/data/raw/dfdc/dfdc_train_part_03/dfdc_train_part_3/rfpcprybif.mp4,dfdc_train_part_3
dfdc_train_part_3_qhnjiyljob,val,fake,/workspace/data/raw/dfdc/dfdc_train_part_03/dfdc_train_part_3/qhnjiyljob.mp4,dfdc_train_part_3
dfdc_train_part_3_hbymerzqjq,val,fake,/workspace/data/raw/dfdc/dfdc_train_part_03/dfdc_train_part_3/hbymerzqjq.mp4,dfdc_train_part_3
dfdc_train_part_3_ytvoyjgmnh,val,fake,/workspace/data/raw/dfdc/dfdc_train_part_03/dfdc_train_part_3/ytvoyjgmnh.mp4,dfdc_train_part_3
dfdc_train_part_3_mmltzbfpav,val,fake,/workspace/data/raw/dfdc/dfdc_train_part_03/dfdc_train_part_3/mmltzbfpav.mp4,dfdc_train_part_3
dfdc_train_part_3_uluiyrcghb,val,fake,/workspace/data/raw/dfdc/dfdc_train_part_03/dfdc_train_part_3/uluiyrcghb.mp4,dfdc_train_part_3
dfdc_train_part_3_ycqrcqkrsi,val,fake,/workspace/data/raw/dfdc/dfdc_train_part_03/dfdc_train_part_3/ycqrcqkrsi.mp4,dfdc_train_part_3
dfdc_train_part_3_whfdwsqmrt,val,fake,/workspace/data/raw/dfdc/dfdc_train_part_03/dfdc_train_part_3/whfdwsqmrt.mp4,dfdc_train_part_3
dfdc_train_part_3_mdvactbzmq,val,fake,/workspace/data/raw/dfdc/dfdc_train_part_03/dfdc_train_part_3/mdvactbzmq.mp4,dfdc_train_part_3
dfdc_train_part_3_skblurqkbj,val,real,/workspace/data/raw/dfdc/dfdc_train_part_03/dfdc_train_part_3/skblurqkbj.mp4,dfdc_train_part_3
dfdc_train_part_3_bzmkkccnkt,val,fake,/workspace/data/raw/dfdc/dfdc_train_part_03/dfdc_train_part_3/bzmkkccnkt.mp4,dfdc_train_part_3
dfdc_train_part_3_kfuhunxnno,val,fake,/workspace/data/raw/dfdc/dfdc_train_part_03/dfdc_train_part_3/kfuhunxnno.mp4,dfdc_train_part_3
dfdc_train_part_3_eokcarfull,val,fake,/workspace/data/raw/dfdc/dfdc_train_part_03/dfdc_train_part_3/eokcarfull.mp4,dfdc_train_part_3
dfdc_train_part_3_pgvkkpnfrg,val,real,/workspace/data/raw/dfdc/dfdc_train_part_03/dfdc_train_part_3/pgvkkpnfrg.mp4,dfdc_train_part_3
dfdc_train_part_3_qtjkrgyxjh,val,fake,/workspace/data/raw/dfdc/dfdc_train_part_03/dfdc_train_part_3/qtjkrgyxjh.mp4,dfdc_train_part_3
dfdc_train_part_3_zakfeyskak,val,real,/workspace/data/raw/dfdc/dfdc_train_part_03/dfdc_train_part_3/zakfeyskak.mp4,dfdc_train_part_3
dfdc_train_part_3_rnzzerbosq,val,fake,/workspace/data/raw/dfdc/dfdc_train_part_03/dfdc_train_part_3/rnzzerbosq.mp4,dfdc_train_part_3
dfdc_train_part_3_rmayfmkrlr,val,fake,/workspace/data/raw/dfdc/dfdc_train_part_03/dfdc_train_part_3/rmayfmkrlr.mp4,dfdc_train_part_3
dfdc_train_part_3_gerwprlefx,val,fake,/workspace/data/raw/dfdc/dfdc_train_part_03/dfdc_train_part_3/gerwprlefx.mp4,dfdc_train_part_3
dfdc_train_part_3_cytofsratb,val,fake,/workspace/data/raw/dfdc/dfdc_train_part_03/dfdc_train_part_3/cytofsratb.mp4,dfdc_train_part_3
dfdc_train_part_3_cjlwdftbbi,val,fake,/workspace/data/raw/dfdc/dfdc_train_part_03/dfdc_train_part_3/cjlwdftbbi.mp4,dfdc_train_part_3
dfdc_train_part_3_xgufzfqvcr,val,fake,/workspace/data/raw/dfdc/dfdc_train_part_03/dfdc_train_part_3/xgufzfqvcr.mp4,dfdc_train_part_3
dfdc_train_part_3_ibyzegnqfe,val,fake,/workspace/data/raw/dfdc/dfdc_train_part_03/dfdc_train_part_3/ibyzegnqfe.mp4,dfdc_train_part_3
dfdc_train_part_3_emrmblrrtm,val,fake,/workspace/data/raw/dfdc/dfdc_train_part_03/dfdc_train_part_3/emrmblrrtm.mp4,dfdc_train_part_3
dfdc_train_part_3_krcdaogpuv,val,fake,/workspace/data/raw/dfdc/dfdc_train_part_03/dfdc_train_part_3/krcdaogpuv.mp4,dfdc_train_part_3
dfdc_train_part_3_mjrqooshbs,val,fake,/workspace/data/raw/dfdc/dfdc_train_part_03/dfdc_train_part_3/mjrqooshbs.mp4,dfdc_train_part_3
dfdc_train_part_3_slxtreuuzd,val,real,/workspace/data/raw/dfdc/dfdc_train_part_03/dfdc_train_part_3/slxtreuuzd.mp4,dfdc_train_part_3
dfdc_train_part_3_exunhdbwmp,val,fake,/workspace/data/raw/dfdc/dfdc_train_part_03/dfdc_train_part_3/exunhdbwmp.mp4,dfdc_train_part_3
dfdc_train_part_3_ssuxrxhshr,val,real,/workspace/data/raw/dfdc/dfdc_train_part_03/dfdc_train_part_3/ssuxrxhshr.mp4,dfdc_train_part_3
dfdc_train_part_3_czjkgcwhch,val,fake,/workspace/data/raw/dfdc/dfdc_train_part_03/dfdc_train_part_3/czjkgcwhch.mp4,dfdc_train_part_3
dfdc_train_part_3_vtrlyhhghn,val,fake,/workspace/data/raw/dfdc/dfdc_train_part_03/dfdc_train_part_3/vtrlyhhghn.mp4,dfdc_train_part_3
dfdc_train_part_3_xnlsovllsp,val,fake,/workspace/data/raw/dfdc/dfdc_train_part_03/dfdc_train_part_3/xnlsovllsp.mp4,dfdc_train_part_3
dfdc_train_part_3_juaelozfre,val,fake,/workspace/data/raw/dfdc/dfdc_train_part_03/dfdc_train_part_3/juaelozfre.mp4,dfdc_train_part_3
dfdc_train_part_3_kvyzhxwwfb,val,fake,/workspace/data/raw/dfdc/dfdc_train_part_03/dfdc_train_part_3/kvyzhxwwfb.mp4,dfdc_train_part_3
dfdc_train_part_3_mqbktovcxh,val,fake,/workspace/data/raw/dfdc/dfdc_train_part_03/dfdc_train_part_3/mqbktovcxh.mp4,dfdc_train_part_3
dfdc_train_part_3_vohyklzylo,val,fake,/workspace/data/raw/dfdc/dfdc_train_part_03/dfdc_train_part_3/vohyklzylo.mp4,dfdc_train_part_3
dfdc_train_part_3_oqglliennm,val,fake,/workspace/data/raw/dfdc/dfdc_train_part_03/dfdc_train_part_3/oqglliennm.mp4,dfdc_train_part_3
dfdc_train_part_3_yvkuususfu,val,real,/workspace/data/raw/dfdc/dfdc_train_part_03/dfdc_train_part_3/yvkuususfu.mp4,dfdc_train_part_3
dfdc_train_part_3_yprcjxgyro,val,fake,/workspace/data/raw/dfdc/dfdc_train_part_03/dfdc_train_part_3/yprcjxgyro.mp4,dfdc_train_part_3
dfdc_train_part_3_vyleqefdni,val,fake,/workspace/data/raw/dfdc/dfdc_train_part_03/dfdc_train_part_3/vyleqefdni.mp4,dfdc_train_part_3
dfdc_train_part_3_aqoeyjsnzr,val,fake,/workspace/data/raw/dfdc/dfdc_train_part_03/dfdc_train_part_3/aqoeyjsnzr.mp4,dfdc_train_part_3
dfdc_train_part_3_tlfvftcqqc,val,fake,/workspace/data/raw/dfdc/dfdc_train_part_03/dfdc_train_part_3/tlfvftcqqc.mp4,dfdc_train_part_3
dfdc_train_part_3_ektuojlbkf,val,fake,/workspace/data/raw/dfdc/dfdc_train_part_03/dfdc_train_part_3/ektuojlbkf.mp4,dfdc_train_part_3
dfdc_train_part_3_pagaahnols,val,fake,/workspace/data/raw/dfdc/dfdc_train_part_03/dfdc_train_part_3/pagaahnols.mp4,dfdc_train_part_3
dfdc_train_part_3_vuaacewavn,val,fake,/workspace/data/raw/dfdc/dfdc_train_part_03/dfdc_train_part_3/vuaacewavn.mp4,dfdc_train_part_3
dfdc_train_part_3_hsoxbifzxi,val,fake,/workspace/data/raw/dfdc/dfdc_train_part_03/dfdc_train_part_3/hsoxbifzxi.mp4,dfdc_train_part_3
dfdc_train_part_3_ulfziupnkp,val,fake,/workspace/data/raw/dfdc/dfdc_train_part_03/dfdc_train_part_3/ulfziupnkp.mp4,dfdc_train_part_3
dfdc_train_part_3_yrrzepqsoz,val,fake,/workspace/data/raw/dfdc/dfdc_train_part_03/dfdc_train_part_3/yrrzepqsoz.mp4,dfdc_train_part_3
dfdc_train_part_3_scxjhrejub,val,fake,/workspace/data/raw/dfdc/dfdc_train_part_03/dfdc_train_part_3/scxjhrejub.mp4,dfdc_train_part_3
dfdc_train_part_3_exbcottrza,val,fake,/workspace/data/raw/dfdc/dfdc_train_part_03/dfdc_train_part_3/exbcottrza.mp4,dfdc_train_part_3
dfdc_train_part_3_azvxorjlrm,val,fake,/workspace/data/raw/dfdc/dfdc_train_part_03/dfdc_train_part_3/azvxorjlrm.mp4,dfdc_train_part_3
dfdc_train_part_3_vxpvnjllaf,val,fake,/workspace/data/raw/dfdc/dfdc_train_part_03/dfdc_train_part_3/vxpvnjllaf.mp4,dfdc_train_part_3
dfdc_train_part_3_vitakliaju,val,fake,/workspace/data/raw/dfdc/dfdc_train_part_03/dfdc_train_part_3/vitakliaju.mp4,dfdc_train_part_3
dfdc_train_part_3_wwmjfkgzyj,val,fake,/workspace/data/raw/dfdc/dfdc_train_part_03/dfdc_train_part_3/wwmjfkgzyj.mp4,dfdc_train_part_3
dfdc_train_part_3_pjmnypqmlf,val,fake,/workspace/data/raw/dfdc/dfdc_train_part_03/dfdc_train_part_3/pjmnypqmlf.mp4,dfdc_train_part_3
dfdc_train_part_3_onhorpulda,val,fake,/workspace/data/raw/dfdc/dfdc_train_part_03/dfdc_train_part_3/onhorpulda.mp4,dfdc_train_part_3
dfdc_train_part_3_guzzizvlka,val,fake,/workspace/data/raw/dfdc/dfdc_train_part_03/dfdc_train_part_3/guzzizvlka.mp4,dfdc_train_part_3
dfdc_train_part_3_wvtzzlcujg,val,fake,/workspace/data/raw/dfdc/dfdc_train_part_03/dfdc_train_part_3/wvtzzlcujg.mp4,dfdc_train_part_3
dfdc_train_part_3_dtvmqghkxl,val,fake,/workspace/data/raw/dfdc/dfdc_train_part_03/dfdc_train_part_3/dtvmqghkxl.mp4,dfdc_train_part_3
dfdc_train_part_3_qrjasxlfod,val,fake,/workspace/data/raw/dfdc/dfdc_train_part_03/dfdc_train_part_3/qrjasxlfod.mp4,dfdc_train_part_3
dfdc_train_part_3_wtsstxpita,val,fake,/workspace/data/raw/dfdc/dfdc_train_part_03/dfdc_train_part_3/wtsstxpita.mp4,dfdc_train_part_3
dfdc_train_part_3_ebvvelqptf,val,fake,/workspace/data/raw/dfdc/dfdc_train_part_03/dfdc_train_part_3/ebvvelqptf.mp4,dfdc_train_part_3
dfdc_train_part_3_kahkedgaab,val,fake,/workspace/data/raw/dfdc/dfdc_train_part_03/dfdc_train_part_3/kahkedgaab.mp4,dfdc_train_part_3
dfdc_train_part_3_esxmqritho,val,fake,/workspace/data/raw/dfdc/dfdc_train_part_03/dfdc_train_part_3/esxmqritho.mp4,dfdc_train_part_3
dfdc_train_part_3_chfeodetsk,val,fake,/workspace/data/raw/dfdc/dfdc_train_part_03/dfdc_train_part_3/chfeodetsk.mp4,dfdc_train_part_3
dfdc_train_part_3_sbvtjrwxng,val,fake,/workspace/data/raw/dfdc/dfdc_train_part_03/dfdc_train_part_3/sbvtjrwxng.mp4,dfdc_train_part_3
dfdc_train_part_3_qwyuwvfdsh,val,fake,/workspace/data/raw/dfdc/dfdc_train_part_03/dfdc_train_part_3/qwyuwvfdsh.mp4,dfdc_train_part_3
dfdc_train_part_3_gpkresscry,val,fake,/workspace/data/raw/dfdc/dfdc_train_part_03/dfdc_train_part_3/gpkresscry.mp4,dfdc_train_part_3
dfdc_train_part_3_ryjspnezjd,val,fake,/workspace/data/raw/dfdc/dfdc_train_part_03/dfdc_train_part_3/ryjspnezjd.mp4,dfdc_train_part_3
dfdc_train_part_3_qcigzolsmv,val,fake,/workspace/data/raw/dfdc/dfdc_train_part_03/dfdc_train_part_3/qcigzolsmv.mp4,dfdc_train_part_3
dfdc_train_part_3_dgmujgivqu,val,fake,/workspace/data/raw/dfdc/dfdc_train_part_03/dfdc_train_part_3/dgmujgivqu.mp4,dfdc_train_part_3
dfdc_train_part_3_arasptnvme,val,fake,/workspace/data/raw/dfdc/dfdc_train_part_03/dfdc_train_part_3/arasptnvme.mp4,dfdc_train_part_3
dfdc_train_part_3_hlhaljdyga,val,fake,/workspace/data/raw/dfdc/dfdc_train_part_03/dfdc_train_part_3/hlhaljdyga.mp4,dfdc_train_part_3
dfdc_train_part_3_rmbvcmqray,val,fake,/workspace/data/raw/dfdc/dfdc_train_part_03/dfdc_train_part_3/rmbvcmqray.mp4,dfdc_train_part_3
dfdc_train_part_3_gezwdkrytm,val,fake,/workspace/data/raw/dfdc/dfdc_train_part_03/dfdc_train_part_3/gezwdkrytm.mp4,dfdc_train_part_3
dfdc_train_part_3_tegokigxgp,val,fake,/workspace/data/raw/dfdc/dfdc_train_part_03/dfdc_train_part_3/tegokigxgp.mp4,dfdc_train_part_3
dfdc_train_part_3_mozsyttixt,val,fake,/workspace/data/raw/dfdc/dfdc_train_part_03/dfdc_train_part_3/mozsyttixt.mp4,dfdc_train_part_3
dfdc_train_part_3_ujrcqqydxz,val,fake,/workspace/data/raw/dfdc/dfdc_train_part_03/dfdc_train_part_3/ujrcqqydxz.mp4,dfdc_train_part_3
dfdc_train_part_3_cslsqptoiw,val,fake,/workspace/data/raw/dfdc/dfdc_train_part_03/dfdc_train_part_3/cslsqptoiw.mp4,dfdc_train_part_3
dfdc_train_part_3_jmfrlvnlbm,val,fake,/workspace/data/raw/dfdc/dfdc_train_part_03/dfdc_train_part_3/jmfrlvnlbm.mp4,dfdc_train_part_3
dfdc_train_part_3_knsdlrpacm,val,fake,/workspace/data/raw/dfdc/dfdc_train_part_03/dfdc_train_part_3/knsdlrpacm.mp4,dfdc_train_part_3
dfdc_train_part_3_kkqwiruktw,val,fake,/workspace/data/raw/dfdc/dfdc_train_part_03/dfdc_train_part_3/kkqwiruktw.mp4,dfdc_train_part_3
dfdc_train_part_3_kuakvgktac,val,fake,/workspace/data/raw/dfdc/dfdc_train_part_03/dfdc_train_part_3/kuakvgktac.mp4,dfdc_train_part_3
dfdc_train_part_3_dwqoxeaejv,val,fake,/workspace/data/raw/dfdc/dfdc_train_part_03/dfdc_train_part_3/dwqoxeaejv.mp4,dfdc_train_part_3
dfdc_train_part_3_ypnktdctqh,val,fake,/workspace/data/raw/dfdc/dfdc_train_part_03/dfdc_train_part_3/ypnktdctqh.mp4,dfdc_train_part_3
dfdc_train_part_3_okqrvkecxk,val,fake,/workspace/data/raw/dfdc/dfdc_train_part_03/dfdc_train_part_3/okqrvkecxk.mp4,dfdc_train_part_3
dfdc_train_part_3_hvuhsugadn,val,fake,/workspace/data/raw/dfdc/dfdc_train_part_03/dfdc_train_part_3/hvuhsugadn.mp4,dfdc_train_part_3
dfdc_train_part_3_mfcdogcags,val,fake,/workspace/data/raw/dfdc/dfdc_train_part_03/dfdc_train_part_3/mfcdogcags.mp4,dfdc_train_part_3
dfdc_train_part_3_fleoawtvif,val,fake,/workspace/data/raw/dfdc/dfdc_train_part_03/dfdc_train_part_3/fleoawtvif.mp4,dfdc_train_part_3
dfdc_train_part_3_wyggfojshh,val,fake,/workspace/data/raw/dfdc/dfdc_train_part_03/dfdc_train_part_3/wyggfojshh.mp4,dfdc_train_part_3
dfdc_train_part_3_wqbfaitajc,val,fake,/workspace/data/raw/dfdc/dfdc_train_part_03/dfdc_train_part_3/wqbfaitajc.mp4,dfdc_train_part_3
dfdc_train_part_3_vjwmdnrvuf,val,fake,/workspace/data/raw/dfdc/dfdc_train_part_03/dfdc_train_part_3/vjwmdnrvuf.mp4,dfdc_train_part_3
dfdc_train_part_3_hymjbylhfd,val,fake,/workspace/data/raw/dfdc/dfdc_train_part_03/dfdc_train_part_3/hymjbylhfd.mp4,dfdc_train_part_3
dfdc_train_part_3_vnpzvqphkm,val,fake,/workspace/data/raw/dfdc/dfdc_train_part_03/dfdc_train_part_3/vnpzvqphkm.mp4,dfdc_train_part_3
dfdc_train_part_3_cutdjzeeip,val,fake,/workspace/data/raw/dfdc/dfdc_train_part_03/dfdc_train_part_3/cutdjzeeip.mp4,dfdc_train_part_3
dfdc_train_part_3_xrdfibwovf,val,fake,/workspace/data/raw/dfdc/dfdc_train_part_03/dfdc_train_part_3/xrdfibwovf.mp4,dfdc_train_part_3
dfdc_train_part_3_rxlnbvevtr,val,real,/workspace/data/raw/dfdc/dfdc_train_part_03/dfdc_train_part_3/rxlnbvevtr.mp4,dfdc_train_part_3
dfdc_train_part_3_fqeebgwwfs,val,real,/workspace/data/raw/dfdc/dfdc_train_part_03/dfdc_train_part_3/fqeebgwwfs.mp4,dfdc_train_part_3
dfdc_train_part_3_uwuytbmjgz,val,fake,/workspace/data/raw/dfdc/dfdc_train_part_03/dfdc_train_part_3/uwuytbmjgz.mp4,dfdc_train_part_3
dfdc_train_part_3_nasrqqcips,val,fake,/workspace/data/raw/dfdc/dfdc_train_part_03/dfdc_train_part_3/nasrqqcips.mp4,dfdc_train_part_3
dfdc_train_part_3_bpkgdlopkm,val,fake,/workspace/data/raw/dfdc/dfdc_train_part_03/dfdc_train_part_3/bpkgdlopkm.mp4,dfdc_train_part_3
dfdc_train_part_3_tbzzorjdaj,val,fake,/workspace/data/raw/dfdc/dfdc_train_part_03/dfdc_train_part_3/tbzzorjdaj.mp4,dfdc_train_part_3
dfdc_train_part_3_hcnvjrbwyb,val,real,/workspace/data/raw/dfdc/dfdc_train_part_03/dfdc_train_part_3/hcnvjrbwyb.mp4,dfdc_train_part_3
dfdc_train_part_3_pkwhvcbwbt,val,fake,/workspace/data/raw/dfdc/dfdc_train_part_03/dfdc_train_part_3/pkwhvcbwbt.mp4,dfdc_train_part_3
dfdc_train_part_3_ltbkxsufne,val,fake,/workspace/data/raw/dfdc/dfdc_train_part_03/dfdc_train_part_3/ltbkxsufne.mp4,dfdc_train_part_3
dfdc_train_part_3_ckolojkyqz,val,fake,/workspace/data/raw/dfdc/dfdc_train_part_03/dfdc_train_part_3/ckolojkyqz.mp4,dfdc_train_part_3
dfdc_train_part_3_bgsluarwyl,val,real,/workspace/data/raw/dfdc/dfdc_train_part_03/dfdc_train_part_3/bgsluarwyl.mp4,dfdc_train_part_3
dfdc_train_part_3_kovzwqmhjr,val,fake,/workspace/data/raw/dfdc/dfdc_train_part_03/dfdc_train_part_3/kovzwqmhjr.mp4,dfdc_train_part_3
dfdc_train_part_3_ymghgdxsgx,val,fake,/workspace/data/raw/dfdc/dfdc_train_part_03/dfdc_train_part_3/ymghgdxsgx.mp4,dfdc_train_part_3
dfdc_train_part_3_rbhwagdxvx,val,real,/workspace/data/raw/dfdc/dfdc_train_part_03/dfdc_train_part_3/rbhwagdxvx.mp4,dfdc_train_part_3
dfdc_train_part_3_zwnugojtmc,val,fake,/workspace/data/raw/dfdc/dfdc_train_part_03/dfdc_train_part_3/zwnugojtmc.mp4,dfdc_train_part_3
dfdc_train_part_3_biyummatiu,val,fake,/workspace/data/raw/dfdc/dfdc_train_part_03/dfdc_train_part_3/biyummatiu.mp4,dfdc_train_part_3
dfdc_train_part_3_sqcyxtjrus,val,fake,/workspace/data/raw/dfdc/dfdc_train_part_03/dfdc_train_part_3/sqcyxtjrus.mp4,dfdc_train_part_3
dfdc_train_part_3_pxquvkikhd,val,real,/workspace/data/raw/dfdc/dfdc_train_part_03/dfdc_train_part_3/pxquvkikhd.mp4,dfdc_train_part_3
dfdc_train_part_3_frgzynfdxp,val,real,/workspace/data/raw/dfdc/dfdc_train_part_03/dfdc_train_part_3/frgzynfdxp.mp4,dfdc_train_part_3
dfdc_train_part_3_vjokxcywyt,val,real,/workspace/data/raw/dfdc/dfdc_train_part_03/dfdc_train_part_3/vjokxcywyt.mp4,dfdc_train_part_3
dfdc_train_part_3_jxxqdfljbx,val,fake,/workspace/data/raw/dfdc/dfdc_train_part_03/dfdc_train_part_3/jxxqdfljbx.mp4,dfdc_train_part_3
dfdc_train_part_3_znuumkhdbu,val,fake,/workspace/data/raw/dfdc/dfdc_train_part_03/dfdc_train_part_3/znuumkhdbu.mp4,dfdc_train_part_3
dfdc_train_part_3_ymgovzgett,val,fake,/workspace/data/raw/dfdc/dfdc_train_part_03/dfdc_train_part_3/ymgovzgett.mp4,dfdc_train_part_3
dfdc_train_part_3_jagdzowdri,val,fake,/workspace/data/raw/dfdc/dfdc_train_part_03/dfdc_train_part_3/jagdzowdri.mp4,dfdc_train_part_3
dfdc_train_part_3_jxgkmoscja,val,fake,/workspace/data/raw/dfdc/dfdc_train_part_03/dfdc_train_part_3/jxgkmoscja.mp4,dfdc_train_part_3
dfdc_train_part_3_tdlfzxbrim,val,fake,/workspace/data/raw/dfdc/dfdc_train_part_03/dfdc_train_part_3/tdlfzxbrim.mp4,dfdc_train_part_3
dfdc_train_part_3_fzgisyxqhy,val,fake,/workspace/data/raw/dfdc/dfdc_train_part_03/dfdc_train_part_3/fzgisyxqhy.mp4,dfdc_train_part_3
dfdc_train_part_3_rffoncdaqy,val,fake,/workspace/data/raw/dfdc/dfdc_train_part_03/dfdc_train_part_3/rffoncdaqy.mp4,dfdc_train_part_3
dfdc_train_part_3_ffowuinxte,val,fake,/workspace/data/raw/dfdc/dfdc_train_part_03/dfdc_train_part_3/ffowuinxte.mp4,dfdc_train_part_3
dfdc_train_part_3_mlxlijxzeu,val,fake,/workspace/data/raw/dfdc/dfdc_train_part_03/dfdc_train_part_3/mlxlijxzeu.mp4,dfdc_train_part_3
dfdc_train_part_3_lxetdwpbvc,val,fake,/workspace/data/raw/dfdc/dfdc_train_part_03/dfdc_train_part_3/lxetdwpbvc.mp4,dfdc_train_part_3
dfdc_train_part_3_ojqaffhyse,val,fake,/workspace/data/raw/dfdc/dfdc_train_part_03/dfdc_train_part_3/ojqaffhyse.mp4,dfdc_train_part_3
dfdc_train_part_3_tykpfgtcgd,val,fake,/workspace/data/raw/dfdc/dfdc_train_part_03/dfdc_train_part_3/tykpfgtcgd.mp4,dfdc_train_part_3
dfdc_train_part_3_pgqcghptso,val,fake,/workspace/data/raw/dfdc/dfdc_train_part_03/dfdc_train_part_3/pgqcghptso.mp4,dfdc_train_part_3
dfdc_train_part_3_icsxletuwy,val,fake,/workspace/data/raw/dfdc/dfdc_train_part_03/dfdc_train_part_3/icsxletuwy.mp4,dfdc_train_part_3
dfdc_train_part_3_ruwlnronut,val,real,/workspace/data/raw/dfdc/dfdc_train_part_03/dfdc_train_part_3/ruwlnronut.mp4,dfdc_train_part_3
dfdc_train_part_3_agmsqaprtg,val,fake,/workspace/data/raw/dfdc/dfdc_train_part_03/dfdc_train_part_3/agmsqaprtg.mp4,dfdc_train_part_3
dfdc_train_part_3_vodxzvewum,val,fake,/workspace/data/raw/dfdc/dfdc_train_part_03/dfdc_train_part_3/vodxzvewum.mp4,dfdc_train_part_3
dfdc_train_part_3_gnyqluuenf,val,fake,/workspace/data/raw/dfdc/dfdc_train_part_03/dfdc_train_part_3/gnyqluuenf.mp4,dfdc_train_part_3
dfdc_train_part_3_ujpzgghvrp,val,fake,/workspace/data/raw/dfdc/dfdc_train_part_03/dfdc_train_part_3/ujpzgghvrp.mp4,dfdc_train_part_3
dfdc_train_part_3_gcjtyaqiwo,val,real,/workspace/data/raw/dfdc/dfdc_train_part_03/dfdc_train_part_3/gcjtyaqiwo.mp4,dfdc_train_part_3
dfdc_train_part_3_kbgynbpxnx,val,fake,/workspace/data/raw/dfdc/dfdc_train_part_03/dfdc_train_part_3/kbgynbpxnx.mp4,dfdc_train_part_3
dfdc_train_part_3_elsxqxzbtk,val,real,/workspace/data/raw/dfdc/dfdc_train_part_03/dfdc_train_part_3/elsxqxzbtk.mp4,dfdc_train_part_3
dfdc_train_part_3_fwimqamfst,val,fake,/workspace/data/raw/dfdc/dfdc_train_part_03/dfdc_train_part_3/fwimqamfst.mp4,dfdc_train_part_3
dfdc_train_part_3_wowbfgzyiz,val,fake,/workspace/data/raw/dfdc/dfdc_train_part_03/dfdc_train_part_3/wowbfgzyiz.mp4,dfdc_train_part_3
dfdc_train_part_3_ykbygjxhzo,val,fake,/workspace/data/raw/dfdc/dfdc_train_part_03/dfdc_train_part_3/ykbygjxhzo.mp4,dfdc_train_part_3
dfdc_train_part_3_daijlfwakh,val,fake,/workspace/data/raw/dfdc/dfdc_train_part_03/dfdc_train_part_3/daijlfwakh.mp4,dfdc_train_part_3
dfdc_train_part_3_iywrddavxt,val,fake,/workspace/data/raw/dfdc/dfdc_train_part_03/dfdc_train_part_3/iywrddavxt.mp4,dfdc_train_part_3
dfdc_train_part_3_qmqjtabtaf,val,fake,/workspace/data/raw/dfdc/dfdc_train_part_03/dfdc_train_part_3/qmqjtabtaf.mp4,dfdc_train_part_3
dfdc_train_part_3_kmkrpnhqkd,val,fake,/workspace/data/raw/dfdc/dfdc_train_part_03/dfdc_train_part_3/kmkrpnhqkd.mp4,dfdc_train_part_3
dfdc_train_part_3_hvvcnzkkoo,val,fake,/workspace/data/raw/dfdc/dfdc_train_part_03/dfdc_train_part_3/hvvcnzkkoo.mp4,dfdc_train_part_3
dfdc_train_part_3_fackiyrkuz,val,fake,/workspace/data/raw/dfdc/dfdc_train_part_03/dfdc_train_part_3/fackiyrkuz.mp4,dfdc_train_part_3
dfdc_train_part_3_edlswsvlxc,val,fake,/workspace/data/raw/dfdc/dfdc_train_part_03/dfdc_train_part_3/edlswsvlxc.mp4,dfdc_train_part_3
dfdc_train_part_3_gasbzeweme,val,real,/workspace/data/raw/dfdc/dfdc_train_part_03/dfdc_train_part_3/gasbzeweme.mp4,dfdc_train_part_3
dfdc_train_part_3_vrwtatnwxk,val,fake,/workspace/data/raw/dfdc/dfdc_train_part_03/dfdc_train_part_3/vrwtatnwxk.mp4,dfdc_train_part_3
dfdc_train_part_3_nmnlknzyet,val,fake,/workspace/data/raw/dfdc/dfdc_train_part_03/dfdc_train_part_3/nmnlknzyet.mp4,dfdc_train_part_3
dfdc_train_part_3_bwioxwmzmk,val,fake,/workspace/data/raw/dfdc/dfdc_train_part_03/dfdc_train_part_3/bwioxwmzmk.mp4,dfdc_train_part_3
dfdc_train_part_3_ihgazewlbd,val,real,/workspace/data/raw/dfdc/dfdc_train_part_03/dfdc_train_part_3/ihgazewlbd.mp4,dfdc_train_part_3
dfdc_train_part_3_fnfgazrfxe,val,fake,/workspace/data/raw/dfdc/dfdc_train_part_03/dfdc_train_part_3/fnfgazrfxe.mp4,dfdc_train_part_3
dfdc_train_part_3_flxsxcgfkz,val,fake,/workspace/data/raw/dfdc/dfdc_train_part_03/dfdc_train_part_3/flxsxcgfkz.mp4,dfdc_train_part_3
dfdc_train_part_3_dcnltnfeeg,val,fake,/workspace/data/raw/dfdc/dfdc_train_part_03/dfdc_train_part_3/dcnltnfeeg.mp4,dfdc_train_part_3
dfdc_train_part_3_dbnuyzbgky,val,fake,/workspace/data/raw/dfdc/dfdc_train_part_03/dfdc_train_part_3/dbnuyzbgky.mp4,dfdc_train_part_3
dfdc_train_part_3_idxqdzkedj,val,fake,/workspace/data/raw/dfdc/dfdc_train_part_03/dfdc_train_part_3/idxqdzkedj.mp4,dfdc_train_part_3
dfdc_train_part_3_zuxcuhuapn,val,fake,/workspace/data/raw/dfdc/dfdc_train_part_03/dfdc_train_part_3/zuxcuhuapn.mp4,dfdc_train_part_3
dfdc_train_part_3_ievilxkyna,val,fake,/workspace/data/raw/dfdc/dfdc_train_part_03/dfdc_train_part_3/ievilxkyna.mp4,dfdc_train_part_3
dfdc_train_part_3_oiilknhpqy,val,fake,/workspace/data/raw/dfdc/dfdc_train_part_03/dfdc_train_part_3/oiilknhpqy.mp4,dfdc_train_part_3
dfdc_train_part_3_adqyqmibof,val,fake,/workspace/data/raw/dfdc/dfdc_train_part_03/dfdc_train_part_3/adqyqmibof.mp4,dfdc_train_part_3
dfdc_train_part_3_vltsepourt,val,fake,/workspace/data/raw/dfdc/dfdc_train_part_03/dfdc_train_part_3/vltsepourt.mp4,dfdc_train_part_3
dfdc_train_part_3_gvibkwutuu,val,fake,/workspace/data/raw/dfdc/dfdc_train_part_03/dfdc_train_part_3/gvibkwutuu.mp4,dfdc_train_part_3
dfdc_train_part_3_raordaotvd,val,fake,/workspace/data/raw/dfdc/dfdc_train_part_03/dfdc_train_part_3/raordaotvd.mp4,dfdc_train_part_3
dfdc_train_part_3_kikkwfjfdo,val,fake,/workspace/data/raw/dfdc/dfdc_train_part_03/dfdc_train_part_3/kikkwfjfdo.mp4,dfdc_train_part_3
dfdc_train_part_3_qvubfjvujf,val,fake,/workspace/data/raw/dfdc/dfdc_train_part_03/dfdc_train_part_3/qvubfjvujf.mp4,dfdc_train_part_3
dfdc_train_part_3_zuraepqglv,val,fake,/workspace/data/raw/dfdc/dfdc_train_part_03/dfdc_train_part_3/zuraepqglv.mp4,dfdc_train_part_3
dfdc_train_part_3_uphkzkvshe,val,fake,/workspace/data/raw/dfdc/dfdc_train_part_03/dfdc_train_part_3/uphkzkvshe.mp4,dfdc_train_part_3
dfdc_train_part_3_yoluabhrjj,val,fake,/workspace/data/raw/dfdc/dfdc_train_part_03/dfdc_train_part_3/yoluabhrjj.mp4,dfdc_train_part_3
dfdc_train_part_3_exsbgixhir,val,fake,/workspace/data/raw/dfdc/dfdc_train_part_03/dfdc_train_part_3/exsbgixhir.mp4,dfdc_train_part_3
dfdc_train_part_3_goegdmmyxk,val,real,/workspace/data/raw/dfdc/dfdc_train_part_03/dfdc_train_part_3/goegdmmyxk.mp4,dfdc_train_part_3
dfdc_train_part_3_cbnyssjaho,val,fake,/workspace/data/raw/dfdc/dfdc_train_part_03/dfdc_train_part_3/cbnyssjaho.mp4,dfdc_train_part_3
dfdc_train_part_3_anjgxkikea,val,fake,/workspace/data/raw/dfdc/dfdc_train_part_03/dfdc_train_part_3/anjgxkikea.mp4,dfdc_train_part_3
dfdc_train_part_3_itsfsjiruj,val,fake,/workspace/data/raw/dfdc/dfdc_train_part_03/dfdc_train_part_3/itsfsjiruj.mp4,dfdc_train_part_3
dfdc_train_part_3_qhtwtxvlan,val,fake,/workspace/data/raw/dfdc/dfdc_train_part_03/dfdc_train_part_3/qhtwtxvlan.mp4,dfdc_train_part_3
dfdc_train_part_3_pllqrtbjdv,val,fake,/workspace/data/raw/dfdc/dfdc_train_part_03/dfdc_train_part_3/pllqrtbjdv.mp4,dfdc_train_part_3
dfdc_train_part_3_debszcijvd,val,fake,/workspace/data/raw/dfdc/dfdc_train_part_03/dfdc_train_part_3/debszcijvd.mp4,dfdc_train_part_3
dfdc_train_part_3_xupeekvvrj,val,real,/workspace/data/raw/dfdc/dfdc_train_part_03/dfdc_train_part_3/xupeekvvrj.mp4,dfdc_train_part_3
dfdc_train_part_3_mpxiadhtiu,val,fake,/workspace/data/raw/dfdc/dfdc_train_part_03/dfdc_train_part_3/mpxiadhtiu.mp4,dfdc_train_part_3
dfdc_train_part_3_lnyconlqik,val,fake,/workspace/data/raw/dfdc/dfdc_train_part_03/dfdc_train_part_3/lnyconlqik.mp4,dfdc_train_part_3
dfdc_train_part_3_dhcrpdqqlv,val,fake,/workspace/data/raw/dfdc/dfdc_train_part_03/dfdc_train_part_3/dhcrpdqqlv.mp4,dfdc_train_part_3
dfdc_train_part_3_qoalwspkzc,val,fake,/workspace/data/raw/dfdc/dfdc_train_part_03/dfdc_train_part_3/qoalwspkzc.mp4,dfdc_train_part_3
dfdc_train_part_3_beshruwzkt,val,fake,/workspace/data/raw/dfdc/dfdc_train_part_03/dfdc_train_part_3/beshruwzkt.mp4,dfdc_train_part_3
dfdc_train_part_3_axqkzfboii,val,fake,/workspace/data/raw/dfdc/dfdc_train_part_03/dfdc_train_part_3/axqkzfboii.mp4,dfdc_train_part_3
dfdc_train_part_3_ybypmwsjoy,val,fake,/workspace/data/raw/dfdc/dfdc_train_part_03/dfdc_train_part_3/ybypmwsjoy.mp4,dfdc_train_part_3
dfdc_train_part_3_xcduqsrpwb,val,fake,/workspace/data/raw/dfdc/dfdc_train_part_03/dfdc_train_part_3/xcduqsrpwb.mp4,dfdc_train_part_3
dfdc_train_part_3_omytlpzopy,val,fake,/workspace/data/raw/dfdc/dfdc_train_part_03/dfdc_train_part_3/omytlpzopy.mp4,dfdc_train_part_3
dfdc_train_part_3_exlmepcdps,val,fake,/workspace/data/raw/dfdc/dfdc_train_part_03/dfdc_train_part_3/exlmepcdps.mp4,dfdc_train_part_3
dfdc_train_part_3_zzogukbedf,val,fake,/workspace/data/raw/dfdc/dfdc_train_part_03/dfdc_train_part_3/zzogukbedf.mp4,dfdc_train_part_3
dfdc_train_part_3_cospepjvas,val,fake,/workspace/data/raw/dfdc/dfdc_train_part_03/dfdc_train_part_3/cospepjvas.mp4,dfdc_train_part_3
dfdc_train_part_3_ivczqfnnxf,val,fake,/workspace/data/raw/dfdc/dfdc_train_part_03/dfdc_train_part_3/ivczqfnnxf.mp4,dfdc_train_part_3
dfdc_train_part_3_fyswelbcdk,val,fake,/workspace/data/raw/dfdc/dfdc_train_part_03/dfdc_train_part_3/fyswelbcdk.mp4,dfdc_train_part_3
dfdc_train_part_3_zsmsxxwnix,val,fake,/workspace/data/raw/dfdc/dfdc_train_part_03/dfdc_train_part_3/zsmsxxwnix.mp4,dfdc_train_part_3
dfdc_train_part_3_xwbfbueegy,val,fake,/workspace/data/raw/dfdc/dfdc_train_part_03/dfdc_train_part_3/xwbfbueegy.mp4,dfdc_train_part_3
dfdc_train_part_3_nwhleyjguj,val,real,/workspace/data/raw/dfdc/dfdc_train_part_03/dfdc_train_part_3/nwhleyjguj.mp4,dfdc_train_part_3
dfdc_train_part_3_gfcspejcib,val,real,/workspace/data/raw/dfdc/dfdc_train_part_03/dfdc_train_part_3/gfcspejcib.mp4,dfdc_train_part_3
dfdc_train_part_3_vfqvqdnjtf,val,fake,/workspace/data/raw/dfdc/dfdc_train_part_03/dfdc_train_part_3/vfqvqdnjtf.mp4,dfdc_train_part_3
dfdc_train_part_3_onhthjbayk,val,fake,/workspace/data/raw/dfdc/dfdc_train_part_03/dfdc_train_part_3/onhthjbayk.mp4,dfdc_train_part_3
dfdc_train_part_3_wmzshvrcgh,val,fake,/workspace/data/raw/dfdc/dfdc_train_part_03/dfdc_train_part_3/wmzshvrcgh.mp4,dfdc_train_part_3
dfdc_train_part_3_arafzhoqil,val,fake,/workspace/data/raw/dfdc/dfdc_train_part_03/dfdc_train_part_3/arafzhoqil.mp4,dfdc_train_part_3
dfdc_train_part_3_exehikjona,val,fake,/workspace/data/raw/dfdc/dfdc_train_part_03/dfdc_train_part_3/exehikjona.mp4,dfdc_train_part_3
dfdc_train_part_3_tffqzimrax,val,fake,/workspace/data/raw/dfdc/dfdc_train_part_03/dfdc_train_part_3/tffqzimrax.mp4,dfdc_train_part_3
dfdc_train_part_3_ydqovcxvum,val,real,/workspace/data/raw/dfdc/dfdc_train_part_03/dfdc_train_part_3/ydqovcxvum.mp4,dfdc_train_part_3
dfdc_train_part_3_cteolgekjy,val,fake,/workspace/data/raw/dfdc/dfdc_train_part_03/dfdc_train_part_3/cteolgekjy.mp4,dfdc_train_part_3
dfdc_train_part_3_ykgoozqdbb,val,fake,/workspace/data/raw/dfdc/dfdc_train_part_03/dfdc_train_part_3/ykgoozqdbb.mp4,dfdc_train_part_3
dfdc_train_part_3_coyzuzluob,val,real,/workspace/data/raw/dfdc/dfdc_train_part_03/dfdc_train_part_3/coyzuzluob.mp4,dfdc_train_part_3
dfdc_train_part_3_xkdoyetaeb,val,fake,/workspace/data/raw/dfdc/dfdc_train_part_03/dfdc_train_part_3/xkdoyetaeb.mp4,dfdc_train_part_3
dfdc_train_part_3_cbpaoachhz,val,fake,/workspace/data/raw/dfdc/dfdc_train_part_03/dfdc_train_part_3/cbpaoachhz.mp4,dfdc_train_part_3
dfdc_train_part_3_xoecfwfkwi,val,fake,/workspace/data/raw/dfdc/dfdc_train_part_03/dfdc_train_part_3/xoecfwfkwi.mp4,dfdc_train_part_3
dfdc_train_part_3_tfxtegykcp,val,fake,/workspace/data/raw/dfdc/dfdc_train_part_03/dfdc_train_part_3/tfxtegykcp.mp4,dfdc_train_part_3
dfdc_train_part_3_hrshyeoquj,val,fake,/workspace/data/raw/dfdc/dfdc_train_part_03/dfdc_train_part_3/hrshyeoquj.mp4,dfdc_train_part_3
dfdc_train_part_3_qgxqbinntj,val,fake,/workspace/data/raw/dfdc/dfdc_train_part_03/dfdc_train_part_3/qgxqbinntj.mp4,dfdc_train_part_3
dfdc_train_part_3_fvooutibrd,val,fake,/workspace/data/raw/dfdc/dfdc_train_part_03/dfdc_train_part_3/fvooutibrd.mp4,dfdc_train_part_3
dfdc_train_part_3_whonhekqwg,val,fake,/workspace/data/raw/dfdc/dfdc_train_part_03/dfdc_train_part_3/whonhekqwg.mp4,dfdc_train_part_3
dfdc_train_part_3_sbpbpxzspy,val,fake,/workspace/data/raw/dfdc/dfdc_train_part_03/dfdc_train_part_3/sbpbpxzspy.mp4,dfdc_train_part_3
dfdc_train_part_3_yqbdslceau,val,fake,/workspace/data/raw/dfdc/dfdc_train_part_03/dfdc_train_part_3/yqbdslceau.mp4,dfdc_train_part_3
dfdc_train_part_3_elrmpzdppn,val,fake,/workspace/data/raw/dfdc/dfdc_train_part_03/dfdc_train_part_3/elrmpzdppn.mp4,dfdc_train_part_3
dfdc_train_part_3_vjenypjkzt,val,real,/workspace/data/raw/dfdc/dfdc_train_part_03/dfdc_train_part_3/vjenypjkzt.mp4,dfdc_train_part_3
dfdc_train_part_3_moiehodfkl,val,fake,/workspace/data/raw/dfdc/dfdc_train_part_03/dfdc_train_part_3/moiehodfkl.mp4,dfdc_train_part_3
dfdc_train_part_3_pnzjahgfcj,val,real,/workspace/data/raw/dfdc/dfdc_train_part_03/dfdc_train_part_3/pnzjahgfcj.mp4,dfdc_train_part_3
dfdc_train_part_3_tilhcwenpk,val,fake,/workspace/data/raw/dfdc/dfdc_train_part_03/dfdc_train_part_3/tilhcwenpk.mp4,dfdc_train_part_3
dfdc_train_part_3_exxnwcwkge,val,fake,/workspace/data/raw/dfdc/dfdc_train_part_03/dfdc_train_part_3/exxnwcwkge.mp4,dfdc_train_part_3
dfdc_train_part_3_hqompqlkft,val,fake,/workspace/data/raw/dfdc/dfdc_train_part_03/dfdc_train_part_3/hqompqlkft.mp4,dfdc_train_part_3
dfdc_train_part_3_shlqreycrj,val,fake,/workspace/data/raw/dfdc/dfdc_train_part_03/dfdc_train_part_3/shlqreycrj.mp4,dfdc_train_part_3
dfdc_train_part_3_rpdtsqbbun,val,fake,/workspace/data/raw/dfdc/dfdc_train_part_03/dfdc_train_part_3/rpdtsqbbun.mp4,dfdc_train_part_3
dfdc_train_part_3_sykzzwoxgi,val,fake,/workspace/data/raw/dfdc/dfdc_train_part_03/dfdc_train_part_3/sykzzwoxgi.mp4,dfdc_train_part_3
dfdc_train_part_3_twovjcbdmv,val,fake,/workspace/data/raw/dfdc/dfdc_train_part_03/dfdc_train_part_3/twovjcbdmv.mp4,dfdc_train_part_3
dfdc_train_part_3_yoijornhmt,val,fake,/workspace/data/raw/dfdc/dfdc_train_part_03/dfdc_train_part_3/yoijornhmt.mp4,dfdc_train_part_3
dfdc_train_part_3_ozzeofnvmc,val,fake,/workspace/data/raw/dfdc/dfdc_train_part_03/dfdc_train_part_3/ozzeofnvmc.mp4,dfdc_train_part_3
dfdc_train_part_3_ldsunxtchf,val,real,/workspace/data/raw/dfdc/dfdc_train_part_03/dfdc_train_part_3/ldsunxtchf.mp4,dfdc_train_part_3
dfdc_train_part_3_hyafqbzgin,val,real,/workspace/data/raw/dfdc/dfdc_train_part_03/dfdc_train_part_3/hyafqbzgin.mp4,dfdc_train_part_3
dfdc_train_part_3_dhahwzhaoj,val,fake,/workspace/data/raw/dfdc/dfdc_train_part_03/dfdc_train_part_3/dhahwzhaoj.mp4,dfdc_train_part_3
dfdc_train_part_3_qwvxfewpwj,val,fake,/workspace/data/raw/dfdc/dfdc_train_part_03/dfdc_train_part_3/qwvxfewpwj.mp4,dfdc_train_part_3
dfdc_train_part_3_fbpmpbqcxf,val,fake,/workspace/data/raw/dfdc/dfdc_train_part_03/dfdc_train_part_3/fbpmpbqcxf.mp4,dfdc_train_part_3
dfdc_train_part_3_dmoyfrklmr,val,fake,/workspace/data/raw/dfdc/dfdc_train_part_03/dfdc_train_part_3/dmoyfrklmr.mp4,dfdc_train_part_3
dfdc_train_part_3_rkpkrpuwal,val,real,/workspace/data/raw/dfdc/dfdc_train_part_03/dfdc_train_part_3/rkpkrpuwal.mp4,dfdc_train_part_3
dfdc_train_part_3_izgumqcxhi,val,real,/workspace/data/raw/dfdc/dfdc_train_part_03/dfdc_train_part_3/izgumqcxhi.mp4,dfdc_train_part_3
dfdc_train_part_3_pxvbhruceg,val,fake,/workspace/data/raw/dfdc/dfdc_train_part_03/dfdc_train_part_3/pxvbhruceg.mp4,dfdc_train_part_3
dfdc_train_part_3_xwnamdbolx,val,fake,/workspace/data/raw/dfdc/dfdc_train_part_03/dfdc_train_part_3/xwnamdbolx.mp4,dfdc_train_part_3
dfdc_train_part_3_jvtrffcjuh,val,real,/workspace/data/raw/dfdc/dfdc_train_part_03/dfdc_train_part_3/jvtrffcjuh.mp4,dfdc_train_part_3
dfdc_train_part_3_vsaiqjxwfd,val,fake,/workspace/data/raw/dfdc/dfdc_train_part_03/dfdc_train_part_3/vsaiqjxwfd.mp4,dfdc_train_part_3
dfdc_train_part_3_vbwpzenvxg,val,fake,/workspace/data/raw/dfdc/dfdc_train_part_03/dfdc_train_part_3/vbwpzenvxg.mp4,dfdc_train_part_3
dfdc_train_part_3_itlwgvaxiv,val,fake,/workspace/data/raw/dfdc/dfdc_train_part_03/dfdc_train_part_3/itlwgvaxiv.mp4,dfdc_train_part_3
dfdc_train_part_3_wpxdrfsmws,val,fake,/workspace/data/raw/dfdc/dfdc_train_part_03/dfdc_train_part_3/wpxdrfsmws.mp4,dfdc_train_part_3
dfdc_train_part_3_yacilqlipr,val,fake,/workspace/data/raw/dfdc/dfdc_train_part_03/dfdc_train_part_3/yacilqlipr.mp4,dfdc_train_part_3
dfdc_train_part_3_zrxywvpxnh,val,fake,/workspace/data/raw/dfdc/dfdc_train_part_03/dfdc_train_part_3/zrxywvpxnh.mp4,dfdc_train_part_3
dfdc_train_part_3_emrerqftel,val,fake,/workspace/data/raw/dfdc/dfdc_train_part_03/dfdc_train_part_3/emrerqftel.mp4,dfdc_train_part_3
dfdc_train_part_3_etxknonwli,val,fake,/workspace/data/raw/dfdc/dfdc_train_part_03/dfdc_train_part_3/etxknonwli.mp4,dfdc_train_part_3
dfdc_train_part_3_hudrinvcyt,val,fake,/workspace/data/raw/dfdc/dfdc_train_part_03/dfdc_train_part_3/hudrinvcyt.mp4,dfdc_train_part_3
dfdc_train_part_3_wzdnvgackt,val,real,/workspace/data/raw/dfdc/dfdc_train_part_03/dfdc_train_part_3/wzdnvgackt.mp4,dfdc_train_part_3
dfdc_train_part_3_pcwgywgzjf,val,fake,/workspace/data/raw/dfdc/dfdc_train_part_03/dfdc_train_part_3/pcwgywgzjf.mp4,dfdc_train_part_3
dfdc_train_part_3_lmtlkeqvli,val,fake,/workspace/data/raw/dfdc/dfdc_train_part_03/dfdc_train_part_3/lmtlkeqvli.mp4,dfdc_train_part_3
dfdc_train_part_3_kmktfamvoi,val,real,/workspace/data/raw/dfdc/dfdc_train_part_03/dfdc_train_part_3/kmktfamvoi.mp4,dfdc_train_part_3
dfdc_train_part_3_gmutjqhliq,val,fake,/workspace/data/raw/dfdc/dfdc_train_part_03/dfdc_train_part_3/gmutjqhliq.mp4,dfdc_train_part_3
dfdc_train_part_3_ryocokscze,val,fake,/workspace/data/raw/dfdc/dfdc_train_part_03/dfdc_train_part_3/ryocokscze.mp4,dfdc_train_part_3
dfdc_train_part_3_veyeyosrxz,val,fake,/workspace/data/raw/dfdc/dfdc_train_part_03/dfdc_train_part_3/veyeyosrxz.mp4,dfdc_train_part_3
dfdc_train_part_3_gnktnqnipj,val,fake,/workspace/data/raw/dfdc/dfdc_train_part_03/dfdc_train_part_3/gnktnqnipj.mp4,dfdc_train_part_3
dfdc_train_part_3_rikuzqxsyb,val,fake,/workspace/data/raw/dfdc/dfdc_train_part_03/dfdc_train_part_3/rikuzqxsyb.mp4,dfdc_train_part_3
dfdc_train_part_3_rildbtyaoa,val,fake,/workspace/data/raw/dfdc/dfdc_train_part_03/dfdc_train_part_3/rildbtyaoa.mp4,dfdc_train_part_3
dfdc_train_part_3_mrwaqtlwjn,val,fake,/workspace/data/raw/dfdc/dfdc_train_part_03/dfdc_train_part_3/mrwaqtlwjn.mp4,dfdc_train_part_3
dfdc_train_part_3_pfrhvklprx,val,fake,/workspace/data/raw/dfdc/dfdc_train_part_03/dfdc_train_part_3/pfrhvklprx.mp4,dfdc_train_part_3
dfdc_train_part_3_ljfwkqyopm,val,fake,/workspace/data/raw/dfdc/dfdc_train_part_03/dfdc_train_part_3/ljfwkqyopm.mp4,dfdc_train_part_3
dfdc_train_part_3_rxhqujqzwh,val,fake,/workspace/data/raw/dfdc/dfdc_train_part_03/dfdc_train_part_3/rxhqujqzwh.mp4,dfdc_train_part_3
dfdc_train_part_3_emnttneegx,val,fake,/workspace/data/raw/dfdc/dfdc_train_part_03/dfdc_train_part_3/emnttneegx.mp4,dfdc_train_part_3
dfdc_train_part_3_knyjygzoat,val,fake,/workspace/data/raw/dfdc/dfdc_train_part_03/dfdc_train_part_3/knyjygzoat.mp4,dfdc_train_part_3
dfdc_train_part_3_uvvwjtmbzt,val,fake,/workspace/data/raw/dfdc/dfdc_train_part_03/dfdc_train_part_3/uvvwjtmbzt.mp4,dfdc_train_part_3
dfdc_train_part_3_crnkpgykgj,val,fake,/workspace/data/raw/dfdc/dfdc_train_part_03/dfdc_train_part_3/crnkpgykgj.mp4,dfdc_train_part_3
dfdc_train_part_3_qejdhlinqb,val,fake,/workspace/data/raw/dfdc/dfdc_train_part_03/dfdc_train_part_3/qejdhlinqb.mp4,dfdc_train_part_3
dfdc_train_part_3_hyisqrjnki,val,fake,/workspace/data/raw/dfdc/dfdc_train_part_03/dfdc_train_part_3/hyisqrjnki.mp4,dfdc_train_part_3
dfdc_train_part_3_nckpnvxtbd,val,fake,/workspace/data/raw/dfdc/dfdc_train_part_03/dfdc_train_part_3/nckpnvxtbd.mp4,dfdc_train_part_3
dfdc_train_part_3_zonckbbvds,val,fake,/workspace/data/raw/dfdc/dfdc_train_part_03/dfdc_train_part_3/zonckbbvds.mp4,dfdc_train_part_3
dfdc_train_part_3_opithuhnkd,val,fake,/workspace/data/raw/dfdc/dfdc_train_part_03/dfdc_train_part_3/opithuhnkd.mp4,dfdc_train_part_3
dfdc_train_part_3_aigiiemnfz,val,fake,/workspace/data/raw/dfdc/dfdc_train_part_03/dfdc_train_part_3/aigiiemnfz.mp4,dfdc_train_part_3
dfdc_train_part_3_cundwodhjt,val,fake,/workspace/data/raw/dfdc/dfdc_train_part_03/dfdc_train_part_3/cundwodhjt.mp4,dfdc_train_part_3
dfdc_train_part_3_dbskpnukgs,val,real,/workspace/data/raw/dfdc/dfdc_train_part_03/dfdc_train_part_3/dbskpnukgs.mp4,dfdc_train_part_3
dfdc_train_part_3_cimmfsbkyt,val,fake,/workspace/data/raw/dfdc/dfdc_train_part_03/dfdc_train_part_3/cimmfsbkyt.mp4,dfdc_train_part_3
dfdc_train_part_3_kmrsuhzgyg,val,fake,/workspace/data/raw/dfdc/dfdc_train_part_03/dfdc_train_part_3/kmrsuhzgyg.mp4,dfdc_train_part_3
dfdc_train_part_3_gxrocwxkyy,val,fake,/workspace/data/raw/dfdc/dfdc_train_part_03/dfdc_train_part_3/gxrocwxkyy.mp4,dfdc_train_part_3
dfdc_train_part_3_qifxbfhtoe,val,fake,/workspace/data/raw/dfdc/dfdc_train_part_03/dfdc_train_part_3/qifxbfhtoe.mp4,dfdc_train_part_3
dfdc_train_part_3_ykwmoztmjl,val,real,/workspace/data/raw/dfdc/dfdc_train_part_03/dfdc_train_part_3/ykwmoztmjl.mp4,dfdc_train_part_3
dfdc_train_part_3_mgrsqyxcsd,val,fake,/workspace/data/raw/dfdc/dfdc_train_part_03/dfdc_train_part_3/mgrsqyxcsd.mp4,dfdc_train_part_3
dfdc_train_part_3_eqpnxxliki,val,fake,/workspace/data/raw/dfdc/dfdc_train_part_03/dfdc_train_part_3/eqpnxxliki.mp4,dfdc_train_part_3
dfdc_train_part_3_bfxevozqyq,val,fake,/workspace/data/raw/dfdc/dfdc_train_part_03/dfdc_train_part_3/bfxevozqyq.mp4,dfdc_train_part_3
dfdc_train_part_3_edghvpdkdo,val,fake,/workspace/data/raw/dfdc/dfdc_train_part_03/dfdc_train_part_3/edghvpdkdo.mp4,dfdc_train_part_3
dfdc_train_part_3_kgadktigbv,val,fake,/workspace/data/raw/dfdc/dfdc_train_part_03/dfdc_train_part_3/kgadktigbv.mp4,dfdc_train_part_3
dfdc_train_part_3_gpzfnoxodh,val,fake,/workspace/data/raw/dfdc/dfdc_train_part_03/dfdc_train_part_3/gpzfnoxodh.mp4,dfdc_train_part_3
dfdc_train_part_3_jrabjapswc,val,fake,/workspace/data/raw/dfdc/dfdc_train_part_03/dfdc_train_part_3/jrabjapswc.mp4,dfdc_train_part_3
dfdc_train_part_3_bftknghhed,val,fake,/workspace/data/raw/dfdc/dfdc_train_part_03/dfdc_train_part_3/bftknghhed.mp4,dfdc_train_part_3
dfdc_train_part_3_vvixicbzkx,val,fake,/workspace/data/raw/dfdc/dfdc_train_part_03/dfdc_train_part_3/vvixicbzkx.mp4,dfdc_train_part_3
dfdc_train_part_3_vzxxpzqwcy,val,fake,/workspace/data/raw/dfdc/dfdc_train_part_03/dfdc_train_part_3/vzxxpzqwcy.mp4,dfdc_train_part_3
dfdc_train_part_3_ejjsygqfvx,val,fake,/workspace/data/raw/dfdc/dfdc_train_part_03/dfdc_train_part_3/ejjsygqfvx.mp4,dfdc_train_part_3
dfdc_train_part_3_kehyerywza,val,fake,/workspace/data/raw/dfdc/dfdc_train_part_03/dfdc_train_part_3/kehyerywza.mp4,dfdc_train_part_3
dfdc_train_part_3_mogvaichzb,val,fake,/workspace/data/raw/dfdc/dfdc_train_part_03/dfdc_train_part_3/mogvaichzb.mp4,dfdc_train_part_3
dfdc_train_part_3_hrtarlzjqi,val,real,/workspace/data/raw/dfdc/dfdc_train_part_03/dfdc_train_part_3/hrtarlzjqi.mp4,dfdc_train_part_3
dfdc_train_part_3_yokjmkzsbx,val,real,/workspace/data/raw/dfdc/dfdc_train_part_03/dfdc_train_part_3/yokjmkzsbx.mp4,dfdc_train_part_3
dfdc_train_part_3_qtelsrvetz,val,fake,/workspace/data/raw/dfdc/dfdc_train_part_03/dfdc_train_part_3/qtelsrvetz.mp4,dfdc_train_part_3
dfdc_train_part_3_lacelvudpn,val,fake,/workspace/data/raw/dfdc/dfdc_train_part_03/dfdc_train_part_3/lacelvudpn.mp4,dfdc_train_part_3
dfdc_train_part_3_tbsbklubov,val,fake,/workspace/data/raw/dfdc/dfdc_train_part_03/dfdc_train_part_3/tbsbklubov.mp4,dfdc_train_part_3
dfdc_train_part_3_toxpbvzswn,val,fake,/workspace/data/raw/dfdc/dfdc_train_part_03/dfdc_train_part_3/toxpbvzswn.mp4,dfdc_train_part_3
dfdc_train_part_3_jztbbimrsr,val,fake,/workspace/data/raw/dfdc/dfdc_train_part_03/dfdc_train_part_3/jztbbimrsr.mp4,dfdc_train_part_3
dfdc_train_part_3_kjvussgtbm,val,fake,/workspace/data/raw/dfdc/dfdc_train_part_03/dfdc_train_part_3/kjvussgtbm.mp4,dfdc_train_part_3
dfdc_train_part_3_vjqgkscksu,val,fake,/workspace/data/raw/dfdc/dfdc_train_part_03/dfdc_train_part_3/vjqgkscksu.mp4,dfdc_train_part_3
dfdc_train_part_3_uttchmlnnv,val,fake,/workspace/data/raw/dfdc/dfdc_train_part_03/dfdc_train_part_3/uttchmlnnv.mp4,dfdc_train_part_3
dfdc_train_part_3_vpvzavgqrv,val,fake,/workspace/data/raw/dfdc/dfdc_train_part_03/dfdc_train_part_3/vpvzavgqrv.mp4,dfdc_train_part_3
dfdc_train_part_3_secfenlviu,val,real,/workspace/data/raw/dfdc/dfdc_train_part_03/dfdc_train_part_3/secfenlviu.mp4,dfdc_train_part_3
dfdc_train_part_3_eutlgwrkih,val,fake,/workspace/data/raw/dfdc/dfdc_train_part_03/dfdc_train_part_3/eutlgwrkih.mp4,dfdc_train_part_3
dfdc_train_part_3_wldyporbfz,val,fake,/workspace/data/raw/dfdc/dfdc_train_part_03/dfdc_train_part_3/wldyporbfz.mp4,dfdc_train_part_3
dfdc_train_part_3_swftkyiklu,val,fake,/workspace/data/raw/dfdc/dfdc_train_part_03/dfdc_train_part_3/swftkyiklu.mp4,dfdc_train_part_3
dfdc_train_part_3_lrjfwstjpr,val,fake,/workspace/data/raw/dfdc/dfdc_train_part_03/dfdc_train_part_3/lrjfwstjpr.mp4,dfdc_train_part_3
dfdc_train_part_3_kbfmtujkqg,val,fake,/workspace/data/raw/dfdc/dfdc_train_part_03/dfdc_train_part_3/kbfmtujkqg.mp4,dfdc_train_part_3
dfdc_train_part_3_ppegxwyrxb,val,fake,/workspace/data/raw/dfdc/dfdc_train_part_03/dfdc_train_part_3/ppegxwyrxb.mp4,dfdc_train_part_3
dfdc_train_part_3_zfrdomsakt,val,fake,/workspace/data/raw/dfdc/dfdc_train_part_03/dfdc_train_part_3/zfrdomsakt.mp4,dfdc_train_part_3
dfdc_train_part_3_fjhydagkns,val,fake,/workspace/data/raw/dfdc/dfdc_train_part_03/dfdc_train_part_3/fjhydagkns.mp4,dfdc_train_part_3
dfdc_train_part_3_qudzjrpjlj,val,fake,/workspace/data/raw/dfdc/dfdc_train_part_03/dfdc_train_part_3/qudzjrpjlj.mp4,dfdc_train_part_3
dfdc_train_part_3_axtszmzvat,val,fake,/workspace/data/raw/dfdc/dfdc_train_part_03/dfdc_train_part_3/axtszmzvat.mp4,dfdc_train_part_3
dfdc_train_part_3_wuuynkzrgo,val,fake,/workspace/data/raw/dfdc/dfdc_train_part_03/dfdc_train_part_3/wuuynkzrgo.mp4,dfdc_train_part_3
dfdc_train_part_3_yjnpygwhsh,val,fake,/workspace/data/raw/dfdc/dfdc_train_part_03/dfdc_train_part_3/yjnpygwhsh.mp4,dfdc_train_part_3
dfdc_train_part_3_xxytweziir,val,fake,/workspace/data/raw/dfdc/dfdc_train_part_03/dfdc_train_part_3/xxytweziir.mp4,dfdc_train_part_3
dfdc_train_part_3_nqipcparmx,val,fake,/workspace/data/raw/dfdc/dfdc_train_part_03/dfdc_train_part_3/nqipcparmx.mp4,dfdc_train_part_3
dfdc_train_part_3_mfrtpwxtur,val,fake,/workspace/data/raw/dfdc/dfdc_train_part_03/dfdc_train_part_3/mfrtpwxtur.mp4,dfdc_train_part_3
dfdc_train_part_3_bbqosygkdg,val,fake,/workspace/data/raw/dfdc/dfdc_train_part_03/dfdc_train_part_3/bbqosygkdg.mp4,dfdc_train_part_3
dfdc_train_part_3_ruprvdicng,val,fake,/workspace/data/raw/dfdc/dfdc_train_part_03/dfdc_train_part_3/ruprvdicng.mp4,dfdc_train_part_3
dfdc_train_part_3_arfqjhbpax,val,fake,/workspace/data/raw/dfdc/dfdc_train_part_03/dfdc_train_part_3/arfqjhbpax.mp4,dfdc_train_part_3
dfdc_train_part_3_eonxnugdvo,val,real,/workspace/data/raw/dfdc/dfdc_train_part_03/dfdc_train_part_3/eonxnugdvo.mp4,dfdc_train_part_3
dfdc_train_part_3_jjkfvegcnx,val,real,/workspace/data/raw/dfdc/dfdc_train_part_03/dfdc_train_part_3/jjkfvegcnx.mp4,dfdc_train_part_3
dfdc_train_part_3_ffpxoabdgt,val,fake,/workspace/data/raw/dfdc/dfdc_train_part_03/dfdc_train_part_3/ffpxoabdgt.mp4,dfdc_train_part_3
dfdc_train_part_3_zzrppdukls,val,fake,/workspace/data/raw/dfdc/dfdc_train_part_03/dfdc_train_part_3/zzrppdukls.mp4,dfdc_train_part_3
dfdc_train_part_3_kyebtgoqdg,val,real,/workspace/data/raw/dfdc/dfdc_train_part_03/dfdc_train_part_3/kyebtgoqdg.mp4,dfdc_train_part_3
dfdc_train_part_3_uzhjkdujit,val,fake,/workspace/data/raw/dfdc/dfdc_train_part_03/dfdc_train_part_3/uzhjkdujit.mp4,dfdc_train_part_3
dfdc_train_part_3_nxylqxbxnz,val,real,/workspace/data/raw/dfdc/dfdc_train_part_03/dfdc_train_part_3/nxylqxbxnz.mp4,dfdc_train_part_3
dfdc_train_part_3_kibijicrhv,val,fake,/workspace/data/raw/dfdc/dfdc_train_part_03/dfdc_train_part_3/kibijicrhv.mp4,dfdc_train_part_3
dfdc_train_part_3_jdbjvdjykg,val,fake,/workspace/data/raw/dfdc/dfdc_train_part_03/dfdc_train_part_3/jdbjvdjykg.mp4,dfdc_train_part_3
dfdc_train_part_3_nkhvyiyfsk,val,fake,/workspace/data/raw/dfdc/dfdc_train_part_03/dfdc_train_part_3/nkhvyiyfsk.mp4,dfdc_train_part_3
dfdc_train_part_3_btdjfsvmvz,val,fake,/workspace/data/raw/dfdc/dfdc_train_part_03/dfdc_train_part_3/btdjfsvmvz.mp4,dfdc_train_part_3
dfdc_train_part_3_itrmskkndi,val,fake,/workspace/data/raw/dfdc/dfdc_train_part_03/dfdc_train_part_3/itrmskkndi.mp4,dfdc_train_part_3
dfdc_train_part_3_rgegpilfvx,val,real,/workspace/data/raw/dfdc/dfdc_train_part_03/dfdc_train_part_3/rgegpilfvx.mp4,dfdc_train_part_3
dfdc_train_part_3_pmzpdrjsmq,val,real,/workspace/data/raw/dfdc/dfdc_train_part_03/dfdc_train_part_3/pmzpdrjsmq.mp4,dfdc_train_part_3
dfdc_train_part_3_xgpicdcbrc,val,real,/workspace/data/raw/dfdc/dfdc_train_part_03/dfdc_train_part_3/xgpicdcbrc.mp4,dfdc_train_part_3
dfdc_train_part_3_zdyckloybc,val,real,/workspace/data/raw/dfdc/dfdc_train_part_03/dfdc_train_part_3/zdyckloybc.mp4,dfdc_train_part_3
dfdc_train_part_3_ptlwvhdjqb,val,fake,/workspace/data/raw/dfdc/dfdc_train_part_03/dfdc_train_part_3/ptlwvhdjqb.mp4,dfdc_train_part_3
dfdc_train_part_3_qtkavxgnsw,val,fake,/workspace/data/raw/dfdc/dfdc_train_part_03/dfdc_train_part_3/qtkavxgnsw.mp4,dfdc_train_part_3
dfdc_train_part_3_avphttmbpx,val,real,/workspace/data/raw/dfdc/dfdc_train_part_03/dfdc_train_part_3/avphttmbpx.mp4,dfdc_train_part_3
dfdc_train_part_3_vqjvtgaaqb,val,real,/workspace/data/raw/dfdc/dfdc_train_part_03/dfdc_train_part_3/vqjvtgaaqb.mp4,dfdc_train_part_3
dfdc_train_part_3_uriohazzqe,val,real,/workspace/data/raw/dfdc/dfdc_train_part_03/dfdc_train_part_3/uriohazzqe.mp4,dfdc_train_part_3
dfdc_train_part_3_glhkukotwt,val,fake,/workspace/data/raw/dfdc/dfdc_train_part_03/dfdc_train_part_3/glhkukotwt.mp4,dfdc_train_part_3
dfdc_train_part_3_ellibnfrxj,val,fake,/workspace/data/raw/dfdc/dfdc_train_part_03/dfdc_train_part_3/ellibnfrxj.mp4,dfdc_train_part_3
dfdc_train_part_3_xzvnnhzbqd,val,real,/workspace/data/raw/dfdc/dfdc_train_part_03/dfdc_train_part_3/xzvnnhzbqd.mp4,dfdc_train_part_3
dfdc_train_part_3_nfehhhsmou,val,fake,/workspace/data/raw/dfdc/dfdc_train_part_03/dfdc_train_part_3/nfehhhsmou.mp4,dfdc_train_part_3
dfdc_train_part_3_iacqbjhhyi,val,fake,/workspace/data/raw/dfdc/dfdc_train_part_03/dfdc_train_part_3/iacqbjhhyi.mp4,dfdc_train_part_3
dfdc_train_part_3_cufjeqvuga,val,fake,/workspace/data/raw/dfdc/dfdc_train_part_03/dfdc_train_part_3/cufjeqvuga.mp4,dfdc_train_part_3
dfdc_train_part_3_iomrpnpqyn,val,real,/workspace/data/raw/dfdc/dfdc_train_part_03/dfdc_train_part_3/iomrpnpqyn.mp4,dfdc_train_part_3
dfdc_train_part_3_agvtpygfdc,val,real,/workspace/data/raw/dfdc/dfdc_train_part_03/dfdc_train_part_3/agvtpygfdc.mp4,dfdc_train_part_3
dfdc_train_part_3_oquzrhlhip,val,fake,/workspace/data/raw/dfdc/dfdc_train_part_03/dfdc_train_part_3/oquzrhlhip.mp4,dfdc_train_part_3
dfdc_train_part_3_azqycoiiuk,val,fake,/workspace/data/raw/dfdc/dfdc_train_part_03/dfdc_train_part_3/azqycoiiuk.mp4,dfdc_train_part_3
dfdc_train_part_3_qabreprhxg,val,real,/workspace/data/raw/dfdc/dfdc_train_part_03/dfdc_train_part_3/qabreprhxg.mp4,dfdc_train_part_3
dfdc_train_part_3_gwvwbbfckb,val,real,/workspace/data/raw/dfdc/dfdc_train_part_03/dfdc_train_part_3/gwvwbbfckb.mp4,dfdc_train_part_3
dfdc_train_part_3_vbxrpiotsz,val,fake,/workspace/data/raw/dfdc/dfdc_train_part_03/dfdc_train_part_3/vbxrpiotsz.mp4,dfdc_train_part_3
dfdc_train_part_3_wolrzmfong,val,real,/workspace/data/raw/dfdc/dfdc_train_part_03/dfdc_train_part_3/wolrzmfong.mp4,dfdc_train_part_3
dfdc_train_part_3_attyvvugmr,val,fake,/workspace/data/raw/dfdc/dfdc_train_part_03/dfdc_train_part_3/attyvvugmr.mp4,dfdc_train_part_3
dfdc_train_part_3_jerhryuwgo,val,fake,/workspace/data/raw/dfdc/dfdc_train_part_03/dfdc_train_part_3/jerhryuwgo.mp4,dfdc_train_part_3
dfdc_train_part_3_wnovcuyuqi,val,real,/workspace/data/raw/dfdc/dfdc_train_part_03/dfdc_train_part_3/wnovcuyuqi.mp4,dfdc_train_part_3
dfdc_train_part_3_yzgbsiugyk,val,fake,/workspace/data/raw/dfdc/dfdc_train_part_03/dfdc_train_part_3/yzgbsiugyk.mp4,dfdc_train_part_3
dfdc_train_part_3_ypaaobcnum,val,fake,/workspace/data/raw/dfdc/dfdc_train_part_03/dfdc_train_part_3/ypaaobcnum.mp4,dfdc_train_part_3
dfdc_train_part_3_gbdjftsiqy,val,fake,/workspace/data/raw/dfdc/dfdc_train_part_03/dfdc_train_part_3/gbdjftsiqy.mp4,dfdc_train_part_3
dfdc_train_part_3_wqwrkrubmc,val,fake,/workspace/data/raw/dfdc/dfdc_train_part_03/dfdc_train_part_3/wqwrkrubmc.mp4,dfdc_train_part_3
dfdc_train_part_3_cfaxqoasjl,val,real,/workspace/data/raw/dfdc/dfdc_train_part_03/dfdc_train_part_3/cfaxqoasjl.mp4,dfdc_train_part_3
dfdc_train_part_3_dskfqergbt,val,real,/workspace/data/raw/dfdc/dfdc_train_part_03/dfdc_train_part_3/dskfqergbt.mp4,dfdc_train_part_3
dfdc_train_part_3_wuzdkxkzge,val,fake,/workspace/data/raw/dfdc/dfdc_train_part_03/dfdc_train_part_3/wuzdkxkzge.mp4,dfdc_train_part_3
dfdc_train_part_3_zeobruhtvs,val,fake,/workspace/data/raw/dfdc/dfdc_train_part_03/dfdc_train_part_3/zeobruhtvs.mp4,dfdc_train_part_3
dfdc_train_part_3_oszcmcdlcm,val,fake,/workspace/data/raw/dfdc/dfdc_train_part_03/dfdc_train_part_3/oszcmcdlcm.mp4,dfdc_train_part_3
dfdc_train_part_3_nbprwttixf,val,fake,/workspace/data/raw/dfdc/dfdc_train_part_03/dfdc_train_part_3/nbprwttixf.mp4,dfdc_train_part_3
dfdc_train_part_3_nlktemafjx,val,real,/workspace/data/raw/dfdc/dfdc_train_part_03/dfdc_train_part_3/nlktemafjx.mp4,dfdc_train_part_3
dfdc_train_part_3_obpqhzvrvf,val,real,/workspace/data/raw/dfdc/dfdc_train_part_03/dfdc_train_part_3/obpqhzvrvf.mp4,dfdc_train_part_3
dfdc_train_part_3_sqsaiehvhb,val,real,/workspace/data/raw/dfdc/dfdc_train_part_03/dfdc_train_part_3/sqsaiehvhb.mp4,dfdc_train_part_3
dfdc_train_part_3_ibcmyzqrdn,val,real,/workspace/data/raw/dfdc/dfdc_train_part_03/dfdc_train_part_3/ibcmyzqrdn.mp4,dfdc_train_part_3
dfdc_train_part_3_cdfbhqgada,val,fake,/workspace/data/raw/dfdc/dfdc_train_part_03/dfdc_train_part_3/cdfbhqgada.mp4,dfdc_train_part_3
dfdc_train_part_3_gtpbsniqon,val,real,/workspace/data/raw/dfdc/dfdc_train_part_03/dfdc_train_part_3/gtpbsniqon.mp4,dfdc_train_part_3
dfdc_train_part_3_todvzqzwit,val,real,/workspace/data/raw/dfdc/dfdc_train_part_03/dfdc_train_part_3/todvzqzwit.mp4,dfdc_train_part_3
dfdc_train_part_3_hpnpppxrcj,val,fake,/workspace/data/raw/dfdc/dfdc_train_part_03/dfdc_train_part_3/hpnpppxrcj.mp4,dfdc_train_part_3
dfdc_train_part_3_xbdclrpogh,val,fake,/workspace/data/raw/dfdc/dfdc_train_part_03/dfdc_train_part_3/xbdclrpogh.mp4,dfdc_train_part_3
dfdc_train_part_3_bllhfrgbza,val,real,/workspace/data/raw/dfdc/dfdc_train_part_03/dfdc_train_part_3/bllhfrgbza.mp4,dfdc_train_part_3
dfdc_train_part_3_wcytzvhuin,val,fake,/workspace/data/raw/dfdc/dfdc_train_part_03/dfdc_train_part_3/wcytzvhuin.mp4,dfdc_train_part_3
dfdc_train_part_3_xwudozrkrr,val,fake,/workspace/data/raw/dfdc/dfdc_train_part_03/dfdc_train_part_3/xwudozrkrr.mp4,dfdc_train_part_3
dfdc_train_part_3_anznojhdjf,val,real,/workspace/data/raw/dfdc/dfdc_train_part_03/dfdc_train_part_3/anznojhdjf.mp4,dfdc_train_part_3
dfdc_train_part_3_ydnuhxkjfd,val,fake,/workspace/data/raw/dfdc/dfdc_train_part_03/dfdc_train_part_3/ydnuhxkjfd.mp4,dfdc_train_part_3
dfdc_train_part_3_xshneksxuk,val,fake,/workspace/data/raw/dfdc/dfdc_train_part_03/dfdc_train_part_3/xshneksxuk.mp4,dfdc_train_part_3
dfdc_train_part_3_ioajvwjkbn,val,fake,/workspace/data/raw/dfdc/dfdc_train_part_03/dfdc_train_part_3/ioajvwjkbn.mp4,dfdc_train_part_3
dfdc_train_part_3_tbwmfvprzy,val,real,/workspace/data/raw/dfdc/dfdc_train_part_03/dfdc_train_part_3/tbwmfvprzy.mp4,dfdc_train_part_3
dfdc_train_part_3_lxdchxfslz,val,fake,/workspace/data/raw/dfdc/dfdc_train_part_03/dfdc_train_part_3/lxdchxfslz.mp4,dfdc_train_part_3
dfdc_train_part_3_pnfekwenbd,val,fake,/workspace/data/raw/dfdc/dfdc_train_part_03/dfdc_train_part_3/pnfekwenbd.mp4,dfdc_train_part_3
dfdc_train_part_3_avenlmlmtn,val,fake,/workspace/data/raw/dfdc/dfdc_train_part_03/dfdc_train_part_3/avenlmlmtn.mp4,dfdc_train_part_3
dfdc_train_part_3_peaadqwyrb,val,fake,/workspace/data/raw/dfdc/dfdc_train_part_03/dfdc_train_part_3/peaadqwyrb.mp4,dfdc_train_part_3
dfdc_train_part_3_khtmdimcvu,val,fake,/workspace/data/raw/dfdc/dfdc_train_part_03/dfdc_train_part_3/khtmdimcvu.mp4,dfdc_train_part_3
dfdc_train_part_3_ryammlrvsj,val,fake,/workspace/data/raw/dfdc/dfdc_train_part_03/dfdc_train_part_3/ryammlrvsj.mp4,dfdc_train_part_3
dfdc_train_part_3_sfqbvdhifm,val,real,/workspace/data/raw/dfdc/dfdc_train_part_03/dfdc_train_part_3/sfqbvdhifm.mp4,dfdc_train_part_3
dfdc_train_part_3_mqdtlaeqsu,val,real,/workspace/data/raw/dfdc/dfdc_train_part_03/dfdc_train_part_3/mqdtlaeqsu.mp4,dfdc_train_part_3
dfdc_train_part_3_ekwfirmggp,val,real,/workspace/data/raw/dfdc/dfdc_train_part_03/dfdc_train_part_3/ekwfirmggp.mp4,dfdc_train_part_3
dfdc_train_part_3_kulhlphfrb,val,fake,/workspace/data/raw/dfdc/dfdc_train_part_03/dfdc_train_part_3/kulhlphfrb.mp4,dfdc_train_part_3
dfdc_train_part_3_izieomaoko,val,fake,/workspace/data/raw/dfdc/dfdc_train_part_03/dfdc_train_part_3/izieomaoko.mp4,dfdc_train_part_3
dfdc_train_part_3_gbhaewrojh,val,real,/workspace/data/raw/dfdc/dfdc_train_part_03/dfdc_train_part_3/gbhaewrojh.mp4,dfdc_train_part_3
dfdc_train_part_3_dwvhonewys,val,fake,/workspace/data/raw/dfdc/dfdc_train_part_03/dfdc_train_part_3/dwvhonewys.mp4,dfdc_train_part_3
dfdc_train_part_3_hmywawbhvc,val,real,/workspace/data/raw/dfdc/dfdc_train_part_03/dfdc_train_part_3/hmywawbhvc.mp4,dfdc_train_part_3
dfdc_train_part_3_zkuwezbuma,val,fake,/workspace/data/raw/dfdc/dfdc_train_part_03/dfdc_train_part_3/zkuwezbuma.mp4,dfdc_train_part_3
dfdc_train_part_3_shkhgtqgze,val,fake,/workspace/data/raw/dfdc/dfdc_train_part_03/dfdc_train_part_3/shkhgtqgze.mp4,dfdc_train_part_3
dfdc_train_part_3_ewxlmjtfwq,val,fake,/workspace/data/raw/dfdc/dfdc_train_part_03/dfdc_train_part_3/ewxlmjtfwq.mp4,dfdc_train_part_3
dfdc_train_part_3_xccbaancfj,val,fake,/workspace/data/raw/dfdc/dfdc_train_part_03/dfdc_train_part_3/xccbaancfj.mp4,dfdc_train_part_3
dfdc_train_part_3_togfsvdkax,val,real,/workspace/data/raw/dfdc/dfdc_train_part_03/dfdc_train_part_3/togfsvdkax.mp4,dfdc_train_part_3
dfdc_train_part_3_lzuagvhetg,val,fake,/workspace/data/raw/dfdc/dfdc_train_part_03/dfdc_train_part_3/lzuagvhetg.mp4,dfdc_train_part_3
dfdc_train_part_3_qnntfbdyqq,val,real,/workspace/data/raw/dfdc/dfdc_train_part_03/dfdc_train_part_3/qnntfbdyqq.mp4,dfdc_train_part_3
dfdc_train_part_3_gwhirvvovr,val,real,/workspace/data/raw/dfdc/dfdc_train_part_03/dfdc_train_part_3/gwhirvvovr.mp4,dfdc_train_part_3
dfdc_train_part_3_mtnahwfzjr,val,real,/workspace/data/raw/dfdc/dfdc_train_part_03/dfdc_train_part_3/mtnahwfzjr.mp4,dfdc_train_part_3
dfdc_train_part_3_sqxddvctyt,val,fake,/workspace/data/raw/dfdc/dfdc_train_part_03/dfdc_train_part_3/sqxddvctyt.mp4,dfdc_train_part_3
dfdc_train_part_3_rlilafvfjm,val,real,/workspace/data/raw/dfdc/dfdc_train_part_03/dfdc_train_part_3/rlilafvfjm.mp4,dfdc_train_part_3
dfdc_train_part_3_pjqzjgyryg,val,fake,/workspace/data/raw/dfdc/dfdc_train_part_03/dfdc_train_part_3/pjqzjgyryg.mp4,dfdc_train_part_3
dfdc_train_part_3_eyvsgkwrkj,val,real,/workspace/data/raw/dfdc/dfdc_train_part_03/dfdc_train_part_3/eyvsgkwrkj.mp4,dfdc_train_part_3
dfdc_train_part_3_vqkoocqjvx,val,fake,/workspace/data/raw/dfdc/dfdc_train_part_03/dfdc_train_part_3/vqkoocqjvx.mp4,dfdc_train_part_3
dfdc_train_part_3_mipigidtnz,val,fake,/workspace/data/raw/dfdc/dfdc_train_part_03/dfdc_train_part_3/mipigidtnz.mp4,dfdc_train_part_3
dfdc_train_part_3_tipjlfpggx,val,fake,/workspace/data/raw/dfdc/dfdc_train_part_03/dfdc_train_part_3/tipjlfpggx.mp4,dfdc_train_part_3
dfdc_train_part_3_dywkdfclzy,val,fake,/workspace/data/raw/dfdc/dfdc_train_part_03/dfdc_train_part_3/dywkdfclzy.mp4,dfdc_train_part_3
dfdc_train_part_3_kfyzmggrsu,val,fake,/workspace/data/raw/dfdc/dfdc_train_part_03/dfdc_train_part_3/kfyzmggrsu.mp4,dfdc_train_part_3
dfdc_train_part_3_joivxhqnxo,val,fake,/workspace/data/raw/dfdc/dfdc_train_part_03/dfdc_train_part_3/joivxhqnxo.mp4,dfdc_train_part_3
dfdc_train_part_3_qzjfpupvfo,val,real,/workspace/data/raw/dfdc/dfdc_train_part_03/dfdc_train_part_3/qzjfpupvfo.mp4,dfdc_train_part_3
dfdc_train_part_3_ubmnraecqz,val,fake,/workspace/data/raw/dfdc/dfdc_train_part_03/dfdc_train_part_3/ubmnraecqz.mp4,dfdc_train_part_3
dfdc_train_part_3_iqsufzqxlt,val,fake,/workspace/data/raw/dfdc/dfdc_train_part_03/dfdc_train_part_3/iqsufzqxlt.mp4,dfdc_train_part_3
dfdc_train_part_3_xpehzjgxal,val,real,/workspace/data/raw/dfdc/dfdc_train_part_03/dfdc_train_part_3/xpehzjgxal.mp4,dfdc_train_part_3
dfdc_train_part_3_ivnnyzpgkg,val,fake,/workspace/data/raw/dfdc/dfdc_train_part_03/dfdc_train_part_3/ivnnyzpgkg.mp4,dfdc_train_part_3
dfdc_train_part_3_alhckpgigz,val,fake,/workspace/data/raw/dfdc/dfdc_train_part_03/dfdc_train_part_3/alhckpgigz.mp4,dfdc_train_part_3
dfdc_train_part_3_lgraohftvw,val,fake,/workspace/data/raw/dfdc/dfdc_train_part_03/dfdc_train_part_3/lgraohftvw.mp4,dfdc_train_part_3
dfdc_train_part_3_wxscorszan,val,fake,/workspace/data/raw/dfdc/dfdc_train_part_03/dfdc_train_part_3/wxscorszan.mp4,dfdc_train_part_3
dfdc_train_part_3_rhlbdsamue,val,fake,/workspace/data/raw/dfdc/dfdc_train_part_03/dfdc_train_part_3/rhlbdsamue.mp4,dfdc_train_part_3
dfdc_train_part_3_dhgizzwrma,val,fake,/workspace/data/raw/dfdc/dfdc_train_part_03/dfdc_train_part_3/dhgizzwrma.mp4,dfdc_train_part_3
dfdc_train_part_3_vmugekqrpa,val,fake,/workspace/data/raw/dfdc/dfdc_train_part_03/dfdc_train_part_3/vmugekqrpa.mp4,dfdc_train_part_3
dfdc_train_part_3_eqnqdhgskm,val,fake,/workspace/data/raw/dfdc/dfdc_train_part_03/dfdc_train_part_3/eqnqdhgskm.mp4,dfdc_train_part_3
dfdc_train_part_3_rogojnrslr,val,fake,/workspace/data/raw/dfdc/dfdc_train_part_03/dfdc_train_part_3/rogojnrslr.mp4,dfdc_train_part_3
dfdc_train_part_3_udqrmgwulo,val,fake,/workspace/data/raw/dfdc/dfdc_train_part_03/dfdc_train_part_3/udqrmgwulo.mp4,dfdc_train_part_3
dfdc_train_part_3_bvevsezfho,val,fake,/workspace/data/raw/dfdc/dfdc_train_part_03/dfdc_train_part_3/bvevsezfho.mp4,dfdc_train_part_3
dfdc_train_part_3_zviyfullci,val,real,/workspace/data/raw/dfdc/dfdc_train_part_03/dfdc_train_part_3/zviyfullci.mp4,dfdc_train_part_3
dfdc_train_part_3_skcunqgxxs,val,fake,/workspace/data/raw/dfdc/dfdc_train_part_03/dfdc_train_part_3/skcunqgxxs.mp4,dfdc_train_part_3
dfdc_train_part_3_wiqlevukih,val,fake,/workspace/data/raw/dfdc/dfdc_train_part_03/dfdc_train_part_3/wiqlevukih.mp4,dfdc_train_part_3
dfdc_train_part_3_uerglzmire,val,fake,/workspace/data/raw/dfdc/dfdc_train_part_03/dfdc_train_part_3/uerglzmire.mp4,dfdc_train_part_3
dfdc_train_part_3_htrfewqkrr,val,real,/workspace/data/raw/dfdc/dfdc_train_part_03/dfdc_train_part_3/htrfewqkrr.mp4,dfdc_train_part_3
dfdc_train_part_3_izyzwlbigy,val,fake,/workspace/data/raw/dfdc/dfdc_train_part_03/dfdc_train_part_3/izyzwlbigy.mp4,dfdc_train_part_3
dfdc_train_part_3_isyhwfndmq,val,fake,/workspace/data/raw/dfdc/dfdc_train_part_03/dfdc_train_part_3/isyhwfndmq.mp4,dfdc_train_part_3
dfdc_train_part_3_lvwlbrgkpo,val,fake,/workspace/data/raw/dfdc/dfdc_train_part_03/dfdc_train_part_3/lvwlbrgkpo.mp4,dfdc_train_part_3
dfdc_train_part_3_rufvneuvau,val,fake,/workspace/data/raw/dfdc/dfdc_train_part_03/dfdc_train_part_3/rufvneuvau.mp4,dfdc_train_part_3
dfdc_train_part_3_jqekzibtwn,val,real,/workspace/data/raw/dfdc/dfdc_train_part_03/dfdc_train_part_3/jqekzibtwn.mp4,dfdc_train_part_3
dfdc_train_part_3_zdbejgoqzy,val,real,/workspace/data/raw/dfdc/dfdc_train_part_03/dfdc_train_part_3/zdbejgoqzy.mp4,dfdc_train_part_3
dfdc_train_part_3_qwcwozchec,val,fake,/workspace/data/raw/dfdc/dfdc_train_part_03/dfdc_train_part_3/qwcwozchec.mp4,dfdc_train_part_3
dfdc_train_part_3_fnbkonffjh,val,fake,/workspace/data/raw/dfdc/dfdc_train_part_03/dfdc_train_part_3/fnbkonffjh.mp4,dfdc_train_part_3
dfdc_train_part_3_qgrqnyiinn,val,real,/workspace/data/raw/dfdc/dfdc_train_part_03/dfdc_train_part_3/qgrqnyiinn.mp4,dfdc_train_part_3
dfdc_train_part_3_mvyruzyska,val,real,/workspace/data/raw/dfdc/dfdc_train_part_03/dfdc_train_part_3/mvyruzyska.mp4,dfdc_train_part_3
dfdc_train_part_3_wqhvvxqoqy,val,fake,/workspace/data/raw/dfdc/dfdc_train_part_03/dfdc_train_part_3/wqhvvxqoqy.mp4,dfdc_train_part_3
dfdc_train_part_3_yobpriadmu,val,fake,/workspace/data/raw/dfdc/dfdc_train_part_03/dfdc_train_part_3/yobpriadmu.mp4,dfdc_train_part_3
dfdc_train_part_3_slkhnbrhja,val,fake,/workspace/data/raw/dfdc/dfdc_train_part_03/dfdc_train_part_3/slkhnbrhja.mp4,dfdc_train_part_3
dfdc_train_part_3_lfvobvqbdn,val,real,/workspace/data/raw/dfdc/dfdc_train_part_03/dfdc_train_part_3/lfvobvqbdn.mp4,dfdc_train_part_3
dfdc_train_part_3_ditutizgrn,val,real,/workspace/data/raw/dfdc/dfdc_train_part_03/dfdc_train_part_3/ditutizgrn.mp4,dfdc_train_part_3
dfdc_train_part_3_zffcykhknq,val,fake,/workspace/data/raw/dfdc/dfdc_train_part_03/dfdc_train_part_3/zffcykhknq.mp4,dfdc_train_part_3
dfdc_train_part_3_tzfapzrglv,val,fake,/workspace/data/raw/dfdc/dfdc_train_part_03/dfdc_train_part_3/tzfapzrglv.mp4,dfdc_train_part_3
dfdc_train_part_3_ucgzjcoxyo,val,real,/workspace/data/raw/dfdc/dfdc_train_part_03/dfdc_train_part_3/ucgzjcoxyo.mp4,dfdc_train_part_3
dfdc_train_part_3_wmscyopbrx,val,fake,/workspace/data/raw/dfdc/dfdc_train_part_03/dfdc_train_part_3/wmscyopbrx.mp4,dfdc_train_part_3
dfdc_train_part_3_pmsdftutgm,val,real,/workspace/data/raw/dfdc/dfdc_train_part_03/dfdc_train_part_3/pmsdftutgm.mp4,dfdc_train_part_3
dfdc_train_part_3_vwzihtdkcp,val,real,/workspace/data/raw/dfdc/dfdc_train_part_03/dfdc_train_part_3/vwzihtdkcp.mp4,dfdc_train_part_3
dfdc_train_part_3_qydowrrzfv,val,fake,/workspace/data/raw/dfdc/dfdc_train_part_03/dfdc_train_part_3/qydowrrzfv.mp4,dfdc_train_part_3
dfdc_train_part_3_hqzuuxfnhx,val,real,/workspace/data/raw/dfdc/dfdc_train_part_03/dfdc_train_part_3/hqzuuxfnhx.mp4,dfdc_train_part_3
dfdc_train_part_3_yrlogqcteq,val,real,/workspace/data/raw/dfdc/dfdc_train_part_03/dfdc_train_part_3/yrlogqcteq.mp4,dfdc_train_part_3
dfdc_train_part_3_owsottcucc,val,fake,/workspace/data/raw/dfdc/dfdc_train_part_03/dfdc_train_part_3/owsottcucc.mp4,dfdc_train_part_3
dfdc_train_part_3_qtkewtsleu,val,fake,/workspace/data/raw/dfdc/dfdc_train_part_03/dfdc_train_part_3/qtkewtsleu.mp4,dfdc_train_part_3
dfdc_train_part_3_kacxidbjxh,val,fake,/workspace/data/raw/dfdc/dfdc_train_part_03/dfdc_train_part_3/kacxidbjxh.mp4,dfdc_train_part_3
dfdc_train_part_3_lttnazdrxy,val,fake,/workspace/data/raw/dfdc/dfdc_train_part_03/dfdc_train_part_3/lttnazdrxy.mp4,dfdc_train_part_3
dfdc_train_part_3_fbkmcokyez,val,fake,/workspace/data/raw/dfdc/dfdc_train_part_03/dfdc_train_part_3/fbkmcokyez.mp4,dfdc_train_part_3
dfdc_train_part_3_zableigsip,val,fake,/workspace/data/raw/dfdc/dfdc_train_part_03/dfdc_train_part_3/zableigsip.mp4,dfdc_train_part_3
dfdc_train_part_3_knqhpwoigk,val,real,/workspace/data/raw/dfdc/dfdc_train_part_03/dfdc_train_part_3/knqhpwoigk.mp4,dfdc_train_part_3
dfdc_train_part_3_epinsihsxf,val,real,/workspace/data/raw/dfdc/dfdc_train_part_03/dfdc_train_part_3/epinsihsxf.mp4,dfdc_train_part_3
dfdc_train_part_3_qqbdbidpca,val,fake,/workspace/data/raw/dfdc/dfdc_train_part_03/dfdc_train_part_3/qqbdbidpca.mp4,dfdc_train_part_3
dfdc_train_part_3_jdsurjvxxq,val,fake,/workspace/data/raw/dfdc/dfdc_train_part_03/dfdc_train_part_3/jdsurjvxxq.mp4,dfdc_train_part_3
dfdc_train_part_3_cwdzbjmsrj,val,fake,/workspace/data/raw/dfdc/dfdc_train_part_03/dfdc_train_part_3/cwdzbjmsrj.mp4,dfdc_train_part_3
dfdc_train_part_3_gceguumpmu,val,fake,/workspace/data/raw/dfdc/dfdc_train_part_03/dfdc_train_part_3/gceguumpmu.mp4,dfdc_train_part_3
dfdc_train_part_3_vrjrxtofbx,val,real,/workspace/data/raw/dfdc/dfdc_train_part_03/dfdc_train_part_3/vrjrxtofbx.mp4,dfdc_train_part_3
dfdc_train_part_3_ohyjyznasc,val,fake,/workspace/data/raw/dfdc/dfdc_train_part_03/dfdc_train_part_3/ohyjyznasc.mp4,dfdc_train_part_3
dfdc_train_part_3_vipkguihza,val,real,/workspace/data/raw/dfdc/dfdc_train_part_03/dfdc_train_part_3/vipkguihza.mp4,dfdc_train_part_3
dfdc_train_part_3_rmyfxxhhov,val,real,/workspace/data/raw/dfdc/dfdc_train_part_03/dfdc_train_part_3/rmyfxxhhov.mp4,dfdc_train_part_3
dfdc_train_part_3_jowyxdfykv,val,fake,/workspace/data/raw/dfdc/dfdc_train_part_03/dfdc_train_part_3/jowyxdfykv.mp4,dfdc_train_part_3
dfdc_train_part_3_eciygjkaco,val,real,/workspace/data/raw/dfdc/dfdc_train_part_03/dfdc_train_part_3/eciygjkaco.mp4,dfdc_train_part_3
dfdc_train_part_3_norszaredh,val,fake,/workspace/data/raw/dfdc/dfdc_train_part_03/dfdc_train_part_3/norszaredh.mp4,dfdc_train_part_3
dfdc_train_part_3_sxgjwikrjb,val,fake,/workspace/data/raw/dfdc/dfdc_train_part_03/dfdc_train_part_3/sxgjwikrjb.mp4,dfdc_train_part_3
dfdc_train_part_3_zenpspbukk,val,fake,/workspace/data/raw/dfdc/dfdc_train_part_03/dfdc_train_part_3/zenpspbukk.mp4,dfdc_train_part_3
dfdc_train_part_3_uchzxjmkgi,val,real,/workspace/data/raw/dfdc/dfdc_train_part_03/dfdc_train_part_3/uchzxjmkgi.mp4,dfdc_train_part_3
dfdc_train_part_3_bwtyeeplxj,val,real,/workspace/data/raw/dfdc/dfdc_train_part_03/dfdc_train_part_3/bwtyeeplxj.mp4,dfdc_train_part_3
dfdc_train_part_3_vfquueicnw,val,fake,/workspace/data/raw/dfdc/dfdc_train_part_03/dfdc_train_part_3/vfquueicnw.mp4,dfdc_train_part_3
dfdc_train_part_3_bmnolajvus,val,fake,/workspace/data/raw/dfdc/dfdc_train_part_03/dfdc_train_part_3/bmnolajvus.mp4,dfdc_train_part_3
dfdc_train_part_3_pdkaffjxtx,val,real,/workspace/data/raw/dfdc/dfdc_train_part_03/dfdc_train_part_3/pdkaffjxtx.mp4,dfdc_train_part_3
dfdc_train_part_3_gfjqirgmlo,val,real,/workspace/data/raw/dfdc/dfdc_train_part_03/dfdc_train_part_3/gfjqirgmlo.mp4,dfdc_train_part_3
dfdc_train_part_3_ydntymedcu,val,real,/workspace/data/raw/dfdc/dfdc_train_part_03/dfdc_train_part_3/ydntymedcu.mp4,dfdc_train_part_3
dfdc_train_part_3_sgtinqyfmf,val,fake,/workspace/data/raw/dfdc/dfdc_train_part_03/dfdc_train_part_3/sgtinqyfmf.mp4,dfdc_train_part_3
dfdc_train_part_3_domhbvrfyc,val,fake,/workspace/data/raw/dfdc/dfdc_train_part_03/dfdc_train_part_3/domhbvrfyc.mp4,dfdc_train_part_3
dfdc_train_part_3_uzrsmulqll,val,real,/workspace/data/raw/dfdc/dfdc_train_part_03/dfdc_train_part_3/uzrsmulqll.mp4,dfdc_train_part_3
dfdc_train_part_3_trrodhsxof,val,fake,/workspace/data/raw/dfdc/dfdc_train_part_03/dfdc_train_part_3/trrodhsxof.mp4,dfdc_train_part_3
dfdc_train_part_3_crxnkfunvm,val,real,/workspace/data/raw/dfdc/dfdc_train_part_03/dfdc_train_part_3/crxnkfunvm.mp4,dfdc_train_part_3
dfdc_train_part_3_vxfemtltst,val,fake,/workspace/data/raw/dfdc/dfdc_train_part_03/dfdc_train_part_3/vxfemtltst.mp4,dfdc_train_part_3
dfdc_train_part_3_ypmgblojth,val,real,/workspace/data/raw/dfdc/dfdc_train_part_03/dfdc_train_part_3/ypmgblojth.mp4,dfdc_train_part_3
dfdc_train_part_3_wocrwjagnr,val,fake,/workspace/data/raw/dfdc/dfdc_train_part_03/dfdc_train_part_3/wocrwjagnr.mp4,dfdc_train_part_3
dfdc_train_part_3_oxdwdoeger,val,fake,/workspace/data/raw/dfdc/dfdc_train_part_03/dfdc_train_part_3/oxdwdoeger.mp4,dfdc_train_part_3
dfdc_train_part_3_kkchqgwzxa,val,fake,/workspace/data/raw/dfdc/dfdc_train_part_03/dfdc_train_part_3/kkchqgwzxa.mp4,dfdc_train_part_3
dfdc_train_part_3_icbqfvgfsm,val,fake,/workspace/data/raw/dfdc/dfdc_train_part_03/dfdc_train_part_3/icbqfvgfsm.mp4,dfdc_train_part_3
dfdc_train_part_3_oqdsmmmxta,val,fake,/workspace/data/raw/dfdc/dfdc_train_part_03/dfdc_train_part_3/oqdsmmmxta.mp4,dfdc_train_part_3
dfdc_train_part_3_lxzfyiwnxh,val,fake,/workspace/data/raw/dfdc/dfdc_train_part_03/dfdc_train_part_3/lxzfyiwnxh.mp4,dfdc_train_part_3
dfdc_train_part_3_gwaxqwlsww,val,fake,/workspace/data/raw/dfdc/dfdc_train_part_03/dfdc_train_part_3/gwaxqwlsww.mp4,dfdc_train_part_3
dfdc_train_part_3_mkocsyigir,val,fake,/workspace/data/raw/dfdc/dfdc_train_part_03/dfdc_train_part_3/mkocsyigir.mp4,dfdc_train_part_3
dfdc_train_part_3_mzjhuztfed,val,real,/workspace/data/raw/dfdc/dfdc_train_part_03/dfdc_train_part_3/mzjhuztfed.mp4,dfdc_train_part_3
dfdc_train_part_3_jqiayxomia,val,real,/workspace/data/raw/dfdc/dfdc_train_part_03/dfdc_train_part_3/jqiayxomia.mp4,dfdc_train_part_3
dfdc_train_part_3_tztmsxucpa,val,fake,/workspace/data/raw/dfdc/dfdc_train_part_03/dfdc_train_part_3/tztmsxucpa.mp4,dfdc_train_part_3
dfdc_train_part_3_hcfzlwolqr,val,fake,/workspace/data/raw/dfdc/dfdc_train_part_03/dfdc_train_part_3/hcfzlwolqr.mp4,dfdc_train_part_3
dfdc_train_part_3_xexqjemxyq,val,real,/workspace/data/raw/dfdc/dfdc_train_part_03/dfdc_train_part_3/xexqjemxyq.mp4,dfdc_train_part_3
dfdc_train_part_3_jsyffvsrjt,val,fake,/workspace/data/raw/dfdc/dfdc_train_part_03/dfdc_train_part_3/jsyffvsrjt.mp4,dfdc_train_part_3
dfdc_train_part_3_bcipimmnmv,val,fake,/workspace/data/raw/dfdc/dfdc_train_part_03/dfdc_train_part_3/bcipimmnmv.mp4,dfdc_train_part_3
dfdc_train_part_3_mcwxamdypc,val,fake,/workspace/data/raw/dfdc/dfdc_train_part_03/dfdc_train_part_3/mcwxamdypc.mp4,dfdc_train_part_3
dfdc_train_part_3_uuotyjxvod,val,real,/workspace/data/raw/dfdc/dfdc_train_part_03/dfdc_train_part_3/uuotyjxvod.mp4,dfdc_train_part_3
dfdc_train_part_3_ktczmqezyp,val,real,/workspace/data/raw/dfdc/dfdc_train_part_03/dfdc_train_part_3/ktczmqezyp.mp4,dfdc_train_part_3
dfdc_train_part_3_mhctqckhxj,val,fake,/workspace/data/raw/dfdc/dfdc_train_part_03/dfdc_train_part_3/mhctqckhxj.mp4,dfdc_train_part_3
dfdc_train_part_3_lkcodojhuz,val,fake,/workspace/data/raw/dfdc/dfdc_train_part_03/dfdc_train_part_3/lkcodojhuz.mp4,dfdc_train_part_3
dfdc_train_part_3_ybkekjntal,val,fake,/workspace/data/raw/dfdc/dfdc_train_part_03/dfdc_train_part_3/ybkekjntal.mp4,dfdc_train_part_3
dfdc_train_part_3_zraibwmzpw,val,fake,/workspace/data/raw/dfdc/dfdc_train_part_03/dfdc_train_part_3/zraibwmzpw.mp4,dfdc_train_part_3
dfdc_train_part_3_ijrlchjobl,val,fake,/workspace/data/raw/dfdc/dfdc_train_part_03/dfdc_train_part_3/ijrlchjobl.mp4,dfdc_train_part_3
dfdc_train_part_3_fxeuoygimr,val,real,/workspace/data/raw/dfdc/dfdc_train_part_03/dfdc_train_part_3/fxeuoygimr.mp4,dfdc_train_part_3
dfdc_train_part_3_cutabgeoaf,val,fake,/workspace/data/raw/dfdc/dfdc_train_part_03/dfdc_train_part_3/cutabgeoaf.mp4,dfdc_train_part_3
dfdc_train_part_3_kvqhkpkbwd,val,real,/workspace/data/raw/dfdc/dfdc_train_part_03/dfdc_train_part_3/kvqhkpkbwd.mp4,dfdc_train_part_3
dfdc_train_part_3_vufqqfokoy,val,fake,/workspace/data/raw/dfdc/dfdc_train_part_03/dfdc_train_part_3/vufqqfokoy.mp4,dfdc_train_part_3
dfdc_train_part_3_ntnmovxbyt,val,real,/workspace/data/raw/dfdc/dfdc_train_part_03/dfdc_train_part_3/ntnmovxbyt.mp4,dfdc_train_part_3
dfdc_train_part_3_kwkruxggan,val,fake,/workspace/data/raw/dfdc/dfdc_train_part_03/dfdc_train_part_3/kwkruxggan.mp4,dfdc_train_part_3
dfdc_train_part_3_qctfnmumnz,val,fake,/workspace/data/raw/dfdc/dfdc_train_part_03/dfdc_train_part_3/qctfnmumnz.mp4,dfdc_train_part_3
dfdc_train_part_3_vsfetmcnjj,val,fake,/workspace/data/raw/dfdc/dfdc_train_part_03/dfdc_train_part_3/vsfetmcnjj.mp4,dfdc_train_part_3
dfdc_train_part_3_vufppssjeo,val,fake,/workspace/data/raw/dfdc/dfdc_train_part_03/dfdc_train_part_3/vufppssjeo.mp4,dfdc_train_part_3
dfdc_train_part_3_mdbohaixtf,val,real,/workspace/data/raw/dfdc/dfdc_train_part_03/dfdc_train_part_3/mdbohaixtf.mp4,dfdc_train_part_3
dfdc_train_part_3_uhupqscwds,val,fake,/workspace/data/raw/dfdc/dfdc_train_part_03/dfdc_train_part_3/uhupqscwds.mp4,dfdc_train_part_3
dfdc_train_part_3_nqrqwswgnl,val,fake,/workspace/data/raw/dfdc/dfdc_train_part_03/dfdc_train_part_3/nqrqwswgnl.mp4,dfdc_train_part_3
dfdc_train_part_3_ucorvldjhi,val,real,/workspace/data/raw/dfdc/dfdc_train_part_03/dfdc_train_part_3/ucorvldjhi.mp4,dfdc_train_part_3
dfdc_train_part_3_bxtlknuwkz,val,fake,/workspace/data/raw/dfdc/dfdc_train_part_03/dfdc_train_part_3/bxtlknuwkz.mp4,dfdc_train_part_3
dfdc_train_part_3_ompjlvbtmw,val,real,/workspace/data/raw/dfdc/dfdc_train_part_03/dfdc_train_part_3/ompjlvbtmw.mp4,dfdc_train_part_3
dfdc_train_part_3_ealfplhqdz,val,fake,/workspace/data/raw/dfdc/dfdc_train_part_03/dfdc_train_part_3/ealfplhqdz.mp4,dfdc_train_part_3
dfdc_train_part_3_vioqhwltxp,val,fake,/workspace/data/raw/dfdc/dfdc_train_part_03/dfdc_train_part_3/vioqhwltxp.mp4,dfdc_train_part_3
dfdc_train_part_3_nwjabgcyma,val,fake,/workspace/data/raw/dfdc/dfdc_train_part_03/dfdc_train_part_3/nwjabgcyma.mp4,dfdc_train_part_3
dfdc_train_part_3_hvqyqdksse,val,fake,/workspace/data/raw/dfdc/dfdc_train_part_03/dfdc_train_part_3/hvqyqdksse.mp4,dfdc_train_part_3
dfdc_train_part_3_mfzqxwzusu,val,real,/workspace/data/raw/dfdc/dfdc_train_part_03/dfdc_train_part_3/mfzqxwzusu.mp4,dfdc_train_part_3
dfdc_train_part_3_cdgrttukjn,val,real,/workspace/data/raw/dfdc/dfdc_train_part_03/dfdc_train_part_3/cdgrttukjn.mp4,dfdc_train_part_3
dfdc_train_part_3_smwqziliaj,val,fake,/workspace/data/raw/dfdc/dfdc_train_part_03/dfdc_train_part_3/smwqziliaj.mp4,dfdc_train_part_3
dfdc_train_part_3_qywkfrpfii,val,real,/workspace/data/raw/dfdc/dfdc_train_part_03/dfdc_train_part_3/qywkfrpfii.mp4,dfdc_train_part_3
dfdc_train_part_3_dfpwzhovnb,val,fake,/workspace/data/raw/dfdc/dfdc_train_part_03/dfdc_train_part_3/dfpwzhovnb.mp4,dfdc_train_part_3
dfdc_train_part_3_gnqtwcrwju,val,fake,/workspace/data/raw/dfdc/dfdc_train_part_03/dfdc_train_part_3/gnqtwcrwju.mp4,dfdc_train_part_3
dfdc_train_part_3_ejwvqbeyef,val,fake,/workspace/data/raw/dfdc/dfdc_train_part_03/dfdc_train_part_3/ejwvqbeyef.mp4,dfdc_train_part_3
dfdc_train_part_3_zwkeeczvam,val,real,/workspace/data/raw/dfdc/dfdc_train_part_03/dfdc_train_part_3/zwkeeczvam.mp4,dfdc_train_part_3
dfdc_train_part_3_emthoarbdj,val,real,/workspace/data/raw/dfdc/dfdc_train_part_03/dfdc_train_part_3/emthoarbdj.mp4,dfdc_train_part_3
dfdc_train_part_3_haqhhmprto,val,real,/workspace/data/raw/dfdc/dfdc_train_part_03/dfdc_train_part_3/haqhhmprto.mp4,dfdc_train_part_3
dfdc_train_part_3_sqvwastbho,val,fake,/workspace/data/raw/dfdc/dfdc_train_part_03/dfdc_train_part_3/sqvwastbho.mp4,dfdc_train_part_3
dfdc_train_part_3_jdkfivxebr,val,fake,/workspace/data/raw/dfdc/dfdc_train_part_03/dfdc_train_part_3/jdkfivxebr.mp4,dfdc_train_part_3
dfdc_train_part_3_yxqhxlsngk,val,fake,/workspace/data/raw/dfdc/dfdc_train_part_03/dfdc_train_part_3/yxqhxlsngk.mp4,dfdc_train_part_3
dfdc_train_part_3_ybkqykotud,val,real,/workspace/data/raw/dfdc/dfdc_train_part_03/dfdc_train_part_3/ybkqykotud.mp4,dfdc_train_part_3
dfdc_train_part_3_bcbrujsqxo,val,real,/workspace/data/raw/dfdc/dfdc_train_part_03/dfdc_train_part_3/bcbrujsqxo.mp4,dfdc_train_part_3
dfdc_train_part_3_fpqrtbbcpv,val,real,/workspace/data/raw/dfdc/dfdc_train_part_03/dfdc_train_part_3/fpqrtbbcpv.mp4,dfdc_train_part_3
dfdc_train_part_3_ggyzxaauyn,val,fake,/workspace/data/raw/dfdc/dfdc_train_part_03/dfdc_train_part_3/ggyzxaauyn.mp4,dfdc_train_part_3
dfdc_train_part_3_zgsbhofcsw,val,real,/workspace/data/raw/dfdc/dfdc_train_part_03/dfdc_train_part_3/zgsbhofcsw.mp4,dfdc_train_part_3
dfdc_train_part_3_glftxxrecl,val,fake,/workspace/data/raw/dfdc/dfdc_train_part_03/dfdc_train_part_3/glftxxrecl.mp4,dfdc_train_part_3
dfdc_train_part_3_yavbbrxkco,val,fake,/workspace/data/raw/dfdc/dfdc_train_part_03/dfdc_train_part_3/yavbbrxkco.mp4,dfdc_train_part_3
dfdc_train_part_3_pkjmnwfcig,val,real,/workspace/data/raw/dfdc/dfdc_train_part_03/dfdc_train_part_3/pkjmnwfcig.mp4,dfdc_train_part_3
dfdc_train_part_3_egscejrtnp,val,fake,/workspace/data/raw/dfdc/dfdc_train_part_03/dfdc_train_part_3/egscejrtnp.mp4,dfdc_train_part_3
dfdc_train_part_3_oaqtybhmvv,val,fake,/workspace/data/raw/dfdc/dfdc_train_part_03/dfdc_train_part_3/oaqtybhmvv.mp4,dfdc_train_part_3
dfdc_train_part_3_xbfxuvuwyl,val,fake,/workspace/data/raw/dfdc/dfdc_train_part_03/dfdc_train_part_3/xbfxuvuwyl.mp4,dfdc_train_part_3
dfdc_train_part_3_ndpkorqsvv,val,fake,/workspace/data/raw/dfdc/dfdc_train_part_03/dfdc_train_part_3/ndpkorqsvv.mp4,dfdc_train_part_3
dfdc_train_part_3_cahtimcmlt,val,fake,/workspace/data/raw/dfdc/dfdc_train_part_03/dfdc_train_part_3/cahtimcmlt.mp4,dfdc_train_part_3
dfdc_train_part_3_ceykhsossc,val,fake,/workspace/data/raw/dfdc/dfdc_train_part_03/dfdc_train_part_3/ceykhsossc.mp4,dfdc_train_part_3
dfdc_train_part_3_tehauhlfsa,val,fake,/workspace/data/raw/dfdc/dfdc_train_part_03/dfdc_train_part_3/tehauhlfsa.mp4,dfdc_train_part_3
dfdc_train_part_3_xsxdnmzawz,val,real,/workspace/data/raw/dfdc/dfdc_train_part_03/dfdc_train_part_3/xsxdnmzawz.mp4,dfdc_train_part_3
dfdc_train_part_3_kqglyumfzk,val,fake,/workspace/data/raw/dfdc/dfdc_train_part_03/dfdc_train_part_3/kqglyumfzk.mp4,dfdc_train_part_3
dfdc_train_part_3_pkumyfdkga,val,real,/workspace/data/raw/dfdc/dfdc_train_part_03/dfdc_train_part_3/pkumyfdkga.mp4,dfdc_train_part_3
dfdc_train_part_3_gvuvdhzcqu,val,real,/workspace/data/raw/dfdc/dfdc_train_part_03/dfdc_train_part_3/gvuvdhzcqu.mp4,dfdc_train_part_3
dfdc_train_part_3_arzcgyecpy,val,fake,/workspace/data/raw/dfdc/dfdc_train_part_03/dfdc_train_part_3/arzcgyecpy.mp4,dfdc_train_part_3
dfdc_train_part_3_vezsoxophr,val,fake,/workspace/data/raw/dfdc/dfdc_train_part_03/dfdc_train_part_3/vezsoxophr.mp4,dfdc_train_part_3
dfdc_train_part_3_obguslzouh,val,fake,/workspace/data/raw/dfdc/dfdc_train_part_03/dfdc_train_part_3/obguslzouh.mp4,dfdc_train_part_3
dfdc_train_part_3_xmjdzmyhtb,val,fake,/workspace/data/raw/dfdc/dfdc_train_part_03/dfdc_train_part_3/xmjdzmyhtb.mp4,dfdc_train_part_3
dfdc_train_part_3_sewkrjtill,val,real,/workspace/data/raw/dfdc/dfdc_train_part_03/dfdc_train_part_3/sewkrjtill.mp4,dfdc_train_part_3
dfdc_train_part_3_navoiyfxpr,val,real,/workspace/data/raw/dfdc/dfdc_train_part_03/dfdc_train_part_3/navoiyfxpr.mp4,dfdc_train_part_3
dfdc_train_part_3_vzsbpfzmpr,val,real,/workspace/data/raw/dfdc/dfdc_train_part_03/dfdc_train_part_3/vzsbpfzmpr.mp4,dfdc_train_part_3
dfdc_train_part_3_plccjliaxn,val,fake,/workspace/data/raw/dfdc/dfdc_train_part_03/dfdc_train_part_3/plccjliaxn.mp4,dfdc_train_part_3
dfdc_train_part_3_fldpkataqk,val,real,/workspace/data/raw/dfdc/dfdc_train_part_03/dfdc_train_part_3/fldpkataqk.mp4,dfdc_train_part_3
dfdc_train_part_3_xpwzoebyho,val,real,/workspace/data/raw/dfdc/dfdc_train_part_03/dfdc_train_part_3/xpwzoebyho.mp4,dfdc_train_part_3
dfdc_train_part_3_cdgveexocr,val,real,/workspace/data/raw/dfdc/dfdc_train_part_03/dfdc_train_part_3/cdgveexocr.mp4,dfdc_train_part_3
dfdc_train_part_3_czhkwernpi,val,real,/workspace/data/raw/dfdc/dfdc_train_part_03/dfdc_train_part_3/czhkwernpi.mp4,dfdc_train_part_3
dfdc_train_part_3_koupybgylu,val,fake,/workspace/data/raw/dfdc/dfdc_train_part_03/dfdc_train_part_3/koupybgylu.mp4,dfdc_train_part_3
dfdc_train_part_3_xzoeyqarko,val,fake,/workspace/data/raw/dfdc/dfdc_train_part_03/dfdc_train_part_3/xzoeyqarko.mp4,dfdc_train_part_3
dfdc_train_part_3_qohooxdwvh,val,real,/workspace/data/raw/dfdc/dfdc_train_part_03/dfdc_train_part_3/qohooxdwvh.mp4,dfdc_train_part_3
dfdc_train_part_3_infwsvmogx,val,fake,/workspace/data/raw/dfdc/dfdc_train_part_03/dfdc_train_part_3/infwsvmogx.mp4,dfdc_train_part_3
dfdc_train_part_3_omtmwizecw,val,fake,/workspace/data/raw/dfdc/dfdc_train_part_03/dfdc_train_part_3/omtmwizecw.mp4,dfdc_train_part_3
dfdc_train_part_3_sjrinpnbfw,val,fake,/workspace/data/raw/dfdc/dfdc_train_part_03/dfdc_train_part_3/sjrinpnbfw.mp4,dfdc_train_part_3
dfdc_train_part_3_gjsfvahwuh,val,fake,/workspace/data/raw/dfdc/dfdc_train_part_03/dfdc_train_part_3/gjsfvahwuh.mp4,dfdc_train_part_3
dfdc_train_part_3_cvuiocbcbz,val,real,/workspace/data/raw/dfdc/dfdc_train_part_03/dfdc_train_part_3/cvuiocbcbz.mp4,dfdc_train_part_3
dfdc_train_part_3_qawbflilul,val,real,/workspace/data/raw/dfdc/dfdc_train_part_03/dfdc_train_part_3/qawbflilul.mp4,dfdc_train_part_3
dfdc_train_part_3_oikhytmnol,val,real,/workspace/data/raw/dfdc/dfdc_train_part_03/dfdc_train_part_3/oikhytmnol.mp4,dfdc_train_part_3
dfdc_train_part_3_xmgttawlsn,val,fake,/workspace/data/raw/dfdc/dfdc_train_part_03/dfdc_train_part_3/xmgttawlsn.mp4,dfdc_train_part_3
dfdc_train_part_3_itgrehnkwm,val,fake,/workspace/data/raw/dfdc/dfdc_train_part_03/dfdc_train_part_3/itgrehnkwm.mp4,dfdc_train_part_3
dfdc_train_part_3_rfjahigzmu,val,fake,/workspace/data/raw/dfdc/dfdc_train_part_03/dfdc_train_part_3/rfjahigzmu.mp4,dfdc_train_part_3
dfdc_train_part_3_wwvzjspizs,val,fake,/workspace/data/raw/dfdc/dfdc_train_part_03/dfdc_train_part_3/wwvzjspizs.mp4,dfdc_train_part_3
dfdc_train_part_3_jjyjsxcgvt,val,fake,/workspace/data/raw/dfdc/dfdc_train_part_03/dfdc_train_part_3/jjyjsxcgvt.mp4,dfdc_train_part_3
dfdc_train_part_3_rltsrqhbff,val,real,/workspace/data/raw/dfdc/dfdc_train_part_03/dfdc_train_part_3/rltsrqhbff.mp4,dfdc_train_part_3
dfdc_train_part_3_hexyjykhvk,val,real,/workspace/data/raw/dfdc/dfdc_train_part_03/dfdc_train_part_3/hexyjykhvk.mp4,dfdc_train_part_3
dfdc_train_part_3_twgobosowv,val,real,/workspace/data/raw/dfdc/dfdc_train_part_03/dfdc_train_part_3/twgobosowv.mp4,dfdc_train_part_3
dfdc_train_part_3_ysvogisftd,val,fake,/workspace/data/raw/dfdc/dfdc_train_part_03/dfdc_train_part_3/ysvogisftd.mp4,dfdc_train_part_3
dfdc_train_part_3_hwaxcxpfxl,val,real,/workspace/data/raw/dfdc/dfdc_train_part_03/dfdc_train_part_3/hwaxcxpfxl.mp4,dfdc_train_part_3
dfdc_train_part_3_iutieugpqx,val,real,/workspace/data/raw/dfdc/dfdc_train_part_03/dfdc_train_part_3/iutieugpqx.mp4,dfdc_train_part_3
dfdc_train_part_4_oyixebfpcl,test,fake,/workspace/data/raw/dfdc/dfdc_train_part_04/dfdc_train_part_4/oyixebfpcl.mp4,dfdc_train_part_4
dfdc_train_part_4_sayyjwtjol,test,real,/workspace/data/raw/dfdc/dfdc_train_part_04/dfdc_train_part_4/sayyjwtjol.mp4,dfdc_train_part_4
dfdc_train_part_4_qxbnmwwgzp,test,fake,/workspace/data/raw/dfdc/dfdc_train_part_04/dfdc_train_part_4/qxbnmwwgzp.mp4,dfdc_train_part_4
dfdc_train_part_4_puudvugxrl,test,real,/workspace/data/raw/dfdc/dfdc_train_part_04/dfdc_train_part_4/puudvugxrl.mp4,dfdc_train_part_4
dfdc_train_part_4_shclgsfxtj,test,fake,/workspace/data/raw/dfdc/dfdc_train_part_04/dfdc_train_part_4/shclgsfxtj.mp4,dfdc_train_part_4
dfdc_train_part_4_rwnyguelho,test,fake,/workspace/data/raw/dfdc/dfdc_train_part_04/dfdc_train_part_4/rwnyguelho.mp4,dfdc_train_part_4
dfdc_train_part_4_wfrkjyusxh,test,fake,/workspace/data/raw/dfdc/dfdc_train_part_04/dfdc_train_part_4/wfrkjyusxh.mp4,dfdc_train_part_4
dfdc_train_part_4_wqwsvsngjw,test,fake,/workspace/data/raw/dfdc/dfdc_train_part_04/dfdc_train_part_4/wqwsvsngjw.mp4,dfdc_train_part_4
dfdc_train_part_4_kpfqvgmnzw,test,fake,/workspace/data/raw/dfdc/dfdc_train_part_04/dfdc_train_part_4/kpfqvgmnzw.mp4,dfdc_train_part_4
dfdc_train_part_4_puodjlqdcc,test,fake,/workspace/data/raw/dfdc/dfdc_train_part_04/dfdc_train_part_4/puodjlqdcc.mp4,dfdc_train_part_4
dfdc_train_part_4_tmlsyouvon,test,fake,/workspace/data/raw/dfdc/dfdc_train_part_04/dfdc_train_part_4/tmlsyouvon.mp4,dfdc_train_part_4
dfdc_train_part_4_pdlqgytjtg,test,fake,/workspace/data/raw/dfdc/dfdc_train_part_04/dfdc_train_part_4/pdlqgytjtg.mp4,dfdc_train_part_4
dfdc_train_part_4_exbxfmqqpx,test,fake,/workspace/data/raw/dfdc/dfdc_train_part_04/dfdc_train_part_4/exbxfmqqpx.mp4,dfdc_train_part_4
dfdc_train_part_4_bzhksoaxbm,test,fake,/workspace/data/raw/dfdc/dfdc_train_part_04/dfdc_train_part_4/bzhksoaxbm.mp4,dfdc_train_part_4
dfdc_train_part_4_auoigmvbxt,test,fake,/workspace/data/raw/dfdc/dfdc_train_part_04/dfdc_train_part_4/auoigmvbxt.mp4,dfdc_train_part_4
dfdc_train_part_4_jfooqrefta,test,fake,/workspace/data/raw/dfdc/dfdc_train_part_04/dfdc_train_part_4/jfooqrefta.mp4,dfdc_train_part_4
dfdc_train_part_4_rojqhigadj,test,fake,/workspace/data/raw/dfdc/dfdc_train_part_04/dfdc_train_part_4/rojqhigadj.mp4,dfdc_train_part_4
dfdc_train_part_4_pagnmwtkkt,test,fake,/workspace/data/raw/dfdc/dfdc_train_part_04/dfdc_train_part_4/pagnmwtkkt.mp4,dfdc_train_part_4
dfdc_train_part_4_vbmciijzwx,test,fake,/workspace/data/raw/dfdc/dfdc_train_part_04/dfdc_train_part_4/vbmciijzwx.mp4,dfdc_train_part_4
dfdc_train_part_4_acyvmvapdl,test,fake,/workspace/data/raw/dfdc/dfdc_train_part_04/dfdc_train_part_4/acyvmvapdl.mp4,dfdc_train_part_4
dfdc_train_part_4_fpvurjklwt,test,fake,/workspace/data/raw/dfdc/dfdc_train_part_04/dfdc_train_part_4/fpvurjklwt.mp4,dfdc_train_part_4
dfdc_train_part_4_fhfgnhjxcm,test,fake,/workspace/data/raw/dfdc/dfdc_train_part_04/dfdc_train_part_4/fhfgnhjxcm.mp4,dfdc_train_part_4
dfdc_train_part_4_qfgpxqzhzp,test,fake,/workspace/data/raw/dfdc/dfdc_train_part_04/dfdc_train_part_4/qfgpxqzhzp.mp4,dfdc_train_part_4
dfdc_train_part_4_izkqquaqpw,test,fake,/workspace/data/raw/dfdc/dfdc_train_part_04/dfdc_train_part_4/izkqquaqpw.mp4,dfdc_train_part_4
dfdc_train_part_4_bqzlymwvak,test,fake,/workspace/data/raw/dfdc/dfdc_train_part_04/dfdc_train_part_4/bqzlymwvak.mp4,dfdc_train_part_4
dfdc_train_part_4_hfdkskwrwk,test,fake,/workspace/data/raw/dfdc/dfdc_train_part_04/dfdc_train_part_4/hfdkskwrwk.mp4,dfdc_train_part_4
dfdc_train_part_4_feouzuufou,test,fake,/workspace/data/raw/dfdc/dfdc_train_part_04/dfdc_train_part_4/feouzuufou.mp4,dfdc_train_part_4
dfdc_train_part_4_wyqestykgb,test,fake,/workspace/data/raw/dfdc/dfdc_train_part_04/dfdc_train_part_4/wyqestykgb.mp4,dfdc_train_part_4
dfdc_train_part_4_eutaedkkmc,test,fake,/workspace/data/raw/dfdc/dfdc_train_part_04/dfdc_train_part_4/eutaedkkmc.mp4,dfdc_train_part_4
dfdc_train_part_4_ddiekairss,test,fake,/workspace/data/raw/dfdc/dfdc_train_part_04/dfdc_train_part_4/ddiekairss.mp4,dfdc_train_part_4
dfdc_train_part_4_mdosrinpqb,test,fake,/workspace/data/raw/dfdc/dfdc_train_part_04/dfdc_train_part_4/mdosrinpqb.mp4,dfdc_train_part_4
dfdc_train_part_4_bnjnsrammj,test,fake,/workspace/data/raw/dfdc/dfdc_train_part_04/dfdc_train_part_4/bnjnsrammj.mp4,dfdc_train_part_4
dfdc_train_part_4_aczofflgti,test,fake,/workspace/data/raw/dfdc/dfdc_train_part_04/dfdc_train_part_4/aczofflgti.mp4,dfdc_train_part_4
dfdc_train_part_4_sbxbsiwwnc,test,fake,/workspace/data/raw/dfdc/dfdc_train_part_04/dfdc_train_part_4/sbxbsiwwnc.mp4,dfdc_train_part_4
dfdc_train_part_4_xlibckpcus,test,fake,/workspace/data/raw/dfdc/dfdc_train_part_04/dfdc_train_part_4/xlibckpcus.mp4,dfdc_train_part_4
dfdc_train_part_4_ohtngifnek,test,fake,/workspace/data/raw/dfdc/dfdc_train_part_04/dfdc_train_part_4/ohtngifnek.mp4,dfdc_train_part_4
dfdc_train_part_4_jkjfuxmreo,test,fake,/workspace/data/raw/dfdc/dfdc_train_part_04/dfdc_train_part_4/jkjfuxmreo.mp4,dfdc_train_part_4
dfdc_train_part_4_lnmcmybwpt,test,fake,/workspace/data/raw/dfdc/dfdc_train_part_04/dfdc_train_part_4/lnmcmybwpt.mp4,dfdc_train_part_4
dfdc_train_part_4_spqavtzigv,test,fake,/workspace/data/raw/dfdc/dfdc_train_part_04/dfdc_train_part_4/spqavtzigv.mp4,dfdc_train_part_4
dfdc_train_part_4_weeqaeyjgo,test,fake,/workspace/data/raw/dfdc/dfdc_train_part_04/dfdc_train_part_4/weeqaeyjgo.mp4,dfdc_train_part_4
dfdc_train_part_4_gdhkzovxet,test,fake,/workspace/data/raw/dfdc/dfdc_train_part_04/dfdc_train_part_4/gdhkzovxet.mp4,dfdc_train_part_4
dfdc_train_part_4_kufzoapffv,test,fake,/workspace/data/raw/dfdc/dfdc_train_part_04/dfdc_train_part_4/kufzoapffv.mp4,dfdc_train_part_4
dfdc_train_part_4_vcbibflbmm,test,fake,/workspace/data/raw/dfdc/dfdc_train_part_04/dfdc_train_part_4/vcbibflbmm.mp4,dfdc_train_part_4
dfdc_train_part_4_npffculfnf,test,fake,/workspace/data/raw/dfdc/dfdc_train_part_04/dfdc_train_part_4/npffculfnf.mp4,dfdc_train_part_4
dfdc_train_part_4_qltdvyiclt,test,fake,/workspace/data/raw/dfdc/dfdc_train_part_04/dfdc_train_part_4/qltdvyiclt.mp4,dfdc_train_part_4
dfdc_train_part_4_opatbowacp,test,fake,/workspace/data/raw/dfdc/dfdc_train_part_04/dfdc_train_part_4/opatbowacp.mp4,dfdc_train_part_4
dfdc_train_part_4_zzcrzuecap,test,fake,/workspace/data/raw/dfdc/dfdc_train_part_04/dfdc_train_part_4/zzcrzuecap.mp4,dfdc_train_part_4
dfdc_train_part_4_osplyksmpi,test,fake,/workspace/data/raw/dfdc/dfdc_train_part_04/dfdc_train_part_4/osplyksmpi.mp4,dfdc_train_part_4
dfdc_train_part_4_trwucycqvi,test,fake,/workspace/data/raw/dfdc/dfdc_train_part_04/dfdc_train_part_4/trwucycqvi.mp4,dfdc_train_part_4
dfdc_train_part_4_nhzmuwaojm,test,fake,/workspace/data/raw/dfdc/dfdc_train_part_04/dfdc_train_part_4/nhzmuwaojm.mp4,dfdc_train_part_4
dfdc_train_part_4_qxlpkgewoi,test,fake,/workspace/data/raw/dfdc/dfdc_train_part_04/dfdc_train_part_4/qxlpkgewoi.mp4,dfdc_train_part_4
dfdc_train_part_4_vvdxmjouwe,test,fake,/workspace/data/raw/dfdc/dfdc_train_part_04/dfdc_train_part_4/vvdxmjouwe.mp4,dfdc_train_part_4
dfdc_train_part_4_fymicbjirh,test,fake,/workspace/data/raw/dfdc/dfdc_train_part_04/dfdc_train_part_4/fymicbjirh.mp4,dfdc_train_part_4
dfdc_train_part_4_mgwsapzwym,test,fake,/workspace/data/raw/dfdc/dfdc_train_part_04/dfdc_train_part_4/mgwsapzwym.mp4,dfdc_train_part_4
dfdc_train_part_4_zcklknuwnq,test,fake,/workspace/data/raw/dfdc/dfdc_train_part_04/dfdc_train_part_4/zcklknuwnq.mp4,dfdc_train_part_4
dfdc_train_part_4_khmsjyzueh,test,fake,/workspace/data/raw/dfdc/dfdc_train_part_04/dfdc_train_part_4/khmsjyzueh.mp4,dfdc_train_part_4
dfdc_train_part_4_npwekyspjo,test,fake,/workspace/data/raw/dfdc/dfdc_train_part_04/dfdc_train_part_4/npwekyspjo.mp4,dfdc_train_part_4
dfdc_train_part_4_mclhnurizg,test,real,/workspace/data/raw/dfdc/dfdc_train_part_04/dfdc_train_part_4/mclhnurizg.mp4,dfdc_train_part_4
dfdc_train_part_4_olheajbvle,test,fake,/workspace/data/raw/dfdc/dfdc_train_part_04/dfdc_train_part_4/olheajbvle.mp4,dfdc_train_part_4
dfdc_train_part_4_gblcfivkkf,test,fake,/workspace/data/raw/dfdc/dfdc_train_part_04/dfdc_train_part_4/gblcfivkkf.mp4,dfdc_train_part_4
dfdc_train_part_4_ljqjosstiw,test,fake,/workspace/data/raw/dfdc/dfdc_train_part_04/dfdc_train_part_4/ljqjosstiw.mp4,dfdc_train_part_4
dfdc_train_part_4_nrknrodwza,test,real,/workspace/data/raw/dfdc/dfdc_train_part_04/dfdc_train_part_4/nrknrodwza.mp4,dfdc_train_part_4
dfdc_train_part_4_iaflbyrlfl,test,fake,/workspace/data/raw/dfdc/dfdc_train_part_04/dfdc_train_part_4/iaflbyrlfl.mp4,dfdc_train_part_4
dfdc_train_part_4_yrjeltmcji,test,fake,/workspace/data/raw/dfdc/dfdc_train_part_04/dfdc_train_part_4/yrjeltmcji.mp4,dfdc_train_part_4
dfdc_train_part_4_kmcylsrkvl,test,fake,/workspace/data/raw/dfdc/dfdc_train_part_04/dfdc_train_part_4/kmcylsrkvl.mp4,dfdc_train_part_4
dfdc_train_part_4_btxdrbdnpu,test,fake,/workspace/data/raw/dfdc/dfdc_train_part_04/dfdc_train_part_4/btxdrbdnpu.mp4,dfdc_train_part_4
dfdc_train_part_4_hmcdjqncsm,test,fake,/workspace/data/raw/dfdc/dfdc_train_part_04/dfdc_train_part_4/hmcdjqncsm.mp4,dfdc_train_part_4
dfdc_train_part_4_rcjyfjozsp,test,real,/workspace/data/raw/dfdc/dfdc_train_part_04/dfdc_train_part_4/rcjyfjozsp.mp4,dfdc_train_part_4
dfdc_train_part_4_zcvxxffava,test,fake,/workspace/data/raw/dfdc/dfdc_train_part_04/dfdc_train_part_4/zcvxxffava.mp4,dfdc_train_part_4
dfdc_train_part_4_fumyyqfash,test,fake,/workspace/data/raw/dfdc/dfdc_train_part_04/dfdc_train_part_4/fumyyqfash.mp4,dfdc_train_part_4
dfdc_train_part_4_qdzbtimfmf,test,fake,/workspace/data/raw/dfdc/dfdc_train_part_04/dfdc_train_part_4/qdzbtimfmf.mp4,dfdc_train_part_4
dfdc_train_part_4_esbbxlmhhe,test,fake,/workspace/data/raw/dfdc/dfdc_train_part_04/dfdc_train_part_4/esbbxlmhhe.mp4,dfdc_train_part_4
dfdc_train_part_4_cgxyezxteb,test,fake,/workspace/data/raw/dfdc/dfdc_train_part_04/dfdc_train_part_4/cgxyezxteb.mp4,dfdc_train_part_4
dfdc_train_part_4_cgzypqyewg,test,fake,/workspace/data/raw/dfdc/dfdc_train_part_04/dfdc_train_part_4/cgzypqyewg.mp4,dfdc_train_part_4
dfdc_train_part_4_nhsjaoognc,test,fake,/workspace/data/raw/dfdc/dfdc_train_part_04/dfdc_train_part_4/nhsjaoognc.mp4,dfdc_train_part_4
dfdc_train_part_4_srqogltgnx,test,fake,/workspace/data/raw/dfdc/dfdc_train_part_04/dfdc_train_part_4/srqogltgnx.mp4,dfdc_train_part_4
dfdc_train_part_4_jozlysmacz,test,fake,/workspace/data/raw/dfdc/dfdc_train_part_04/dfdc_train_part_4/jozlysmacz.mp4,dfdc_train_part_4
dfdc_train_part_4_ogaakxbtdl,test,fake,/workspace/data/raw/dfdc/dfdc_train_part_04/dfdc_train_part_4/ogaakxbtdl.mp4,dfdc_train_part_4
dfdc_train_part_4_uratvdiptg,test,real,/workspace/data/raw/dfdc/dfdc_train_part_04/dfdc_train_part_4/uratvdiptg.mp4,dfdc_train_part_4
dfdc_train_part_4_rtaajqrbds,test,fake,/workspace/data/raw/dfdc/dfdc_train_part_04/dfdc_train_part_4/rtaajqrbds.mp4,dfdc_train_part_4
dfdc_train_part_4_wmxmrtcydt,test,fake,/workspace/data/raw/dfdc/dfdc_train_part_04/dfdc_train_part_4/wmxmrtcydt.mp4,dfdc_train_part_4
dfdc_train_part_4_qybdpcijzm,test,fake,/workspace/data/raw/dfdc/dfdc_train_part_04/dfdc_train_part_4/qybdpcijzm.mp4,dfdc_train_part_4
dfdc_train_part_4_ogualjbong,test,fake,/workspace/data/raw/dfdc/dfdc_train_part_04/dfdc_train_part_4/ogualjbong.mp4,dfdc_train_part_4
dfdc_train_part_4_hwixlgkbjk,test,fake,/workspace/data/raw/dfdc/dfdc_train_part_04/dfdc_train_part_4/hwixlgkbjk.mp4,dfdc_train_part_4
dfdc_train_part_4_wulbfxmthd,test,fake,/workspace/data/raw/dfdc/dfdc_train_part_04/dfdc_train_part_4/wulbfxmthd.mp4,dfdc_train_part_4
dfdc_train_part_4_byqugsmtxr,test,real,/workspace/data/raw/dfdc/dfdc_train_part_04/dfdc_train_part_4/byqugsmtxr.mp4,dfdc_train_part_4
dfdc_train_part_4_efzpuiidej,test,fake,/workspace/data/raw/dfdc/dfdc_train_part_04/dfdc_train_part_4/efzpuiidej.mp4,dfdc_train_part_4
dfdc_train_part_4_tjogyenhia,test,fake,/workspace/data/raw/dfdc/dfdc_train_part_04/dfdc_train_part_4/tjogyenhia.mp4,dfdc_train_part_4
dfdc_train_part_4_yodsqrvmxe,test,fake,/workspace/data/raw/dfdc/dfdc_train_part_04/dfdc_train_part_4/yodsqrvmxe.mp4,dfdc_train_part_4
dfdc_train_part_4_vkpnerzefy,test,fake,/workspace/data/raw/dfdc/dfdc_train_part_04/dfdc_train_part_4/vkpnerzefy.mp4,dfdc_train_part_4
dfdc_train_part_4_fgaisnmcyb,test,fake,/workspace/data/raw/dfdc/dfdc_train_part_04/dfdc_train_part_4/fgaisnmcyb.mp4,dfdc_train_part_4
dfdc_train_part_4_qmitaqtqbj,test,fake,/workspace/data/raw/dfdc/dfdc_train_part_04/dfdc_train_part_4/qmitaqtqbj.mp4,dfdc_train_part_4
dfdc_train_part_4_wpnzouusfb,test,fake,/workspace/data/raw/dfdc/dfdc_train_part_04/dfdc_train_part_4/wpnzouusfb.mp4,dfdc_train_part_4
dfdc_train_part_4_plimntivef,test,fake,/workspace/data/raw/dfdc/dfdc_train_part_04/dfdc_train_part_4/plimntivef.mp4,dfdc_train_part_4
dfdc_train_part_4_nkpzfipxbl,test,fake,/workspace/data/raw/dfdc/dfdc_train_part_04/dfdc_train_part_4/nkpzfipxbl.mp4,dfdc_train_part_4
dfdc_train_part_4_owfikslizm,test,fake,/workspace/data/raw/dfdc/dfdc_train_part_04/dfdc_train_part_4/owfikslizm.mp4,dfdc_train_part_4
dfdc_train_part_4_abfvpzjkwr,test,fake,/workspace/data/raw/dfdc/dfdc_train_part_04/dfdc_train_part_4/abfvpzjkwr.mp4,dfdc_train_part_4
dfdc_train_part_4_jhcxyejyef,test,fake,/workspace/data/raw/dfdc/dfdc_train_part_04/dfdc_train_part_4/jhcxyejyef.mp4,dfdc_train_part_4
dfdc_train_part_4_zaxezhkqjy,test,fake,/workspace/data/raw/dfdc/dfdc_train_part_04/dfdc_train_part_4/zaxezhkqjy.mp4,dfdc_train_part_4
dfdc_train_part_4_rrqhbijzoe,test,fake,/workspace/data/raw/dfdc/dfdc_train_part_04/dfdc_train_part_4/rrqhbijzoe.mp4,dfdc_train_part_4
dfdc_train_part_4_iplfwctspt,test,fake,/workspace/data/raw/dfdc/dfdc_train_part_04/dfdc_train_part_4/iplfwctspt.mp4,dfdc_train_part_4
dfdc_train_part_4_erorbvkikv,test,fake,/workspace/data/raw/dfdc/dfdc_train_part_04/dfdc_train_part_4/erorbvkikv.mp4,dfdc_train_part_4
dfdc_train_part_4_ppecrtgorb,test,fake,/workspace/data/raw/dfdc/dfdc_train_part_04/dfdc_train_part_4/ppecrtgorb.mp4,dfdc_train_part_4
dfdc_train_part_4_bvufynfwom,test,fake,/workspace/data/raw/dfdc/dfdc_train_part_04/dfdc_train_part_4/bvufynfwom.mp4,dfdc_train_part_4
dfdc_train_part_4_mzcvekhzyh,test,fake,/workspace/data/raw/dfdc/dfdc_train_part_04/dfdc_train_part_4/mzcvekhzyh.mp4,dfdc_train_part_4
dfdc_train_part_4_epymrzuqhm,test,fake,/workspace/data/raw/dfdc/dfdc_train_part_04/dfdc_train_part_4/epymrzuqhm.mp4,dfdc_train_part_4
dfdc_train_part_4_krfzimyfws,test,fake,/workspace/data/raw/dfdc/dfdc_train_part_04/dfdc_train_part_4/krfzimyfws.mp4,dfdc_train_part_4
dfdc_train_part_4_qginpntgzc,test,fake,/workspace/data/raw/dfdc/dfdc_train_part_04/dfdc_train_part_4/qginpntgzc.mp4,dfdc_train_part_4
dfdc_train_part_4_dlvxejwbzc,test,fake,/workspace/data/raw/dfdc/dfdc_train_part_04/dfdc_train_part_4/dlvxejwbzc.mp4,dfdc_train_part_4
dfdc_train_part_4_ybdwqtwbqx,test,fake,/workspace/data/raw/dfdc/dfdc_train_part_04/dfdc_train_part_4/ybdwqtwbqx.mp4,dfdc_train_part_4
dfdc_train_part_4_axlzaoxpcs,test,fake,/workspace/data/raw/dfdc/dfdc_train_part_04/dfdc_train_part_4/axlzaoxpcs.mp4,dfdc_train_part_4
dfdc_train_part_4_smfaajipno,test,fake,/workspace/data/raw/dfdc/dfdc_train_part_04/dfdc_train_part_4/smfaajipno.mp4,dfdc_train_part_4
dfdc_train_part_4_nkbdsynomh,test,fake,/workspace/data/raw/dfdc/dfdc_train_part_04/dfdc_train_part_4/nkbdsynomh.mp4,dfdc_train_part_4
dfdc_train_part_4_fwslpihtpn,test,fake,/workspace/data/raw/dfdc/dfdc_train_part_04/dfdc_train_part_4/fwslpihtpn.mp4,dfdc_train_part_4
dfdc_train_part_4_vpbnroqqrx,test,fake,/workspace/data/raw/dfdc/dfdc_train_part_04/dfdc_train_part_4/vpbnroqqrx.mp4,dfdc_train_part_4
dfdc_train_part_4_gtpocctdjv,test,fake,/workspace/data/raw/dfdc/dfdc_train_part_04/dfdc_train_part_4/gtpocctdjv.mp4,dfdc_train_part_4
dfdc_train_part_4_mdveaszlmw,test,fake,/workspace/data/raw/dfdc/dfdc_train_part_04/dfdc_train_part_4/mdveaszlmw.mp4,dfdc_train_part_4
dfdc_train_part_4_twfzmwxbix,test,fake,/workspace/data/raw/dfdc/dfdc_train_part_04/dfdc_train_part_4/twfzmwxbix.mp4,dfdc_train_part_4
dfdc_train_part_4_bjaubcuqcl,test,fake,/workspace/data/raw/dfdc/dfdc_train_part_04/dfdc_train_part_4/bjaubcuqcl.mp4,dfdc_train_part_4
dfdc_train_part_4_tldeynvaqh,test,fake,/workspace/data/raw/dfdc/dfdc_train_part_04/dfdc_train_part_4/tldeynvaqh.mp4,dfdc_train_part_4
dfdc_train_part_4_bwavhbqlew,test,fake,/workspace/data/raw/dfdc/dfdc_train_part_04/dfdc_train_part_4/bwavhbqlew.mp4,dfdc_train_part_4
dfdc_train_part_4_qrnksxuegi,test,fake,/workspace/data/raw/dfdc/dfdc_train_part_04/dfdc_train_part_4/qrnksxuegi.mp4,dfdc_train_part_4
dfdc_train_part_4_nvpjtfhhuz,test,fake,/workspace/data/raw/dfdc/dfdc_train_part_04/dfdc_train_part_4/nvpjtfhhuz.mp4,dfdc_train_part_4
dfdc_train_part_4_obubjmxxiz,test,fake,/workspace/data/raw/dfdc/dfdc_train_part_04/dfdc_train_part_4/obubjmxxiz.mp4,dfdc_train_part_4
dfdc_train_part_4_lnsghhfkko,test,fake,/workspace/data/raw/dfdc/dfdc_train_part_04/dfdc_train_part_4/lnsghhfkko.mp4,dfdc_train_part_4
dfdc_train_part_4_xufrnqgysj,test,fake,/workspace/data/raw/dfdc/dfdc_train_part_04/dfdc_train_part_4/xufrnqgysj.mp4,dfdc_train_part_4
dfdc_train_part_4_pjasxlfgbf,test,fake,/workspace/data/raw/dfdc/dfdc_train_part_04/dfdc_train_part_4/pjasxlfgbf.mp4,dfdc_train_part_4
dfdc_train_part_4_hucyaeufqq,test,fake,/workspace/data/raw/dfdc/dfdc_train_part_04/dfdc_train_part_4/hucyaeufqq.mp4,dfdc_train_part_4
dfdc_train_part_4_dpfzykxteg,test,fake,/workspace/data/raw/dfdc/dfdc_train_part_04/dfdc_train_part_4/dpfzykxteg.mp4,dfdc_train_part_4
dfdc_train_part_4_mkwhpzswmo,test,real,/workspace/data/raw/dfdc/dfdc_train_part_04/dfdc_train_part_4/mkwhpzswmo.mp4,dfdc_train_part_4
dfdc_train_part_4_vlmlqvuxic,test,fake,/workspace/data/raw/dfdc/dfdc_train_part_04/dfdc_train_part_4/vlmlqvuxic.mp4,dfdc_train_part_4
dfdc_train_part_4_dsypzyhrdt,test,fake,/workspace/data/raw/dfdc/dfdc_train_part_04/dfdc_train_part_4/dsypzyhrdt.mp4,dfdc_train_part_4
dfdc_train_part_4_zioxkpvmxr,test,fake,/workspace/data/raw/dfdc/dfdc_train_part_04/dfdc_train_part_4/zioxkpvmxr.mp4,dfdc_train_part_4
dfdc_train_part_4_dvuhqhgapq,test,fake,/workspace/data/raw/dfdc/dfdc_train_part_04/dfdc_train_part_4/dvuhqhgapq.mp4,dfdc_train_part_4
dfdc_train_part_4_okitloehws,test,fake,/workspace/data/raw/dfdc/dfdc_train_part_04/dfdc_train_part_4/okitloehws.mp4,dfdc_train_part_4
dfdc_train_part_4_nfkyqfkvkc,test,fake,/workspace/data/raw/dfdc/dfdc_train_part_04/dfdc_train_part_4/nfkyqfkvkc.mp4,dfdc_train_part_4
dfdc_train_part_4_urrcsprniv,test,fake,/workspace/data/raw/dfdc/dfdc_train_part_04/dfdc_train_part_4/urrcsprniv.mp4,dfdc_train_part_4
dfdc_train_part_4_cspsmrguki,test,fake,/workspace/data/raw/dfdc/dfdc_train_part_04/dfdc_train_part_4/cspsmrguki.mp4,dfdc_train_part_4
dfdc_train_part_4_nmdhbdjocb,test,fake,/workspace/data/raw/dfdc/dfdc_train_part_04/dfdc_train_part_4/nmdhbdjocb.mp4,dfdc_train_part_4
dfdc_train_part_4_llwjhmnnvq,test,fake,/workspace/data/raw/dfdc/dfdc_train_part_04/dfdc_train_part_4/llwjhmnnvq.mp4,dfdc_train_part_4
dfdc_train_part_4_izoaxogfnm,test,fake,/workspace/data/raw/dfdc/dfdc_train_part_04/dfdc_train_part_4/izoaxogfnm.mp4,dfdc_train_part_4
dfdc_train_part_4_bgqvaldacu,test,fake,/workspace/data/raw/dfdc/dfdc_train_part_04/dfdc_train_part_4/bgqvaldacu.mp4,dfdc_train_part_4
dfdc_train_part_4_rctosbzann,test,fake,/workspace/data/raw/dfdc/dfdc_train_part_04/dfdc_train_part_4/rctosbzann.mp4,dfdc_train_part_4
dfdc_train_part_4_mdtltsgfsq,test,fake,/workspace/data/raw/dfdc/dfdc_train_part_04/dfdc_train_part_4/mdtltsgfsq.mp4,dfdc_train_part_4
dfdc_train_part_4_takhxpjtuy,test,fake,/workspace/data/raw/dfdc/dfdc_train_part_04/dfdc_train_part_4/takhxpjtuy.mp4,dfdc_train_part_4
dfdc_train_part_4_nhilkmbtbw,test,fake,/workspace/data/raw/dfdc/dfdc_train_part_04/dfdc_train_part_4/nhilkmbtbw.mp4,dfdc_train_part_4
dfdc_train_part_4_mcdydajwbb,test,fake,/workspace/data/raw/dfdc/dfdc_train_part_04/dfdc_train_part_4/mcdydajwbb.mp4,dfdc_train_part_4
dfdc_train_part_4_zuvkniwuzf,test,fake,/workspace/data/raw/dfdc/dfdc_train_part_04/dfdc_train_part_4/zuvkniwuzf.mp4,dfdc_train_part_4
dfdc_train_part_4_afvufvldvx,test,fake,/workspace/data/raw/dfdc/dfdc_train_part_04/dfdc_train_part_4/afvufvldvx.mp4,dfdc_train_part_4
dfdc_train_part_4_zsjvxyelva,test,fake,/workspace/data/raw/dfdc/dfdc_train_part_04/dfdc_train_part_4/zsjvxyelva.mp4,dfdc_train_part_4
dfdc_train_part_4_eijokhuyst,test,fake,/workspace/data/raw/dfdc/dfdc_train_part_04/dfdc_train_part_4/eijokhuyst.mp4,dfdc_train_part_4
dfdc_train_part_4_aqywnbekqk,test,fake,/workspace/data/raw/dfdc/dfdc_train_part_04/dfdc_train_part_4/aqywnbekqk.mp4,dfdc_train_part_4
dfdc_train_part_4_fbyicumqml,test,fake,/workspace/data/raw/dfdc/dfdc_train_part_04/dfdc_train_part_4/fbyicumqml.mp4,dfdc_train_part_4
dfdc_train_part_4_ohhwlqhezp,test,fake,/workspace/data/raw/dfdc/dfdc_train_part_04/dfdc_train_part_4/ohhwlqhezp.mp4,dfdc_train_part_4
dfdc_train_part_4_rxetkeabeg,test,fake,/workspace/data/raw/dfdc/dfdc_train_part_04/dfdc_train_part_4/rxetkeabeg.mp4,dfdc_train_part_4
dfdc_train_part_4_ockfqfgwmm,test,fake,/workspace/data/raw/dfdc/dfdc_train_part_04/dfdc_train_part_4/ockfqfgwmm.mp4,dfdc_train_part_4
dfdc_train_part_4_krnnelfkhu,test,fake,/workspace/data/raw/dfdc/dfdc_train_part_04/dfdc_train_part_4/krnnelfkhu.mp4,dfdc_train_part_4
dfdc_train_part_4_suszmfospy,test,fake,/workspace/data/raw/dfdc/dfdc_train_part_04/dfdc_train_part_4/suszmfospy.mp4,dfdc_train_part_4
dfdc_train_part_4_jyvahtpmxe,test,fake,/workspace/data/raw/dfdc/dfdc_train_part_04/dfdc_train_part_4/jyvahtpmxe.mp4,dfdc_train_part_4
dfdc_train_part_4_zblvmebdga,test,fake,/workspace/data/raw/dfdc/dfdc_train_part_04/dfdc_train_part_4/zblvmebdga.mp4,dfdc_train_part_4
dfdc_train_part_4_cfpydwmroe,test,fake,/workspace/data/raw/dfdc/dfdc_train_part_04/dfdc_train_part_4/cfpydwmroe.mp4,dfdc_train_part_4
dfdc_train_part_4_ihehfxwait,test,fake,/workspace/data/raw/dfdc/dfdc_train_part_04/dfdc_train_part_4/ihehfxwait.mp4,dfdc_train_part_4
dfdc_train_part_4_ualynkvqch,test,fake,/workspace/data/raw/dfdc/dfdc_train_part_04/dfdc_train_part_4/ualynkvqch.mp4,dfdc_train_part_4
dfdc_train_part_4_xobjrvpdzt,test,real,/workspace/data/raw/dfdc/dfdc_train_part_04/dfdc_train_part_4/xobjrvpdzt.mp4,dfdc_train_part_4
dfdc_train_part_4_ojrsovhzxv,test,fake,/workspace/data/raw/dfdc/dfdc_train_part_04/dfdc_train_part_4/ojrsovhzxv.mp4,dfdc_train_part_4
dfdc_train_part_4_npmpoiuoxh,test,fake,/workspace/data/raw/dfdc/dfdc_train_part_04/dfdc_train_part_4/npmpoiuoxh.mp4,dfdc_train_part_4
dfdc_train_part_4_lfmxlbqlsg,test,fake,/workspace/data/raw/dfdc/dfdc_train_part_04/dfdc_train_part_4/lfmxlbqlsg.mp4,dfdc_train_part_4
dfdc_train_part_4_cmewuiizwx,test,fake,/workspace/data/raw/dfdc/dfdc_train_part_04/dfdc_train_part_4/cmewuiizwx.mp4,dfdc_train_part_4
dfdc_train_part_4_nnctqxheey,test,fake,/workspace/data/raw/dfdc/dfdc_train_part_04/dfdc_train_part_4/nnctqxheey.mp4,dfdc_train_part_4
dfdc_train_part_4_cshdgzvfpe,test,fake,/workspace/data/raw/dfdc/dfdc_train_part_04/dfdc_train_part_4/cshdgzvfpe.mp4,dfdc_train_part_4
dfdc_train_part_4_slxotfovvb,test,fake,/workspace/data/raw/dfdc/dfdc_train_part_04/dfdc_train_part_4/slxotfovvb.mp4,dfdc_train_part_4
dfdc_train_part_4_crervajrku,test,fake,/workspace/data/raw/dfdc/dfdc_train_part_04/dfdc_train_part_4/crervajrku.mp4,dfdc_train_part_4
dfdc_train_part_4_mortnvtbye,test,fake,/workspace/data/raw/dfdc/dfdc_train_part_04/dfdc_train_part_4/mortnvtbye.mp4,dfdc_train_part_4
dfdc_train_part_4_wynqlyaexl,test,fake,/workspace/data/raw/dfdc/dfdc_train_part_04/dfdc_train_part_4/wynqlyaexl.mp4,dfdc_train_part_4
dfdc_train_part_4_jffrjoefsw,test,fake,/workspace/data/raw/dfdc/dfdc_train_part_04/dfdc_train_part_4/jffrjoefsw.mp4,dfdc_train_part_4
dfdc_train_part_4_bagkzlffuh,test,fake,/workspace/data/raw/dfdc/dfdc_train_part_04/dfdc_train_part_4/bagkzlffuh.mp4,dfdc_train_part_4
dfdc_train_part_4_cftcjrimex,test,fake,/workspace/data/raw/dfdc/dfdc_train_part_04/dfdc_train_part_4/cftcjrimex.mp4,dfdc_train_part_4
dfdc_train_part_4_hcvejcngud,test,fake,/workspace/data/raw/dfdc/dfdc_train_part_04/dfdc_train_part_4/hcvejcngud.mp4,dfdc_train_part_4
dfdc_train_part_4_fgophendij,test,fake,/workspace/data/raw/dfdc/dfdc_train_part_04/dfdc_train_part_4/fgophendij.mp4,dfdc_train_part_4
dfdc_train_part_4_nunihttdvn,test,fake,/workspace/data/raw/dfdc/dfdc_train_part_04/dfdc_train_part_4/nunihttdvn.mp4,dfdc_train_part_4
dfdc_train_part_4_imdlfldnzh,test,fake,/workspace/data/raw/dfdc/dfdc_train_part_04/dfdc_train_part_4/imdlfldnzh.mp4,dfdc_train_part_4
dfdc_train_part_4_lqqeejrhux,test,fake,/workspace/data/raw/dfdc/dfdc_train_part_04/dfdc_train_part_4/lqqeejrhux.mp4,dfdc_train_part_4
dfdc_train_part_4_lnfmifgbde,test,real,/workspace/data/raw/dfdc/dfdc_train_part_04/dfdc_train_part_4/lnfmifgbde.mp4,dfdc_train_part_4
dfdc_train_part_4_fvphehmebp,test,fake,/workspace/data/raw/dfdc/dfdc_train_part_04/dfdc_train_part_4/fvphehmebp.mp4,dfdc_train_part_4
dfdc_train_part_4_zynjzuvcpx,test,fake,/workspace/data/raw/dfdc/dfdc_train_part_04/dfdc_train_part_4/zynjzuvcpx.mp4,dfdc_train_part_4
dfdc_train_part_4_msrorwllwt,test,fake,/workspace/data/raw/dfdc/dfdc_train_part_04/dfdc_train_part_4/msrorwllwt.mp4,dfdc_train_part_4
dfdc_train_part_4_thwnudevjb,test,fake,/workspace/data/raw/dfdc/dfdc_train_part_04/dfdc_train_part_4/thwnudevjb.mp4,dfdc_train_part_4
dfdc_train_part_4_vhqusscmtz,test,fake,/workspace/data/raw/dfdc/dfdc_train_part_04/dfdc_train_part_4/vhqusscmtz.mp4,dfdc_train_part_4
dfdc_train_part_4_jikxmvntlu,test,fake,/workspace/data/raw/dfdc/dfdc_train_part_04/dfdc_train_part_4/jikxmvntlu.mp4,dfdc_train_part_4
dfdc_train_part_4_vdruhipudk,test,fake,/workspace/data/raw/dfdc/dfdc_train_part_04/dfdc_train_part_4/vdruhipudk.mp4,dfdc_train_part_4
dfdc_train_part_4_mhuicmjayr,test,fake,/workspace/data/raw/dfdc/dfdc_train_part_04/dfdc_train_part_4/mhuicmjayr.mp4,dfdc_train_part_4
dfdc_train_part_4_cgbmnbeazo,test,fake,/workspace/data/raw/dfdc/dfdc_train_part_04/dfdc_train_part_4/cgbmnbeazo.mp4,dfdc_train_part_4
dfdc_train_part_4_duruzkjocq,test,fake,/workspace/data/raw/dfdc/dfdc_train_part_04/dfdc_train_part_4/duruzkjocq.mp4,dfdc_train_part_4
dfdc_train_part_4_rsirnemcmq,test,fake,/workspace/data/raw/dfdc/dfdc_train_part_04/dfdc_train_part_4/rsirnemcmq.mp4,dfdc_train_part_4
dfdc_train_part_4_mfhhybudyr,test,fake,/workspace/data/raw/dfdc/dfdc_train_part_04/dfdc_train_part_4/mfhhybudyr.mp4,dfdc_train_part_4
dfdc_train_part_4_cwqauxqvfw,test,fake,/workspace/data/raw/dfdc/dfdc_train_part_04/dfdc_train_part_4/cwqauxqvfw.mp4,dfdc_train_part_4
dfdc_train_part_4_okkppsyymp,test,fake,/workspace/data/raw/dfdc/dfdc_train_part_04/dfdc_train_part_4/okkppsyymp.mp4,dfdc_train_part_4
dfdc_train_part_4_fatdwdeqxo,test,fake,/workspace/data/raw/dfdc/dfdc_train_part_04/dfdc_train_part_4/fatdwdeqxo.mp4,dfdc_train_part_4
dfdc_train_part_4_ckutryryek,test,fake,/workspace/data/raw/dfdc/dfdc_train_part_04/dfdc_train_part_4/ckutryryek.mp4,dfdc_train_part_4
dfdc_train_part_4_nfjxrglzru,test,fake,/workspace/data/raw/dfdc/dfdc_train_part_04/dfdc_train_part_4/nfjxrglzru.mp4,dfdc_train_part_4
dfdc_train_part_4_efagybpxsa,test,fake,/workspace/data/raw/dfdc/dfdc_train_part_04/dfdc_train_part_4/efagybpxsa.mp4,dfdc_train_part_4
dfdc_train_part_4_hvgwvloonr,test,fake,/workspace/data/raw/dfdc/dfdc_train_part_04/dfdc_train_part_4/hvgwvloonr.mp4,dfdc_train_part_4
dfdc_train_part_4_hzonqlwzzo,test,fake,/workspace/data/raw/dfdc/dfdc_train_part_04/dfdc_train_part_4/hzonqlwzzo.mp4,dfdc_train_part_4
dfdc_train_part_4_lllnfswlxz,test,fake,/workspace/data/raw/dfdc/dfdc_train_part_04/dfdc_train_part_4/lllnfswlxz.mp4,dfdc_train_part_4
dfdc_train_part_4_fvtjedjgsr,test,fake,/workspace/data/raw/dfdc/dfdc_train_part_04/dfdc_train_part_4/fvtjedjgsr.mp4,dfdc_train_part_4
dfdc_train_part_4_pgjfjhzsyx,test,fake,/workspace/data/raw/dfdc/dfdc_train_part_04/dfdc_train_part_4/pgjfjhzsyx.mp4,dfdc_train_part_4
dfdc_train_part_4_ytfpnwzega,test,fake,/workspace/data/raw/dfdc/dfdc_train_part_04/dfdc_train_part_4/ytfpnwzega.mp4,dfdc_train_part_4
dfdc_train_part_4_thraffactp,test,fake,/workspace/data/raw/dfdc/dfdc_train_part_04/dfdc_train_part_4/thraffactp.mp4,dfdc_train_part_4
dfdc_train_part_4_cjfcqpeycp,test,fake,/workspace/data/raw/dfdc/dfdc_train_part_04/dfdc_train_part_4/cjfcqpeycp.mp4,dfdc_train_part_4
dfdc_train_part_4_lsgtnrwehr,test,real,/workspace/data/raw/dfdc/dfdc_train_part_04/dfdc_train_part_4/lsgtnrwehr.mp4,dfdc_train_part_4
dfdc_train_part_4_dsjcxcmfgp,test,fake,/workspace/data/raw/dfdc/dfdc_train_part_04/dfdc_train_part_4/dsjcxcmfgp.mp4,dfdc_train_part_4
dfdc_train_part_4_wrxeztqxpo,test,fake,/workspace/data/raw/dfdc/dfdc_train_part_04/dfdc_train_part_4/wrxeztqxpo.mp4,dfdc_train_part_4
dfdc_train_part_4_slpduqrulv,test,fake,/workspace/data/raw/dfdc/dfdc_train_part_04/dfdc_train_part_4/slpduqrulv.mp4,dfdc_train_part_4
dfdc_train_part_4_psaokntwiy,test,fake,/workspace/data/raw/dfdc/dfdc_train_part_04/dfdc_train_part_4/psaokntwiy.mp4,dfdc_train_part_4
dfdc_train_part_4_oilwzrduyn,test,fake,/workspace/data/raw/dfdc/dfdc_train_part_04/dfdc_train_part_4/oilwzrduyn.mp4,dfdc_train_part_4
dfdc_train_part_4_cluedbizkn,test,fake,/workspace/data/raw/dfdc/dfdc_train_part_04/dfdc_train_part_4/cluedbizkn.mp4,dfdc_train_part_4
dfdc_train_part_4_sfdcvwpzty,test,fake,/workspace/data/raw/dfdc/dfdc_train_part_04/dfdc_train_part_4/sfdcvwpzty.mp4,dfdc_train_part_4
dfdc_train_part_4_jhjwhhtilw,test,fake,/workspace/data/raw/dfdc/dfdc_train_part_04/dfdc_train_part_4/jhjwhhtilw.mp4,dfdc_train_part_4
dfdc_train_part_4_ofoqvctjaf,test,fake,/workspace/data/raw/dfdc/dfdc_train_part_04/dfdc_train_part_4/ofoqvctjaf.mp4,dfdc_train_part_4
dfdc_train_part_4_kbxmnovqbo,test,real,/workspace/data/raw/dfdc/dfdc_train_part_04/dfdc_train_part_4/kbxmnovqbo.mp4,dfdc_train_part_4
dfdc_train_part_4_vkxgplpkyn,test,fake,/workspace/data/raw/dfdc/dfdc_train_part_04/dfdc_train_part_4/vkxgplpkyn.mp4,dfdc_train_part_4
dfdc_train_part_4_leqaaznhtq,test,fake,/workspace/data/raw/dfdc/dfdc_train_part_04/dfdc_train_part_4/leqaaznhtq.mp4,dfdc_train_part_4
dfdc_train_part_4_hjidcpwszl,test,fake,/workspace/data/raw/dfdc/dfdc_train_part_04/dfdc_train_part_4/hjidcpwszl.mp4,dfdc_train_part_4
dfdc_train_part_4_fymbnorwmg,test,fake,/workspace/data/raw/dfdc/dfdc_train_part_04/dfdc_train_part_4/fymbnorwmg.mp4,dfdc_train_part_4
dfdc_train_part_4_zwtlnvggvv,test,fake,/workspace/data/raw/dfdc/dfdc_train_part_04/dfdc_train_part_4/zwtlnvggvv.mp4,dfdc_train_part_4
dfdc_train_part_4_kqrmfsqkce,test,fake,/workspace/data/raw/dfdc/dfdc_train_part_04/dfdc_train_part_4/kqrmfsqkce.mp4,dfdc_train_part_4
dfdc_train_part_4_lvqaeuptoh,test,fake,/workspace/data/raw/dfdc/dfdc_train_part_04/dfdc_train_part_4/lvqaeuptoh.mp4,dfdc_train_part_4
dfdc_train_part_4_cjszyxkpjo,test,fake,/workspace/data/raw/dfdc/dfdc_train_part_04/dfdc_train_part_4/cjszyxkpjo.mp4,dfdc_train_part_4
dfdc_train_part_4_abiodyryai,test,fake,/workspace/data/raw/dfdc/dfdc_train_part_04/dfdc_train_part_4/abiodyryai.mp4,dfdc_train_part_4
dfdc_train_part_4_vunqlcyduq,test,fake,/workspace/data/raw/dfdc/dfdc_train_part_04/dfdc_train_part_4/vunqlcyduq.mp4,dfdc_train_part_4
dfdc_train_part_4_ayaquhexqz,test,fake,/workspace/data/raw/dfdc/dfdc_train_part_04/dfdc_train_part_4/ayaquhexqz.mp4,dfdc_train_part_4
dfdc_train_part_4_vtpnqkjgvs,test,fake,/workspace/data/raw/dfdc/dfdc_train_part_04/dfdc_train_part_4/vtpnqkjgvs.mp4,dfdc_train_part_4
dfdc_train_part_4_jiqaiaurvp,test,fake,/workspace/data/raw/dfdc/dfdc_train_part_04/dfdc_train_part_4/jiqaiaurvp.mp4,dfdc_train_part_4
dfdc_train_part_4_giqkxpmivw,test,fake,/workspace/data/raw/dfdc/dfdc_train_part_04/dfdc_train_part_4/giqkxpmivw.mp4,dfdc_train_part_4
dfdc_train_part_4_uqtrvfugdi,test,fake,/workspace/data/raw/dfdc/dfdc_train_part_04/dfdc_train_part_4/uqtrvfugdi.mp4,dfdc_train_part_4
dfdc_train_part_4_imvrshlser,test,fake,/workspace/data/raw/dfdc/dfdc_train_part_04/dfdc_train_part_4/imvrshlser.mp4,dfdc_train_part_4
dfdc_train_part_4_xabmdypvaw,test,fake,/workspace/data/raw/dfdc/dfdc_train_part_04/dfdc_train_part_4/xabmdypvaw.mp4,dfdc_train_part_4
dfdc_train_part_4_zmbchfblwp,test,fake,/workspace/data/raw/dfdc/dfdc_train_part_04/dfdc_train_part_4/zmbchfblwp.mp4,dfdc_train_part_4
dfdc_train_part_4_jwrjdjviqe,test,fake,/workspace/data/raw/dfdc/dfdc_train_part_04/dfdc_train_part_4/jwrjdjviqe.mp4,dfdc_train_part_4
dfdc_train_part_4_mutuhmwjdv,test,fake,/workspace/data/raw/dfdc/dfdc_train_part_04/dfdc_train_part_4/mutuhmwjdv.mp4,dfdc_train_part_4
dfdc_train_part_4_phjmuqxvic,test,fake,/workspace/data/raw/dfdc/dfdc_train_part_04/dfdc_train_part_4/phjmuqxvic.mp4,dfdc_train_part_4
dfdc_train_part_4_cmqwzqehdv,test,fake,/workspace/data/raw/dfdc/dfdc_train_part_04/dfdc_train_part_4/cmqwzqehdv.mp4,dfdc_train_part_4
dfdc_train_part_4_epvlnimmpd,test,fake,/workspace/data/raw/dfdc/dfdc_train_part_04/dfdc_train_part_4/epvlnimmpd.mp4,dfdc_train_part_4
dfdc_train_part_4_gyzixtmfen,test,fake,/workspace/data/raw/dfdc/dfdc_train_part_04/dfdc_train_part_4/gyzixtmfen.mp4,dfdc_train_part_4
dfdc_train_part_4_ownaiohdwx,test,real,/workspace/data/raw/dfdc/dfdc_train_part_04/dfdc_train_part_4/ownaiohdwx.mp4,dfdc_train_part_4
dfdc_train_part_4_adgveaibmt,test,real,/workspace/data/raw/dfdc/dfdc_train_part_04/dfdc_train_part_4/adgveaibmt.mp4,dfdc_train_part_4
dfdc_train_part_4_qhbknwttom,test,fake,/workspace/data/raw/dfdc/dfdc_train_part_04/dfdc_train_part_4/qhbknwttom.mp4,dfdc_train_part_4
dfdc_train_part_4_evynetxtig,test,fake,/workspace/data/raw/dfdc/dfdc_train_part_04/dfdc_train_part_4/evynetxtig.mp4,dfdc_train_part_4
dfdc_train_part_4_ofqkefrrrt,test,fake,/workspace/data/raw/dfdc/dfdc_train_part_04/dfdc_train_part_4/ofqkefrrrt.mp4,dfdc_train_part_4
dfdc_train_part_4_zsdcdoxvqm,test,fake,/workspace/data/raw/dfdc/dfdc_train_part_04/dfdc_train_part_4/zsdcdoxvqm.mp4,dfdc_train_part_4
dfdc_train_part_4_hqbnsuhxou,test,fake,/workspace/data/raw/dfdc/dfdc_train_part_04/dfdc_train_part_4/hqbnsuhxou.mp4,dfdc_train_part_4
dfdc_train_part_4_jxrymemecp,test,fake,/workspace/data/raw/dfdc/dfdc_train_part_04/dfdc_train_part_4/jxrymemecp.mp4,dfdc_train_part_4
dfdc_train_part_4_pduoolrqno,test,fake,/workspace/data/raw/dfdc/dfdc_train_part_04/dfdc_train_part_4/pduoolrqno.mp4,dfdc_train_part_4
dfdc_train_part_4_ktlpberdwq,test,fake,/workspace/data/raw/dfdc/dfdc_train_part_04/dfdc_train_part_4/ktlpberdwq.mp4,dfdc_train_part_4
dfdc_train_part_4_uzbcydhiqb,test,fake,/workspace/data/raw/dfdc/dfdc_train_part_04/dfdc_train_part_4/uzbcydhiqb.mp4,dfdc_train_part_4
dfdc_train_part_4_cjqqchxchr,test,fake,/workspace/data/raw/dfdc/dfdc_train_part_04/dfdc_train_part_4/cjqqchxchr.mp4,dfdc_train_part_4
dfdc_train_part_4_bzzoylchma,test,fake,/workspace/data/raw/dfdc/dfdc_train_part_04/dfdc_train_part_4/bzzoylchma.mp4,dfdc_train_part_4
dfdc_train_part_4_cyywjpwwdn,test,fake,/workspace/data/raw/dfdc/dfdc_train_part_04/dfdc_train_part_4/cyywjpwwdn.mp4,dfdc_train_part_4
dfdc_train_part_4_vhxainwxwj,test,fake,/workspace/data/raw/dfdc/dfdc_train_part_04/dfdc_train_part_4/vhxainwxwj.mp4,dfdc_train_part_4
dfdc_train_part_4_ilqlwbcyru,test,fake,/workspace/data/raw/dfdc/dfdc_train_part_04/dfdc_train_part_4/ilqlwbcyru.mp4,dfdc_train_part_4
dfdc_train_part_4_qwxjnbdwdv,test,fake,/workspace/data/raw/dfdc/dfdc_train_part_04/dfdc_train_part_4/qwxjnbdwdv.mp4,dfdc_train_part_4
dfdc_train_part_4_ukkasncnkh,test,fake,/workspace/data/raw/dfdc/dfdc_train_part_04/dfdc_train_part_4/ukkasncnkh.mp4,dfdc_train_part_4
dfdc_train_part_4_egzymbqkdk,test,fake,/workspace/data/raw/dfdc/dfdc_train_part_04/dfdc_train_part_4/egzymbqkdk.mp4,dfdc_train_part_4
dfdc_train_part_4_viikpeobea,test,fake,/workspace/data/raw/dfdc/dfdc_train_part_04/dfdc_train_part_4/viikpeobea.mp4,dfdc_train_part_4
dfdc_train_part_4_xxpjtjhxnh,test,fake,/workspace/data/raw/dfdc/dfdc_train_part_04/dfdc_train_part_4/xxpjtjhxnh.mp4,dfdc_train_part_4
dfdc_train_part_4_ikqymawnzl,test,fake,/workspace/data/raw/dfdc/dfdc_train_part_04/dfdc_train_part_4/ikqymawnzl.mp4,dfdc_train_part_4
dfdc_train_part_4_nxfbpqkosg,test,fake,/workspace/data/raw/dfdc/dfdc_train_part_04/dfdc_train_part_4/nxfbpqkosg.mp4,dfdc_train_part_4
dfdc_train_part_4_vtjxvolovc,test,fake,/workspace/data/raw/dfdc/dfdc_train_part_04/dfdc_train_part_4/vtjxvolovc.mp4,dfdc_train_part_4
dfdc_train_part_4_xasczpanpx,test,fake,/workspace/data/raw/dfdc/dfdc_train_part_04/dfdc_train_part_4/xasczpanpx.mp4,dfdc_train_part_4
dfdc_train_part_4_wjpxqnomab,test,fake,/workspace/data/raw/dfdc/dfdc_train_part_04/dfdc_train_part_4/wjpxqnomab.mp4,dfdc_train_part_4
dfdc_train_part_4_zsedzmnbvn,test,fake,/workspace/data/raw/dfdc/dfdc_train_part_04/dfdc_train_part_4/zsedzmnbvn.mp4,dfdc_train_part_4
dfdc_train_part_4_huqakotbhk,test,fake,/workspace/data/raw/dfdc/dfdc_train_part_04/dfdc_train_part_4/huqakotbhk.mp4,dfdc_train_part_4
dfdc_train_part_4_ggxvpmqrar,test,real,/workspace/data/raw/dfdc/dfdc_train_part_04/dfdc_train_part_4/ggxvpmqrar.mp4,dfdc_train_part_4
dfdc_train_part_4_egwektrfea,test,fake,/workspace/data/raw/dfdc/dfdc_train_part_04/dfdc_train_part_4/egwektrfea.mp4,dfdc_train_part_4
dfdc_train_part_4_jibxryehyp,test,fake,/workspace/data/raw/dfdc/dfdc_train_part_04/dfdc_train_part_4/jibxryehyp.mp4,dfdc_train_part_4
dfdc_train_part_4_dwpdeehrwt,test,fake,/workspace/data/raw/dfdc/dfdc_train_part_04/dfdc_train_part_4/dwpdeehrwt.mp4,dfdc_train_part_4
dfdc_train_part_4_mgqfapjavf,test,fake,/workspace/data/raw/dfdc/dfdc_train_part_04/dfdc_train_part_4/mgqfapjavf.mp4,dfdc_train_part_4
dfdc_train_part_4_hurysmfmyk,test,fake,/workspace/data/raw/dfdc/dfdc_train_part_04/dfdc_train_part_4/hurysmfmyk.mp4,dfdc_train_part_4
dfdc_train_part_4_fdetglsgfm,test,fake,/workspace/data/raw/dfdc/dfdc_train_part_04/dfdc_train_part_4/fdetglsgfm.mp4,dfdc_train_part_4
dfdc_train_part_4_fqtmagxifh,test,fake,/workspace/data/raw/dfdc/dfdc_train_part_04/dfdc_train_part_4/fqtmagxifh.mp4,dfdc_train_part_4
dfdc_train_part_4_bsjezfsydc,test,real,/workspace/data/raw/dfdc/dfdc_train_part_04/dfdc_train_part_4/bsjezfsydc.mp4,dfdc_train_part_4
dfdc_train_part_4_gbqycjqsqz,test,fake,/workspace/data/raw/dfdc/dfdc_train_part_04/dfdc_train_part_4/gbqycjqsqz.mp4,dfdc_train_part_4
dfdc_train_part_4_xeidbgquug,test,fake,/workspace/data/raw/dfdc/dfdc_train_part_04/dfdc_train_part_4/xeidbgquug.mp4,dfdc_train_part_4
dfdc_train_part_4_zazfbbafed,test,fake,/workspace/data/raw/dfdc/dfdc_train_part_04/dfdc_train_part_4/zazfbbafed.mp4,dfdc_train_part_4
dfdc_train_part_4_reysoekyhe,test,fake,/workspace/data/raw/dfdc/dfdc_train_part_04/dfdc_train_part_4/reysoekyhe.mp4,dfdc_train_part_4
dfdc_train_part_4_jumllfuvgm,test,fake,/workspace/data/raw/dfdc/dfdc_train_part_04/dfdc_train_part_4/jumllfuvgm.mp4,dfdc_train_part_4
dfdc_train_part_4_rohakxryar,test,fake,/workspace/data/raw/dfdc/dfdc_train_part_04/dfdc_train_part_4/rohakxryar.mp4,dfdc_train_part_4
dfdc_train_part_4_hshpnnxnyh,test,real,/workspace/data/raw/dfdc/dfdc_train_part_04/dfdc_train_part_4/hshpnnxnyh.mp4,dfdc_train_part_4
dfdc_train_part_4_xlettggvts,test,fake,/workspace/data/raw/dfdc/dfdc_train_part_04/dfdc_train_part_4/xlettggvts.mp4,dfdc_train_part_4
dfdc_train_part_4_rfcxvumqie,test,fake,/workspace/data/raw/dfdc/dfdc_train_part_04/dfdc_train_part_4/rfcxvumqie.mp4,dfdc_train_part_4
dfdc_train_part_4_jydlswzfjd,test,fake,/workspace/data/raw/dfdc/dfdc_train_part_04/dfdc_train_part_4/jydlswzfjd.mp4,dfdc_train_part_4
dfdc_train_part_4_olhmxytcyj,test,fake,/workspace/data/raw/dfdc/dfdc_train_part_04/dfdc_train_part_4/olhmxytcyj.mp4,dfdc_train_part_4
dfdc_train_part_4_xjafjquber,test,fake,/workspace/data/raw/dfdc/dfdc_train_part_04/dfdc_train_part_4/xjafjquber.mp4,dfdc_train_part_4
dfdc_train_part_4_qqdkguczpc,test,fake,/workspace/data/raw/dfdc/dfdc_train_part_04/dfdc_train_part_4/qqdkguczpc.mp4,dfdc_train_part_4
dfdc_train_part_4_szkurqygcu,test,fake,/workspace/data/raw/dfdc/dfdc_train_part_04/dfdc_train_part_4/szkurqygcu.mp4,dfdc_train_part_4
dfdc_train_part_4_cqadfjmclr,test,fake,/workspace/data/raw/dfdc/dfdc_train_part_04/dfdc_train_part_4/cqadfjmclr.mp4,dfdc_train_part_4
dfdc_train_part_4_owpvrudttg,test,fake,/workspace/data/raw/dfdc/dfdc_train_part_04/dfdc_train_part_4/owpvrudttg.mp4,dfdc_train_part_4
dfdc_train_part_4_ztwewzsyce,test,fake,/workspace/data/raw/dfdc/dfdc_train_part_04/dfdc_train_part_4/ztwewzsyce.mp4,dfdc_train_part_4
dfdc_train_part_4_amztmezqgh,test,fake,/workspace/data/raw/dfdc/dfdc_train_part_04/dfdc_train_part_4/amztmezqgh.mp4,dfdc_train_part_4
dfdc_train_part_4_pjdrtcyzce,test,fake,/workspace/data/raw/dfdc/dfdc_train_part_04/dfdc_train_part_4/pjdrtcyzce.mp4,dfdc_train_part_4
dfdc_train_part_4_anfoyjmwoz,test,fake,/workspace/data/raw/dfdc/dfdc_train_part_04/dfdc_train_part_4/anfoyjmwoz.mp4,dfdc_train_part_4
dfdc_train_part_4_ulomzhbckw,test,fake,/workspace/data/raw/dfdc/dfdc_train_part_04/dfdc_train_part_4/ulomzhbckw.mp4,dfdc_train_part_4
dfdc_train_part_4_ycqojhujkr,test,fake,/workspace/data/raw/dfdc/dfdc_train_part_04/dfdc_train_part_4/ycqojhujkr.mp4,dfdc_train_part_4
dfdc_train_part_4_jnlibuuyfd,test,fake,/workspace/data/raw/dfdc/dfdc_train_part_04/dfdc_train_part_4/jnlibuuyfd.mp4,dfdc_train_part_4
dfdc_train_part_4_oysuxrlirx,test,fake,/workspace/data/raw/dfdc/dfdc_train_part_04/dfdc_train_part_4/oysuxrlirx.mp4,dfdc_train_part_4
dfdc_train_part_4_ftrduerstj,test,fake,/workspace/data/raw/dfdc/dfdc_train_part_04/dfdc_train_part_4/ftrduerstj.mp4,dfdc_train_part_4
dfdc_train_part_4_fpiybwcszz,test,fake,/workspace/data/raw/dfdc/dfdc_train_part_04/dfdc_train_part_4/fpiybwcszz.mp4,dfdc_train_part_4
dfdc_train_part_4_vtadejjbca,test,fake,/workspace/data/raw/dfdc/dfdc_train_part_04/dfdc_train_part_4/vtadejjbca.mp4,dfdc_train_part_4
dfdc_train_part_4_arziusrlal,test,fake,/workspace/data/raw/dfdc/dfdc_train_part_04/dfdc_train_part_4/arziusrlal.mp4,dfdc_train_part_4
dfdc_train_part_4_jxtdcojidk,test,fake,/workspace/data/raw/dfdc/dfdc_train_part_04/dfdc_train_part_4/jxtdcojidk.mp4,dfdc_train_part_4
dfdc_train_part_4_olslsldbob,test,fake,/workspace/data/raw/dfdc/dfdc_train_part_04/dfdc_train_part_4/olslsldbob.mp4,dfdc_train_part_4
dfdc_train_part_4_daflehvuam,test,fake,/workspace/data/raw/dfdc/dfdc_train_part_04/dfdc_train_part_4/daflehvuam.mp4,dfdc_train_part_4
dfdc_train_part_4_nqabjvkxuf,test,fake,/workspace/data/raw/dfdc/dfdc_train_part_04/dfdc_train_part_4/nqabjvkxuf.mp4,dfdc_train_part_4
dfdc_train_part_4_yzihlxibvv,test,fake,/workspace/data/raw/dfdc/dfdc_train_part_04/dfdc_train_part_4/yzihlxibvv.mp4,dfdc_train_part_4
dfdc_train_part_4_clyolrxzxs,test,fake,/workspace/data/raw/dfdc/dfdc_train_part_04/dfdc_train_part_4/clyolrxzxs.mp4,dfdc_train_part_4
dfdc_train_part_4_kohvzfkpqb,test,fake,/workspace/data/raw/dfdc/dfdc_train_part_04/dfdc_train_part_4/kohvzfkpqb.mp4,dfdc_train_part_4
dfdc_train_part_4_ojagblcuat,test,fake,/workspace/data/raw/dfdc/dfdc_train_part_04/dfdc_train_part_4/ojagblcuat.mp4,dfdc_train_part_4
dfdc_train_part_4_gqavyegpot,test,fake,/workspace/data/raw/dfdc/dfdc_train_part_04/dfdc_train_part_4/gqavyegpot.mp4,dfdc_train_part_4
dfdc_train_part_4_cibkroqtxz,test,fake,/workspace/data/raw/dfdc/dfdc_train_part_04/dfdc_train_part_4/cibkroqtxz.mp4,dfdc_train_part_4
dfdc_train_part_4_zqandetlod,test,fake,/workspace/data/raw/dfdc/dfdc_train_part_04/dfdc_train_part_4/zqandetlod.mp4,dfdc_train_part_4
dfdc_train_part_4_oextegpgmk,test,fake,/workspace/data/raw/dfdc/dfdc_train_part_04/dfdc_train_part_4/oextegpgmk.mp4,dfdc_train_part_4
dfdc_train_part_4_bgpoldvzrh,test,real,/workspace/data/raw/dfdc/dfdc_train_part_04/dfdc_train_part_4/bgpoldvzrh.mp4,dfdc_train_part_4
dfdc_train_part_4_ouqksymfyt,test,fake,/workspace/data/raw/dfdc/dfdc_train_part_04/dfdc_train_part_4/ouqksymfyt.mp4,dfdc_train_part_4
dfdc_train_part_4_towhxegyzv,test,fake,/workspace/data/raw/dfdc/dfdc_train_part_04/dfdc_train_part_4/towhxegyzv.mp4,dfdc_train_part_4
dfdc_train_part_4_qpmfyjtkld,test,fake,/workspace/data/raw/dfdc/dfdc_train_part_04/dfdc_train_part_4/qpmfyjtkld.mp4,dfdc_train_part_4
dfdc_train_part_4_rkpkmymrie,test,fake,/workspace/data/raw/dfdc/dfdc_train_part_04/dfdc_train_part_4/rkpkmymrie.mp4,dfdc_train_part_4
dfdc_train_part_4_sujgbwtdks,test,fake,/workspace/data/raw/dfdc/dfdc_train_part_04/dfdc_train_part_4/sujgbwtdks.mp4,dfdc_train_part_4
dfdc_train_part_4_fihimnflou,test,fake,/workspace/data/raw/dfdc/dfdc_train_part_04/dfdc_train_part_4/fihimnflou.mp4,dfdc_train_part_4
dfdc_train_part_4_stcgajjaez,test,fake,/workspace/data/raw/dfdc/dfdc_train_part_04/dfdc_train_part_4/stcgajjaez.mp4,dfdc_train_part_4
dfdc_train_part_4_ukjymhrxda,test,fake,/workspace/data/raw/dfdc/dfdc_train_part_04/dfdc_train_part_4/ukjymhrxda.mp4,dfdc_train_part_4
dfdc_train_part_4_eraprqybnh,test,fake,/workspace/data/raw/dfdc/dfdc_train_part_04/dfdc_train_part_4/eraprqybnh.mp4,dfdc_train_part_4
dfdc_train_part_4_nauznkzktz,test,fake,/workspace/data/raw/dfdc/dfdc_train_part_04/dfdc_train_part_4/nauznkzktz.mp4,dfdc_train_part_4
dfdc_train_part_4_pmcxrzpafk,test,fake,/workspace/data/raw/dfdc/dfdc_train_part_04/dfdc_train_part_4/pmcxrzpafk.mp4,dfdc_train_part_4
dfdc_train_part_4_gprxkpwbfp,test,fake,/workspace/data/raw/dfdc/dfdc_train_part_04/dfdc_train_part_4/gprxkpwbfp.mp4,dfdc_train_part_4
dfdc_train_part_4_giwwrlbsjc,test,fake,/workspace/data/raw/dfdc/dfdc_train_part_04/dfdc_train_part_4/giwwrlbsjc.mp4,dfdc_train_part_4
dfdc_train_part_4_nlqjezgbtl,test,fake,/workspace/data/raw/dfdc/dfdc_train_part_04/dfdc_train_part_4/nlqjezgbtl.mp4,dfdc_train_part_4
dfdc_train_part_4_rezfcgkjlx,test,fake,/workspace/data/raw/dfdc/dfdc_train_part_04/dfdc_train_part_4/rezfcgkjlx.mp4,dfdc_train_part_4
dfdc_train_part_4_mwilojzhlq,test,fake,/workspace/data/raw/dfdc/dfdc_train_part_04/dfdc_train_part_4/mwilojzhlq.mp4,dfdc_train_part_4
dfdc_train_part_4_cclkwtadow,test,fake,/workspace/data/raw/dfdc/dfdc_train_part_04/dfdc_train_part_4/cclkwtadow.mp4,dfdc_train_part_4
dfdc_train_part_4_bvefyxjvqr,test,fake,/workspace/data/raw/dfdc/dfdc_train_part_04/dfdc_train_part_4/bvefyxjvqr.mp4,dfdc_train_part_4
dfdc_train_part_4_caemhpqbcd,test,fake,/workspace/data/raw/dfdc/dfdc_train_part_04/dfdc_train_part_4/caemhpqbcd.mp4,dfdc_train_part_4
dfdc_train_part_4_obueljrnaf,test,fake,/workspace/data/raw/dfdc/dfdc_train_part_04/dfdc_train_part_4/obueljrnaf.mp4,dfdc_train_part_4
dfdc_train_part_4_cajdcwtfui,test,fake,/workspace/data/raw/dfdc/dfdc_train_part_04/dfdc_train_part_4/cajdcwtfui.mp4,dfdc_train_part_4
dfdc_train_part_4_xiovxhjrtr,test,fake,/workspace/data/raw/dfdc/dfdc_train_part_04/dfdc_train_part_4/xiovxhjrtr.mp4,dfdc_train_part_4
dfdc_train_part_4_mgqceuafmt,test,fake,/workspace/data/raw/dfdc/dfdc_train_part_04/dfdc_train_part_4/mgqceuafmt.mp4,dfdc_train_part_4
dfdc_train_part_4_ixmtjukguq,test,fake,/workspace/data/raw/dfdc/dfdc_train_part_04/dfdc_train_part_4/ixmtjukguq.mp4,dfdc_train_part_4
dfdc_train_part_4_wlsutxwtqb,test,fake,/workspace/data/raw/dfdc/dfdc_train_part_04/dfdc_train_part_4/wlsutxwtqb.mp4,dfdc_train_part_4
dfdc_train_part_4_pzltkmutgm,test,fake,/workspace/data/raw/dfdc/dfdc_train_part_04/dfdc_train_part_4/pzltkmutgm.mp4,dfdc_train_part_4
dfdc_train_part_4_eqvlynzttm,test,fake,/workspace/data/raw/dfdc/dfdc_train_part_04/dfdc_train_part_4/eqvlynzttm.mp4,dfdc_train_part_4
dfdc_train_part_4_muvzufkrsp,test,fake,/workspace/data/raw/dfdc/dfdc_train_part_04/dfdc_train_part_4/muvzufkrsp.mp4,dfdc_train_part_4
dfdc_train_part_4_xzsptaymli,test,fake,/workspace/data/raw/dfdc/dfdc_train_part_04/dfdc_train_part_4/xzsptaymli.mp4,dfdc_train_part_4
dfdc_train_part_4_giwvqjhljm,test,fake,/workspace/data/raw/dfdc/dfdc_train_part_04/dfdc_train_part_4/giwvqjhljm.mp4,dfdc_train_part_4
dfdc_train_part_4_zxyapjmzyk,test,fake,/workspace/data/raw/dfdc/dfdc_train_part_04/dfdc_train_part_4/zxyapjmzyk.mp4,dfdc_train_part_4
dfdc_train_part_4_clvtrdioyp,test,fake,/workspace/data/raw/dfdc/dfdc_train_part_04/dfdc_train_part_4/clvtrdioyp.mp4,dfdc_train_part_4
dfdc_train_part_4_tqawtxllam,test,fake,/workspace/data/raw/dfdc/dfdc_train_part_04/dfdc_train_part_4/tqawtxllam.mp4,dfdc_train_part_4
dfdc_train_part_4_dtymieprub,test,fake,/workspace/data/raw/dfdc/dfdc_train_part_04/dfdc_train_part_4/dtymieprub.mp4,dfdc_train_part_4
dfdc_train_part_4_guthmdaova,test,fake,/workspace/data/raw/dfdc/dfdc_train_part_04/dfdc_train_part_4/guthmdaova.mp4,dfdc_train_part_4
dfdc_train_part_4_kvidlzexqa,test,fake,/workspace/data/raw/dfdc/dfdc_train_part_04/dfdc_train_part_4/kvidlzexqa.mp4,dfdc_train_part_4
dfdc_train_part_4_auydsalswy,test,fake,/workspace/data/raw/dfdc/dfdc_train_part_04/dfdc_train_part_4/auydsalswy.mp4,dfdc_train_part_4
dfdc_train_part_4_dlmiesrmus,test,fake,/workspace/data/raw/dfdc/dfdc_train_part_04/dfdc_train_part_4/dlmiesrmus.mp4,dfdc_train_part_4
dfdc_train_part_4_dxlpzbiajj,test,real,/workspace/data/raw/dfdc/dfdc_train_part_04/dfdc_train_part_4/dxlpzbiajj.mp4,dfdc_train_part_4
dfdc_train_part_4_lxtkcgrkhb,test,fake,/workspace/data/raw/dfdc/dfdc_train_part_04/dfdc_train_part_4/lxtkcgrkhb.mp4,dfdc_train_part_4
dfdc_train_part_4_kzbogmyknr,test,fake,/workspace/data/raw/dfdc/dfdc_train_part_04/dfdc_train_part_4/kzbogmyknr.mp4,dfdc_train_part_4
dfdc_train_part_4_dqubkheruj,test,fake,/workspace/data/raw/dfdc/dfdc_train_part_04/dfdc_train_part_4/dqubkheruj.mp4,dfdc_train_part_4
dfdc_train_part_4_nnwrkbtdgh,test,fake,/workspace/data/raw/dfdc/dfdc_train_part_04/dfdc_train_part_4/nnwrkbtdgh.mp4,dfdc_train_part_4
dfdc_train_part_4_xkrrmawgaz,test,real,/workspace/data/raw/dfdc/dfdc_train_part_04/dfdc_train_part_4/xkrrmawgaz.mp4,dfdc_train_part_4
dfdc_train_part_4_kehjcejgbs,test,fake,/workspace/data/raw/dfdc/dfdc_train_part_04/dfdc_train_part_4/kehjcejgbs.mp4,dfdc_train_part_4
dfdc_train_part_4_bzaukiurar,test,fake,/workspace/data/raw/dfdc/dfdc_train_part_04/dfdc_train_part_4/bzaukiurar.mp4,dfdc_train_part_4
dfdc_train_part_4_zmubddazht,test,fake,/workspace/data/raw/dfdc/dfdc_train_part_04/dfdc_train_part_4/zmubddazht.mp4,dfdc_train_part_4
dfdc_train_part_4_pvpwbbfdjq,test,fake,/workspace/data/raw/dfdc/dfdc_train_part_04/dfdc_train_part_4/pvpwbbfdjq.mp4,dfdc_train_part_4
dfdc_train_part_4_gemrvqslyk,test,fake,/workspace/data/raw/dfdc/dfdc_train_part_04/dfdc_train_part_4/gemrvqslyk.mp4,dfdc_train_part_4
dfdc_train_part_4_gaigzcfjzm,test,fake,/workspace/data/raw/dfdc/dfdc_train_part_04/dfdc_train_part_4/gaigzcfjzm.mp4,dfdc_train_part_4
dfdc_train_part_4_fqvqhihjol,test,fake,/workspace/data/raw/dfdc/dfdc_train_part_04/dfdc_train_part_4/fqvqhihjol.mp4,dfdc_train_part_4
dfdc_train_part_4_nopvoumfhr,test,fake,/workspace/data/raw/dfdc/dfdc_train_part_04/dfdc_train_part_4/nopvoumfhr.mp4,dfdc_train_part_4
dfdc_train_part_4_jodgnayrqr,test,fake,/workspace/data/raw/dfdc/dfdc_train_part_04/dfdc_train_part_4/jodgnayrqr.mp4,dfdc_train_part_4
dfdc_train_part_4_avptoyibqd,test,fake,/workspace/data/raw/dfdc/dfdc_train_part_04/dfdc_train_part_4/avptoyibqd.mp4,dfdc_train_part_4
dfdc_train_part_4_mwjtzkbhvm,test,fake,/workspace/data/raw/dfdc/dfdc_train_part_04/dfdc_train_part_4/mwjtzkbhvm.mp4,dfdc_train_part_4
dfdc_train_part_4_pogcmzrlhe,test,fake,/workspace/data/raw/dfdc/dfdc_train_part_04/dfdc_train_part_4/pogcmzrlhe.mp4,dfdc_train_part_4
dfdc_train_part_4_ndhrlcjesi,test,fake,/workspace/data/raw/dfdc/dfdc_train_part_04/dfdc_train_part_4/ndhrlcjesi.mp4,dfdc_train_part_4
dfdc_train_part_4_fkbjregizy,test,fake,/workspace/data/raw/dfdc/dfdc_train_part_04/dfdc_train_part_4/fkbjregizy.mp4,dfdc_train_part_4
dfdc_train_part_4_hgqmrwnyiy,test,fake,/workspace/data/raw/dfdc/dfdc_train_part_04/dfdc_train_part_4/hgqmrwnyiy.mp4,dfdc_train_part_4
dfdc_train_part_4_vhwgtyefgv,test,fake,/workspace/data/raw/dfdc/dfdc_train_part_04/dfdc_train_part_4/vhwgtyefgv.mp4,dfdc_train_part_4
dfdc_train_part_4_rxaifdbjjg,test,fake,/workspace/data/raw/dfdc/dfdc_train_part_04/dfdc_train_part_4/rxaifdbjjg.mp4,dfdc_train_part_4
dfdc_train_part_4_sftyapugxy,test,fake,/workspace/data/raw/dfdc/dfdc_train_part_04/dfdc_train_part_4/sftyapugxy.mp4,dfdc_train_part_4
dfdc_train_part_4_pisnwocakb,test,fake,/workspace/data/raw/dfdc/dfdc_train_part_04/dfdc_train_part_4/pisnwocakb.mp4,dfdc_train_part_4
dfdc_train_part_4_lvnylzfwdl,test,fake,/workspace/data/raw/dfdc/dfdc_train_part_04/dfdc_train_part_4/lvnylzfwdl.mp4,dfdc_train_part_4
dfdc_train_part_4_rczaxiryex,test,fake,/workspace/data/raw/dfdc/dfdc_train_part_04/dfdc_train_part_4/rczaxiryex.mp4,dfdc_train_part_4
dfdc_train_part_4_aqgocqgpqp,test,fake,/workspace/data/raw/dfdc/dfdc_train_part_04/dfdc_train_part_4/aqgocqgpqp.mp4,dfdc_train_part_4
dfdc_train_part_4_cquygcocfz,test,fake,/workspace/data/raw/dfdc/dfdc_train_part_04/dfdc_train_part_4/cquygcocfz.mp4,dfdc_train_part_4
dfdc_train_part_4_rdaurvwjkh,test,fake,/workspace/data/raw/dfdc/dfdc_train_part_04/dfdc_train_part_4/rdaurvwjkh.mp4,dfdc_train_part_4
dfdc_train_part_4_qppqflphhz,test,fake,/workspace/data/raw/dfdc/dfdc_train_part_04/dfdc_train_part_4/qppqflphhz.mp4,dfdc_train_part_4
dfdc_train_part_4_babekszsfg,test,fake,/workspace/data/raw/dfdc/dfdc_train_part_04/dfdc_train_part_4/babekszsfg.mp4,dfdc_train_part_4
dfdc_train_part_4_tbeorlvpcl,test,fake,/workspace/data/raw/dfdc/dfdc_train_part_04/dfdc_train_part_4/tbeorlvpcl.mp4,dfdc_train_part_4
dfdc_train_part_4_xkziknvgen,test,fake,/workspace/data/raw/dfdc/dfdc_train_part_04/dfdc_train_part_4/xkziknvgen.mp4,dfdc_train_part_4
dfdc_train_part_4_kksqrskybv,test,fake,/workspace/data/raw/dfdc/dfdc_train_part_04/dfdc_train_part_4/kksqrskybv.mp4,dfdc_train_part_4
dfdc_train_part_4_tewewjlsvp,test,fake,/workspace/data/raw/dfdc/dfdc_train_part_04/dfdc_train_part_4/tewewjlsvp.mp4,dfdc_train_part_4
dfdc_train_part_4_iqzolthqdz,test,fake,/workspace/data/raw/dfdc/dfdc_train_part_04/dfdc_train_part_4/iqzolthqdz.mp4,dfdc_train_part_4
dfdc_train_part_4_rpvxbanjkb,test,fake,/workspace/data/raw/dfdc/dfdc_train_part_04/dfdc_train_part_4/rpvxbanjkb.mp4,dfdc_train_part_4
dfdc_train_part_4_qlcwjbrnur,test,fake,/workspace/data/raw/dfdc/dfdc_train_part_04/dfdc_train_part_4/qlcwjbrnur.mp4,dfdc_train_part_4
dfdc_train_part_4_mxspjiwado,test,fake,/workspace/data/raw/dfdc/dfdc_train_part_04/dfdc_train_part_4/mxspjiwado.mp4,dfdc_train_part_4
dfdc_train_part_4_rqgdnzrjbh,test,fake,/workspace/data/raw/dfdc/dfdc_train_part_04/dfdc_train_part_4/rqgdnzrjbh.mp4,dfdc_train_part_4
dfdc_train_part_4_dhazowlcun,test,fake,/workspace/data/raw/dfdc/dfdc_train_part_04/dfdc_train_part_4/dhazowlcun.mp4,dfdc_train_part_4
dfdc_train_part_4_uykbxjtgqo,test,fake,/workspace/data/raw/dfdc/dfdc_train_part_04/dfdc_train_part_4/uykbxjtgqo.mp4,dfdc_train_part_4
dfdc_train_part_4_moabeatmyh,test,fake,/workspace/data/raw/dfdc/dfdc_train_part_04/dfdc_train_part_4/moabeatmyh.mp4,dfdc_train_part_4
dfdc_train_part_4_qacvrhuglh,test,fake,/workspace/data/raw/dfdc/dfdc_train_part_04/dfdc_train_part_4/qacvrhuglh.mp4,dfdc_train_part_4
dfdc_train_part_4_maizmayhdw,test,fake,/workspace/data/raw/dfdc/dfdc_train_part_04/dfdc_train_part_4/maizmayhdw.mp4,dfdc_train_part_4
dfdc_train_part_4_iylwgfyswr,test,fake,/workspace/data/raw/dfdc/dfdc_train_part_04/dfdc_train_part_4/iylwgfyswr.mp4,dfdc_train_part_4
dfdc_train_part_4_lrnxpopgkl,test,fake,/workspace/data/raw/dfdc/dfdc_train_part_04/dfdc_train_part_4/lrnxpopgkl.mp4,dfdc_train_part_4
dfdc_train_part_4_tryompagoh,test,fake,/workspace/data/raw/dfdc/dfdc_train_part_04/dfdc_train_part_4/tryompagoh.mp4,dfdc_train_part_4
dfdc_train_part_4_jtvcxbfuks,test,fake,/workspace/data/raw/dfdc/dfdc_train_part_04/dfdc_train_part_4/jtvcxbfuks.mp4,dfdc_train_part_4
dfdc_train_part_4_jldyhvttqs,test,fake,/workspace/data/raw/dfdc/dfdc_train_part_04/dfdc_train_part_4/jldyhvttqs.mp4,dfdc_train_part_4
dfdc_train_part_4_fqrrmbzntu,test,fake,/workspace/data/raw/dfdc/dfdc_train_part_04/dfdc_train_part_4/fqrrmbzntu.mp4,dfdc_train_part_4
dfdc_train_part_4_niyghrbqtl,test,fake,/workspace/data/raw/dfdc/dfdc_train_part_04/dfdc_train_part_4/niyghrbqtl.mp4,dfdc_train_part_4
dfdc_train_part_4_ebizjhbujg,test,fake,/workspace/data/raw/dfdc/dfdc_train_part_04/dfdc_train_part_4/ebizjhbujg.mp4,dfdc_train_part_4
dfdc_train_part_4_rjcokdendz,test,fake,/workspace/data/raw/dfdc/dfdc_train_part_04/dfdc_train_part_4/rjcokdendz.mp4,dfdc_train_part_4
dfdc_train_part_4_pjonlkhyqh,test,fake,/workspace/data/raw/dfdc/dfdc_train_part_04/dfdc_train_part_4/pjonlkhyqh.mp4,dfdc_train_part_4
dfdc_train_part_4_kniszwrbmn,test,fake,/workspace/data/raw/dfdc/dfdc_train_part_04/dfdc_train_part_4/kniszwrbmn.mp4,dfdc_train_part_4
dfdc_train_part_4_bqkjvmuhkq,test,fake,/workspace/data/raw/dfdc/dfdc_train_part_04/dfdc_train_part_4/bqkjvmuhkq.mp4,dfdc_train_part_4
dfdc_train_part_4_osjvlnohwr,test,fake,/workspace/data/raw/dfdc/dfdc_train_part_04/dfdc_train_part_4/osjvlnohwr.mp4,dfdc_train_part_4
dfdc_train_part_4_yfxvjewtjq,test,real,/workspace/data/raw/dfdc/dfdc_train_part_04/dfdc_train_part_4/yfxvjewtjq.mp4,dfdc_train_part_4
dfdc_train_part_4_lynreeitbs,test,fake,/workspace/data/raw/dfdc/dfdc_train_part_04/dfdc_train_part_4/lynreeitbs.mp4,dfdc_train_part_4
dfdc_train_part_4_zcsrycydho,test,fake,/workspace/data/raw/dfdc/dfdc_train_part_04/dfdc_train_part_4/zcsrycydho.mp4,dfdc_train_part_4
dfdc_train_part_4_hkqjdfrizw,test,fake,/workspace/data/raw/dfdc/dfdc_train_part_04/dfdc_train_part_4/hkqjdfrizw.mp4,dfdc_train_part_4
dfdc_train_part_4_hsfcfszgxb,test,fake,/workspace/data/raw/dfdc/dfdc_train_part_04/dfdc_train_part_4/hsfcfszgxb.mp4,dfdc_train_part_4
dfdc_train_part_4_fqeytkksjm,test,fake,/workspace/data/raw/dfdc/dfdc_train_part_04/dfdc_train_part_4/fqeytkksjm.mp4,dfdc_train_part_4
dfdc_train_part_4_jipjequbqf,test,fake,/workspace/data/raw/dfdc/dfdc_train_part_04/dfdc_train_part_4/jipjequbqf.mp4,dfdc_train_part_4
dfdc_train_part_4_twqonyttvd,test,fake,/workspace/data/raw/dfdc/dfdc_train_part_04/dfdc_train_part_4/twqonyttvd.mp4,dfdc_train_part_4
dfdc_train_part_4_fheoxoneeu,test,fake,/workspace/data/raw/dfdc/dfdc_train_part_04/dfdc_train_part_4/fheoxoneeu.mp4,dfdc_train_part_4
dfdc_train_part_4_fbtskywfjv,test,fake,/workspace/data/raw/dfdc/dfdc_train_part_04/dfdc_train_part_4/fbtskywfjv.mp4,dfdc_train_part_4
dfdc_train_part_4_fszzvlkhcz,test,fake,/workspace/data/raw/dfdc/dfdc_train_part_04/dfdc_train_part_4/fszzvlkhcz.mp4,dfdc_train_part_4
dfdc_train_part_4_dtbilnqlqx,test,fake,/workspace/data/raw/dfdc/dfdc_train_part_04/dfdc_train_part_4/dtbilnqlqx.mp4,dfdc_train_part_4
dfdc_train_part_4_oubatifbba,test,fake,/workspace/data/raw/dfdc/dfdc_train_part_04/dfdc_train_part_4/oubatifbba.mp4,dfdc_train_part_4
dfdc_train_part_4_nrtrphhakf,test,fake,/workspace/data/raw/dfdc/dfdc_train_part_04/dfdc_train_part_4/nrtrphhakf.mp4,dfdc_train_part_4
dfdc_train_part_4_ppyolutkqo,test,fake,/workspace/data/raw/dfdc/dfdc_train_part_04/dfdc_train_part_4/ppyolutkqo.mp4,dfdc_train_part_4
dfdc_train_part_4_unvyawcuzx,test,fake,/workspace/data/raw/dfdc/dfdc_train_part_04/dfdc_train_part_4/unvyawcuzx.mp4,dfdc_train_part_4
dfdc_train_part_4_ppqwdurihd,test,fake,/workspace/data/raw/dfdc/dfdc_train_part_04/dfdc_train_part_4/ppqwdurihd.mp4,dfdc_train_part_4
dfdc_train_part_4_vwxxuqutbt,test,fake,/workspace/data/raw/dfdc/dfdc_train_part_04/dfdc_train_part_4/vwxxuqutbt.mp4,dfdc_train_part_4
dfdc_train_part_4_asvroyjehl,test,fake,/workspace/data/raw/dfdc/dfdc_train_part_04/dfdc_train_part_4/asvroyjehl.mp4,dfdc_train_part_4
dfdc_train_part_4_rdzyzwqhde,test,fake,/workspace/data/raw/dfdc/dfdc_train_part_04/dfdc_train_part_4/rdzyzwqhde.mp4,dfdc_train_part_4
dfdc_train_part_4_miekjilhnz,test,fake,/workspace/data/raw/dfdc/dfdc_train_part_04/dfdc_train_part_4/miekjilhnz.mp4,dfdc_train_part_4
dfdc_train_part_4_wcdtfemebs,test,fake,/workspace/data/raw/dfdc/dfdc_train_part_04/dfdc_train_part_4/wcdtfemebs.mp4,dfdc_train_part_4
dfdc_train_part_4_lcvwsdrhzh,test,real,/workspace/data/raw/dfdc/dfdc_train_part_04/dfdc_train_part_4/lcvwsdrhzh.mp4,dfdc_train_part_4
dfdc_train_part_4_dcdmzumqzk,test,fake,/workspace/data/raw/dfdc/dfdc_train_part_04/dfdc_train_part_4/dcdmzumqzk.mp4,dfdc_train_part_4
dfdc_train_part_4_exlxuggisv,test,fake,/workspace/data/raw/dfdc/dfdc_train_part_04/dfdc_train_part_4/exlxuggisv.mp4,dfdc_train_part_4
dfdc_train_part_4_gowuwxfudf,test,fake,/workspace/data/raw/dfdc/dfdc_train_part_04/dfdc_train_part_4/gowuwxfudf.mp4,dfdc_train_part_4
dfdc_train_part_4_qzrhsayuav,test,fake,/workspace/data/raw/dfdc/dfdc_train_part_04/dfdc_train_part_4/qzrhsayuav.mp4,dfdc_train_part_4
dfdc_train_part_4_kmyrnchata,test,real,/workspace/data/raw/dfdc/dfdc_train_part_04/dfdc_train_part_4/kmyrnchata.mp4,dfdc_train_part_4
dfdc_train_part_4_vfhsrhbxxn,test,fake,/workspace/data/raw/dfdc/dfdc_train_part_04/dfdc_train_part_4/vfhsrhbxxn.mp4,dfdc_train_part_4
dfdc_train_part_4_sruhfgdvrx,test,fake,/workspace/data/raw/dfdc/dfdc_train_part_04/dfdc_train_part_4/sruhfgdvrx.mp4,dfdc_train_part_4
dfdc_train_part_4_xylxkeohqi,test,fake,/workspace/data/raw/dfdc/dfdc_train_part_04/dfdc_train_part_4/xylxkeohqi.mp4,dfdc_train_part_4
dfdc_train_part_4_wlpmeecjje,test,fake,/workspace/data/raw/dfdc/dfdc_train_part_04/dfdc_train_part_4/wlpmeecjje.mp4,dfdc_train_part_4
dfdc_train_part_4_rijjizyqay,test,fake,/workspace/data/raw/dfdc/dfdc_train_part_04/dfdc_train_part_4/rijjizyqay.mp4,dfdc_train_part_4
dfdc_train_part_4_eeticefxfy,test,fake,/workspace/data/raw/dfdc/dfdc_train_part_04/dfdc_train_part_4/eeticefxfy.mp4,dfdc_train_part_4
dfdc_train_part_4_iibsbkbegu,test,fake,/workspace/data/raw/dfdc/dfdc_train_part_04/dfdc_train_part_4/iibsbkbegu.mp4,dfdc_train_part_4
dfdc_train_part_4_kbnjwtifnf,test,fake,/workspace/data/raw/dfdc/dfdc_train_part_04/dfdc_train_part_4/kbnjwtifnf.mp4,dfdc_train_part_4
dfdc_train_part_4_shmtigwtcd,test,fake,/workspace/data/raw/dfdc/dfdc_train_part_04/dfdc_train_part_4/shmtigwtcd.mp4,dfdc_train_part_4
dfdc_train_part_4_lsetxasdxl,test,fake,/workspace/data/raw/dfdc/dfdc_train_part_04/dfdc_train_part_4/lsetxasdxl.mp4,dfdc_train_part_4
dfdc_train_part_4_bpttffvedn,test,fake,/workspace/data/raw/dfdc/dfdc_train_part_04/dfdc_train_part_4/bpttffvedn.mp4,dfdc_train_part_4
dfdc_train_part_4_gcefgwbdae,test,fake,/workspace/data/raw/dfdc/dfdc_train_part_04/dfdc_train_part_4/gcefgwbdae.mp4,dfdc_train_part_4
dfdc_train_part_4_tluchtuten,test,fake,/workspace/data/raw/dfdc/dfdc_train_part_04/dfdc_train_part_4/tluchtuten.mp4,dfdc_train_part_4
dfdc_train_part_4_nnfwfojmri,test,real,/workspace/data/raw/dfdc/dfdc_train_part_04/dfdc_train_part_4/nnfwfojmri.mp4,dfdc_train_part_4
dfdc_train_part_4_bnynincvkz,test,fake,/workspace/data/raw/dfdc/dfdc_train_part_04/dfdc_train_part_4/bnynincvkz.mp4,dfdc_train_part_4
dfdc_train_part_4_gtwfuuoyfo,test,fake,/workspace/data/raw/dfdc/dfdc_train_part_04/dfdc_train_part_4/gtwfuuoyfo.mp4,dfdc_train_part_4
dfdc_train_part_4_waxcfuxpae,test,fake,/workspace/data/raw/dfdc/dfdc_train_part_04/dfdc_train_part_4/waxcfuxpae.mp4,dfdc_train_part_4
dfdc_train_part_4_swkiblawat,test,fake,/workspace/data/raw/dfdc/dfdc_train_part_04/dfdc_train_part_4/swkiblawat.mp4,dfdc_train_part_4
dfdc_train_part_4_msywjakvfe,test,fake,/workspace/data/raw/dfdc/dfdc_train_part_04/dfdc_train_part_4/msywjakvfe.mp4,dfdc_train_part_4
dfdc_train_part_4_qnavwelumi,test,fake,/workspace/data/raw/dfdc/dfdc_train_part_04/dfdc_train_part_4/qnavwelumi.mp4,dfdc_train_part_4
dfdc_train_part_4_flkmdghpzy,test,fake,/workspace/data/raw/dfdc/dfdc_train_part_04/dfdc_train_part_4/flkmdghpzy.mp4,dfdc_train_part_4
dfdc_train_part_4_awmeoatyyy,test,fake,/workspace/data/raw/dfdc/dfdc_train_part_04/dfdc_train_part_4/awmeoatyyy.mp4,dfdc_train_part_4
dfdc_train_part_4_iowysiowwy,test,fake,/workspace/data/raw/dfdc/dfdc_train_part_04/dfdc_train_part_4/iowysiowwy.mp4,dfdc_train_part_4
dfdc_train_part_4_izkypnzjhl,test,fake,/workspace/data/raw/dfdc/dfdc_train_part_04/dfdc_train_part_4/izkypnzjhl.mp4,dfdc_train_part_4
dfdc_train_part_4_bsjubsobtp,test,fake,/workspace/data/raw/dfdc/dfdc_train_part_04/dfdc_train_part_4/bsjubsobtp.mp4,dfdc_train_part_4
dfdc_train_part_4_etuhwwigem,test,fake,/workspace/data/raw/dfdc/dfdc_train_part_04/dfdc_train_part_4/etuhwwigem.mp4,dfdc_train_part_4
dfdc_train_part_4_zppmsbtejv,test,fake,/workspace/data/raw/dfdc/dfdc_train_part_04/dfdc_train_part_4/zppmsbtejv.mp4,dfdc_train_part_4
dfdc_train_part_4_wftmbvvxqs,test,fake,/workspace/data/raw/dfdc/dfdc_train_part_04/dfdc_train_part_4/wftmbvvxqs.mp4,dfdc_train_part_4
dfdc_train_part_4_nsffoqdapx,test,fake,/workspace/data/raw/dfdc/dfdc_train_part_04/dfdc_train_part_4/nsffoqdapx.mp4,dfdc_train_part_4
dfdc_train_part_4_wyjpqjdpjq,test,fake,/workspace/data/raw/dfdc/dfdc_train_part_04/dfdc_train_part_4/wyjpqjdpjq.mp4,dfdc_train_part_4
dfdc_train_part_4_rhlbxcznio,test,real,/workspace/data/raw/dfdc/dfdc_train_part_04/dfdc_train_part_4/rhlbxcznio.mp4,dfdc_train_part_4
dfdc_train_part_4_brrzqrgfcf,test,fake,/workspace/data/raw/dfdc/dfdc_train_part_04/dfdc_train_part_4/brrzqrgfcf.mp4,dfdc_train_part_4
dfdc_train_part_4_cxuzbxfwst,test,fake,/workspace/data/raw/dfdc/dfdc_train_part_04/dfdc_train_part_4/cxuzbxfwst.mp4,dfdc_train_part_4
dfdc_train_part_4_dgabaumtaa,test,fake,/workspace/data/raw/dfdc/dfdc_train_part_04/dfdc_train_part_4/dgabaumtaa.mp4,dfdc_train_part_4
dfdc_train_part_4_klbfdsrfwn,test,fake,/workspace/data/raw/dfdc/dfdc_train_part_04/dfdc_train_part_4/klbfdsrfwn.mp4,dfdc_train_part_4
dfdc_train_part_4_hxwhmvkhjy,test,fake,/workspace/data/raw/dfdc/dfdc_train_part_04/dfdc_train_part_4/hxwhmvkhjy.mp4,dfdc_train_part_4
dfdc_train_part_4_rylynffzhh,test,fake,/workspace/data/raw/dfdc/dfdc_train_part_04/dfdc_train_part_4/rylynffzhh.mp4,dfdc_train_part_4
dfdc_train_part_4_oyyparauwh,test,fake,/workspace/data/raw/dfdc/dfdc_train_part_04/dfdc_train_part_4/oyyparauwh.mp4,dfdc_train_part_4
dfdc_train_part_4_lhfoewkjfu,test,fake,/workspace/data/raw/dfdc/dfdc_train_part_04/dfdc_train_part_4/lhfoewkjfu.mp4,dfdc_train_part_4
dfdc_train_part_4_hyuunmfnxk,test,fake,/workspace/data/raw/dfdc/dfdc_train_part_04/dfdc_train_part_4/hyuunmfnxk.mp4,dfdc_train_part_4
dfdc_train_part_4_nphejbnvqh,test,fake,/workspace/data/raw/dfdc/dfdc_train_part_04/dfdc_train_part_4/nphejbnvqh.mp4,dfdc_train_part_4
dfdc_train_part_4_wzqwspyoxi,test,fake,/workspace/data/raw/dfdc/dfdc_train_part_04/dfdc_train_part_4/wzqwspyoxi.mp4,dfdc_train_part_4
dfdc_train_part_4_hhppjrafli,test,fake,/workspace/data/raw/dfdc/dfdc_train_part_04/dfdc_train_part_4/hhppjrafli.mp4,dfdc_train_part_4
dfdc_train_part_4_thtsbqkeht,test,fake,/workspace/data/raw/dfdc/dfdc_train_part_04/dfdc_train_part_4/thtsbqkeht.mp4,dfdc_train_part_4
dfdc_train_part_4_wrfatoqjuq,test,fake,/workspace/data/raw/dfdc/dfdc_train_part_04/dfdc_train_part_4/wrfatoqjuq.mp4,dfdc_train_part_4
dfdc_train_part_4_lnjuwpbivu,test,fake,/workspace/data/raw/dfdc/dfdc_train_part_04/dfdc_train_part_4/lnjuwpbivu.mp4,dfdc_train_part_4
dfdc_train_part_4_klisuzrptl,test,real,/workspace/data/raw/dfdc/dfdc_train_part_04/dfdc_train_part_4/klisuzrptl.mp4,dfdc_train_part_4
dfdc_train_part_4_jjxjswkjbm,test,fake,/workspace/data/raw/dfdc/dfdc_train_part_04/dfdc_train_part_4/jjxjswkjbm.mp4,dfdc_train_part_4
dfdc_train_part_4_iiclkuiexg,test,fake,/workspace/data/raw/dfdc/dfdc_train_part_04/dfdc_train_part_4/iiclkuiexg.mp4,dfdc_train_part_4
dfdc_train_part_4_arfxxftkqg,test,fake,/workspace/data/raw/dfdc/dfdc_train_part_04/dfdc_train_part_4/arfxxftkqg.mp4,dfdc_train_part_4
dfdc_train_part_4_tdlpyxbwnj,test,fake,/workspace/data/raw/dfdc/dfdc_train_part_04/dfdc_train_part_4/tdlpyxbwnj.mp4,dfdc_train_part_4
dfdc_train_part_4_jzbclihsto,test,fake,/workspace/data/raw/dfdc/dfdc_train_part_04/dfdc_train_part_4/jzbclihsto.mp4,dfdc_train_part_4
dfdc_train_part_4_njncyiroge,test,fake,/workspace/data/raw/dfdc/dfdc_train_part_04/dfdc_train_part_4/njncyiroge.mp4,dfdc_train_part_4
dfdc_train_part_4_jnuvtvgjsc,test,fake,/workspace/data/raw/dfdc/dfdc_train_part_04/dfdc_train_part_4/jnuvtvgjsc.mp4,dfdc_train_part_4
dfdc_train_part_4_mmhyninywo,test,fake,/workspace/data/raw/dfdc/dfdc_train_part_04/dfdc_train_part_4/mmhyninywo.mp4,dfdc_train_part_4
dfdc_train_part_4_goakjsojgk,test,fake,/workspace/data/raw/dfdc/dfdc_train_part_04/dfdc_train_part_4/goakjsojgk.mp4,dfdc_train_part_4
dfdc_train_part_4_yrustprntr,test,fake,/workspace/data/raw/dfdc/dfdc_train_part_04/dfdc_train_part_4/yrustprntr.mp4,dfdc_train_part_4
dfdc_train_part_4_ijodvsnceb,test,fake,/workspace/data/raw/dfdc/dfdc_train_part_04/dfdc_train_part_4/ijodvsnceb.mp4,dfdc_train_part_4
dfdc_train_part_4_qghqahtjdy,test,fake,/workspace/data/raw/dfdc/dfdc_train_part_04/dfdc_train_part_4/qghqahtjdy.mp4,dfdc_train_part_4
dfdc_train_part_4_lxwfnowyzb,test,fake,/workspace/data/raw/dfdc/dfdc_train_part_04/dfdc_train_part_4/lxwfnowyzb.mp4,dfdc_train_part_4
dfdc_train_part_4_dzudprvlso,test,fake,/workspace/data/raw/dfdc/dfdc_train_part_04/dfdc_train_part_4/dzudprvlso.mp4,dfdc_train_part_4
dfdc_train_part_4_gilecbqoai,test,fake,/workspace/data/raw/dfdc/dfdc_train_part_04/dfdc_train_part_4/gilecbqoai.mp4,dfdc_train_part_4
dfdc_train_part_4_gaezfjhckb,test,fake,/workspace/data/raw/dfdc/dfdc_train_part_04/dfdc_train_part_4/gaezfjhckb.mp4,dfdc_train_part_4
dfdc_train_part_4_pmkolnffvt,test,real,/workspace/data/raw/dfdc/dfdc_train_part_04/dfdc_train_part_4/pmkolnffvt.mp4,dfdc_train_part_4
dfdc_train_part_4_bamtobqvtx,test,fake,/workspace/data/raw/dfdc/dfdc_train_part_04/dfdc_train_part_4/bamtobqvtx.mp4,dfdc_train_part_4
dfdc_train_part_4_zaiqehhhrh,test,fake,/workspace/data/raw/dfdc/dfdc_train_part_04/dfdc_train_part_4/zaiqehhhrh.mp4,dfdc_train_part_4
dfdc_train_part_4_wmvcaxrstv,test,fake,/workspace/data/raw/dfdc/dfdc_train_part_04/dfdc_train_part_4/wmvcaxrstv.mp4,dfdc_train_part_4
dfdc_train_part_4_zlxyufjqqr,test,fake,/workspace/data/raw/dfdc/dfdc_train_part_04/dfdc_train_part_4/zlxyufjqqr.mp4,dfdc_train_part_4
dfdc_train_part_4_mmabmgfxcn,test,fake,/workspace/data/raw/dfdc/dfdc_train_part_04/dfdc_train_part_4/mmabmgfxcn.mp4,dfdc_train_part_4
dfdc_train_part_4_gvnxvqitrc,test,fake,/workspace/data/raw/dfdc/dfdc_train_part_04/dfdc_train_part_4/gvnxvqitrc.mp4,dfdc_train_part_4
dfdc_train_part_4_bzuszivgau,test,fake,/workspace/data/raw/dfdc/dfdc_train_part_04/dfdc_train_part_4/bzuszivgau.mp4,dfdc_train_part_4
dfdc_train_part_4_lxdeqripfq,test,fake,/workspace/data/raw/dfdc/dfdc_train_part_04/dfdc_train_part_4/lxdeqripfq.mp4,dfdc_train_part_4
dfdc_train_part_4_rogggrregs,test,fake,/workspace/data/raw/dfdc/dfdc_train_part_04/dfdc_train_part_4/rogggrregs.mp4,dfdc_train_part_4
dfdc_train_part_4_jzxzzmcplq,test,fake,/workspace/data/raw/dfdc/dfdc_train_part_04/dfdc_train_part_4/jzxzzmcplq.mp4,dfdc_train_part_4
dfdc_train_part_4_woqggmgnbw,test,fake,/workspace/data/raw/dfdc/dfdc_train_part_04/dfdc_train_part_4/woqggmgnbw.mp4,dfdc_train_part_4
dfdc_train_part_4_cncmotjhsc,test,fake,/workspace/data/raw/dfdc/dfdc_train_part_04/dfdc_train_part_4/cncmotjhsc.mp4,dfdc_train_part_4
dfdc_train_part_4_tomvljxvdy,test,fake,/workspace/data/raw/dfdc/dfdc_train_part_04/dfdc_train_part_4/tomvljxvdy.mp4,dfdc_train_part_4
dfdc_train_part_4_anvbwbcwiq,test,fake,/workspace/data/raw/dfdc/dfdc_train_part_04/dfdc_train_part_4/anvbwbcwiq.mp4,dfdc_train_part_4
dfdc_train_part_4_cqevoiruai,test,fake,/workspace/data/raw/dfdc/dfdc_train_part_04/dfdc_train_part_4/cqevoiruai.mp4,dfdc_train_part_4
dfdc_train_part_4_gevbsktxjk,test,real,/workspace/data/raw/dfdc/dfdc_train_part_04/dfdc_train_part_4/gevbsktxjk.mp4,dfdc_train_part_4
dfdc_train_part_4_hogmvuuhhl,test,fake,/workspace/data/raw/dfdc/dfdc_train_part_04/dfdc_train_part_4/hogmvuuhhl.mp4,dfdc_train_part_4
dfdc_train_part_4_vwutuckdhq,test,fake,/workspace/data/raw/dfdc/dfdc_train_part_04/dfdc_train_part_4/vwutuckdhq.mp4,dfdc_train_part_4
dfdc_train_part_4_ydrdwldexh,test,fake,/workspace/data/raw/dfdc/dfdc_train_part_04/dfdc_train_part_4/ydrdwldexh.mp4,dfdc_train_part_4
dfdc_train_part_4_njudiwupgh,test,fake,/workspace/data/raw/dfdc/dfdc_train_part_04/dfdc_train_part_4/njudiwupgh.mp4,dfdc_train_part_4
dfdc_train_part_4_vewqndwgnj,test,fake,/workspace/data/raw/dfdc/dfdc_train_part_04/dfdc_train_part_4/vewqndwgnj.mp4,dfdc_train_part_4
dfdc_train_part_4_kputxwfoxd,test,fake,/workspace/data/raw/dfdc/dfdc_train_part_04/dfdc_train_part_4/kputxwfoxd.mp4,dfdc_train_part_4
dfdc_train_part_4_lezkxyytil,test,real,/workspace/data/raw/dfdc/dfdc_train_part_04/dfdc_train_part_4/lezkxyytil.mp4,dfdc_train_part_4
dfdc_train_part_4_xowwghfppj,test,fake,/workspace/data/raw/dfdc/dfdc_train_part_04/dfdc_train_part_4/xowwghfppj.mp4,dfdc_train_part_4
dfdc_train_part_4_hrmqirsrgx,test,fake,/workspace/data/raw/dfdc/dfdc_train_part_04/dfdc_train_part_4/hrmqirsrgx.mp4,dfdc_train_part_4
dfdc_train_part_4_zlhjdxdvaw,test,fake,/workspace/data/raw/dfdc/dfdc_train_part_04/dfdc_train_part_4/zlhjdxdvaw.mp4,dfdc_train_part_4
dfdc_train_part_4_rlnhkhvaaf,test,fake,/workspace/data/raw/dfdc/dfdc_train_part_04/dfdc_train_part_4/rlnhkhvaaf.mp4,dfdc_train_part_4
dfdc_train_part_4_gwhhwvbidr,test,fake,/workspace/data/raw/dfdc/dfdc_train_part_04/dfdc_train_part_4/gwhhwvbidr.mp4,dfdc_train_part_4
dfdc_train_part_4_qwosbspgoi,test,fake,/workspace/data/raw/dfdc/dfdc_train_part_04/dfdc_train_part_4/qwosbspgoi.mp4,dfdc_train_part_4
dfdc_train_part_4_iprrhqrxvd,test,fake,/workspace/data/raw/dfdc/dfdc_train_part_04/dfdc_train_part_4/iprrhqrxvd.mp4,dfdc_train_part_4
dfdc_train_part_4_maxvhossxf,test,fake,/workspace/data/raw/dfdc/dfdc_train_part_04/dfdc_train_part_4/maxvhossxf.mp4,dfdc_train_part_4
dfdc_train_part_4_vgrzgfgkct,test,fake,/workspace/data/raw/dfdc/dfdc_train_part_04/dfdc_train_part_4/vgrzgfgkct.mp4,dfdc_train_part_4
dfdc_train_part_4_gnzwqtcupx,test,fake,/workspace/data/raw/dfdc/dfdc_train_part_04/dfdc_train_part_4/gnzwqtcupx.mp4,dfdc_train_part_4
dfdc_train_part_4_nyavwtjvmd,test,fake,/workspace/data/raw/dfdc/dfdc_train_part_04/dfdc_train_part_4/nyavwtjvmd.mp4,dfdc_train_part_4
dfdc_train_part_4_fojmiqejht,test,fake,/workspace/data/raw/dfdc/dfdc_train_part_04/dfdc_train_part_4/fojmiqejht.mp4,dfdc_train_part_4
dfdc_train_part_4_boobpetndu,test,real,/workspace/data/raw/dfdc/dfdc_train_part_04/dfdc_train_part_4/boobpetndu.mp4,dfdc_train_part_4
dfdc_train_part_4_ehtzerphxf,test,fake,/workspace/data/raw/dfdc/dfdc_train_part_04/dfdc_train_part_4/ehtzerphxf.mp4,dfdc_train_part_4
dfdc_train_part_4_hajgwuytzh,test,real,/workspace/data/raw/dfdc/dfdc_train_part_04/dfdc_train_part_4/hajgwuytzh.mp4,dfdc_train_part_4
dfdc_train_part_4_deoexpsdqf,test,real,/workspace/data/raw/dfdc/dfdc_train_part_04/dfdc_train_part_4/deoexpsdqf.mp4,dfdc_train_part_4
dfdc_train_part_4_xusmhslwfm,test,fake,/workspace/data/raw/dfdc/dfdc_train_part_04/dfdc_train_part_4/xusmhslwfm.mp4,dfdc_train_part_4
dfdc_train_part_4_yelaceqqtw,test,fake,/workspace/data/raw/dfdc/dfdc_train_part_04/dfdc_train_part_4/yelaceqqtw.mp4,dfdc_train_part_4
dfdc_train_part_4_lzbywctalw,test,fake,/workspace/data/raw/dfdc/dfdc_train_part_04/dfdc_train_part_4/lzbywctalw.mp4,dfdc_train_part_4
dfdc_train_part_4_qhtyzltjxc,test,fake,/workspace/data/raw/dfdc/dfdc_train_part_04/dfdc_train_part_4/qhtyzltjxc.mp4,dfdc_train_part_4
dfdc_train_part_4_qdrdrwcani,test,fake,/workspace/data/raw/dfdc/dfdc_train_part_04/dfdc_train_part_4/qdrdrwcani.mp4,dfdc_train_part_4
dfdc_train_part_4_tuhizamjah,test,fake,/workspace/data/raw/dfdc/dfdc_train_part_04/dfdc_train_part_4/tuhizamjah.mp4,dfdc_train_part_4
dfdc_train_part_4_ohvhsopjko,test,fake,/workspace/data/raw/dfdc/dfdc_train_part_04/dfdc_train_part_4/ohvhsopjko.mp4,dfdc_train_part_4
dfdc_train_part_4_mlapkogbzz,test,real,/workspace/data/raw/dfdc/dfdc_train_part_04/dfdc_train_part_4/mlapkogbzz.mp4,dfdc_train_part_4
dfdc_train_part_4_hrzbzfnfbj,test,fake,/workspace/data/raw/dfdc/dfdc_train_part_04/dfdc_train_part_4/hrzbzfnfbj.mp4,dfdc_train_part_4
dfdc_train_part_4_jwjyxtjdvp,test,real,/workspace/data/raw/dfdc/dfdc_train_part_04/dfdc_train_part_4/jwjyxtjdvp.mp4,dfdc_train_part_4
dfdc_train_part_4_thlbusrchr,test,fake,/workspace/data/raw/dfdc/dfdc_train_part_04/dfdc_train_part_4/thlbusrchr.mp4,dfdc_train_part_4
dfdc_train_part_4_lzggfqecvr,test,fake,/workspace/data/raw/dfdc/dfdc_train_part_04/dfdc_train_part_4/lzggfqecvr.mp4,dfdc_train_part_4
dfdc_train_part_4_jmqzaqrguk,test,fake,/workspace/data/raw/dfdc/dfdc_train_part_04/dfdc_train_part_4/jmqzaqrguk.mp4,dfdc_train_part_4
dfdc_train_part_4_rbvcifizzm,test,real,/workspace/data/raw/dfdc/dfdc_train_part_04/dfdc_train_part_4/rbvcifizzm.mp4,dfdc_train_part_4
dfdc_train_part_4_peukesdpmk,test,fake,/workspace/data/raw/dfdc/dfdc_train_part_04/dfdc_train_part_4/peukesdpmk.mp4,dfdc_train_part_4
dfdc_train_part_4_qilihvfrte,test,fake,/workspace/data/raw/dfdc/dfdc_train_part_04/dfdc_train_part_4/qilihvfrte.mp4,dfdc_train_part_4
dfdc_train_part_4_kjgbdaldxv,test,fake,/workspace/data/raw/dfdc/dfdc_train_part_04/dfdc_train_part_4/kjgbdaldxv.mp4,dfdc_train_part_4
dfdc_train_part_4_nyrjcdijfj,test,fake,/workspace/data/raw/dfdc/dfdc_train_part_04/dfdc_train_part_4/nyrjcdijfj.mp4,dfdc_train_part_4
dfdc_train_part_4_aczigtxrgf,test,fake,/workspace/data/raw/dfdc/dfdc_train_part_04/dfdc_train_part_4/aczigtxrgf.mp4,dfdc_train_part_4
dfdc_train_part_4_skkzgucmdv,test,real,/workspace/data/raw/dfdc/dfdc_train_part_04/dfdc_train_part_4/skkzgucmdv.mp4,dfdc_train_part_4
dfdc_train_part_4_qpxfpesjlh,test,fake,/workspace/data/raw/dfdc/dfdc_train_part_04/dfdc_train_part_4/qpxfpesjlh.mp4,dfdc_train_part_4
dfdc_train_part_4_bxnnbryvwj,test,fake,/workspace/data/raw/dfdc/dfdc_train_part_04/dfdc_train_part_4/bxnnbryvwj.mp4,dfdc_train_part_4
dfdc_train_part_4_vfdwndutod,test,fake,/workspace/data/raw/dfdc/dfdc_train_part_04/dfdc_train_part_4/vfdwndutod.mp4,dfdc_train_part_4
dfdc_train_part_4_aesicqmigv,test,fake,/workspace/data/raw/dfdc/dfdc_train_part_04/dfdc_train_part_4/aesicqmigv.mp4,dfdc_train_part_4
dfdc_train_part_4_kiujopxeti,test,fake,/workspace/data/raw/dfdc/dfdc_train_part_04/dfdc_train_part_4/kiujopxeti.mp4,dfdc_train_part_4
dfdc_train_part_4_rkmykkoubd,test,fake,/workspace/data/raw/dfdc/dfdc_train_part_04/dfdc_train_part_4/rkmykkoubd.mp4,dfdc_train_part_4
dfdc_train_part_4_knzapnazlb,test,fake,/workspace/data/raw/dfdc/dfdc_train_part_04/dfdc_train_part_4/knzapnazlb.mp4,dfdc_train_part_4
dfdc_train_part_4_uxzsoijepr,test,fake,/workspace/data/raw/dfdc/dfdc_train_part_04/dfdc_train_part_4/uxzsoijepr.mp4,dfdc_train_part_4
dfdc_train_part_4_bfbpgqcfwi,test,fake,/workspace/data/raw/dfdc/dfdc_train_part_04/dfdc_train_part_4/bfbpgqcfwi.mp4,dfdc_train_part_4
dfdc_train_part_4_aqiwuvxump,test,fake,/workspace/data/raw/dfdc/dfdc_train_part_04/dfdc_train_part_4/aqiwuvxump.mp4,dfdc_train_part_4
dfdc_train_part_4_ihuowoqsgg,test,fake,/workspace/data/raw/dfdc/dfdc_train_part_04/dfdc_train_part_4/ihuowoqsgg.mp4,dfdc_train_part_4
dfdc_train_part_4_jnjbrknefd,test,fake,/workspace/data/raw/dfdc/dfdc_train_part_04/dfdc_train_part_4/jnjbrknefd.mp4,dfdc_train_part_4
dfdc_train_part_4_wfmqqboetr,test,fake,/workspace/data/raw/dfdc/dfdc_train_part_04/dfdc_train_part_4/wfmqqboetr.mp4,dfdc_train_part_4
dfdc_train_part_4_mwlqoyrjaq,test,fake,/workspace/data/raw/dfdc/dfdc_train_part_04/dfdc_train_part_4/mwlqoyrjaq.mp4,dfdc_train_part_4
dfdc_train_part_4_esjskfryfp,test,fake,/workspace/data/raw/dfdc/dfdc_train_part_04/dfdc_train_part_4/esjskfryfp.mp4,dfdc_train_part_4
dfdc_train_part_4_vtmtsvyrzi,test,fake,/workspace/data/raw/dfdc/dfdc_train_part_04/dfdc_train_part_4/vtmtsvyrzi.mp4,dfdc_train_part_4
dfdc_train_part_4_xyzbkthkye,test,fake,/workspace/data/raw/dfdc/dfdc_train_part_04/dfdc_train_part_4/xyzbkthkye.mp4,dfdc_train_part_4
dfdc_train_part_4_shlzbpwicq,test,fake,/workspace/data/raw/dfdc/dfdc_train_part_04/dfdc_train_part_4/shlzbpwicq.mp4,dfdc_train_part_4
dfdc_train_part_4_evyyxzgnmo,test,fake,/workspace/data/raw/dfdc/dfdc_train_part_04/dfdc_train_part_4/evyyxzgnmo.mp4,dfdc_train_part_4
dfdc_train_part_4_paxjtitipz,test,fake,/workspace/data/raw/dfdc/dfdc_train_part_04/dfdc_train_part_4/paxjtitipz.mp4,dfdc_train_part_4
dfdc_train_part_4_zufuwhgnfp,test,fake,/workspace/data/raw/dfdc/dfdc_train_part_04/dfdc_train_part_4/zufuwhgnfp.mp4,dfdc_train_part_4
dfdc_train_part_4_plgpfjbfiy,test,fake,/workspace/data/raw/dfdc/dfdc_train_part_04/dfdc_train_part_4/plgpfjbfiy.mp4,dfdc_train_part_4
dfdc_train_part_4_ipryudzonr,test,real,/workspace/data/raw/dfdc/dfdc_train_part_04/dfdc_train_part_4/ipryudzonr.mp4,dfdc_train_part_4
dfdc_train_part_4_pwmahldzbr,test,fake,/workspace/data/raw/dfdc/dfdc_train_part_04/dfdc_train_part_4/pwmahldzbr.mp4,dfdc_train_part_4
dfdc_train_part_4_tnyzgaiwea,test,fake,/workspace/data/raw/dfdc/dfdc_train_part_04/dfdc_train_part_4/tnyzgaiwea.mp4,dfdc_train_part_4
dfdc_train_part_4_yzxiaovljy,test,fake,/workspace/data/raw/dfdc/dfdc_train_part_04/dfdc_train_part_4/yzxiaovljy.mp4,dfdc_train_part_4
dfdc_train_part_4_vppzcozzwf,test,fake,/workspace/data/raw/dfdc/dfdc_train_part_04/dfdc_train_part_4/vppzcozzwf.mp4,dfdc_train_part_4
dfdc_train_part_4_bzhvtbfwdp,test,fake,/workspace/data/raw/dfdc/dfdc_train_part_04/dfdc_train_part_4/bzhvtbfwdp.mp4,dfdc_train_part_4
dfdc_train_part_4_ejvqorwbol,test,fake,/workspace/data/raw/dfdc/dfdc_train_part_04/dfdc_train_part_4/ejvqorwbol.mp4,dfdc_train_part_4
dfdc_train_part_4_mxfblxtind,test,fake,/workspace/data/raw/dfdc/dfdc_train_part_04/dfdc_train_part_4/mxfblxtind.mp4,dfdc_train_part_4
dfdc_train_part_4_xpxvszxmdx,test,fake,/workspace/data/raw/dfdc/dfdc_train_part_04/dfdc_train_part_4/xpxvszxmdx.mp4,dfdc_train_part_4
dfdc_train_part_4_rpcueyycgm,test,real,/workspace/data/raw/dfdc/dfdc_train_part_04/dfdc_train_part_4/rpcueyycgm.mp4,dfdc_train_part_4
dfdc_train_part_4_fmmwrjbman,test,fake,/workspace/data/raw/dfdc/dfdc_train_part_04/dfdc_train_part_4/fmmwrjbman.mp4,dfdc_train_part_4
dfdc_train_part_4_bziekeavpv,test,fake,/workspace/data/raw/dfdc/dfdc_train_part_04/dfdc_train_part_4/bziekeavpv.mp4,dfdc_train_part_4
dfdc_train_part_4_nccigdndow,test,fake,/workspace/data/raw/dfdc/dfdc_train_part_04/dfdc_train_part_4/nccigdndow.mp4,dfdc_train_part_4
dfdc_train_part_4_tbtckqxqtw,test,fake,/workspace/data/raw/dfdc/dfdc_train_part_04/dfdc_train_part_4/tbtckqxqtw.mp4,dfdc_train_part_4
dfdc_train_part_4_edmtrwmxkl,test,fake,/workspace/data/raw/dfdc/dfdc_train_part_04/dfdc_train_part_4/edmtrwmxkl.mp4,dfdc_train_part_4
dfdc_train_part_4_jgxmuqhjhy,test,fake,/workspace/data/raw/dfdc/dfdc_train_part_04/dfdc_train_part_4/jgxmuqhjhy.mp4,dfdc_train_part_4
dfdc_train_part_4_cvcgyphqfh,test,fake,/workspace/data/raw/dfdc/dfdc_train_part_04/dfdc_train_part_4/cvcgyphqfh.mp4,dfdc_train_part_4
dfdc_train_part_4_rvhdiancpz,test,fake,/workspace/data/raw/dfdc/dfdc_train_part_04/dfdc_train_part_4/rvhdiancpz.mp4,dfdc_train_part_4
dfdc_train_part_4_mkjyhvzzaa,test,fake,/workspace/data/raw/dfdc/dfdc_train_part_04/dfdc_train_part_4/mkjyhvzzaa.mp4,dfdc_train_part_4
dfdc_train_part_4_bqiivuyign,test,fake,/workspace/data/raw/dfdc/dfdc_train_part_04/dfdc_train_part_4/bqiivuyign.mp4,dfdc_train_part_4
dfdc_train_part_4_wpkwisfgyv,test,fake,/workspace/data/raw/dfdc/dfdc_train_part_04/dfdc_train_part_4/wpkwisfgyv.mp4,dfdc_train_part_4
dfdc_train_part_4_xszwbxrtgc,test,fake,/workspace/data/raw/dfdc/dfdc_train_part_04/dfdc_train_part_4/xszwbxrtgc.mp4,dfdc_train_part_4
dfdc_train_part_4_vaghiaapwi,test,fake,/workspace/data/raw/dfdc/dfdc_train_part_04/dfdc_train_part_4/vaghiaapwi.mp4,dfdc_train_part_4
dfdc_train_part_4_kryrpsthjp,test,fake,/workspace/data/raw/dfdc/dfdc_train_part_04/dfdc_train_part_4/kryrpsthjp.mp4,dfdc_train_part_4
dfdc_train_part_4_dmwctqmxjt,test,fake,/workspace/data/raw/dfdc/dfdc_train_part_04/dfdc_train_part_4/dmwctqmxjt.mp4,dfdc_train_part_4
dfdc_train_part_4_dswvtfyjhv,test,fake,/workspace/data/raw/dfdc/dfdc_train_part_04/dfdc_train_part_4/dswvtfyjhv.mp4,dfdc_train_part_4
dfdc_train_part_4_hyimplklmb,test,fake,/workspace/data/raw/dfdc/dfdc_train_part_04/dfdc_train_part_4/hyimplklmb.mp4,dfdc_train_part_4
dfdc_train_part_4_ltfvpafmgk,test,fake,/workspace/data/raw/dfdc/dfdc_train_part_04/dfdc_train_part_4/ltfvpafmgk.mp4,dfdc_train_part_4
dfdc_train_part_4_imbhofyohf,test,real,/workspace/data/raw/dfdc/dfdc_train_part_04/dfdc_train_part_4/imbhofyohf.mp4,dfdc_train_part_4
dfdc_train_part_4_xfhsuykavn,test,fake,/workspace/data/raw/dfdc/dfdc_train_part_04/dfdc_train_part_4/xfhsuykavn.mp4,dfdc_train_part_4
dfdc_train_part_4_smchlpuqac,test,fake,/workspace/data/raw/dfdc/dfdc_train_part_04/dfdc_train_part_4/smchlpuqac.mp4,dfdc_train_part_4
dfdc_train_part_4_mzpveglnyf,test,fake,/workspace/data/raw/dfdc/dfdc_train_part_04/dfdc_train_part_4/mzpveglnyf.mp4,dfdc_train_part_4
dfdc_train_part_4_ajozokmfyd,test,fake,/workspace/data/raw/dfdc/dfdc_train_part_04/dfdc_train_part_4/ajozokmfyd.mp4,dfdc_train_part_4
dfdc_train_part_4_uhdqecemtc,test,fake,/workspace/data/raw/dfdc/dfdc_train_part_04/dfdc_train_part_4/uhdqecemtc.mp4,dfdc_train_part_4
dfdc_train_part_4_tmowrpjacr,test,fake,/workspace/data/raw/dfdc/dfdc_train_part_04/dfdc_train_part_4/tmowrpjacr.mp4,dfdc_train_part_4
dfdc_train_part_4_oyprndrjcx,test,fake,/workspace/data/raw/dfdc/dfdc_train_part_04/dfdc_train_part_4/oyprndrjcx.mp4,dfdc_train_part_4
dfdc_train_part_4_txdcmspaaa,test,fake,/workspace/data/raw/dfdc/dfdc_train_part_04/dfdc_train_part_4/txdcmspaaa.mp4,dfdc_train_part_4
dfdc_train_part_4_pzdtyjvvll,test,fake,/workspace/data/raw/dfdc/dfdc_train_part_04/dfdc_train_part_4/pzdtyjvvll.mp4,dfdc_train_part_4
dfdc_train_part_4_ewvcoskmnu,test,fake,/workspace/data/raw/dfdc/dfdc_train_part_04/dfdc_train_part_4/ewvcoskmnu.mp4,dfdc_train_part_4
dfdc_train_part_4_jwwuhcxrxb,test,fake,/workspace/data/raw/dfdc/dfdc_train_part_04/dfdc_train_part_4/jwwuhcxrxb.mp4,dfdc_train_part_4
dfdc_train_part_4_vxfsdxzxnj,test,fake,/workspace/data/raw/dfdc/dfdc_train_part_04/dfdc_train_part_4/vxfsdxzxnj.mp4,dfdc_train_part_4
dfdc_train_part_4_mjrdizjvsc,test,fake,/workspace/data/raw/dfdc/dfdc_train_part_04/dfdc_train_part_4/mjrdizjvsc.mp4,dfdc_train_part_4
dfdc_train_part_4_phtwqvezao,test,real,/workspace/data/raw/dfdc/dfdc_train_part_04/dfdc_train_part_4/phtwqvezao.mp4,dfdc_train_part_4
dfdc_train_part_4_sjovujvjfe,test,fake,/workspace/data/raw/dfdc/dfdc_train_part_04/dfdc_train_part_4/sjovujvjfe.mp4,dfdc_train_part_4
dfdc_train_part_4_dtzxmoukfk,test,fake,/workspace/data/raw/dfdc/dfdc_train_part_04/dfdc_train_part_4/dtzxmoukfk.mp4,dfdc_train_part_4
dfdc_train_part_4_iaionsbhss,test,fake,/workspace/data/raw/dfdc/dfdc_train_part_04/dfdc_train_part_4/iaionsbhss.mp4,dfdc_train_part_4
dfdc_train_part_4_cugflmdnrp,test,fake,/workspace/data/raw/dfdc/dfdc_train_part_04/dfdc_train_part_4/cugflmdnrp.mp4,dfdc_train_part_4
dfdc_train_part_4_mftsmkczel,test,fake,/workspace/data/raw/dfdc/dfdc_train_part_04/dfdc_train_part_4/mftsmkczel.mp4,dfdc_train_part_4
dfdc_train_part_4_qicatlbnfr,test,fake,/workspace/data/raw/dfdc/dfdc_train_part_04/dfdc_train_part_4/qicatlbnfr.mp4,dfdc_train_part_4
dfdc_train_part_4_luwhbersrw,test,fake,/workspace/data/raw/dfdc/dfdc_train_part_04/dfdc_train_part_4/luwhbersrw.mp4,dfdc_train_part_4
dfdc_train_part_4_dkrgfpeoft,test,fake,/workspace/data/raw/dfdc/dfdc_train_part_04/dfdc_train_part_4/dkrgfpeoft.mp4,dfdc_train_part_4
dfdc_train_part_4_ukpahpwqlr,test,fake,/workspace/data/raw/dfdc/dfdc_train_part_04/dfdc_train_part_4/ukpahpwqlr.mp4,dfdc_train_part_4
dfdc_train_part_4_hstqyyjcyr,test,fake,/workspace/data/raw/dfdc/dfdc_train_part_04/dfdc_train_part_4/hstqyyjcyr.mp4,dfdc_train_part_4
dfdc_train_part_4_ibseuodsgc,test,fake,/workspace/data/raw/dfdc/dfdc_train_part_04/dfdc_train_part_4/ibseuodsgc.mp4,dfdc_train_part_4
dfdc_train_part_4_omceymdank,test,fake,/workspace/data/raw/dfdc/dfdc_train_part_04/dfdc_train_part_4/omceymdank.mp4,dfdc_train_part_4
dfdc_train_part_4_omlftudlje,test,fake,/workspace/data/raw/dfdc/dfdc_train_part_04/dfdc_train_part_4/omlftudlje.mp4,dfdc_train_part_4
dfdc_train_part_4_qeulyguklg,test,fake,/workspace/data/raw/dfdc/dfdc_train_part_04/dfdc_train_part_4/qeulyguklg.mp4,dfdc_train_part_4
dfdc_train_part_4_legegarybk,test,fake,/workspace/data/raw/dfdc/dfdc_train_part_04/dfdc_train_part_4/legegarybk.mp4,dfdc_train_part_4
dfdc_train_part_4_ofwjwemovw,test,real,/workspace/data/raw/dfdc/dfdc_train_part_04/dfdc_train_part_4/ofwjwemovw.mp4,dfdc_train_part_4
dfdc_train_part_4_hoihzcvsgv,test,fake,/workspace/data/raw/dfdc/dfdc_train_part_04/dfdc_train_part_4/hoihzcvsgv.mp4,dfdc_train_part_4
dfdc_train_part_4_gdwewinnpp,test,fake,/workspace/data/raw/dfdc/dfdc_train_part_04/dfdc_train_part_4/gdwewinnpp.mp4,dfdc_train_part_4
dfdc_train_part_4_xsauiuyqvq,test,fake,/workspace/data/raw/dfdc/dfdc_train_part_04/dfdc_train_part_4/xsauiuyqvq.mp4,dfdc_train_part_4
dfdc_train_part_4_xcdgptjrfz,test,fake,/workspace/data/raw/dfdc/dfdc_train_part_04/dfdc_train_part_4/xcdgptjrfz.mp4,dfdc_train_part_4
dfdc_train_part_4_ioiqejhmtf,test,fake,/workspace/data/raw/dfdc/dfdc_train_part_04/dfdc_train_part_4/ioiqejhmtf.mp4,dfdc_train_part_4
dfdc_train_part_4_saivfswzxq,test,fake,/workspace/data/raw/dfdc/dfdc_train_part_04/dfdc_train_part_4/saivfswzxq.mp4,dfdc_train_part_4
dfdc_train_part_4_wwhrhyqbtb,test,fake,/workspace/data/raw/dfdc/dfdc_train_part_04/dfdc_train_part_4/wwhrhyqbtb.mp4,dfdc_train_part_4
dfdc_train_part_4_qdwbxkqsyd,test,fake,/workspace/data/raw/dfdc/dfdc_train_part_04/dfdc_train_part_4/qdwbxkqsyd.mp4,dfdc_train_part_4
dfdc_train_part_4_mwbhwrjoiq,test,fake,/workspace/data/raw/dfdc/dfdc_train_part_04/dfdc_train_part_4/mwbhwrjoiq.mp4,dfdc_train_part_4
dfdc_train_part_4_kigahxiwil,test,fake,/workspace/data/raw/dfdc/dfdc_train_part_04/dfdc_train_part_4/kigahxiwil.mp4,dfdc_train_part_4
dfdc_train_part_4_mrzxwbdycf,test,fake,/workspace/data/raw/dfdc/dfdc_train_part_04/dfdc_train_part_4/mrzxwbdycf.mp4,dfdc_train_part_4
dfdc_train_part_4_kjbtcebopg,test,fake,/workspace/data/raw/dfdc/dfdc_train_part_04/dfdc_train_part_4/kjbtcebopg.mp4,dfdc_train_part_4
dfdc_train_part_4_bfhgudaysl,test,fake,/workspace/data/raw/dfdc/dfdc_train_part_04/dfdc_train_part_4/bfhgudaysl.mp4,dfdc_train_part_4
dfdc_train_part_4_mjetzeswnn,test,fake,/workspace/data/raw/dfdc/dfdc_train_part_04/dfdc_train_part_4/mjetzeswnn.mp4,dfdc_train_part_4
dfdc_train_part_4_sfeslgxoik,test,fake,/workspace/data/raw/dfdc/dfdc_train_part_04/dfdc_train_part_4/sfeslgxoik.mp4,dfdc_train_part_4
dfdc_train_part_4_lrzrbjrmpo,test,fake,/workspace/data/raw/dfdc/dfdc_train_part_04/dfdc_train_part_4/lrzrbjrmpo.mp4,dfdc_train_part_4
dfdc_train_part_4_iihsomcgkj,test,fake,/workspace/data/raw/dfdc/dfdc_train_part_04/dfdc_train_part_4/iihsomcgkj.mp4,dfdc_train_part_4
dfdc_train_part_4_mgvglvwovs,test,fake,/workspace/data/raw/dfdc/dfdc_train_part_04/dfdc_train_part_4/mgvglvwovs.mp4,dfdc_train_part_4
dfdc_train_part_4_krvbwmboog,test,fake,/workspace/data/raw/dfdc/dfdc_train_part_04/dfdc_train_part_4/krvbwmboog.mp4,dfdc_train_part_4
dfdc_train_part_4_otmgwrxtss,test,fake,/workspace/data/raw/dfdc/dfdc_train_part_04/dfdc_train_part_4/otmgwrxtss.mp4,dfdc_train_part_4
dfdc_train_part_4_xvwzcguypx,test,fake,/workspace/data/raw/dfdc/dfdc_train_part_04/dfdc_train_part_4/xvwzcguypx.mp4,dfdc_train_part_4
dfdc_train_part_4_lyrmmkfady,test,fake,/workspace/data/raw/dfdc/dfdc_train_part_04/dfdc_train_part_4/lyrmmkfady.mp4,dfdc_train_part_4
dfdc_train_part_4_jsjbfknigi,test,fake,/workspace/data/raw/dfdc/dfdc_train_part_04/dfdc_train_part_4/jsjbfknigi.mp4,dfdc_train_part_4
dfdc_train_part_4_zdrgcthmjy,test,fake,/workspace/data/raw/dfdc/dfdc_train_part_04/dfdc_train_part_4/zdrgcthmjy.mp4,dfdc_train_part_4
dfdc_train_part_4_sgezhwlsdq,test,fake,/workspace/data/raw/dfdc/dfdc_train_part_04/dfdc_train_part_4/sgezhwlsdq.mp4,dfdc_train_part_4
dfdc_train_part_4_qrsxqnrhbm,test,fake,/workspace/data/raw/dfdc/dfdc_train_part_04/dfdc_train_part_4/qrsxqnrhbm.mp4,dfdc_train_part_4
dfdc_train_part_4_eeplnfjawz,test,fake,/workspace/data/raw/dfdc/dfdc_train_part_04/dfdc_train_part_4/eeplnfjawz.mp4,dfdc_train_part_4
dfdc_train_part_4_dudkzqczwl,test,fake,/workspace/data/raw/dfdc/dfdc_train_part_04/dfdc_train_part_4/dudkzqczwl.mp4,dfdc_train_part_4
dfdc_train_part_4_cgdixdaaql,test,fake,/workspace/data/raw/dfdc/dfdc_train_part_04/dfdc_train_part_4/cgdixdaaql.mp4,dfdc_train_part_4
dfdc_train_part_4_ylsrifcgco,test,fake,/workspace/data/raw/dfdc/dfdc_train_part_04/dfdc_train_part_4/ylsrifcgco.mp4,dfdc_train_part_4
dfdc_train_part_4_umkcmvnmrp,test,fake,/workspace/data/raw/dfdc/dfdc_train_part_04/dfdc_train_part_4/umkcmvnmrp.mp4,dfdc_train_part_4
dfdc_train_part_4_ebpcpykogz,test,real,/workspace/data/raw/dfdc/dfdc_train_part_04/dfdc_train_part_4/ebpcpykogz.mp4,dfdc_train_part_4
dfdc_train_part_4_izurqowaxf,test,fake,/workspace/data/raw/dfdc/dfdc_train_part_04/dfdc_train_part_4/izurqowaxf.mp4,dfdc_train_part_4
dfdc_train_part_4_thragtlguq,test,fake,/workspace/data/raw/dfdc/dfdc_train_part_04/dfdc_train_part_4/thragtlguq.mp4,dfdc_train_part_4
dfdc_train_part_4_zuduhdfojh,test,fake,/workspace/data/raw/dfdc/dfdc_train_part_04/dfdc_train_part_4/zuduhdfojh.mp4,dfdc_train_part_4
dfdc_train_part_4_caocfxbmjj,test,fake,/workspace/data/raw/dfdc/dfdc_train_part_04/dfdc_train_part_4/caocfxbmjj.mp4,dfdc_train_part_4
dfdc_train_part_4_vimhuqnopj,test,fake,/workspace/data/raw/dfdc/dfdc_train_part_04/dfdc_train_part_4/vimhuqnopj.mp4,dfdc_train_part_4
dfdc_train_part_4_mzullguyun,test,fake,/workspace/data/raw/dfdc/dfdc_train_part_04/dfdc_train_part_4/mzullguyun.mp4,dfdc_train_part_4
dfdc_train_part_4_cdcaedaavn,test,fake,/workspace/data/raw/dfdc/dfdc_train_part_04/dfdc_train_part_4/cdcaedaavn.mp4,dfdc_train_part_4
dfdc_train_part_4_kdbvbybhvz,test,real,/workspace/data/raw/dfdc/dfdc_train_part_04/dfdc_train_part_4/kdbvbybhvz.mp4,dfdc_train_part_4
dfdc_train_part_4_odejmyxjsn,test,fake,/workspace/data/raw/dfdc/dfdc_train_part_04/dfdc_train_part_4/odejmyxjsn.mp4,dfdc_train_part_4
dfdc_train_part_4_heebdhemin,test,fake,/workspace/data/raw/dfdc/dfdc_train_part_04/dfdc_train_part_4/heebdhemin.mp4,dfdc_train_part_4
dfdc_train_part_4_sekosqymqa,test,fake,/workspace/data/raw/dfdc/dfdc_train_part_04/dfdc_train_part_4/sekosqymqa.mp4,dfdc_train_part_4
dfdc_train_part_4_ttbkjddrnn,test,fake,/workspace/data/raw/dfdc/dfdc_train_part_04/dfdc_train_part_4/ttbkjddrnn.mp4,dfdc_train_part_4
dfdc_train_part_4_uwjvhlqeob,test,fake,/workspace/data/raw/dfdc/dfdc_train_part_04/dfdc_train_part_4/uwjvhlqeob.mp4,dfdc_train_part_4
dfdc_train_part_4_hjsvoblumx,test,fake,/workspace/data/raw/dfdc/dfdc_train_part_04/dfdc_train_part_4/hjsvoblumx.mp4,dfdc_train_part_4
dfdc_train_part_4_iesxfvntdp,test,fake,/workspace/data/raw/dfdc/dfdc_train_part_04/dfdc_train_part_4/iesxfvntdp.mp4,dfdc_train_part_4
dfdc_train_part_4_tufxnslbom,test,fake,/workspace/data/raw/dfdc/dfdc_train_part_04/dfdc_train_part_4/tufxnslbom.mp4,dfdc_train_part_4
dfdc_train_part_4_qechlfmdtv,test,fake,/workspace/data/raw/dfdc/dfdc_train_part_04/dfdc_train_part_4/qechlfmdtv.mp4,dfdc_train_part_4
dfdc_train_part_4_tftewbeqgk,test,fake,/workspace/data/raw/dfdc/dfdc_train_part_04/dfdc_train_part_4/tftewbeqgk.mp4,dfdc_train_part_4
dfdc_train_part_4_scihhzghat,test,fake,/workspace/data/raw/dfdc/dfdc_train_part_04/dfdc_train_part_4/scihhzghat.mp4,dfdc_train_part_4
dfdc_train_part_4_nqoojvyaiy,test,fake,/workspace/data/raw/dfdc/dfdc_train_part_04/dfdc_train_part_4/nqoojvyaiy.mp4,dfdc_train_part_4
dfdc_train_part_4_emunkvnrqv,test,fake,/workspace/data/raw/dfdc/dfdc_train_part_04/dfdc_train_part_4/emunkvnrqv.mp4,dfdc_train_part_4
dfdc_train_part_4_tdcdquqdia,test,fake,/workspace/data/raw/dfdc/dfdc_train_part_04/dfdc_train_part_4/tdcdquqdia.mp4,dfdc_train_part_4
dfdc_train_part_4_vzwxzyygdn,test,fake,/workspace/data/raw/dfdc/dfdc_train_part_04/dfdc_train_part_4/vzwxzyygdn.mp4,dfdc_train_part_4
dfdc_train_part_4_geywccqnyg,test,fake,/workspace/data/raw/dfdc/dfdc_train_part_04/dfdc_train_part_4/geywccqnyg.mp4,dfdc_train_part_4
dfdc_train_part_4_gpqbskhnny,test,fake,/workspace/data/raw/dfdc/dfdc_train_part_04/dfdc_train_part_4/gpqbskhnny.mp4,dfdc_train_part_4
dfdc_train_part_4_hgzmovwegj,test,fake,/workspace/data/raw/dfdc/dfdc_train_part_04/dfdc_train_part_4/hgzmovwegj.mp4,dfdc_train_part_4
dfdc_train_part_4_tzymnaotuh,test,fake,/workspace/data/raw/dfdc/dfdc_train_part_04/dfdc_train_part_4/tzymnaotuh.mp4,dfdc_train_part_4
dfdc_train_part_4_bneqwtomed,test,fake,/workspace/data/raw/dfdc/dfdc_train_part_04/dfdc_train_part_4/bneqwtomed.mp4,dfdc_train_part_4
dfdc_train_part_4_fhbtqhyqmv,test,fake,/workspace/data/raw/dfdc/dfdc_train_part_04/dfdc_train_part_4/fhbtqhyqmv.mp4,dfdc_train_part_4
dfdc_train_part_4_tmfamikbwm,test,fake,/workspace/data/raw/dfdc/dfdc_train_part_04/dfdc_train_part_4/tmfamikbwm.mp4,dfdc_train_part_4
dfdc_train_part_4_tmfpjfuyzh,test,fake,/workspace/data/raw/dfdc/dfdc_train_part_04/dfdc_train_part_4/tmfpjfuyzh.mp4,dfdc_train_part_4
dfdc_train_part_4_qvpntddupb,test,fake,/workspace/data/raw/dfdc/dfdc_train_part_04/dfdc_train_part_4/qvpntddupb.mp4,dfdc_train_part_4
dfdc_train_part_4_kekcewiqhl,test,fake,/workspace/data/raw/dfdc/dfdc_train_part_04/dfdc_train_part_4/kekcewiqhl.mp4,dfdc_train_part_4
dfdc_train_part_4_luxybgpeww,test,fake,/workspace/data/raw/dfdc/dfdc_train_part_04/dfdc_train_part_4/luxybgpeww.mp4,dfdc_train_part_4
dfdc_train_part_4_znwjfyowfe,test,fake,/workspace/data/raw/dfdc/dfdc_train_part_04/dfdc_train_part_4/znwjfyowfe.mp4,dfdc_train_part_4
dfdc_train_part_4_ctckdmusun,test,fake,/workspace/data/raw/dfdc/dfdc_train_part_04/dfdc_train_part_4/ctckdmusun.mp4,dfdc_train_part_4
dfdc_train_part_4_tmhvbtmddg,test,fake,/workspace/data/raw/dfdc/dfdc_train_part_04/dfdc_train_part_4/tmhvbtmddg.mp4,dfdc_train_part_4
dfdc_train_part_4_menyidamkz,test,fake,/workspace/data/raw/dfdc/dfdc_train_part_04/dfdc_train_part_4/menyidamkz.mp4,dfdc_train_part_4
dfdc_train_part_4_rrtdgbxwul,test,fake,/workspace/data/raw/dfdc/dfdc_train_part_04/dfdc_train_part_4/rrtdgbxwul.mp4,dfdc_train_part_4
dfdc_train_part_4_skjzebhser,test,fake,/workspace/data/raw/dfdc/dfdc_train_part_04/dfdc_train_part_4/skjzebhser.mp4,dfdc_train_part_4
dfdc_train_part_4_hpnhewmrqv,test,fake,/workspace/data/raw/dfdc/dfdc_train_part_04/dfdc_train_part_4/hpnhewmrqv.mp4,dfdc_train_part_4
dfdc_train_part_4_whvzrqbyxb,test,fake,/workspace/data/raw/dfdc/dfdc_train_part_04/dfdc_train_part_4/whvzrqbyxb.mp4,dfdc_train_part_4
dfdc_train_part_4_nrsfkaptcv,test,fake,/workspace/data/raw/dfdc/dfdc_train_part_04/dfdc_train_part_4/nrsfkaptcv.mp4,dfdc_train_part_4
dfdc_train_part_4_dxbadsmdle,test,fake,/workspace/data/raw/dfdc/dfdc_train_part_04/dfdc_train_part_4/dxbadsmdle.mp4,dfdc_train_part_4
dfdc_train_part_4_nlrjrefadt,test,fake,/workspace/data/raw/dfdc/dfdc_train_part_04/dfdc_train_part_4/nlrjrefadt.mp4,dfdc_train_part_4
dfdc_train_part_4_vgrssfesyn,test,fake,/workspace/data/raw/dfdc/dfdc_train_part_04/dfdc_train_part_4/vgrssfesyn.mp4,dfdc_train_part_4
dfdc_train_part_4_kkcqykomkx,test,fake,/workspace/data/raw/dfdc/dfdc_train_part_04/dfdc_train_part_4/kkcqykomkx.mp4,dfdc_train_part_4
dfdc_train_part_4_eshpypfpwg,test,fake,/workspace/data/raw/dfdc/dfdc_train_part_04/dfdc_train_part_4/eshpypfpwg.mp4,dfdc_train_part_4
dfdc_train_part_4_gqooyqcmpv,test,fake,/workspace/data/raw/dfdc/dfdc_train_part_04/dfdc_train_part_4/gqooyqcmpv.mp4,dfdc_train_part_4
dfdc_train_part_4_dqgjsmzcel,test,fake,/workspace/data/raw/dfdc/dfdc_train_part_04/dfdc_train_part_4/dqgjsmzcel.mp4,dfdc_train_part_4
dfdc_train_part_4_ebvezhagrw,test,fake,/workspace/data/raw/dfdc/dfdc_train_part_04/dfdc_train_part_4/ebvezhagrw.mp4,dfdc_train_part_4
dfdc_train_part_4_boamzvextx,test,fake,/workspace/data/raw/dfdc/dfdc_train_part_04/dfdc_train_part_4/boamzvextx.mp4,dfdc_train_part_4
dfdc_train_part_4_pcnhxmvamd,test,fake,/workspace/data/raw/dfdc/dfdc_train_part_04/dfdc_train_part_4/pcnhxmvamd.mp4,dfdc_train_part_4
dfdc_train_part_4_jfecpdvglu,test,fake,/workspace/data/raw/dfdc/dfdc_train_part_04/dfdc_train_part_4/jfecpdvglu.mp4,dfdc_train_part_4
dfdc_train_part_4_asnnogwqkh,test,fake,/workspace/data/raw/dfdc/dfdc_train_part_04/dfdc_train_part_4/asnnogwqkh.mp4,dfdc_train_part_4
dfdc_train_part_4_ytbdhpfngo,test,fake,/workspace/data/raw/dfdc/dfdc_train_part_04/dfdc_train_part_4/ytbdhpfngo.mp4,dfdc_train_part_4
dfdc_train_part_4_fzqhufhqfw,test,fake,/workspace/data/raw/dfdc/dfdc_train_part_04/dfdc_train_part_4/fzqhufhqfw.mp4,dfdc_train_part_4
dfdc_train_part_4_izgxpoccwo,test,fake,/workspace/data/raw/dfdc/dfdc_train_part_04/dfdc_train_part_4/izgxpoccwo.mp4,dfdc_train_part_4
dfdc_train_part_4_rkewdbjmeu,test,fake,/workspace/data/raw/dfdc/dfdc_train_part_04/dfdc_train_part_4/rkewdbjmeu.mp4,dfdc_train_part_4
dfdc_train_part_4_byyyvzsaet,test,fake,/workspace/data/raw/dfdc/dfdc_train_part_04/dfdc_train_part_4/byyyvzsaet.mp4,dfdc_train_part_4
dfdc_train_part_4_wpqxyjvasu,test,fake,/workspace/data/raw/dfdc/dfdc_train_part_04/dfdc_train_part_4/wpqxyjvasu.mp4,dfdc_train_part_4
dfdc_train_part_4_axbffpjqpj,test,fake,/workspace/data/raw/dfdc/dfdc_train_part_04/dfdc_train_part_4/axbffpjqpj.mp4,dfdc_train_part_4
dfdc_train_part_4_rbnfvqyses,test,real,/workspace/data/raw/dfdc/dfdc_train_part_04/dfdc_train_part_4/rbnfvqyses.mp4,dfdc_train_part_4
dfdc_train_part_4_mpgpikincg,test,fake,/workspace/data/raw/dfdc/dfdc_train_part_04/dfdc_train_part_4/mpgpikincg.mp4,dfdc_train_part_4
dfdc_train_part_4_huakttluoz,test,fake,/workspace/data/raw/dfdc/dfdc_train_part_04/dfdc_train_part_4/huakttluoz.mp4,dfdc_train_part_4
dfdc_train_part_4_clsuuljblu,test,fake,/workspace/data/raw/dfdc/dfdc_train_part_04/dfdc_train_part_4/clsuuljblu.mp4,dfdc_train_part_4
dfdc_train_part_4_ofwfaxpqmy,test,fake,/workspace/data/raw/dfdc/dfdc_train_part_04/dfdc_train_part_4/ofwfaxpqmy.mp4,dfdc_train_part_4
dfdc_train_part_4_ltnuuyoovr,test,fake,/workspace/data/raw/dfdc/dfdc_train_part_04/dfdc_train_part_4/ltnuuyoovr.mp4,dfdc_train_part_4
dfdc_train_part_4_ozxpgzwzbx,test,fake,/workspace/data/raw/dfdc/dfdc_train_part_04/dfdc_train_part_4/ozxpgzwzbx.mp4,dfdc_train_part_4
dfdc_train_part_4_zfooqrkgcz,test,fake,/workspace/data/raw/dfdc/dfdc_train_part_04/dfdc_train_part_4/zfooqrkgcz.mp4,dfdc_train_part_4
dfdc_train_part_4_lsatzfryek,test,fake,/workspace/data/raw/dfdc/dfdc_train_part_04/dfdc_train_part_4/lsatzfryek.mp4,dfdc_train_part_4
dfdc_train_part_4_sjhuatqirt,test,fake,/workspace/data/raw/dfdc/dfdc_train_part_04/dfdc_train_part_4/sjhuatqirt.mp4,dfdc_train_part_4
dfdc_train_part_4_ylnedgotuc,test,fake,/workspace/data/raw/dfdc/dfdc_train_part_04/dfdc_train_part_4/ylnedgotuc.mp4,dfdc_train_part_4
dfdc_train_part_4_avgfqtedcd,test,fake,/workspace/data/raw/dfdc/dfdc_train_part_04/dfdc_train_part_4/avgfqtedcd.mp4,dfdc_train_part_4
dfdc_train_part_4_nwboifkqfm,test,fake,/workspace/data/raw/dfdc/dfdc_train_part_04/dfdc_train_part_4/nwboifkqfm.mp4,dfdc_train_part_4
dfdc_train_part_4_fdfkccudyt,test,fake,/workspace/data/raw/dfdc/dfdc_train_part_04/dfdc_train_part_4/fdfkccudyt.mp4,dfdc_train_part_4
dfdc_train_part_4_jlfltjblid,test,fake,/workspace/data/raw/dfdc/dfdc_train_part_04/dfdc_train_part_4/jlfltjblid.mp4,dfdc_train_part_4
dfdc_train_part_4_bkkdcgdoya,test,fake,/workspace/data/raw/dfdc/dfdc_train_part_04/dfdc_train_part_4/bkkdcgdoya.mp4,dfdc_train_part_4
dfdc_train_part_4_iqvvykallr,test,fake,/workspace/data/raw/dfdc/dfdc_train_part_04/dfdc_train_part_4/iqvvykallr.mp4,dfdc_train_part_4
dfdc_train_part_4_irddfguovg,test,fake,/workspace/data/raw/dfdc/dfdc_train_part_04/dfdc_train_part_4/irddfguovg.mp4,dfdc_train_part_4
dfdc_train_part_4_yjlqmmufse,test,fake,/workspace/data/raw/dfdc/dfdc_train_part_04/dfdc_train_part_4/yjlqmmufse.mp4,dfdc_train_part_4
dfdc_train_part_4_wiaiztlfzg,test,real,/workspace/data/raw/dfdc/dfdc_train_part_04/dfdc_train_part_4/wiaiztlfzg.mp4,dfdc_train_part_4
dfdc_train_part_4_lfiuxgvxkf,test,fake,/workspace/data/raw/dfdc/dfdc_train_part_04/dfdc_train_part_4/lfiuxgvxkf.mp4,dfdc_train_part_4
dfdc_train_part_4_jpghekbgdy,test,real,/workspace/data/raw/dfdc/dfdc_train_part_04/dfdc_train_part_4/jpghekbgdy.mp4,dfdc_train_part_4
dfdc_train_part_4_bweepvlxli,test,fake,/workspace/data/raw/dfdc/dfdc_train_part_04/dfdc_train_part_4/bweepvlxli.mp4,dfdc_train_part_4
dfdc_train_part_4_yijteiprpz,test,fake,/workspace/data/raw/dfdc/dfdc_train_part_04/dfdc_train_part_4/yijteiprpz.mp4,dfdc_train_part_4
dfdc_train_part_4_zitzfjzqfr,test,fake,/workspace/data/raw/dfdc/dfdc_train_part_04/dfdc_train_part_4/zitzfjzqfr.mp4,dfdc_train_part_4
dfdc_train_part_4_tvihzkjdmm,test,real,/workspace/data/raw/dfdc/dfdc_train_part_04/dfdc_train_part_4/tvihzkjdmm.mp4,dfdc_train_part_4
dfdc_train_part_4_kyhbwmyjtn,test,fake,/workspace/data/raw/dfdc/dfdc_train_part_04/dfdc_train_part_4/kyhbwmyjtn.mp4,dfdc_train_part_4
dfdc_train_part_4_mzijagvmmz,test,fake,/workspace/data/raw/dfdc/dfdc_train_part_04/dfdc_train_part_4/mzijagvmmz.mp4,dfdc_train_part_4
dfdc_train_part_4_intjehdtxz,test,fake,/workspace/data/raw/dfdc/dfdc_train_part_04/dfdc_train_part_4/intjehdtxz.mp4,dfdc_train_part_4
dfdc_train_part_4_mwjecnmcen,test,fake,/workspace/data/raw/dfdc/dfdc_train_part_04/dfdc_train_part_4/mwjecnmcen.mp4,dfdc_train_part_4
dfdc_train_part_4_cbhyxgmokb,test,fake,/workspace/data/raw/dfdc/dfdc_train_part_04/dfdc_train_part_4/cbhyxgmokb.mp4,dfdc_train_part_4
dfdc_train_part_4_icasbucwjj,test,fake,/workspace/data/raw/dfdc/dfdc_train_part_04/dfdc_train_part_4/icasbucwjj.mp4,dfdc_train_part_4
dfdc_train_part_4_pzhoqhdizu,test,fake,/workspace/data/raw/dfdc/dfdc_train_part_04/dfdc_train_part_4/pzhoqhdizu.mp4,dfdc_train_part_4
dfdc_train_part_4_gcrvkrkxhg,test,fake,/workspace/data/raw/dfdc/dfdc_train_part_04/dfdc_train_part_4/gcrvkrkxhg.mp4,dfdc_train_part_4
dfdc_train_part_4_krviialzvc,test,fake,/workspace/data/raw/dfdc/dfdc_train_part_04/dfdc_train_part_4/krviialzvc.mp4,dfdc_train_part_4
dfdc_train_part_4_jhjfkifdgx,test,fake,/workspace/data/raw/dfdc/dfdc_train_part_04/dfdc_train_part_4/jhjfkifdgx.mp4,dfdc_train_part_4
dfdc_train_part_4_ciytftuwfp,test,fake,/workspace/data/raw/dfdc/dfdc_train_part_04/dfdc_train_part_4/ciytftuwfp.mp4,dfdc_train_part_4
dfdc_train_part_4_mtiqyulcjn,test,fake,/workspace/data/raw/dfdc/dfdc_train_part_04/dfdc_train_part_4/mtiqyulcjn.mp4,dfdc_train_part_4
dfdc_train_part_4_cqxylbgxnc,test,real,/workspace/data/raw/dfdc/dfdc_train_part_04/dfdc_train_part_4/cqxylbgxnc.mp4,dfdc_train_part_4
dfdc_train_part_4_bmhztsvskg,test,fake,/workspace/data/raw/dfdc/dfdc_train_part_04/dfdc_train_part_4/bmhztsvskg.mp4,dfdc_train_part_4
dfdc_train_part_4_fwygfeabor,test,fake,/workspace/data/raw/dfdc/dfdc_train_part_04/dfdc_train_part_4/fwygfeabor.mp4,dfdc_train_part_4
dfdc_train_part_4_fhvsnnxmjf,test,fake,/workspace/data/raw/dfdc/dfdc_train_part_04/dfdc_train_part_4/fhvsnnxmjf.mp4,dfdc_train_part_4
dfdc_train_part_4_zvicfnknws,test,fake,/workspace/data/raw/dfdc/dfdc_train_part_04/dfdc_train_part_4/zvicfnknws.mp4,dfdc_train_part_4
dfdc_train_part_4_bekuilzxxn,test,fake,/workspace/data/raw/dfdc/dfdc_train_part_04/dfdc_train_part_4/bekuilzxxn.mp4,dfdc_train_part_4
dfdc_train_part_4_rbydjieaci,test,fake,/workspace/data/raw/dfdc/dfdc_train_part_04/dfdc_train_part_4/rbydjieaci.mp4,dfdc_train_part_4
dfdc_train_part_4_lemqvgmmgt,test,fake,/workspace/data/raw/dfdc/dfdc_train_part_04/dfdc_train_part_4/lemqvgmmgt.mp4,dfdc_train_part_4
dfdc_train_part_4_hfdzpxkkve,test,fake,/workspace/data/raw/dfdc/dfdc_train_part_04/dfdc_train_part_4/hfdzpxkkve.mp4,dfdc_train_part_4
dfdc_train_part_4_cewhmeoiee,test,fake,/workspace/data/raw/dfdc/dfdc_train_part_04/dfdc_train_part_4/cewhmeoiee.mp4,dfdc_train_part_4
dfdc_train_part_4_zezrsaoswt,test,fake,/workspace/data/raw/dfdc/dfdc_train_part_04/dfdc_train_part_4/zezrsaoswt.mp4,dfdc_train_part_4
dfdc_train_part_4_bieuiqiqwj,test,real,/workspace/data/raw/dfdc/dfdc_train_part_04/dfdc_train_part_4/bieuiqiqwj.mp4,dfdc_train_part_4
dfdc_train_part_4_qqbizlufok,test,fake,/workspace/data/raw/dfdc/dfdc_train_part_04/dfdc_train_part_4/qqbizlufok.mp4,dfdc_train_part_4
dfdc_train_part_4_cqzpcuukhp,test,fake,/workspace/data/raw/dfdc/dfdc_train_part_04/dfdc_train_part_4/cqzpcuukhp.mp4,dfdc_train_part_4
dfdc_train_part_4_hvfjmgljxq,test,fake,/workspace/data/raw/dfdc/dfdc_train_part_04/dfdc_train_part_4/hvfjmgljxq.mp4,dfdc_train_part_4
dfdc_train_part_4_vwnwktghtt,test,fake,/workspace/data/raw/dfdc/dfdc_train_part_04/dfdc_train_part_4/vwnwktghtt.mp4,dfdc_train_part_4
dfdc_train_part_4_rdajhoxjfx,test,fake,/workspace/data/raw/dfdc/dfdc_train_part_04/dfdc_train_part_4/rdajhoxjfx.mp4,dfdc_train_part_4
dfdc_train_part_4_hrsmancvnq,test,fake,/workspace/data/raw/dfdc/dfdc_train_part_04/dfdc_train_part_4/hrsmancvnq.mp4,dfdc_train_part_4
dfdc_train_part_4_rodgzjzxqp,test,fake,/workspace/data/raw/dfdc/dfdc_train_part_04/dfdc_train_part_4/rodgzjzxqp.mp4,dfdc_train_part_4
dfdc_train_part_4_wxddvpskqv,test,fake,/workspace/data/raw/dfdc/dfdc_train_part_04/dfdc_train_part_4/wxddvpskqv.mp4,dfdc_train_part_4
dfdc_train_part_4_vlpxpmswcm,test,fake,/workspace/data/raw/dfdc/dfdc_train_part_04/dfdc_train_part_4/vlpxpmswcm.mp4,dfdc_train_part_4
dfdc_train_part_4_fpaagvbyjp,test,fake,/workspace/data/raw/dfdc/dfdc_train_part_04/dfdc_train_part_4/fpaagvbyjp.mp4,dfdc_train_part_4
dfdc_train_part_4_rjkpzynacp,test,fake,/workspace/data/raw/dfdc/dfdc_train_part_04/dfdc_train_part_4/rjkpzynacp.mp4,dfdc_train_part_4
dfdc_train_part_4_kqkblcxaas,test,fake,/workspace/data/raw/dfdc/dfdc_train_part_04/dfdc_train_part_4/kqkblcxaas.mp4,dfdc_train_part_4
dfdc_train_part_4_sxowdiunca,test,fake,/workspace/data/raw/dfdc/dfdc_train_part_04/dfdc_train_part_4/sxowdiunca.mp4,dfdc_train_part_4
dfdc_train_part_4_yxuqretfae,test,fake,/workspace/data/raw/dfdc/dfdc_train_part_04/dfdc_train_part_4/yxuqretfae.mp4,dfdc_train_part_4
dfdc_train_part_4_mxgdaffjmt,test,fake,/workspace/data/raw/dfdc/dfdc_train_part_04/dfdc_train_part_4/mxgdaffjmt.mp4,dfdc_train_part_4
dfdc_train_part_4_fewafzzrbb,test,fake,/workspace/data/raw/dfdc/dfdc_train_part_04/dfdc_train_part_4/fewafzzrbb.mp4,dfdc_train_part_4
dfdc_train_part_4_lbacihfwqx,test,fake,/workspace/data/raw/dfdc/dfdc_train_part_04/dfdc_train_part_4/lbacihfwqx.mp4,dfdc_train_part_4
dfdc_train_part_4_tesqddrvcp,test,real,/workspace/data/raw/dfdc/dfdc_train_part_04/dfdc_train_part_4/tesqddrvcp.mp4,dfdc_train_part_4
dfdc_train_part_4_dwpqnoeyhp,test,fake,/workspace/data/raw/dfdc/dfdc_train_part_04/dfdc_train_part_4/dwpqnoeyhp.mp4,dfdc_train_part_4
dfdc_train_part_4_tyhmvguzyd,test,fake,/workspace/data/raw/dfdc/dfdc_train_part_04/dfdc_train_part_4/tyhmvguzyd.mp4,dfdc_train_part_4
dfdc_train_part_4_egglwffeoh,test,fake,/workspace/data/raw/dfdc/dfdc_train_part_04/dfdc_train_part_4/egglwffeoh.mp4,dfdc_train_part_4
dfdc_train_part_4_mrctprnqnq,test,fake,/workspace/data/raw/dfdc/dfdc_train_part_04/dfdc_train_part_4/mrctprnqnq.mp4,dfdc_train_part_4
dfdc_train_part_4_hbfabhtqsd,test,fake,/workspace/data/raw/dfdc/dfdc_train_part_04/dfdc_train_part_4/hbfabhtqsd.mp4,dfdc_train_part_4
dfdc_train_part_4_firlsjvtup,test,real,/workspace/data/raw/dfdc/dfdc_train_part_04/dfdc_train_part_4/firlsjvtup.mp4,dfdc_train_part_4
dfdc_train_part_4_etgczdcvvk,test,fake,/workspace/data/raw/dfdc/dfdc_train_part_04/dfdc_train_part_4/etgczdcvvk.mp4,dfdc_train_part_4
dfdc_train_part_4_balbpgldho,test,fake,/workspace/data/raw/dfdc/dfdc_train_part_04/dfdc_train_part_4/balbpgldho.mp4,dfdc_train_part_4
dfdc_train_part_4_xnfwyuxpmw,test,fake,/workspace/data/raw/dfdc/dfdc_train_part_04/dfdc_train_part_4/xnfwyuxpmw.mp4,dfdc_train_part_4
dfdc_train_part_4_csikkbsnia,test,fake,/workspace/data/raw/dfdc/dfdc_train_part_04/dfdc_train_part_4/csikkbsnia.mp4,dfdc_train_part_4
dfdc_train_part_4_bmgcyjggxe,test,fake,/workspace/data/raw/dfdc/dfdc_train_part_04/dfdc_train_part_4/bmgcyjggxe.mp4,dfdc_train_part_4
dfdc_train_part_4_qwsfusjung,test,fake,/workspace/data/raw/dfdc/dfdc_train_part_04/dfdc_train_part_4/qwsfusjung.mp4,dfdc_train_part_4
dfdc_train_part_4_ymmfejsufe,test,fake,/workspace/data/raw/dfdc/dfdc_train_part_04/dfdc_train_part_4/ymmfejsufe.mp4,dfdc_train_part_4
dfdc_train_part_4_tvftbukfve,test,fake,/workspace/data/raw/dfdc/dfdc_train_part_04/dfdc_train_part_4/tvftbukfve.mp4,dfdc_train_part_4
dfdc_train_part_4_fshyuruqyd,test,fake,/workspace/data/raw/dfdc/dfdc_train_part_04/dfdc_train_part_4/fshyuruqyd.mp4,dfdc_train_part_4
dfdc_train_part_4_qfhmrgssju,test,real,/workspace/data/raw/dfdc/dfdc_train_part_04/dfdc_train_part_4/qfhmrgssju.mp4,dfdc_train_part_4
dfdc_train_part_4_wszlxixmte,test,fake,/workspace/data/raw/dfdc/dfdc_train_part_04/dfdc_train_part_4/wszlxixmte.mp4,dfdc_train_part_4
dfdc_train_part_4_szphwfzcfl,test,fake,/workspace/data/raw/dfdc/dfdc_train_part_04/dfdc_train_part_4/szphwfzcfl.mp4,dfdc_train_part_4
dfdc_train_part_4_ldqfppocrz,test,fake,/workspace/data/raw/dfdc/dfdc_train_part_04/dfdc_train_part_4/ldqfppocrz.mp4,dfdc_train_part_4
dfdc_train_part_4_otxljipcqb,test,fake,/workspace/data/raw/dfdc/dfdc_train_part_04/dfdc_train_part_4/otxljipcqb.mp4,dfdc_train_part_4
dfdc_train_part_4_ilepaltolc,test,fake,/workspace/data/raw/dfdc/dfdc_train_part_04/dfdc_train_part_4/ilepaltolc.mp4,dfdc_train_part_4
dfdc_train_part_4_jetugcmdfk,test,fake,/workspace/data/raw/dfdc/dfdc_train_part_04/dfdc_train_part_4/jetugcmdfk.mp4,dfdc_train_part_4
dfdc_train_part_4_wbbhccuhab,test,fake,/workspace/data/raw/dfdc/dfdc_train_part_04/dfdc_train_part_4/wbbhccuhab.mp4,dfdc_train_part_4
dfdc_train_part_4_rgcplyuqwy,test,fake,/workspace/data/raw/dfdc/dfdc_train_part_04/dfdc_train_part_4/rgcplyuqwy.mp4,dfdc_train_part_4
dfdc_train_part_4_fkrpuyjzbt,test,fake,/workspace/data/raw/dfdc/dfdc_train_part_04/dfdc_train_part_4/fkrpuyjzbt.mp4,dfdc_train_part_4
dfdc_train_part_4_ustfjidvdh,test,fake,/workspace/data/raw/dfdc/dfdc_train_part_04/dfdc_train_part_4/ustfjidvdh.mp4,dfdc_train_part_4
dfdc_train_part_4_dmujirwhrl,test,fake,/workspace/data/raw/dfdc/dfdc_train_part_04/dfdc_train_part_4/dmujirwhrl.mp4,dfdc_train_part_4
dfdc_train_part_4_durwcqjclm,test,fake,/workspace/data/raw/dfdc/dfdc_train_part_04/dfdc_train_part_4/durwcqjclm.mp4,dfdc_train_part_4
dfdc_train_part_4_fzraggegkz,test,fake,/workspace/data/raw/dfdc/dfdc_train_part_04/dfdc_train_part_4/fzraggegkz.mp4,dfdc_train_part_4
dfdc_train_part_4_hsagxqxhni,test,fake,/workspace/data/raw/dfdc/dfdc_train_part_04/dfdc_train_part_4/hsagxqxhni.mp4,dfdc_train_part_4
dfdc_train_part_4_dnfgnczzsv,test,fake,/workspace/data/raw/dfdc/dfdc_train_part_04/dfdc_train_part_4/dnfgnczzsv.mp4,dfdc_train_part_4
dfdc_train_part_4_bqiztwtgcu,test,real,/workspace/data/raw/dfdc/dfdc_train_part_04/dfdc_train_part_4/bqiztwtgcu.mp4,dfdc_train_part_4
dfdc_train_part_4_ggpatqrzyk,test,fake,/workspace/data/raw/dfdc/dfdc_train_part_04/dfdc_train_part_4/ggpatqrzyk.mp4,dfdc_train_part_4
dfdc_train_part_4_arxngsfysd,test,fake,/workspace/data/raw/dfdc/dfdc_train_part_04/dfdc_train_part_4/arxngsfysd.mp4,dfdc_train_part_4
dfdc_train_part_4_ilcsjmqbph,test,fake,/workspace/data/raw/dfdc/dfdc_train_part_04/dfdc_train_part_4/ilcsjmqbph.mp4,dfdc_train_part_4
dfdc_train_part_4_bcvisrvzak,test,fake,/workspace/data/raw/dfdc/dfdc_train_part_04/dfdc_train_part_4/bcvisrvzak.mp4,dfdc_train_part_4
dfdc_train_part_4_ntrbehijsu,test,fake,/workspace/data/raw/dfdc/dfdc_train_part_04/dfdc_train_part_4/ntrbehijsu.mp4,dfdc_train_part_4
dfdc_train_part_4_weizzhbowa,test,fake,/workspace/data/raw/dfdc/dfdc_train_part_04/dfdc_train_part_4/weizzhbowa.mp4,dfdc_train_part_4
dfdc_train_part_4_nheslaitil,test,fake,/workspace/data/raw/dfdc/dfdc_train_part_04/dfdc_train_part_4/nheslaitil.mp4,dfdc_train_part_4
dfdc_train_part_4_ulzgvacuew,test,fake,/workspace/data/raw/dfdc/dfdc_train_part_04/dfdc_train_part_4/ulzgvacuew.mp4,dfdc_train_part_4
dfdc_train_part_4_btatuyvjcz,test,fake,/workspace/data/raw/dfdc/dfdc_train_part_04/dfdc_train_part_4/btatuyvjcz.mp4,dfdc_train_part_4
dfdc_train_part_4_afxafafvae,test,fake,/workspace/data/raw/dfdc/dfdc_train_part_04/dfdc_train_part_4/afxafafvae.mp4,dfdc_train_part_4
dfdc_train_part_4_dhdmzidhht,test,fake,/workspace/data/raw/dfdc/dfdc_train_part_04/dfdc_train_part_4/dhdmzidhht.mp4,dfdc_train_part_4
dfdc_train_part_4_rwvlnrarag,test,fake,/workspace/data/raw/dfdc/dfdc_train_part_04/dfdc_train_part_4/rwvlnrarag.mp4,dfdc_train_part_4
dfdc_train_part_4_ffygnvpvtv,test,fake,/workspace/data/raw/dfdc/dfdc_train_part_04/dfdc_train_part_4/ffygnvpvtv.mp4,dfdc_train_part_4
dfdc_train_part_4_xflvxobqkw,test,fake,/workspace/data/raw/dfdc/dfdc_train_part_04/dfdc_train_part_4/xflvxobqkw.mp4,dfdc_train_part_4
dfdc_train_part_4_rcovjvmlcu,test,fake,/workspace/data/raw/dfdc/dfdc_train_part_04/dfdc_train_part_4/rcovjvmlcu.mp4,dfdc_train_part_4
dfdc_train_part_4_bqqaetrjss,test,fake,/workspace/data/raw/dfdc/dfdc_train_part_04/dfdc_train_part_4/bqqaetrjss.mp4,dfdc_train_part_4
dfdc_train_part_4_qsciegbgga,test,fake,/workspace/data/raw/dfdc/dfdc_train_part_04/dfdc_train_part_4/qsciegbgga.mp4,dfdc_train_part_4
dfdc_train_part_4_aeuyruleqo,test,fake,/workspace/data/raw/dfdc/dfdc_train_part_04/dfdc_train_part_4/aeuyruleqo.mp4,dfdc_train_part_4
dfdc_train_part_4_smovdpuhyc,test,fake,/workspace/data/raw/dfdc/dfdc_train_part_04/dfdc_train_part_4/smovdpuhyc.mp4,dfdc_train_part_4
dfdc_train_part_4_rwiymusbmg,test,fake,/workspace/data/raw/dfdc/dfdc_train_part_04/dfdc_train_part_4/rwiymusbmg.mp4,dfdc_train_part_4
dfdc_train_part_4_rpzzllbtsd,test,fake,/workspace/data/raw/dfdc/dfdc_train_part_04/dfdc_train_part_4/rpzzllbtsd.mp4,dfdc_train_part_4
dfdc_train_part_4_kirdcsvshn,test,fake,/workspace/data/raw/dfdc/dfdc_train_part_04/dfdc_train_part_4/kirdcsvshn.mp4,dfdc_train_part_4
dfdc_train_part_4_nxfdrxshdh,test,fake,/workspace/data/raw/dfdc/dfdc_train_part_04/dfdc_train_part_4/nxfdrxshdh.mp4,dfdc_train_part_4
dfdc_train_part_4_iewrgvhrtf,test,fake,/workspace/data/raw/dfdc/dfdc_train_part_04/dfdc_train_part_4/iewrgvhrtf.mp4,dfdc_train_part_4
dfdc_train_part_4_ecbrdquqjw,test,fake,/workspace/data/raw/dfdc/dfdc_train_part_04/dfdc_train_part_4/ecbrdquqjw.mp4,dfdc_train_part_4
dfdc_train_part_4_yyzsrlltjq,test,fake,/workspace/data/raw/dfdc/dfdc_train_part_04/dfdc_train_part_4/yyzsrlltjq.mp4,dfdc_train_part_4
dfdc_train_part_4_uyauzwkvpz,test,real,/workspace/data/raw/dfdc/dfdc_train_part_04/dfdc_train_part_4/uyauzwkvpz.mp4,dfdc_train_part_4
dfdc_train_part_4_awnirdhpua,test,fake,/workspace/data/raw/dfdc/dfdc_train_part_04/dfdc_train_part_4/awnirdhpua.mp4,dfdc_train_part_4
dfdc_train_part_4_czemufjhkl,test,fake,/workspace/data/raw/dfdc/dfdc_train_part_04/dfdc_train_part_4/czemufjhkl.mp4,dfdc_train_part_4
dfdc_train_part_4_ltlahtkdni,test,fake,/workspace/data/raw/dfdc/dfdc_train_part_04/dfdc_train_part_4/ltlahtkdni.mp4,dfdc_train_part_4
dfdc_train_part_4_yrdllbecgk,test,fake,/workspace/data/raw/dfdc/dfdc_train_part_04/dfdc_train_part_4/yrdllbecgk.mp4,dfdc_train_part_4
dfdc_train_part_4_xdjxasjfrp,test,fake,/workspace/data/raw/dfdc/dfdc_train_part_04/dfdc_train_part_4/xdjxasjfrp.mp4,dfdc_train_part_4
dfdc_train_part_4_gcjahnvfrs,test,fake,/workspace/data/raw/dfdc/dfdc_train_part_04/dfdc_train_part_4/gcjahnvfrs.mp4,dfdc_train_part_4
dfdc_train_part_4_wweitzjyve,test,fake,/workspace/data/raw/dfdc/dfdc_train_part_04/dfdc_train_part_4/wweitzjyve.mp4,dfdc_train_part_4
dfdc_train_part_4_uctrjndkze,test,fake,/workspace/data/raw/dfdc/dfdc_train_part_04/dfdc_train_part_4/uctrjndkze.mp4,dfdc_train_part_4
dfdc_train_part_4_wgifgzkzog,test,fake,/workspace/data/raw/dfdc/dfdc_train_part_04/dfdc_train_part_4/wgifgzkzog.mp4,dfdc_train_part_4
dfdc_train_part_4_ajvkjkmhlw,test,fake,/workspace/data/raw/dfdc/dfdc_train_part_04/dfdc_train_part_4/ajvkjkmhlw.mp4,dfdc_train_part_4
dfdc_train_part_4_zqnqlzswya,test,fake,/workspace/data/raw/dfdc/dfdc_train_part_04/dfdc_train_part_4/zqnqlzswya.mp4,dfdc_train_part_4
dfdc_train_part_4_rigpuflxop,test,fake,/workspace/data/raw/dfdc/dfdc_train_part_04/dfdc_train_part_4/rigpuflxop.mp4,dfdc_train_part_4
dfdc_train_part_4_xwbzxptaun,test,fake,/workspace/data/raw/dfdc/dfdc_train_part_04/dfdc_train_part_4/xwbzxptaun.mp4,dfdc_train_part_4
dfdc_train_part_4_ooedijmplb,test,fake,/workspace/data/raw/dfdc/dfdc_train_part_04/dfdc_train_part_4/ooedijmplb.mp4,dfdc_train_part_4
dfdc_train_part_4_kggcytfhaf,test,fake,/workspace/data/raw/dfdc/dfdc_train_part_04/dfdc_train_part_4/kggcytfhaf.mp4,dfdc_train_part_4
dfdc_train_part_4_wvcttyyotq,test,fake,/workspace/data/raw/dfdc/dfdc_train_part_04/dfdc_train_part_4/wvcttyyotq.mp4,dfdc_train_part_4
dfdc_train_part_4_ldnbmcsxwv,test,fake,/workspace/data/raw/dfdc/dfdc_train_part_04/dfdc_train_part_4/ldnbmcsxwv.mp4,dfdc_train_part_4
dfdc_train_part_4_embxvesuyh,test,fake,/workspace/data/raw/dfdc/dfdc_train_part_04/dfdc_train_part_4/embxvesuyh.mp4,dfdc_train_part_4
dfdc_train_part_4_hlnbprigmc,test,fake,/workspace/data/raw/dfdc/dfdc_train_part_04/dfdc_train_part_4/hlnbprigmc.mp4,dfdc_train_part_4
dfdc_train_part_4_rusklmgidz,test,fake,/workspace/data/raw/dfdc/dfdc_train_part_04/dfdc_train_part_4/rusklmgidz.mp4,dfdc_train_part_4
dfdc_train_part_4_ltzpabbpou,test,fake,/workspace/data/raw/dfdc/dfdc_train_part_04/dfdc_train_part_4/ltzpabbpou.mp4,dfdc_train_part_4
dfdc_train_part_4_uakcetqnvc,test,real,/workspace/data/raw/dfdc/dfdc_train_part_04/dfdc_train_part_4/uakcetqnvc.mp4,dfdc_train_part_4
dfdc_train_part_4_dyuykxjdyd,test,fake,/workspace/data/raw/dfdc/dfdc_train_part_04/dfdc_train_part_4/dyuykxjdyd.mp4,dfdc_train_part_4
dfdc_train_part_4_kmrojywxvz,test,fake,/workspace/data/raw/dfdc/dfdc_train_part_04/dfdc_train_part_4/kmrojywxvz.mp4,dfdc_train_part_4
dfdc_train_part_4_qdofrrdnim,test,real,/workspace/data/raw/dfdc/dfdc_train_part_04/dfdc_train_part_4/qdofrrdnim.mp4,dfdc_train_part_4
dfdc_train_part_4_mrzqsitprj,test,fake,/workspace/data/raw/dfdc/dfdc_train_part_04/dfdc_train_part_4/mrzqsitprj.mp4,dfdc_train_part_4
dfdc_train_part_4_mxoqitjkii,test,fake,/workspace/data/raw/dfdc/dfdc_train_part_04/dfdc_train_part_4/mxoqitjkii.mp4,dfdc_train_part_4
dfdc_train_part_4_lkbxgoyknt,test,fake,/workspace/data/raw/dfdc/dfdc_train_part_04/dfdc_train_part_4/lkbxgoyknt.mp4,dfdc_train_part_4
dfdc_train_part_4_guzzjgmmkx,test,fake,/workspace/data/raw/dfdc/dfdc_train_part_04/dfdc_train_part_4/guzzjgmmkx.mp4,dfdc_train_part_4
dfdc_train_part_4_ttdkjruqnb,test,fake,/workspace/data/raw/dfdc/dfdc_train_part_04/dfdc_train_part_4/ttdkjruqnb.mp4,dfdc_train_part_4
dfdc_train_part_4_oxsklxucmf,test,fake,/workspace/data/raw/dfdc/dfdc_train_part_04/dfdc_train_part_4/oxsklxucmf.mp4,dfdc_train_part_4
dfdc_train_part_4_hhpjxgzncu,test,fake,/workspace/data/raw/dfdc/dfdc_train_part_04/dfdc_train_part_4/hhpjxgzncu.mp4,dfdc_train_part_4
dfdc_train_part_4_ndrtuazsnd,test,fake,/workspace/data/raw/dfdc/dfdc_train_part_04/dfdc_train_part_4/ndrtuazsnd.mp4,dfdc_train_part_4
dfdc_train_part_4_yakzwnvovg,test,fake,/workspace/data/raw/dfdc/dfdc_train_part_04/dfdc_train_part_4/yakzwnvovg.mp4,dfdc_train_part_4
dfdc_train_part_4_nduwcnqkvy,test,real,/workspace/data/raw/dfdc/dfdc_train_part_04/dfdc_train_part_4/nduwcnqkvy.mp4,dfdc_train_part_4
dfdc_train_part_4_hcmilthzzq,test,fake,/workspace/data/raw/dfdc/dfdc_train_part_04/dfdc_train_part_4/hcmilthzzq.mp4,dfdc_train_part_4
dfdc_train_part_4_kcwrqqzvsy,test,real,/workspace/data/raw/dfdc/dfdc_train_part_04/dfdc_train_part_4/kcwrqqzvsy.mp4,dfdc_train_part_4
dfdc_train_part_4_nbmlalfmaj,test,real,/workspace/data/raw/dfdc/dfdc_train_part_04/dfdc_train_part_4/nbmlalfmaj.mp4,dfdc_train_part_4
dfdc_train_part_4_qkaafsvwxs,test,real,/workspace/data/raw/dfdc/dfdc_train_part_04/dfdc_train_part_4/qkaafsvwxs.mp4,dfdc_train_part_4
dfdc_train_part_4_dcqjlozdwm,test,fake,/workspace/data/raw/dfdc/dfdc_train_part_04/dfdc_train_part_4/dcqjlozdwm.mp4,dfdc_train_part_4
dfdc_train_part_4_flvwbdkpjz,test,fake,/workspace/data/raw/dfdc/dfdc_train_part_04/dfdc_train_part_4/flvwbdkpjz.mp4,dfdc_train_part_4
dfdc_train_part_4_enavmziqtm,test,fake,/workspace/data/raw/dfdc/dfdc_train_part_04/dfdc_train_part_4/enavmziqtm.mp4,dfdc_train_part_4
dfdc_train_part_4_grfybshldj,test,fake,/workspace/data/raw/dfdc/dfdc_train_part_04/dfdc_train_part_4/grfybshldj.mp4,dfdc_train_part_4
dfdc_train_part_4_rgrsiddkgk,test,fake,/workspace/data/raw/dfdc/dfdc_train_part_04/dfdc_train_part_4/rgrsiddkgk.mp4,dfdc_train_part_4
dfdc_train_part_4_ydmftzzrtd,test,fake,/workspace/data/raw/dfdc/dfdc_train_part_04/dfdc_train_part_4/ydmftzzrtd.mp4,dfdc_train_part_4
dfdc_train_part_4_hleuuebxea,test,fake,/workspace/data/raw/dfdc/dfdc_train_part_04/dfdc_train_part_4/hleuuebxea.mp4,dfdc_train_part_4
dfdc_train_part_4_pqizuxdmvl,test,fake,/workspace/data/raw/dfdc/dfdc_train_part_04/dfdc_train_part_4/pqizuxdmvl.mp4,dfdc_train_part_4
dfdc_train_part_4_qkcrhpqayv,test,fake,/workspace/data/raw/dfdc/dfdc_train_part_04/dfdc_train_part_4/qkcrhpqayv.mp4,dfdc_train_part_4
dfdc_train_part_4_mgsizenxgo,test,fake,/workspace/data/raw/dfdc/dfdc_train_part_04/dfdc_train_part_4/mgsizenxgo.mp4,dfdc_train_part_4
dfdc_train_part_4_fzegrgsdky,test,real,/workspace/data/raw/dfdc/dfdc_train_part_04/dfdc_train_part_4/fzegrgsdky.mp4,dfdc_train_part_4
dfdc_train_part_4_qdhkyhriqi,test,fake,/workspace/data/raw/dfdc/dfdc_train_part_04/dfdc_train_part_4/qdhkyhriqi.mp4,dfdc_train_part_4
dfdc_train_part_4_bszybpoibo,test,real,/workspace/data/raw/dfdc/dfdc_train_part_04/dfdc_train_part_4/bszybpoibo.mp4,dfdc_train_part_4
dfdc_train_part_4_qbpzwkhkng,test,fake,/workspace/data/raw/dfdc/dfdc_train_part_04/dfdc_train_part_4/qbpzwkhkng.mp4,dfdc_train_part_4
dfdc_train_part_4_cljzmyuity,test,fake,/workspace/data/raw/dfdc/dfdc_train_part_04/dfdc_train_part_4/cljzmyuity.mp4,dfdc_train_part_4
dfdc_train_part_4_dsrllxoeos,test,fake,/workspace/data/raw/dfdc/dfdc_train_part_04/dfdc_train_part_4/dsrllxoeos.mp4,dfdc_train_part_4
dfdc_train_part_4_xdqdrtzasj,test,fake,/workspace/data/raw/dfdc/dfdc_train_part_04/dfdc_train_part_4/xdqdrtzasj.mp4,dfdc_train_part_4
dfdc_train_part_4_dnywvdsosx,test,fake,/workspace/data/raw/dfdc/dfdc_train_part_04/dfdc_train_part_4/dnywvdsosx.mp4,dfdc_train_part_4
dfdc_train_part_4_hwcrgnzkyv,test,fake,/workspace/data/raw/dfdc/dfdc_train_part_04/dfdc_train_part_4/hwcrgnzkyv.mp4,dfdc_train_part_4
dfdc_train_part_4_uywaaxlaca,test,fake,/workspace/data/raw/dfdc/dfdc_train_part_04/dfdc_train_part_4/uywaaxlaca.mp4,dfdc_train_part_4
dfdc_train_part_4_owdexridgj,test,fake,/workspace/data/raw/dfdc/dfdc_train_part_04/dfdc_train_part_4/owdexridgj.mp4,dfdc_train_part_4
dfdc_train_part_4_gpgtsauwaw,test,fake,/workspace/data/raw/dfdc/dfdc_train_part_04/dfdc_train_part_4/gpgtsauwaw.mp4,dfdc_train_part_4
dfdc_train_part_4_wapoobmgjl,test,fake,/workspace/data/raw/dfdc/dfdc_train_part_04/dfdc_train_part_4/wapoobmgjl.mp4,dfdc_train_part_4
dfdc_train_part_4_bsvwmqamfn,test,fake,/workspace/data/raw/dfdc/dfdc_train_part_04/dfdc_train_part_4/bsvwmqamfn.mp4,dfdc_train_part_4
dfdc_train_part_4_cjfwxrtjdc,test,fake,/workspace/data/raw/dfdc/dfdc_train_part_04/dfdc_train_part_4/cjfwxrtjdc.mp4,dfdc_train_part_4
dfdc_train_part_4_pbmjffmnuy,test,fake,/workspace/data/raw/dfdc/dfdc_train_part_04/dfdc_train_part_4/pbmjffmnuy.mp4,dfdc_train_part_4
dfdc_train_part_4_liwjjdhggc,test,fake,/workspace/data/raw/dfdc/dfdc_train_part_04/dfdc_train_part_4/liwjjdhggc.mp4,dfdc_train_part_4
dfdc_train_part_4_nvvghjfiqq,test,real,/workspace/data/raw/dfdc/dfdc_train_part_04/dfdc_train_part_4/nvvghjfiqq.mp4,dfdc_train_part_4
dfdc_train_part_4_zclfdeovzw,test,fake,/workspace/data/raw/dfdc/dfdc_train_part_04/dfdc_train_part_4/zclfdeovzw.mp4,dfdc_train_part_4
dfdc_train_part_4_iicmtlqqga,test,fake,/workspace/data/raw/dfdc/dfdc_train_part_04/dfdc_train_part_4/iicmtlqqga.mp4,dfdc_train_part_4
dfdc_train_part_4_noakirsksp,test,fake,/workspace/data/raw/dfdc/dfdc_train_part_04/dfdc_train_part_4/noakirsksp.mp4,dfdc_train_part_4
dfdc_train_part_4_swvosiirrn,test,fake,/workspace/data/raw/dfdc/dfdc_train_part_04/dfdc_train_part_4/swvosiirrn.mp4,dfdc_train_part_4
dfdc_train_part_4_aqjwkkbklt,test,real,/workspace/data/raw/dfdc/dfdc_train_part_04/dfdc_train_part_4/aqjwkkbklt.mp4,dfdc_train_part_4
dfdc_train_part_4_cdqprcsdsw,test,fake,/workspace/data/raw/dfdc/dfdc_train_part_04/dfdc_train_part_4/cdqprcsdsw.mp4,dfdc_train_part_4
dfdc_train_part_4_jpaiyivxzh,test,fake,/workspace/data/raw/dfdc/dfdc_train_part_04/dfdc_train_part_4/jpaiyivxzh.mp4,dfdc_train_part_4
dfdc_train_part_4_yrhsxrpdpc,test,fake,/workspace/data/raw/dfdc/dfdc_train_part_04/dfdc_train_part_4/yrhsxrpdpc.mp4,dfdc_train_part_4
dfdc_train_part_4_bxpglfjtcw,test,fake,/workspace/data/raw/dfdc/dfdc_train_part_04/dfdc_train_part_4/bxpglfjtcw.mp4,dfdc_train_part_4
dfdc_train_part_4_rgaeiwscyr,test,fake,/workspace/data/raw/dfdc/dfdc_train_part_04/dfdc_train_part_4/rgaeiwscyr.mp4,dfdc_train_part_4
dfdc_train_part_4_uklvicywwv,test,fake,/workspace/data/raw/dfdc/dfdc_train_part_04/dfdc_train_part_4/uklvicywwv.mp4,dfdc_train_part_4
dfdc_train_part_4_ajazlwhecq,test,fake,/workspace/data/raw/dfdc/dfdc_train_part_04/dfdc_train_part_4/ajazlwhecq.mp4,dfdc_train_part_4
dfdc_train_part_4_vzawfsnetg,test,fake,/workspace/data/raw/dfdc/dfdc_train_part_04/dfdc_train_part_4/vzawfsnetg.mp4,dfdc_train_part_4
dfdc_train_part_4_xoejghzrta,test,fake,/workspace/data/raw/dfdc/dfdc_train_part_04/dfdc_train_part_4/xoejghzrta.mp4,dfdc_train_part_4
dfdc_train_part_4_rmoyiobxti,test,fake,/workspace/data/raw/dfdc/dfdc_train_part_04/dfdc_train_part_4/rmoyiobxti.mp4,dfdc_train_part_4
dfdc_train_part_4_smigbfmhew,test,real,/workspace/data/raw/dfdc/dfdc_train_part_04/dfdc_train_part_4/smigbfmhew.mp4,dfdc_train_part_4
dfdc_train_part_4_wvdczwsksw,test,fake,/workspace/data/raw/dfdc/dfdc_train_part_04/dfdc_train_part_4/wvdczwsksw.mp4,dfdc_train_part_4
dfdc_train_part_4_uqvhrkcnfg,test,fake,/workspace/data/raw/dfdc/dfdc_train_part_04/dfdc_train_part_4/uqvhrkcnfg.mp4,dfdc_train_part_4
dfdc_train_part_4_lulyoxicmi,test,fake,/workspace/data/raw/dfdc/dfdc_train_part_04/dfdc_train_part_4/lulyoxicmi.mp4,dfdc_train_part_4
dfdc_train_part_4_lakobgxkmp,test,fake,/workspace/data/raw/dfdc/dfdc_train_part_04/dfdc_train_part_4/lakobgxkmp.mp4,dfdc_train_part_4
dfdc_train_part_4_ybuwgqsbls,test,fake,/workspace/data/raw/dfdc/dfdc_train_part_04/dfdc_train_part_4/ybuwgqsbls.mp4,dfdc_train_part_4
dfdc_train_part_4_kezpaqosyh,test,fake,/workspace/data/raw/dfdc/dfdc_train_part_04/dfdc_train_part_4/kezpaqosyh.mp4,dfdc_train_part_4
dfdc_train_part_4_dheefpgewg,test,fake,/workspace/data/raw/dfdc/dfdc_train_part_04/dfdc_train_part_4/dheefpgewg.mp4,dfdc_train_part_4
dfdc_train_part_4_iijnzbjyls,test,fake,/workspace/data/raw/dfdc/dfdc_train_part_04/dfdc_train_part_4/iijnzbjyls.mp4,dfdc_train_part_4
dfdc_train_part_4_qwleauyffp,test,fake,/workspace/data/raw/dfdc/dfdc_train_part_04/dfdc_train_part_4/qwleauyffp.mp4,dfdc_train_part_4
dfdc_train_part_4_cikqezajwn,test,fake,/workspace/data/raw/dfdc/dfdc_train_part_04/dfdc_train_part_4/cikqezajwn.mp4,dfdc_train_part_4
dfdc_train_part_4_qwxkakefcj,test,fake,/workspace/data/raw/dfdc/dfdc_train_part_04/dfdc_train_part_4/qwxkakefcj.mp4,dfdc_train_part_4
dfdc_train_part_4_eqntokofqi,test,fake,/workspace/data/raw/dfdc/dfdc_train_part_04/dfdc_train_part_4/eqntokofqi.mp4,dfdc_train_part_4
dfdc_train_part_4_pngnzctffz,test,fake,/workspace/data/raw/dfdc/dfdc_train_part_04/dfdc_train_part_4/pngnzctffz.mp4,dfdc_train_part_4
dfdc_train_part_4_wnixchvuhc,test,fake,/workspace/data/raw/dfdc/dfdc_train_part_04/dfdc_train_part_4/wnixchvuhc.mp4,dfdc_train_part_4
dfdc_train_part_4_luviiupowk,test,fake,/workspace/data/raw/dfdc/dfdc_train_part_04/dfdc_train_part_4/luviiupowk.mp4,dfdc_train_part_4
dfdc_train_part_4_ksyusmyapq,test,fake,/workspace/data/raw/dfdc/dfdc_train_part_04/dfdc_train_part_4/ksyusmyapq.mp4,dfdc_train_part_4
dfdc_train_part_4_ijylmcjnys,test,fake,/workspace/data/raw/dfdc/dfdc_train_part_04/dfdc_train_part_4/ijylmcjnys.mp4,dfdc_train_part_4
dfdc_train_part_4_ghpybzyahf,test,fake,/workspace/data/raw/dfdc/dfdc_train_part_04/dfdc_train_part_4/ghpybzyahf.mp4,dfdc_train_part_4
dfdc_train_part_4_mdxuveqdxf,test,fake,/workspace/data/raw/dfdc/dfdc_train_part_04/dfdc_train_part_4/mdxuveqdxf.mp4,dfdc_train_part_4
dfdc_train_part_4_koayhruklm,test,fake,/workspace/data/raw/dfdc/dfdc_train_part_04/dfdc_train_part_4/koayhruklm.mp4,dfdc_train_part_4
dfdc_train_part_4_stnjfezcjk,test,fake,/workspace/data/raw/dfdc/dfdc_train_part_04/dfdc_train_part_4/stnjfezcjk.mp4,dfdc_train_part_4
dfdc_train_part_4_wmgkqogawy,test,fake,/workspace/data/raw/dfdc/dfdc_train_part_04/dfdc_train_part_4/wmgkqogawy.mp4,dfdc_train_part_4
dfdc_train_part_4_rcmnccewdv,test,fake,/workspace/data/raw/dfdc/dfdc_train_part_04/dfdc_train_part_4/rcmnccewdv.mp4,dfdc_train_part_4
dfdc_train_part_4_krxndiuane,test,fake,/workspace/data/raw/dfdc/dfdc_train_part_04/dfdc_train_part_4/krxndiuane.mp4,dfdc_train_part_4
dfdc_train_part_4_vyxcwihirt,test,fake,/workspace/data/raw/dfdc/dfdc_train_part_04/dfdc_train_part_4/vyxcwihirt.mp4,dfdc_train_part_4
dfdc_train_part_4_chcdlbscoh,test,fake,/workspace/data/raw/dfdc/dfdc_train_part_04/dfdc_train_part_4/chcdlbscoh.mp4,dfdc_train_part_4
dfdc_train_part_4_eriilfqkbb,test,fake,/workspace/data/raw/dfdc/dfdc_train_part_04/dfdc_train_part_4/eriilfqkbb.mp4,dfdc_train_part_4
dfdc_train_part_4_cnjzvuvdrg,test,fake,/workspace/data/raw/dfdc/dfdc_train_part_04/dfdc_train_part_4/cnjzvuvdrg.mp4,dfdc_train_part_4
dfdc_train_part_4_okdbicafxu,test,fake,/workspace/data/raw/dfdc/dfdc_train_part_04/dfdc_train_part_4/okdbicafxu.mp4,dfdc_train_part_4
dfdc_train_part_4_qxefejazzl,test,fake,/workspace/data/raw/dfdc/dfdc_train_part_04/dfdc_train_part_4/qxefejazzl.mp4,dfdc_train_part_4
dfdc_train_part_4_qgpxmovzga,test,fake,/workspace/data/raw/dfdc/dfdc_train_part_04/dfdc_train_part_4/qgpxmovzga.mp4,dfdc_train_part_4
dfdc_train_part_4_lopqduahoi,test,fake,/workspace/data/raw/dfdc/dfdc_train_part_04/dfdc_train_part_4/lopqduahoi.mp4,dfdc_train_part_4
dfdc_train_part_4_nxvjxvykqp,test,real,/workspace/data/raw/dfdc/dfdc_train_part_04/dfdc_train_part_4/nxvjxvykqp.mp4,dfdc_train_part_4
dfdc_train_part_4_ldmxihjqta,test,fake,/workspace/data/raw/dfdc/dfdc_train_part_04/dfdc_train_part_4/ldmxihjqta.mp4,dfdc_train_part_4
dfdc_train_part_4_lpsypztflr,test,fake,/workspace/data/raw/dfdc/dfdc_train_part_04/dfdc_train_part_4/lpsypztflr.mp4,dfdc_train_part_4
dfdc_train_part_4_rcinunpjgt,test,fake,/workspace/data/raw/dfdc/dfdc_train_part_04/dfdc_train_part_4/rcinunpjgt.mp4,dfdc_train_part_4
dfdc_train_part_4_ayghiketsd,test,fake,/workspace/data/raw/dfdc/dfdc_train_part_04/dfdc_train_part_4/ayghiketsd.mp4,dfdc_train_part_4
dfdc_train_part_4_otlslugjai,test,fake,/workspace/data/raw/dfdc/dfdc_train_part_04/dfdc_train_part_4/otlslugjai.mp4,dfdc_train_part_4
dfdc_train_part_4_opbclicyld,test,fake,/workspace/data/raw/dfdc/dfdc_train_part_04/dfdc_train_part_4/opbclicyld.mp4,dfdc_train_part_4
dfdc_train_part_4_xucexvfcij,test,fake,/workspace/data/raw/dfdc/dfdc_train_part_04/dfdc_train_part_4/xucexvfcij.mp4,dfdc_train_part_4
dfdc_train_part_4_dmtsxclujy,test,real,/workspace/data/raw/dfdc/dfdc_train_part_04/dfdc_train_part_4/dmtsxclujy.mp4,dfdc_train_part_4
dfdc_train_part_4_qbiauhajds,test,fake,/workspace/data/raw/dfdc/dfdc_train_part_04/dfdc_train_part_4/qbiauhajds.mp4,dfdc_train_part_4
dfdc_train_part_4_jjnzvsibrs,test,fake,/workspace/data/raw/dfdc/dfdc_train_part_04/dfdc_train_part_4/jjnzvsibrs.mp4,dfdc_train_part_4
dfdc_train_part_4_fpakfdhuqh,test,fake,/workspace/data/raw/dfdc/dfdc_train_part_04/dfdc_train_part_4/fpakfdhuqh.mp4,dfdc_train_part_4
dfdc_train_part_4_eiidlcmtzl,test,fake,/workspace/data/raw/dfdc/dfdc_train_part_04/dfdc_train_part_4/eiidlcmtzl.mp4,dfdc_train_part_4
dfdc_train_part_4_otbbsyoixr,test,fake,/workspace/data/raw/dfdc/dfdc_train_part_04/dfdc_train_part_4/otbbsyoixr.mp4,dfdc_train_part_4
dfdc_train_part_4_csdqvhefzs,test,fake,/workspace/data/raw/dfdc/dfdc_train_part_04/dfdc_train_part_4/csdqvhefzs.mp4,dfdc_train_part_4
dfdc_train_part_4_crgoxxvpxp,test,fake,/workspace/data/raw/dfdc/dfdc_train_part_04/dfdc_train_part_4/crgoxxvpxp.mp4,dfdc_train_part_4
dfdc_train_part_4_ltdjlmepgq,test,fake,/workspace/data/raw/dfdc/dfdc_train_part_04/dfdc_train_part_4/ltdjlmepgq.mp4,dfdc_train_part_4
dfdc_train_part_4_ozxnlkagvs,test,fake,/workspace/data/raw/dfdc/dfdc_train_part_04/dfdc_train_part_4/ozxnlkagvs.mp4,dfdc_train_part_4
dfdc_train_part_4_xtrhwvmlry,test,fake,/workspace/data/raw/dfdc/dfdc_train_part_04/dfdc_train_part_4/xtrhwvmlry.mp4,dfdc_train_part_4
dfdc_train_part_4_epxxazhprp,test,real,/workspace/data/raw/dfdc/dfdc_train_part_04/dfdc_train_part_4/epxxazhprp.mp4,dfdc_train_part_4
dfdc_train_part_4_fhgyeiuvmg,test,fake,/workspace/data/raw/dfdc/dfdc_train_part_04/dfdc_train_part_4/fhgyeiuvmg.mp4,dfdc_train_part_4
dfdc_train_part_4_ceyissnjuv,test,fake,/workspace/data/raw/dfdc/dfdc_train_part_04/dfdc_train_part_4/ceyissnjuv.mp4,dfdc_train_part_4
dfdc_train_part_4_zkziyhhmkk,test,fake,/workspace/data/raw/dfdc/dfdc_train_part_04/dfdc_train_part_4/zkziyhhmkk.mp4,dfdc_train_part_4
dfdc_train_part_4_mmchaywvdn,test,fake,/workspace/data/raw/dfdc/dfdc_train_part_04/dfdc_train_part_4/mmchaywvdn.mp4,dfdc_train_part_4
dfdc_train_part_4_vakqjgammj,test,fake,/workspace/data/raw/dfdc/dfdc_train_part_04/dfdc_train_part_4/vakqjgammj.mp4,dfdc_train_part_4
dfdc_train_part_4_zfojhhzsnc,test,fake,/workspace/data/raw/dfdc/dfdc_train_part_04/dfdc_train_part_4/zfojhhzsnc.mp4,dfdc_train_part_4
dfdc_train_part_4_lsddhheqgb,test,fake,/workspace/data/raw/dfdc/dfdc_train_part_04/dfdc_train_part_4/lsddhheqgb.mp4,dfdc_train_part_4
dfdc_train_part_4_wedzanatii,test,fake,/workspace/data/raw/dfdc/dfdc_train_part_04/dfdc_train_part_4/wedzanatii.mp4,dfdc_train_part_4
dfdc_train_part_4_spscjnjdsx,test,fake,/workspace/data/raw/dfdc/dfdc_train_part_04/dfdc_train_part_4/spscjnjdsx.mp4,dfdc_train_part_4
dfdc_train_part_4_wjjttlknjg,test,fake,/workspace/data/raw/dfdc/dfdc_train_part_04/dfdc_train_part_4/wjjttlknjg.mp4,dfdc_train_part_4
dfdc_train_part_4_xoljaeckui,test,fake,/workspace/data/raw/dfdc/dfdc_train_part_04/dfdc_train_part_4/xoljaeckui.mp4,dfdc_train_part_4
dfdc_train_part_4_rnpldcfekw,test,fake,/workspace/data/raw/dfdc/dfdc_train_part_04/dfdc_train_part_4/rnpldcfekw.mp4,dfdc_train_part_4
dfdc_train_part_4_pmmehromkc,test,fake,/workspace/data/raw/dfdc/dfdc_train_part_04/dfdc_train_part_4/pmmehromkc.mp4,dfdc_train_part_4
dfdc_train_part_4_pgbogwgkty,test,fake,/workspace/data/raw/dfdc/dfdc_train_part_04/dfdc_train_part_4/pgbogwgkty.mp4,dfdc_train_part_4
dfdc_train_part_4_enxymmghot,test,fake,/workspace/data/raw/dfdc/dfdc_train_part_04/dfdc_train_part_4/enxymmghot.mp4,dfdc_train_part_4
dfdc_train_part_4_vltxrrimhw,test,fake,/workspace/data/raw/dfdc/dfdc_train_part_04/dfdc_train_part_4/vltxrrimhw.mp4,dfdc_train_part_4
dfdc_train_part_4_vihysxfgxf,test,fake,/workspace/data/raw/dfdc/dfdc_train_part_04/dfdc_train_part_4/vihysxfgxf.mp4,dfdc_train_part_4
dfdc_train_part_4_nxkbimdtcq,test,fake,/workspace/data/raw/dfdc/dfdc_train_part_04/dfdc_train_part_4/nxkbimdtcq.mp4,dfdc_train_part_4
dfdc_train_part_4_yuniojyjyq,test,fake,/workspace/data/raw/dfdc/dfdc_train_part_04/dfdc_train_part_4/yuniojyjyq.mp4,dfdc_train_part_4
dfdc_train_part_4_diajywffym,test,fake,/workspace/data/raw/dfdc/dfdc_train_part_04/dfdc_train_part_4/diajywffym.mp4,dfdc_train_part_4
dfdc_train_part_4_erpjijxsjq,test,fake,/workspace/data/raw/dfdc/dfdc_train_part_04/dfdc_train_part_4/erpjijxsjq.mp4,dfdc_train_part_4
dfdc_train_part_4_tinxmihpvr,test,fake,/workspace/data/raw/dfdc/dfdc_train_part_04/dfdc_train_part_4/tinxmihpvr.mp4,dfdc_train_part_4
dfdc_train_part_4_gkjxowuika,test,fake,/workspace/data/raw/dfdc/dfdc_train_part_04/dfdc_train_part_4/gkjxowuika.mp4,dfdc_train_part_4
dfdc_train_part_4_qibjyvobaj,test,fake,/workspace/data/raw/dfdc/dfdc_train_part_04/dfdc_train_part_4/qibjyvobaj.mp4,dfdc_train_part_4
dfdc_train_part_4_cplbyzaslf,test,fake,/workspace/data/raw/dfdc/dfdc_train_part_04/dfdc_train_part_4/cplbyzaslf.mp4,dfdc_train_part_4
dfdc_train_part_4_qehuvzvqqg,test,fake,/workspace/data/raw/dfdc/dfdc_train_part_04/dfdc_train_part_4/qehuvzvqqg.mp4,dfdc_train_part_4
dfdc_train_part_4_tjtuzrkmqw,test,fake,/workspace/data/raw/dfdc/dfdc_train_part_04/dfdc_train_part_4/tjtuzrkmqw.mp4,dfdc_train_part_4
dfdc_train_part_4_zpesavqyri,test,fake,/workspace/data/raw/dfdc/dfdc_train_part_04/dfdc_train_part_4/zpesavqyri.mp4,dfdc_train_part_4
dfdc_train_part_4_nxjlwigapc,test,fake,/workspace/data/raw/dfdc/dfdc_train_part_04/dfdc_train_part_4/nxjlwigapc.mp4,dfdc_train_part_4
dfdc_train_part_4_bwmhmjdpbh,test,fake,/workspace/data/raw/dfdc/dfdc_train_part_04/dfdc_train_part_4/bwmhmjdpbh.mp4,dfdc_train_part_4
dfdc_train_part_4_yyttdbwmfq,test,fake,/workspace/data/raw/dfdc/dfdc_train_part_04/dfdc_train_part_4/yyttdbwmfq.mp4,dfdc_train_part_4
dfdc_train_part_4_pgybuuxxip,test,real,/workspace/data/raw/dfdc/dfdc_train_part_04/dfdc_train_part_4/pgybuuxxip.mp4,dfdc_train_part_4
dfdc_train_part_4_msaofiaxna,test,fake,/workspace/data/raw/dfdc/dfdc_train_part_04/dfdc_train_part_4/msaofiaxna.mp4,dfdc_train_part_4
dfdc_train_part_4_esdysjlmku,test,fake,/workspace/data/raw/dfdc/dfdc_train_part_04/dfdc_train_part_4/esdysjlmku.mp4,dfdc_train_part_4
dfdc_train_part_4_bclowkiysp,test,fake,/workspace/data/raw/dfdc/dfdc_train_part_04/dfdc_train_part_4/bclowkiysp.mp4,dfdc_train_part_4
dfdc_train_part_4_afdblocyhi,test,fake,/workspace/data/raw/dfdc/dfdc_train_part_04/dfdc_train_part_4/afdblocyhi.mp4,dfdc_train_part_4
dfdc_train_part_4_poxckzplzk,test,fake,/workspace/data/raw/dfdc/dfdc_train_part_04/dfdc_train_part_4/poxckzplzk.mp4,dfdc_train_part_4
dfdc_train_part_4_thikiylwje,test,fake,/workspace/data/raw/dfdc/dfdc_train_part_04/dfdc_train_part_4/thikiylwje.mp4,dfdc_train_part_4
dfdc_train_part_4_pthlshvzqz,test,fake,/workspace/data/raw/dfdc/dfdc_train_part_04/dfdc_train_part_4/pthlshvzqz.mp4,dfdc_train_part_4
dfdc_train_part_4_yxtzngtscd,test,fake,/workspace/data/raw/dfdc/dfdc_train_part_04/dfdc_train_part_4/yxtzngtscd.mp4,dfdc_train_part_4
dfdc_train_part_4_aodgtudnun,test,fake,/workspace/data/raw/dfdc/dfdc_train_part_04/dfdc_train_part_4/aodgtudnun.mp4,dfdc_train_part_4
dfdc_train_part_4_niphzrcipb,test,fake,/workspace/data/raw/dfdc/dfdc_train_part_04/dfdc_train_part_4/niphzrcipb.mp4,dfdc_train_part_4
dfdc_train_part_4_atedadvxfr,test,fake,/workspace/data/raw/dfdc/dfdc_train_part_04/dfdc_train_part_4/atedadvxfr.mp4,dfdc_train_part_4
dfdc_train_part_4_ckrafhjqpz,test,real,/workspace/data/raw/dfdc/dfdc_train_part_04/dfdc_train_part_4/ckrafhjqpz.mp4,dfdc_train_part_4
dfdc_train_part_4_hmfzymqjdc,test,fake,/workspace/data/raw/dfdc/dfdc_train_part_04/dfdc_train_part_4/hmfzymqjdc.mp4,dfdc_train_part_4
dfdc_train_part_4_vsjyeedhkq,test,fake,/workspace/data/raw/dfdc/dfdc_train_part_04/dfdc_train_part_4/vsjyeedhkq.mp4,dfdc_train_part_4
dfdc_train_part_4_qlbgumdyqv,test,fake,/workspace/data/raw/dfdc/dfdc_train_part_04/dfdc_train_part_4/qlbgumdyqv.mp4,dfdc_train_part_4
dfdc_train_part_4_hwdusdxcsj,test,fake,/workspace/data/raw/dfdc/dfdc_train_part_04/dfdc_train_part_4/hwdusdxcsj.mp4,dfdc_train_part_4
dfdc_train_part_4_qdzlaqopsf,test,fake,/workspace/data/raw/dfdc/dfdc_train_part_04/dfdc_train_part_4/qdzlaqopsf.mp4,dfdc_train_part_4
dfdc_train_part_4_kmxgykaxkz,test,fake,/workspace/data/raw/dfdc/dfdc_train_part_04/dfdc_train_part_4/kmxgykaxkz.mp4,dfdc_train_part_4
dfdc_train_part_4_rgiknexmjo,test,fake,/workspace/data/raw/dfdc/dfdc_train_part_04/dfdc_train_part_4/rgiknexmjo.mp4,dfdc_train_part_4
dfdc_train_part_4_hokbnmcntx,test,fake,/workspace/data/raw/dfdc/dfdc_train_part_04/dfdc_train_part_4/hokbnmcntx.mp4,dfdc_train_part_4
dfdc_train_part_4_pcyakzphsh,test,fake,/workspace/data/raw/dfdc/dfdc_train_part_04/dfdc_train_part_4/pcyakzphsh.mp4,dfdc_train_part_4
dfdc_train_part_4_npawfhyprv,test,fake,/workspace/data/raw/dfdc/dfdc_train_part_04/dfdc_train_part_4/npawfhyprv.mp4,dfdc_train_part_4
dfdc_train_part_4_kawwxiglyt,test,fake,/workspace/data/raw/dfdc/dfdc_train_part_04/dfdc_train_part_4/kawwxiglyt.mp4,dfdc_train_part_4
dfdc_train_part_4_uqocbmiuxg,test,fake,/workspace/data/raw/dfdc/dfdc_train_part_04/dfdc_train_part_4/uqocbmiuxg.mp4,dfdc_train_part_4
dfdc_train_part_4_frgxlmbecr,test,fake,/workspace/data/raw/dfdc/dfdc_train_part_04/dfdc_train_part_4/frgxlmbecr.mp4,dfdc_train_part_4
dfdc_train_part_4_xogkkrwhpx,test,fake,/workspace/data/raw/dfdc/dfdc_train_part_04/dfdc_train_part_4/xogkkrwhpx.mp4,dfdc_train_part_4
dfdc_train_part_4_iohpkzeoqv,test,fake,/workspace/data/raw/dfdc/dfdc_train_part_04/dfdc_train_part_4/iohpkzeoqv.mp4,dfdc_train_part_4
dfdc_train_part_4_yumwuqnwts,test,fake,/workspace/data/raw/dfdc/dfdc_train_part_04/dfdc_train_part_4/yumwuqnwts.mp4,dfdc_train_part_4
dfdc_train_part_4_kffoisceba,test,fake,/workspace/data/raw/dfdc/dfdc_train_part_04/dfdc_train_part_4/kffoisceba.mp4,dfdc_train_part_4
dfdc_train_part_4_rewyhkernx,test,fake,/workspace/data/raw/dfdc/dfdc_train_part_04/dfdc_train_part_4/rewyhkernx.mp4,dfdc_train_part_4
dfdc_train_part_4_zkdteggfxg,test,fake,/workspace/data/raw/dfdc/dfdc_train_part_04/dfdc_train_part_4/zkdteggfxg.mp4,dfdc_train_part_4
dfdc_train_part_4_gplfvateud,test,fake,/workspace/data/raw/dfdc/dfdc_train_part_04/dfdc_train_part_4/gplfvateud.mp4,dfdc_train_part_4
dfdc_train_part_4_lgcshibpzt,test,fake,/workspace/data/raw/dfdc/dfdc_train_part_04/dfdc_train_part_4/lgcshibpzt.mp4,dfdc_train_part_4
dfdc_train_part_4_pvcawvxzom,test,fake,/workspace/data/raw/dfdc/dfdc_train_part_04/dfdc_train_part_4/pvcawvxzom.mp4,dfdc_train_part_4
dfdc_train_part_4_nhzjxfptjw,test,fake,/workspace/data/raw/dfdc/dfdc_train_part_04/dfdc_train_part_4/nhzjxfptjw.mp4,dfdc_train_part_4
dfdc_train_part_4_wcfhxxgyoj,test,fake,/workspace/data/raw/dfdc/dfdc_train_part_04/dfdc_train_part_4/wcfhxxgyoj.mp4,dfdc_train_part_4
dfdc_train_part_4_jkcpgrzvdc,test,fake,/workspace/data/raw/dfdc/dfdc_train_part_04/dfdc_train_part_4/jkcpgrzvdc.mp4,dfdc_train_part_4
dfdc_train_part_4_jycearowfp,test,fake,/workspace/data/raw/dfdc/dfdc_train_part_04/dfdc_train_part_4/jycearowfp.mp4,dfdc_train_part_4
dfdc_train_part_4_fyobobkkyx,test,fake,/workspace/data/raw/dfdc/dfdc_train_part_04/dfdc_train_part_4/fyobobkkyx.mp4,dfdc_train_part_4
dfdc_train_part_4_dtxyaacbwp,test,fake,/workspace/data/raw/dfdc/dfdc_train_part_04/dfdc_train_part_4/dtxyaacbwp.mp4,dfdc_train_part_4
dfdc_train_part_4_rsuoaccoph,test,fake,/workspace/data/raw/dfdc/dfdc_train_part_04/dfdc_train_part_4/rsuoaccoph.mp4,dfdc_train_part_4
dfdc_train_part_4_kbzvekqwyr,test,fake,/workspace/data/raw/dfdc/dfdc_train_part_04/dfdc_train_part_4/kbzvekqwyr.mp4,dfdc_train_part_4
dfdc_train_part_4_qilonbvqqj,test,fake,/workspace/data/raw/dfdc/dfdc_train_part_04/dfdc_train_part_4/qilonbvqqj.mp4,dfdc_train_part_4
dfdc_train_part_4_xgqddmsmnb,test,fake,/workspace/data/raw/dfdc/dfdc_train_part_04/dfdc_train_part_4/xgqddmsmnb.mp4,dfdc_train_part_4
dfdc_train_part_4_kbgdtsrfme,test,fake,/workspace/data/raw/dfdc/dfdc_train_part_04/dfdc_train_part_4/kbgdtsrfme.mp4,dfdc_train_part_4
dfdc_train_part_4_zecykjdlru,test,fake,/workspace/data/raw/dfdc/dfdc_train_part_04/dfdc_train_part_4/zecykjdlru.mp4,dfdc_train_part_4
dfdc_train_part_4_mhovvnvttx,test,fake,/workspace/data/raw/dfdc/dfdc_train_part_04/dfdc_train_part_4/mhovvnvttx.mp4,dfdc_train_part_4
dfdc_train_part_4_slaqauiuvy,test,fake,/workspace/data/raw/dfdc/dfdc_train_part_04/dfdc_train_part_4/slaqauiuvy.mp4,dfdc_train_part_4
dfdc_train_part_4_taykmwtpqj,test,fake,/workspace/data/raw/dfdc/dfdc_train_part_04/dfdc_train_part_4/taykmwtpqj.mp4,dfdc_train_part_4
dfdc_train_part_4_zvuxjtmtfr,test,fake,/workspace/data/raw/dfdc/dfdc_train_part_04/dfdc_train_part_4/zvuxjtmtfr.mp4,dfdc_train_part_4
dfdc_train_part_4_einzffdldz,test,fake,/workspace/data/raw/dfdc/dfdc_train_part_04/dfdc_train_part_4/einzffdldz.mp4,dfdc_train_part_4
dfdc_train_part_4_bblcipnywx,test,fake,/workspace/data/raw/dfdc/dfdc_train_part_04/dfdc_train_part_4/bblcipnywx.mp4,dfdc_train_part_4
dfdc_train_part_4_icbfzqoass,test,fake,/workspace/data/raw/dfdc/dfdc_train_part_04/dfdc_train_part_4/icbfzqoass.mp4,dfdc_train_part_4
dfdc_train_part_4_xymkznzziz,test,fake,/workspace/data/raw/dfdc/dfdc_train_part_04/dfdc_train_part_4/xymkznzziz.mp4,dfdc_train_part_4
dfdc_train_part_4_yventrtrzi,test,fake,/workspace/data/raw/dfdc/dfdc_train_part_04/dfdc_train_part_4/yventrtrzi.mp4,dfdc_train_part_4
dfdc_train_part_4_bgduhdhubv,test,fake,/workspace/data/raw/dfdc/dfdc_train_part_04/dfdc_train_part_4/bgduhdhubv.mp4,dfdc_train_part_4
dfdc_train_part_4_mewaafuknw,test,fake,/workspace/data/raw/dfdc/dfdc_train_part_04/dfdc_train_part_4/mewaafuknw.mp4,dfdc_train_part_4
dfdc_train_part_4_vehpszvabs,test,fake,/workspace/data/raw/dfdc/dfdc_train_part_04/dfdc_train_part_4/vehpszvabs.mp4,dfdc_train_part_4
dfdc_train_part_4_sicmaxiury,test,fake,/workspace/data/raw/dfdc/dfdc_train_part_04/dfdc_train_part_4/sicmaxiury.mp4,dfdc_train_part_4
dfdc_train_part_4_onpcjkzyoa,test,fake,/workspace/data/raw/dfdc/dfdc_train_part_04/dfdc_train_part_4/onpcjkzyoa.mp4,dfdc_train_part_4
dfdc_train_part_4_zcjxupwomg,test,fake,/workspace/data/raw/dfdc/dfdc_train_part_04/dfdc_train_part_4/zcjxupwomg.mp4,dfdc_train_part_4
dfdc_train_part_4_ojynwshpjk,test,fake,/workspace/data/raw/dfdc/dfdc_train_part_04/dfdc_train_part_4/ojynwshpjk.mp4,dfdc_train_part_4
dfdc_train_part_4_nfpevkxopv,test,fake,/workspace/data/raw/dfdc/dfdc_train_part_04/dfdc_train_part_4/nfpevkxopv.mp4,dfdc_train_part_4
dfdc_train_part_4_snyatxpeia,test,fake,/workspace/data/raw/dfdc/dfdc_train_part_04/dfdc_train_part_4/snyatxpeia.mp4,dfdc_train_part_4
dfdc_train_part_4_nkicdspfbc,test,fake,/workspace/data/raw/dfdc/dfdc_train_part_04/dfdc_train_part_4/nkicdspfbc.mp4,dfdc_train_part_4
dfdc_train_part_4_yhpezpcvvu,test,fake,/workspace/data/raw/dfdc/dfdc_train_part_04/dfdc_train_part_4/yhpezpcvvu.mp4,dfdc_train_part_4
dfdc_train_part_4_pjxjmwwaoj,test,fake,/workspace/data/raw/dfdc/dfdc_train_part_04/dfdc_train_part_4/pjxjmwwaoj.mp4,dfdc_train_part_4
dfdc_train_part_4_bzsubopmrv,test,fake,/workspace/data/raw/dfdc/dfdc_train_part_04/dfdc_train_part_4/bzsubopmrv.mp4,dfdc_train_part_4
dfdc_train_part_4_dqnvplfkrm,test,fake,/workspace/data/raw/dfdc/dfdc_train_part_04/dfdc_train_part_4/dqnvplfkrm.mp4,dfdc_train_part_4
dfdc_train_part_4_fiepgbvlrb,test,fake,/workspace/data/raw/dfdc/dfdc_train_part_04/dfdc_train_part_4/fiepgbvlrb.mp4,dfdc_train_part_4
dfdc_train_part_4_bauutjqiow,test,fake,/workspace/data/raw/dfdc/dfdc_train_part_04/dfdc_train_part_4/bauutjqiow.mp4,dfdc_train_part_4
dfdc_train_part_4_xfjjlcoadu,test,fake,/workspace/data/raw/dfdc/dfdc_train_part_04/dfdc_train_part_4/xfjjlcoadu.mp4,dfdc_train_part_4
dfdc_train_part_4_wgcnotpqeh,test,fake,/workspace/data/raw/dfdc/dfdc_train_part_04/dfdc_train_part_4/wgcnotpqeh.mp4,dfdc_train_part_4
dfdc_train_part_4_yunzfvsgit,test,fake,/workspace/data/raw/dfdc/dfdc_train_part_04/dfdc_train_part_4/yunzfvsgit.mp4,dfdc_train_part_4
dfdc_train_part_4_rszixgvkce,test,fake,/workspace/data/raw/dfdc/dfdc_train_part_04/dfdc_train_part_4/rszixgvkce.mp4,dfdc_train_part_4
dfdc_train_part_4_lwtjkykrfh,test,fake,/workspace/data/raw/dfdc/dfdc_train_part_04/dfdc_train_part_4/lwtjkykrfh.mp4,dfdc_train_part_4
dfdc_train_part_4_nkhymwamrq,test,fake,/workspace/data/raw/dfdc/dfdc_train_part_04/dfdc_train_part_4/nkhymwamrq.mp4,dfdc_train_part_4
dfdc_train_part_4_nghecwwzkv,test,fake,/workspace/data/raw/dfdc/dfdc_train_part_04/dfdc_train_part_4/nghecwwzkv.mp4,dfdc_train_part_4
dfdc_train_part_4_yuyggmrapv,test,fake,/workspace/data/raw/dfdc/dfdc_train_part_04/dfdc_train_part_4/yuyggmrapv.mp4,dfdc_train_part_4
dfdc_train_part_4_seddxiphzu,test,fake,/workspace/data/raw/dfdc/dfdc_train_part_04/dfdc_train_part_4/seddxiphzu.mp4,dfdc_train_part_4
dfdc_train_part_4_jvgbggnvuh,test,fake,/workspace/data/raw/dfdc/dfdc_train_part_04/dfdc_train_part_4/jvgbggnvuh.mp4,dfdc_train_part_4
dfdc_train_part_4_xebrhymorz,test,fake,/workspace/data/raw/dfdc/dfdc_train_part_04/dfdc_train_part_4/xebrhymorz.mp4,dfdc_train_part_4
dfdc_train_part_4_tdrewqtsgl,test,fake,/workspace/data/raw/dfdc/dfdc_train_part_04/dfdc_train_part_4/tdrewqtsgl.mp4,dfdc_train_part_4
dfdc_train_part_4_nxosnovbjl,test,real,/workspace/data/raw/dfdc/dfdc_train_part_04/dfdc_train_part_4/nxosnovbjl.mp4,dfdc_train_part_4
dfdc_train_part_4_yyevmkmzhl,test,fake,/workspace/data/raw/dfdc/dfdc_train_part_04/dfdc_train_part_4/yyevmkmzhl.mp4,dfdc_train_part_4
dfdc_train_part_4_hvwhzywmoo,test,fake,/workspace/data/raw/dfdc/dfdc_train_part_04/dfdc_train_part_4/hvwhzywmoo.mp4,dfdc_train_part_4
dfdc_train_part_4_ufqvupdrvh,test,fake,/workspace/data/raw/dfdc/dfdc_train_part_04/dfdc_train_part_4/ufqvupdrvh.mp4,dfdc_train_part_4
dfdc_train_part_4_lvglcazbst,test,fake,/workspace/data/raw/dfdc/dfdc_train_part_04/dfdc_train_part_4/lvglcazbst.mp4,dfdc_train_part_4
dfdc_train_part_4_veqmvtcipb,test,fake,/workspace/data/raw/dfdc/dfdc_train_part_04/dfdc_train_part_4/veqmvtcipb.mp4,dfdc_train_part_4
dfdc_train_part_4_bpwgtgahcv,test,fake,/workspace/data/raw/dfdc/dfdc_train_part_04/dfdc_train_part_4/bpwgtgahcv.mp4,dfdc_train_part_4
dfdc_train_part_4_ylftubupki,test,fake,/workspace/data/raw/dfdc/dfdc_train_part_04/dfdc_train_part_4/ylftubupki.mp4,dfdc_train_part_4
dfdc_train_part_4_iakzfiumwi,test,fake,/workspace/data/raw/dfdc/dfdc_train_part_04/dfdc_train_part_4/iakzfiumwi.mp4,dfdc_train_part_4
dfdc_train_part_4_hoelpuopfi,test,fake,/workspace/data/raw/dfdc/dfdc_train_part_04/dfdc_train_part_4/hoelpuopfi.mp4,dfdc_train_part_4
dfdc_train_part_4_ufxotzkgda,test,fake,/workspace/data/raw/dfdc/dfdc_train_part_04/dfdc_train_part_4/ufxotzkgda.mp4,dfdc_train_part_4
dfdc_train_part_4_bdnwuzgaew,test,fake,/workspace/data/raw/dfdc/dfdc_train_part_04/dfdc_train_part_4/bdnwuzgaew.mp4,dfdc_train_part_4
dfdc_train_part_4_egfsdciomi,test,fake,/workspace/data/raw/dfdc/dfdc_train_part_04/dfdc_train_part_4/egfsdciomi.mp4,dfdc_train_part_4
dfdc_train_part_4_pmciwmkszl,test,real,/workspace/data/raw/dfdc/dfdc_train_part_04/dfdc_train_part_4/pmciwmkszl.mp4,dfdc_train_part_4
dfdc_train_part_4_hvplvgwjzt,test,real,/workspace/data/raw/dfdc/dfdc_train_part_04/dfdc_train_part_4/hvplvgwjzt.mp4,dfdc_train_part_4
dfdc_train_part_4_aujxjbehuz,test,fake,/workspace/data/raw/dfdc/dfdc_train_part_04/dfdc_train_part_4/aujxjbehuz.mp4,dfdc_train_part_4
dfdc_train_part_4_ifvalqursn,test,fake,/workspace/data/raw/dfdc/dfdc_train_part_04/dfdc_train_part_4/ifvalqursn.mp4,dfdc_train_part_4
dfdc_train_part_4_vzvbazzbsp,test,fake,/workspace/data/raw/dfdc/dfdc_train_part_04/dfdc_train_part_4/vzvbazzbsp.mp4,dfdc_train_part_4
dfdc_train_part_4_iadyctdpxp,test,fake,/workspace/data/raw/dfdc/dfdc_train_part_04/dfdc_train_part_4/iadyctdpxp.mp4,dfdc_train_part_4
dfdc_train_part_4_myaukmfnow,test,fake,/workspace/data/raw/dfdc/dfdc_train_part_04/dfdc_train_part_4/myaukmfnow.mp4,dfdc_train_part_4
dfdc_train_part_4_ycbtivkeku,test,fake,/workspace/data/raw/dfdc/dfdc_train_part_04/dfdc_train_part_4/ycbtivkeku.mp4,dfdc_train_part_4
dfdc_train_part_4_xuqnnutplm,test,fake,/workspace/data/raw/dfdc/dfdc_train_part_04/dfdc_train_part_4/xuqnnutplm.mp4,dfdc_train_part_4
dfdc_train_part_4_qnxmglaoka,test,fake,/workspace/data/raw/dfdc/dfdc_train_part_04/dfdc_train_part_4/qnxmglaoka.mp4,dfdc_train_part_4
dfdc_train_part_4_juinndbyjk,test,fake,/workspace/data/raw/dfdc/dfdc_train_part_04/dfdc_train_part_4/juinndbyjk.mp4,dfdc_train_part_4
dfdc_train_part_4_ndagmfmlrs,test,fake,/workspace/data/raw/dfdc/dfdc_train_part_04/dfdc_train_part_4/ndagmfmlrs.mp4,dfdc_train_part_4
dfdc_train_part_4_gosyohgxii,test,fake,/workspace/data/raw/dfdc/dfdc_train_part_04/dfdc_train_part_4/gosyohgxii.mp4,dfdc_train_part_4
dfdc_train_part_4_kkrdphgolp,test,fake,/workspace/data/raw/dfdc/dfdc_train_part_04/dfdc_train_part_4/kkrdphgolp.mp4,dfdc_train_part_4
dfdc_train_part_4_zivqpuqkmw,test,fake,/workspace/data/raw/dfdc/dfdc_train_part_04/dfdc_train_part_4/zivqpuqkmw.mp4,dfdc_train_part_4
dfdc_train_part_4_fktdsqigxq,test,fake,/workspace/data/raw/dfdc/dfdc_train_part_04/dfdc_train_part_4/fktdsqigxq.mp4,dfdc_train_part_4
dfdc_train_part_4_aqemytasjc,test,fake,/workspace/data/raw/dfdc/dfdc_train_part_04/dfdc_train_part_4/aqemytasjc.mp4,dfdc_train_part_4
dfdc_train_part_4_qmjdiocliw,test,fake,/workspace/data/raw/dfdc/dfdc_train_part_04/dfdc_train_part_4/qmjdiocliw.mp4,dfdc_train_part_4
dfdc_train_part_4_ubiaxzquoa,test,fake,/workspace/data/raw/dfdc/dfdc_train_part_04/dfdc_train_part_4/ubiaxzquoa.mp4,dfdc_train_part_4
dfdc_train_part_4_hetxvghqhn,test,fake,/workspace/data/raw/dfdc/dfdc_train_part_04/dfdc_train_part_4/hetxvghqhn.mp4,dfdc_train_part_4
dfdc_train_part_4_uxsypoielb,test,fake,/workspace/data/raw/dfdc/dfdc_train_part_04/dfdc_train_part_4/uxsypoielb.mp4,dfdc_train_part_4
dfdc_train_part_4_upqgpwzejd,test,fake,/workspace/data/raw/dfdc/dfdc_train_part_04/dfdc_train_part_4/upqgpwzejd.mp4,dfdc_train_part_4
dfdc_train_part_4_xqwgjhoumm,test,fake,/workspace/data/raw/dfdc/dfdc_train_part_04/dfdc_train_part_4/xqwgjhoumm.mp4,dfdc_train_part_4
dfdc_train_part_4_qlsgazlpfj,test,fake,/workspace/data/raw/dfdc/dfdc_train_part_04/dfdc_train_part_4/qlsgazlpfj.mp4,dfdc_train_part_4
dfdc_train_part_4_njdhjhyymo,test,fake,/workspace/data/raw/dfdc/dfdc_train_part_04/dfdc_train_part_4/njdhjhyymo.mp4,dfdc_train_part_4
dfdc_train_part_4_ledddkfcbk,test,fake,/workspace/data/raw/dfdc/dfdc_train_part_04/dfdc_train_part_4/ledddkfcbk.mp4,dfdc_train_part_4
dfdc_train_part_4_dcptbihiel,test,fake,/workspace/data/raw/dfdc/dfdc_train_part_04/dfdc_train_part_4/dcptbihiel.mp4,dfdc_train_part_4
dfdc_train_part_4_tfwwujmztf,test,fake,/workspace/data/raw/dfdc/dfdc_train_part_04/dfdc_train_part_4/tfwwujmztf.mp4,dfdc_train_part_4
dfdc_train_part_4_kqnuloxwny,test,fake,/workspace/data/raw/dfdc/dfdc_train_part_04/dfdc_train_part_4/kqnuloxwny.mp4,dfdc_train_part_4
dfdc_train_part_4_sfyjropdvy,test,real,/workspace/data/raw/dfdc/dfdc_train_part_04/dfdc_train_part_4/sfyjropdvy.mp4,dfdc_train_part_4
dfdc_train_part_4_kiqphqnazo,test,fake,/workspace/data/raw/dfdc/dfdc_train_part_04/dfdc_train_part_4/kiqphqnazo.mp4,dfdc_train_part_4
dfdc_train_part_4_sexhmctrjp,test,fake,/workspace/data/raw/dfdc/dfdc_train_part_04/dfdc_train_part_4/sexhmctrjp.mp4,dfdc_train_part_4
dfdc_train_part_4_wmpwsdogqt,test,fake,/workspace/data/raw/dfdc/dfdc_train_part_04/dfdc_train_part_4/wmpwsdogqt.mp4,dfdc_train_part_4
dfdc_train_part_4_lqtuvbicet,test,fake,/workspace/data/raw/dfdc/dfdc_train_part_04/dfdc_train_part_4/lqtuvbicet.mp4,dfdc_train_part_4
dfdc_train_part_4_laybdbghfv,test,fake,/workspace/data/raw/dfdc/dfdc_train_part_04/dfdc_train_part_4/laybdbghfv.mp4,dfdc_train_part_4
dfdc_train_part_4_mltdczturk,test,fake,/workspace/data/raw/dfdc/dfdc_train_part_04/dfdc_train_part_4/mltdczturk.mp4,dfdc_train_part_4
dfdc_train_part_4_ksbtcwhead,test,fake,/workspace/data/raw/dfdc/dfdc_train_part_04/dfdc_train_part_4/ksbtcwhead.mp4,dfdc_train_part_4
dfdc_train_part_4_ssxjtjxext,test,fake,/workspace/data/raw/dfdc/dfdc_train_part_04/dfdc_train_part_4/ssxjtjxext.mp4,dfdc_train_part_4
dfdc_train_part_4_qmxzdqguuv,test,fake,/workspace/data/raw/dfdc/dfdc_train_part_04/dfdc_train_part_4/qmxzdqguuv.mp4,dfdc_train_part_4
dfdc_train_part_4_qadwnwxxcv,test,fake,/workspace/data/raw/dfdc/dfdc_train_part_04/dfdc_train_part_4/qadwnwxxcv.mp4,dfdc_train_part_4
dfdc_train_part_4_ccpydpqsam,test,fake,/workspace/data/raw/dfdc/dfdc_train_part_04/dfdc_train_part_4/ccpydpqsam.mp4,dfdc_train_part_4
dfdc_train_part_4_pyttfccelg,test,real,/workspace/data/raw/dfdc/dfdc_train_part_04/dfdc_train_part_4/pyttfccelg.mp4,dfdc_train_part_4
dfdc_train_part_4_wdukmquzms,test,fake,/workspace/data/raw/dfdc/dfdc_train_part_04/dfdc_train_part_4/wdukmquzms.mp4,dfdc_train_part_4
dfdc_train_part_4_jsficotskd,test,fake,/workspace/data/raw/dfdc/dfdc_train_part_04/dfdc_train_part_4/jsficotskd.mp4,dfdc_train_part_4
dfdc_train_part_4_tjofgrazce,test,fake,/workspace/data/raw/dfdc/dfdc_train_part_04/dfdc_train_part_4/tjofgrazce.mp4,dfdc_train_part_4
dfdc_train_part_4_rkwlvcnevt,test,real,/workspace/data/raw/dfdc/dfdc_train_part_04/dfdc_train_part_4/rkwlvcnevt.mp4,dfdc_train_part_4
dfdc_train_part_4_vcrdyfgjld,test,fake,/workspace/data/raw/dfdc/dfdc_train_part_04/dfdc_train_part_4/vcrdyfgjld.mp4,dfdc_train_part_4
dfdc_train_part_4_ujowtoffvt,test,fake,/workspace/data/raw/dfdc/dfdc_train_part_04/dfdc_train_part_4/ujowtoffvt.mp4,dfdc_train_part_4
dfdc_train_part_4_idwfebyhtp,test,fake,/workspace/data/raw/dfdc/dfdc_train_part_04/dfdc_train_part_4/idwfebyhtp.mp4,dfdc_train_part_4
dfdc_train_part_4_qqcpraqdqw,test,fake,/workspace/data/raw/dfdc/dfdc_train_part_04/dfdc_train_part_4/qqcpraqdqw.mp4,dfdc_train_part_4
dfdc_train_part_4_wbcwyspkld,test,fake,/workspace/data/raw/dfdc/dfdc_train_part_04/dfdc_train_part_4/wbcwyspkld.mp4,dfdc_train_part_4
dfdc_train_part_4_hfhgtkuaxr,test,fake,/workspace/data/raw/dfdc/dfdc_train_part_04/dfdc_train_part_4/hfhgtkuaxr.mp4,dfdc_train_part_4
dfdc_train_part_4_mrkwwadnqs,test,real,/workspace/data/raw/dfdc/dfdc_train_part_04/dfdc_train_part_4/mrkwwadnqs.mp4,dfdc_train_part_4
dfdc_train_part_4_tgtaisacai,test,fake,/workspace/data/raw/dfdc/dfdc_train_part_04/dfdc_train_part_4/tgtaisacai.mp4,dfdc_train_part_4
dfdc_train_part_4_mafrgxljhe,test,fake,/workspace/data/raw/dfdc/dfdc_train_part_04/dfdc_train_part_4/mafrgxljhe.mp4,dfdc_train_part_4
dfdc_train_part_4_bgdhmiplel,test,fake,/workspace/data/raw/dfdc/dfdc_train_part_04/dfdc_train_part_4/bgdhmiplel.mp4,dfdc_train_part_4
dfdc_train_part_4_hfrlfyisor,test,fake,/workspace/data/raw/dfdc/dfdc_train_part_04/dfdc_train_part_4/hfrlfyisor.mp4,dfdc_train_part_4
dfdc_train_part_4_cvtaccskvb,test,fake,/workspace/data/raw/dfdc/dfdc_train_part_04/dfdc_train_part_4/cvtaccskvb.mp4,dfdc_train_part_4
dfdc_train_part_4_kabgjapmic,test,fake,/workspace/data/raw/dfdc/dfdc_train_part_04/dfdc_train_part_4/kabgjapmic.mp4,dfdc_train_part_4
dfdc_train_part_4_taceetjchl,test,fake,/workspace/data/raw/dfdc/dfdc_train_part_04/dfdc_train_part_4/taceetjchl.mp4,dfdc_train_part_4
dfdc_train_part_4_dmvcpbknnl,test,fake,/workspace/data/raw/dfdc/dfdc_train_part_04/dfdc_train_part_4/dmvcpbknnl.mp4,dfdc_train_part_4
dfdc_train_part_4_gkbmuqhfti,test,real,/workspace/data/raw/dfdc/dfdc_train_part_04/dfdc_train_part_4/gkbmuqhfti.mp4,dfdc_train_part_4
dfdc_train_part_4_kdvcexakou,test,real,/workspace/data/raw/dfdc/dfdc_train_part_04/dfdc_train_part_4/kdvcexakou.mp4,dfdc_train_part_4
dfdc_train_part_4_ikyghoorjg,test,fake,/workspace/data/raw/dfdc/dfdc_train_part_04/dfdc_train_part_4/ikyghoorjg.mp4,dfdc_train_part_4
dfdc_train_part_4_nbjjeprsln,test,fake,/workspace/data/raw/dfdc/dfdc_train_part_04/dfdc_train_part_4/nbjjeprsln.mp4,dfdc_train_part_4
dfdc_train_part_4_hendtstcai,test,fake,/workspace/data/raw/dfdc/dfdc_train_part_04/dfdc_train_part_4/hendtstcai.mp4,dfdc_train_part_4
dfdc_train_part_4_zjxdvxwegq,test,fake,/workspace/data/raw/dfdc/dfdc_train_part_04/dfdc_train_part_4/zjxdvxwegq.mp4,dfdc_train_part_4
dfdc_train_part_4_dolgjagncn,test,fake,/workspace/data/raw/dfdc/dfdc_train_part_04/dfdc_train_part_4/dolgjagncn.mp4,dfdc_train_part_4
dfdc_train_part_4_xgsatjfhrf,test,fake,/workspace/data/raw/dfdc/dfdc_train_part_04/dfdc_train_part_4/xgsatjfhrf.mp4,dfdc_train_part_4
dfdc_train_part_4_aeconjpzxx,test,fake,/workspace/data/raw/dfdc/dfdc_train_part_04/dfdc_train_part_4/aeconjpzxx.mp4,dfdc_train_part_4
dfdc_train_part_4_hseotizotm,test,fake,/workspace/data/raw/dfdc/dfdc_train_part_04/dfdc_train_part_4/hseotizotm.mp4,dfdc_train_part_4
dfdc_train_part_4_zsdvpgarrv,test,fake,/workspace/data/raw/dfdc/dfdc_train_part_04/dfdc_train_part_4/zsdvpgarrv.mp4,dfdc_train_part_4
dfdc_train_part_4_kljsosbpwv,test,real,/workspace/data/raw/dfdc/dfdc_train_part_04/dfdc_train_part_4/kljsosbpwv.mp4,dfdc_train_part_4
dfdc_train_part_4_vxbxvkgzoj,test,fake,/workspace/data/raw/dfdc/dfdc_train_part_04/dfdc_train_part_4/vxbxvkgzoj.mp4,dfdc_train_part_4
dfdc_train_part_4_qujjkkjiod,test,fake,/workspace/data/raw/dfdc/dfdc_train_part_04/dfdc_train_part_4/qujjkkjiod.mp4,dfdc_train_part_4
dfdc_train_part_4_ndqzbihbgt,test,fake,/workspace/data/raw/dfdc/dfdc_train_part_04/dfdc_train_part_4/ndqzbihbgt.mp4,dfdc_train_part_4
dfdc_train_part_4_hklwformks,test,fake,/workspace/data/raw/dfdc/dfdc_train_part_04/dfdc_train_part_4/hklwformks.mp4,dfdc_train_part_4
dfdc_train_part_4_olqklntoju,test,fake,/workspace/data/raw/dfdc/dfdc_train_part_04/dfdc_train_part_4/olqklntoju.mp4,dfdc_train_part_4
dfdc_train_part_4_unmfaaaeln,test,real,/workspace/data/raw/dfdc/dfdc_train_part_04/dfdc_train_part_4/unmfaaaeln.mp4,dfdc_train_part_4
dfdc_train_part_4_heoufzaddn,test,real,/workspace/data/raw/dfdc/dfdc_train_part_04/dfdc_train_part_4/heoufzaddn.mp4,dfdc_train_part_4
dfdc_train_part_4_xyjtfubjpn,test,fake,/workspace/data/raw/dfdc/dfdc_train_part_04/dfdc_train_part_4/xyjtfubjpn.mp4,dfdc_train_part_4
dfdc_train_part_4_ekzlzfmhoo,test,real,/workspace/data/raw/dfdc/dfdc_train_part_04/dfdc_train_part_4/ekzlzfmhoo.mp4,dfdc_train_part_4
dfdc_train_part_4_eizlariprr,test,fake,/workspace/data/raw/dfdc/dfdc_train_part_04/dfdc_train_part_4/eizlariprr.mp4,dfdc_train_part_4
dfdc_train_part_4_drvtnhzkyw,test,fake,/workspace/data/raw/dfdc/dfdc_train_part_04/dfdc_train_part_4/drvtnhzkyw.mp4,dfdc_train_part_4
dfdc_train_part_4_gggzwojfid,test,fake,/workspace/data/raw/dfdc/dfdc_train_part_04/dfdc_train_part_4/gggzwojfid.mp4,dfdc_train_part_4
dfdc_train_part_4_fktxniwzxe,test,fake,/workspace/data/raw/dfdc/dfdc_train_part_04/dfdc_train_part_4/fktxniwzxe.mp4,dfdc_train_part_4
dfdc_train_part_4_grvbmrztgg,test,fake,/workspace/data/raw/dfdc/dfdc_train_part_04/dfdc_train_part_4/grvbmrztgg.mp4,dfdc_train_part_4
dfdc_train_part_4_snqflqhxeg,test,fake,/workspace/data/raw/dfdc/dfdc_train_part_04/dfdc_train_part_4/snqflqhxeg.mp4,dfdc_train_part_4
dfdc_train_part_4_vvdisddtuy,test,fake,/workspace/data/raw/dfdc/dfdc_train_part_04/dfdc_train_part_4/vvdisddtuy.mp4,dfdc_train_part_4
dfdc_train_part_4_wktholesnu,test,fake,/workspace/data/raw/dfdc/dfdc_train_part_04/dfdc_train_part_4/wktholesnu.mp4,dfdc_train_part_4
dfdc_train_part_4_jznfyhhbwv,test,real,/workspace/data/raw/dfdc/dfdc_train_part_04/dfdc_train_part_4/jznfyhhbwv.mp4,dfdc_train_part_4
dfdc_train_part_4_gexhvhwfuc,test,fake,/workspace/data/raw/dfdc/dfdc_train_part_04/dfdc_train_part_4/gexhvhwfuc.mp4,dfdc_train_part_4
dfdc_train_part_4_vudsinfgoq,test,fake,/workspace/data/raw/dfdc/dfdc_train_part_04/dfdc_train_part_4/vudsinfgoq.mp4,dfdc_train_part_4
dfdc_train_part_4_glwcmuudzc,test,real,/workspace/data/raw/dfdc/dfdc_train_part_04/dfdc_train_part_4/glwcmuudzc.mp4,dfdc_train_part_4
dfdc_train_part_4_eefziuudfy,test,fake,/workspace/data/raw/dfdc/dfdc_train_part_04/dfdc_train_part_4/eefziuudfy.mp4,dfdc_train_part_4
dfdc_train_part_4_nwldurfeyb,test,fake,/workspace/data/raw/dfdc/dfdc_train_part_04/dfdc_train_part_4/nwldurfeyb.mp4,dfdc_train_part_4
dfdc_train_part_4_dotnqbskng,test,real,/workspace/data/raw/dfdc/dfdc_train_part_04/dfdc_train_part_4/dotnqbskng.mp4,dfdc_train_part_4
dfdc_train_part_4_acgywoqfbr,test,fake,/workspace/data/raw/dfdc/dfdc_train_part_04/dfdc_train_part_4/acgywoqfbr.mp4,dfdc_train_part_4
dfdc_train_part_4_vrndtmconm,test,fake,/workspace/data/raw/dfdc/dfdc_train_part_04/dfdc_train_part_4/vrndtmconm.mp4,dfdc_train_part_4
dfdc_train_part_4_ywtpmkuseg,test,real,/workspace/data/raw/dfdc/dfdc_train_part_04/dfdc_train_part_4/ywtpmkuseg.mp4,dfdc_train_part_4
dfdc_train_part_4_gaamgahqze,test,fake,/workspace/data/raw/dfdc/dfdc_train_part_04/dfdc_train_part_4/gaamgahqze.mp4,dfdc_train_part_4
dfdc_train_part_4_bocdttfbsu,test,fake,/workspace/data/raw/dfdc/dfdc_train_part_04/dfdc_train_part_4/bocdttfbsu.mp4,dfdc_train_part_4
dfdc_train_part_4_fbapokghgg,test,fake,/workspace/data/raw/dfdc/dfdc_train_part_04/dfdc_train_part_4/fbapokghgg.mp4,dfdc_train_part_4
dfdc_train_part_4_sqyznyderl,test,fake,/workspace/data/raw/dfdc/dfdc_train_part_04/dfdc_train_part_4/sqyznyderl.mp4,dfdc_train_part_4
dfdc_train_part_4_jqarsowuiq,test,fake,/workspace/data/raw/dfdc/dfdc_train_part_04/dfdc_train_part_4/jqarsowuiq.mp4,dfdc_train_part_4
dfdc_train_part_4_vsnbhgocuj,test,fake,/workspace/data/raw/dfdc/dfdc_train_part_04/dfdc_train_part_4/vsnbhgocuj.mp4,dfdc_train_part_4
dfdc_train_part_4_hkelfxsxyo,test,fake,/workspace/data/raw/dfdc/dfdc_train_part_04/dfdc_train_part_4/hkelfxsxyo.mp4,dfdc_train_part_4
dfdc_train_part_4_lmbahomxft,test,real,/workspace/data/raw/dfdc/dfdc_train_part_04/dfdc_train_part_4/lmbahomxft.mp4,dfdc_train_part_4
dfdc_train_part_4_bvixniyivj,test,fake,/workspace/data/raw/dfdc/dfdc_train_part_04/dfdc_train_part_4/bvixniyivj.mp4,dfdc_train_part_4
dfdc_train_part_4_hqnzmyfqmh,test,fake,/workspace/data/raw/dfdc/dfdc_train_part_04/dfdc_train_part_4/hqnzmyfqmh.mp4,dfdc_train_part_4
dfdc_train_part_4_vqkdmyxdmh,test,fake,/workspace/data/raw/dfdc/dfdc_train_part_04/dfdc_train_part_4/vqkdmyxdmh.mp4,dfdc_train_part_4
dfdc_train_part_4_uhqwaoxxcj,test,real,/workspace/data/raw/dfdc/dfdc_train_part_04/dfdc_train_part_4/uhqwaoxxcj.mp4,dfdc_train_part_4
dfdc_train_part_4_hwebzjktum,test,fake,/workspace/data/raw/dfdc/dfdc_train_part_04/dfdc_train_part_4/hwebzjktum.mp4,dfdc_train_part_4
dfdc_train_part_4_nunyzzmfdw,test,fake,/workspace/data/raw/dfdc/dfdc_train_part_04/dfdc_train_part_4/nunyzzmfdw.mp4,dfdc_train_part_4
dfdc_train_part_4_lvgnyxsmgl,test,fake,/workspace/data/raw/dfdc/dfdc_train_part_04/dfdc_train_part_4/lvgnyxsmgl.mp4,dfdc_train_part_4
dfdc_train_part_4_corzuofzie,test,fake,/workspace/data/raw/dfdc/dfdc_train_part_04/dfdc_train_part_4/corzuofzie.mp4,dfdc_train_part_4
dfdc_train_part_4_jygnpdukjy,test,fake,/workspace/data/raw/dfdc/dfdc_train_part_04/dfdc_train_part_4/jygnpdukjy.mp4,dfdc_train_part_4
dfdc_train_part_4_ivuceegsjg,test,fake,/workspace/data/raw/dfdc/dfdc_train_part_04/dfdc_train_part_4/ivuceegsjg.mp4,dfdc_train_part_4
dfdc_train_part_4_ifkqknsmuo,test,fake,/workspace/data/raw/dfdc/dfdc_train_part_04/dfdc_train_part_4/ifkqknsmuo.mp4,dfdc_train_part_4
dfdc_train_part_4_yihriwiouk,test,fake,/workspace/data/raw/dfdc/dfdc_train_part_04/dfdc_train_part_4/yihriwiouk.mp4,dfdc_train_part_4
dfdc_train_part_4_fomibzjdbk,test,fake,/workspace/data/raw/dfdc/dfdc_train_part_04/dfdc_train_part_4/fomibzjdbk.mp4,dfdc_train_part_4
dfdc_train_part_4_iuhtqnzofi,test,fake,/workspace/data/raw/dfdc/dfdc_train_part_04/dfdc_train_part_4/iuhtqnzofi.mp4,dfdc_train_part_4
dfdc_train_part_4_rlephvzrar,test,fake,/workspace/data/raw/dfdc/dfdc_train_part_04/dfdc_train_part_4/rlephvzrar.mp4,dfdc_train_part_4
dfdc_train_part_4_gygjqhfdvw,test,fake,/workspace/data/raw/dfdc/dfdc_train_part_04/dfdc_train_part_4/gygjqhfdvw.mp4,dfdc_train_part_4
dfdc_train_part_4_gciuoskkao,test,fake,/workspace/data/raw/dfdc/dfdc_train_part_04/dfdc_train_part_4/gciuoskkao.mp4,dfdc_train_part_4
dfdc_train_part_4_hekhubztvd,test,fake,/workspace/data/raw/dfdc/dfdc_train_part_04/dfdc_train_part_4/hekhubztvd.mp4,dfdc_train_part_4
dfdc_train_part_4_gsxmjjhtft,test,real,/workspace/data/raw/dfdc/dfdc_train_part_04/dfdc_train_part_4/gsxmjjhtft.mp4,dfdc_train_part_4
dfdc_train_part_4_wiaabzyupm,test,fake,/workspace/data/raw/dfdc/dfdc_train_part_04/dfdc_train_part_4/wiaabzyupm.mp4,dfdc_train_part_4
dfdc_train_part_4_kcsihhaviw,test,fake,/workspace/data/raw/dfdc/dfdc_train_part_04/dfdc_train_part_4/kcsihhaviw.mp4,dfdc_train_part_4
dfdc_train_part_4_gmynszfycz,test,fake,/workspace/data/raw/dfdc/dfdc_train_part_04/dfdc_train_part_4/gmynszfycz.mp4,dfdc_train_part_4
dfdc_train_part_4_epbajxjgjd,test,fake,/workspace/data/raw/dfdc/dfdc_train_part_04/dfdc_train_part_4/epbajxjgjd.mp4,dfdc_train_part_4
dfdc_train_part_4_nrcmbtjkrl,test,fake,/workspace/data/raw/dfdc/dfdc_train_part_04/dfdc_train_part_4/nrcmbtjkrl.mp4,dfdc_train_part_4
dfdc_train_part_4_zobajaqgch,test,fake,/workspace/data/raw/dfdc/dfdc_train_part_04/dfdc_train_part_4/zobajaqgch.mp4,dfdc_train_part_4
dfdc_train_part_4_djzvnazioq,test,fake,/workspace/data/raw/dfdc/dfdc_train_part_04/dfdc_train_part_4/djzvnazioq.mp4,dfdc_train_part_4
dfdc_train_part_4_sxekjjvfkh,test,real,/workspace/data/raw/dfdc/dfdc_train_part_04/dfdc_train_part_4/sxekjjvfkh.mp4,dfdc_train_part_4
dfdc_train_part_4_qypwgbrgct,test,fake,/workspace/data/raw/dfdc/dfdc_train_part_04/dfdc_train_part_4/qypwgbrgct.mp4,dfdc_train_part_4
dfdc_train_part_4_cvzybqmrvo,test,fake,/workspace/data/raw/dfdc/dfdc_train_part_04/dfdc_train_part_4/cvzybqmrvo.mp4,dfdc_train_part_4
dfdc_train_part_4_ydxvqaohtq,test,fake,/workspace/data/raw/dfdc/dfdc_train_part_04/dfdc_train_part_4/ydxvqaohtq.mp4,dfdc_train_part_4
dfdc_train_part_4_ppkzpkiart,test,fake,/workspace/data/raw/dfdc/dfdc_train_part_04/dfdc_train_part_4/ppkzpkiart.mp4,dfdc_train_part_4
dfdc_train_part_4_qojbgkxnac,test,fake,/workspace/data/raw/dfdc/dfdc_train_part_04/dfdc_train_part_4/qojbgkxnac.mp4,dfdc_train_part_4
dfdc_train_part_4_hgvtnzfcvs,test,fake,/workspace/data/raw/dfdc/dfdc_train_part_04/dfdc_train_part_4/hgvtnzfcvs.mp4,dfdc_train_part_4
dfdc_train_part_4_bojpmzyjzd,test,real,/workspace/data/raw/dfdc/dfdc_train_part_04/dfdc_train_part_4/bojpmzyjzd.mp4,dfdc_train_part_4
dfdc_train_part_4_tfprsyrhjj,test,fake,/workspace/data/raw/dfdc/dfdc_train_part_04/dfdc_train_part_4/tfprsyrhjj.mp4,dfdc_train_part_4
dfdc_train_part_4_umxfriluuu,test,fake,/workspace/data/raw/dfdc/dfdc_train_part_04/dfdc_train_part_4/umxfriluuu.mp4,dfdc_train_part_4
dfdc_train_part_4_fminppiauw,test,fake,/workspace/data/raw/dfdc/dfdc_train_part_04/dfdc_train_part_4/fminppiauw.mp4,dfdc_train_part_4
dfdc_train_part_4_osshfmdpgr,test,fake,/workspace/data/raw/dfdc/dfdc_train_part_04/dfdc_train_part_4/osshfmdpgr.mp4,dfdc_train_part_4
dfdc_train_part_4_lbjmvsxruc,test,fake,/workspace/data/raw/dfdc/dfdc_train_part_04/dfdc_train_part_4/lbjmvsxruc.mp4,dfdc_train_part_4
dfdc_train_part_4_ytbicfuwuh,test,fake,/workspace/data/raw/dfdc/dfdc_train_part_04/dfdc_train_part_4/ytbicfuwuh.mp4,dfdc_train_part_4
dfdc_train_part_4_rrmlgzdyyu,test,fake,/workspace/data/raw/dfdc/dfdc_train_part_04/dfdc_train_part_4/rrmlgzdyyu.mp4,dfdc_train_part_4
dfdc_train_part_4_hwdhqsdxvu,test,fake,/workspace/data/raw/dfdc/dfdc_train_part_04/dfdc_train_part_4/hwdhqsdxvu.mp4,dfdc_train_part_4
dfdc_train_part_4_qmghsvfqoc,test,fake,/workspace/data/raw/dfdc/dfdc_train_part_04/dfdc_train_part_4/qmghsvfqoc.mp4,dfdc_train_part_4
dfdc_train_part_4_kbczekotya,test,real,/workspace/data/raw/dfdc/dfdc_train_part_04/dfdc_train_part_4/kbczekotya.mp4,dfdc_train_part_4
dfdc_train_part_4_jqqcojuucy,test,fake,/workspace/data/raw/dfdc/dfdc_train_part_04/dfdc_train_part_4/jqqcojuucy.mp4,dfdc_train_part_4
dfdc_train_part_4_syvufgcpch,test,fake,/workspace/data/raw/dfdc/dfdc_train_part_04/dfdc_train_part_4/syvufgcpch.mp4,dfdc_train_part_4
dfdc_train_part_4_hpdnhefbll,test,real,/workspace/data/raw/dfdc/dfdc_train_part_04/dfdc_train_part_4/hpdnhefbll.mp4,dfdc_train_part_4
dfdc_train_part_4_remmtzwkll,test,fake,/workspace/data/raw/dfdc/dfdc_train_part_04/dfdc_train_part_4/remmtzwkll.mp4,dfdc_train_part_4
dfdc_train_part_4_ezczrzbsgq,test,fake,/workspace/data/raw/dfdc/dfdc_train_part_04/dfdc_train_part_4/ezczrzbsgq.mp4,dfdc_train_part_4
dfdc_train_part_4_hmcsusahss,test,fake,/workspace/data/raw/dfdc/dfdc_train_part_04/dfdc_train_part_4/hmcsusahss.mp4,dfdc_train_part_4
dfdc_train_part_4_hxarxkddri,test,fake,/workspace/data/raw/dfdc/dfdc_train_part_04/dfdc_train_part_4/hxarxkddri.mp4,dfdc_train_part_4
dfdc_train_part_4_bwwnvrhzti,test,fake,/workspace/data/raw/dfdc/dfdc_train_part_04/dfdc_train_part_4/bwwnvrhzti.mp4,dfdc_train_part_4
dfdc_train_part_4_ijgfowotbt,test,fake,/workspace/data/raw/dfdc/dfdc_train_part_04/dfdc_train_part_4/ijgfowotbt.mp4,dfdc_train_part_4
dfdc_train_part_4_ziphbixywq,test,fake,/workspace/data/raw/dfdc/dfdc_train_part_04/dfdc_train_part_4/ziphbixywq.mp4,dfdc_train_part_4
dfdc_train_part_4_odshmmzmcn,test,fake,/workspace/data/raw/dfdc/dfdc_train_part_04/dfdc_train_part_4/odshmmzmcn.mp4,dfdc_train_part_4
dfdc_train_part_4_rqsjhrzhto,test,fake,/workspace/data/raw/dfdc/dfdc_train_part_04/dfdc_train_part_4/rqsjhrzhto.mp4,dfdc_train_part_4
dfdc_train_part_4_zhaiqernms,test,fake,/workspace/data/raw/dfdc/dfdc_train_part_04/dfdc_train_part_4/zhaiqernms.mp4,dfdc_train_part_4
dfdc_train_part_4_wtxkwbvtqo,test,fake,/workspace/data/raw/dfdc/dfdc_train_part_04/dfdc_train_part_4/wtxkwbvtqo.mp4,dfdc_train_part_4
dfdc_train_part_4_pfkwfeddrt,test,fake,/workspace/data/raw/dfdc/dfdc_train_part_04/dfdc_train_part_4/pfkwfeddrt.mp4,dfdc_train_part_4
dfdc_train_part_4_maninslpth,test,fake,/workspace/data/raw/dfdc/dfdc_train_part_04/dfdc_train_part_4/maninslpth.mp4,dfdc_train_part_4
dfdc_train_part_4_ccoxmlqpdz,test,fake,/workspace/data/raw/dfdc/dfdc_train_part_04/dfdc_train_part_4/ccoxmlqpdz.mp4,dfdc_train_part_4
dfdc_train_part_4_fcoosmczka,test,fake,/workspace/data/raw/dfdc/dfdc_train_part_04/dfdc_train_part_4/fcoosmczka.mp4,dfdc_train_part_4
dfdc_train_part_4_iynuflmhau,test,fake,/workspace/data/raw/dfdc/dfdc_train_part_04/dfdc_train_part_4/iynuflmhau.mp4,dfdc_train_part_4
dfdc_train_part_4_arrprgeura,test,real,/workspace/data/raw/dfdc/dfdc_train_part_04/dfdc_train_part_4/arrprgeura.mp4,dfdc_train_part_4
dfdc_train_part_4_wrradfkjwg,test,fake,/workspace/data/raw/dfdc/dfdc_train_part_04/dfdc_train_part_4/wrradfkjwg.mp4,dfdc_train_part_4
dfdc_train_part_4_oiataegfag,test,fake,/workspace/data/raw/dfdc/dfdc_train_part_04/dfdc_train_part_4/oiataegfag.mp4,dfdc_train_part_4
dfdc_train_part_4_isguyxrtmf,test,fake,/workspace/data/raw/dfdc/dfdc_train_part_04/dfdc_train_part_4/isguyxrtmf.mp4,dfdc_train_part_4
dfdc_train_part_4_hcjgkouldx,test,fake,/workspace/data/raw/dfdc/dfdc_train_part_04/dfdc_train_part_4/hcjgkouldx.mp4,dfdc_train_part_4
dfdc_train_part_4_xocdwrxgxm,test,real,/workspace/data/raw/dfdc/dfdc_train_part_04/dfdc_train_part_4/xocdwrxgxm.mp4,dfdc_train_part_4
dfdc_train_part_4_dxwvavgnsr,test,real,/workspace/data/raw/dfdc/dfdc_train_part_04/dfdc_train_part_4/dxwvavgnsr.mp4,dfdc_train_part_4
dfdc_train_part_4_iuoaacarhc,test,fake,/workspace/data/raw/dfdc/dfdc_train_part_04/dfdc_train_part_4/iuoaacarhc.mp4,dfdc_train_part_4
dfdc_train_part_4_qormslhpqt,test,fake,/workspace/data/raw/dfdc/dfdc_train_part_04/dfdc_train_part_4/qormslhpqt.mp4,dfdc_train_part_4
dfdc_train_part_4_cnvdpkxlgy,test,real,/workspace/data/raw/dfdc/dfdc_train_part_04/dfdc_train_part_4/cnvdpkxlgy.mp4,dfdc_train_part_4
dfdc_train_part_4_wkfwvzhfpy,test,fake,/workspace/data/raw/dfdc/dfdc_train_part_04/dfdc_train_part_4/wkfwvzhfpy.mp4,dfdc_train_part_4
dfdc_train_part_4_jtohkanmcb,test,fake,/workspace/data/raw/dfdc/dfdc_train_part_04/dfdc_train_part_4/jtohkanmcb.mp4,dfdc_train_part_4
dfdc_train_part_4_rqmdhgkyjc,test,fake,/workspace/data/raw/dfdc/dfdc_train_part_04/dfdc_train_part_4/rqmdhgkyjc.mp4,dfdc_train_part_4
dfdc_train_part_4_nttcjrrynk,test,fake,/workspace/data/raw/dfdc/dfdc_train_part_04/dfdc_train_part_4/nttcjrrynk.mp4,dfdc_train_part_4
dfdc_train_part_4_mhfltxnfvw,test,fake,/workspace/data/raw/dfdc/dfdc_train_part_04/dfdc_train_part_4/mhfltxnfvw.mp4,dfdc_train_part_4
dfdc_train_part_4_gzwthckmpd,test,fake,/workspace/data/raw/dfdc/dfdc_train_part_04/dfdc_train_part_4/gzwthckmpd.mp4,dfdc_train_part_4
dfdc_train_part_4_aaaoqepxnf,test,fake,/workspace/data/raw/dfdc/dfdc_train_part_04/dfdc_train_part_4/aaaoqepxnf.mp4,dfdc_train_part_4
dfdc_train_part_4_oxmmvpptfo,test,fake,/workspace/data/raw/dfdc/dfdc_train_part_04/dfdc_train_part_4/oxmmvpptfo.mp4,dfdc_train_part_4
dfdc_train_part_4_wwkfsshyyo,test,fake,/workspace/data/raw/dfdc/dfdc_train_part_04/dfdc_train_part_4/wwkfsshyyo.mp4,dfdc_train_part_4
dfdc_train_part_4_jvzrxzzpci,test,fake,/workspace/data/raw/dfdc/dfdc_train_part_04/dfdc_train_part_4/jvzrxzzpci.mp4,dfdc_train_part_4
dfdc_train_part_4_uomjxpjnab,test,fake,/workspace/data/raw/dfdc/dfdc_train_part_04/dfdc_train_part_4/uomjxpjnab.mp4,dfdc_train_part_4
dfdc_train_part_4_vjeagnjbdk,test,fake,/workspace/data/raw/dfdc/dfdc_train_part_04/dfdc_train_part_4/vjeagnjbdk.mp4,dfdc_train_part_4
dfdc_train_part_4_mlltielaoz,test,fake,/workspace/data/raw/dfdc/dfdc_train_part_04/dfdc_train_part_4/mlltielaoz.mp4,dfdc_train_part_4
dfdc_train_part_4_miaigizqew,test,fake,/workspace/data/raw/dfdc/dfdc_train_part_04/dfdc_train_part_4/miaigizqew.mp4,dfdc_train_part_4
dfdc_train_part_4_vntkhpeycf,test,real,/workspace/data/raw/dfdc/dfdc_train_part_04/dfdc_train_part_4/vntkhpeycf.mp4,dfdc_train_part_4
dfdc_train_part_4_ywmdubxqoy,test,fake,/workspace/data/raw/dfdc/dfdc_train_part_04/dfdc_train_part_4/ywmdubxqoy.mp4,dfdc_train_part_4
dfdc_train_part_4_tplfcncfvf,test,fake,/workspace/data/raw/dfdc/dfdc_train_part_04/dfdc_train_part_4/tplfcncfvf.mp4,dfdc_train_part_4
dfdc_train_part_4_ufoipgblmn,test,real,/workspace/data/raw/dfdc/dfdc_train_part_04/dfdc_train_part_4/ufoipgblmn.mp4,dfdc_train_part_4
dfdc_train_part_4_nmqvhfyrky,test,fake,/workspace/data/raw/dfdc/dfdc_train_part_04/dfdc_train_part_4/nmqvhfyrky.mp4,dfdc_train_part_4
dfdc_train_part_4_zebbuiheiu,test,fake,/workspace/data/raw/dfdc/dfdc_train_part_04/dfdc_train_part_4/zebbuiheiu.mp4,dfdc_train_part_4
dfdc_train_part_4_piebtlkyes,test,fake,/workspace/data/raw/dfdc/dfdc_train_part_04/dfdc_train_part_4/piebtlkyes.mp4,dfdc_train_part_4
dfdc_train_part_4_qdowedxida,test,fake,/workspace/data/raw/dfdc/dfdc_train_part_04/dfdc_train_part_4/qdowedxida.mp4,dfdc_train_part_4
dfdc_train_part_4_osfflgpiia,test,fake,/workspace/data/raw/dfdc/dfdc_train_part_04/dfdc_train_part_4/osfflgpiia.mp4,dfdc_train_part_4
dfdc_train_part_4_brgcqjtlie,test,fake,/workspace/data/raw/dfdc/dfdc_train_part_04/dfdc_train_part_4/brgcqjtlie.mp4,dfdc_train_part_4
dfdc_train_part_4_qlmxnhiwzk,test,real,/workspace/data/raw/dfdc/dfdc_train_part_04/dfdc_train_part_4/qlmxnhiwzk.mp4,dfdc_train_part_4
dfdc_train_part_4_yleaqdongd,test,fake,/workspace/data/raw/dfdc/dfdc_train_part_04/dfdc_train_part_4/yleaqdongd.mp4,dfdc_train_part_4
dfdc_train_part_4_raaeqtxmqu,test,fake,/workspace/data/raw/dfdc/dfdc_train_part_04/dfdc_train_part_4/raaeqtxmqu.mp4,dfdc_train_part_4
dfdc_train_part_4_ifsaqemimf,test,fake,/workspace/data/raw/dfdc/dfdc_train_part_04/dfdc_train_part_4/ifsaqemimf.mp4,dfdc_train_part_4
dfdc_train_part_4_wttzqronyy,test,fake,/workspace/data/raw/dfdc/dfdc_train_part_04/dfdc_train_part_4/wttzqronyy.mp4,dfdc_train_part_4
dfdc_train_part_4_mcbyoomvqg,test,fake,/workspace/data/raw/dfdc/dfdc_train_part_04/dfdc_train_part_4/mcbyoomvqg.mp4,dfdc_train_part_4
dfdc_train_part_4_zuodatdyzd,test,fake,/workspace/data/raw/dfdc/dfdc_train_part_04/dfdc_train_part_4/zuodatdyzd.mp4,dfdc_train_part_4
dfdc_train_part_4_szftsfmvsb,test,real,/workspace/data/raw/dfdc/dfdc_train_part_04/dfdc_train_part_4/szftsfmvsb.mp4,dfdc_train_part_4
dfdc_train_part_4_rozowkykwk,test,fake,/workspace/data/raw/dfdc/dfdc_train_part_04/dfdc_train_part_4/rozowkykwk.mp4,dfdc_train_part_4
dfdc_train_part_4_mveoqfdzcs,test,fake,/workspace/data/raw/dfdc/dfdc_train_part_04/dfdc_train_part_4/mveoqfdzcs.mp4,dfdc_train_part_4
dfdc_train_part_4_rfpdkjstaj,test,fake,/workspace/data/raw/dfdc/dfdc_train_part_04/dfdc_train_part_4/rfpdkjstaj.mp4,dfdc_train_part_4
dfdc_train_part_4_wbiuklwpml,test,real,/workspace/data/raw/dfdc/dfdc_train_part_04/dfdc_train_part_4/wbiuklwpml.mp4,dfdc_train_part_4
dfdc_train_part_4_yyqfgqdlgk,test,real,/workspace/data/raw/dfdc/dfdc_train_part_04/dfdc_train_part_4/yyqfgqdlgk.mp4,dfdc_train_part_4
dfdc_train_part_4_pczrmlkgus,test,fake,/workspace/data/raw/dfdc/dfdc_train_part_04/dfdc_train_part_4/pczrmlkgus.mp4,dfdc_train_part_4
dfdc_train_part_4_ccgmeohvnu,test,fake,/workspace/data/raw/dfdc/dfdc_train_part_04/dfdc_train_part_4/ccgmeohvnu.mp4,dfdc_train_part_4
dfdc_train_part_4_mvcnvdmxcj,test,fake,/workspace/data/raw/dfdc/dfdc_train_part_04/dfdc_train_part_4/mvcnvdmxcj.mp4,dfdc_train_part_4
dfdc_train_part_4_jqrcaawsoe,test,real,/workspace/data/raw/dfdc/dfdc_train_part_04/dfdc_train_part_4/jqrcaawsoe.mp4,dfdc_train_part_4
dfdc_train_part_4_qvrnsixvrv,test,fake,/workspace/data/raw/dfdc/dfdc_train_part_04/dfdc_train_part_4/qvrnsixvrv.mp4,dfdc_train_part_4
dfdc_train_part_4_ywoyowesnn,test,fake,/workspace/data/raw/dfdc/dfdc_train_part_04/dfdc_train_part_4/ywoyowesnn.mp4,dfdc_train_part_4
dfdc_train_part_4_xeyceemrzs,test,real,/workspace/data/raw/dfdc/dfdc_train_part_04/dfdc_train_part_4/xeyceemrzs.mp4,dfdc_train_part_4
dfdc_train_part_4_wgfmaikyin,test,fake,/workspace/data/raw/dfdc/dfdc_train_part_04/dfdc_train_part_4/wgfmaikyin.mp4,dfdc_train_part_4
dfdc_train_part_4_rjixghpivz,test,fake,/workspace/data/raw/dfdc/dfdc_train_part_04/dfdc_train_part_4/rjixghpivz.mp4,dfdc_train_part_4
dfdc_train_part_4_agotmizucf,test,fake,/workspace/data/raw/dfdc/dfdc_train_part_04/dfdc_train_part_4/agotmizucf.mp4,dfdc_train_part_4
dfdc_train_part_4_ffavdzrmll,test,fake,/workspace/data/raw/dfdc/dfdc_train_part_04/dfdc_train_part_4/ffavdzrmll.mp4,dfdc_train_part_4
dfdc_train_part_4_memhhqnczl,test,fake,/workspace/data/raw/dfdc/dfdc_train_part_04/dfdc_train_part_4/memhhqnczl.mp4,dfdc_train_part_4
dfdc_train_part_4_ttgsjzwccb,test,fake,/workspace/data/raw/dfdc/dfdc_train_part_04/dfdc_train_part_4/ttgsjzwccb.mp4,dfdc_train_part_4
dfdc_train_part_4_agxplbynwg,test,fake,/workspace/data/raw/dfdc/dfdc_train_part_04/dfdc_train_part_4/agxplbynwg.mp4,dfdc_train_part_4
dfdc_train_part_4_cujsfckgxq,test,fake,/workspace/data/raw/dfdc/dfdc_train_part_04/dfdc_train_part_4/cujsfckgxq.mp4,dfdc_train_part_4
dfdc_train_part_4_vkhdcfdcqf,test,fake,/workspace/data/raw/dfdc/dfdc_train_part_04/dfdc_train_part_4/vkhdcfdcqf.mp4,dfdc_train_part_4
dfdc_train_part_4_drmtykanjz,test,fake,/workspace/data/raw/dfdc/dfdc_train_part_04/dfdc_train_part_4/drmtykanjz.mp4,dfdc_train_part_4
dfdc_train_part_4_rbxsnlwkrs,test,fake,/workspace/data/raw/dfdc/dfdc_train_part_04/dfdc_train_part_4/rbxsnlwkrs.mp4,dfdc_train_part_4
dfdc_train_part_4_nbnpjxbwyk,test,fake,/workspace/data/raw/dfdc/dfdc_train_part_04/dfdc_train_part_4/nbnpjxbwyk.mp4,dfdc_train_part_4
dfdc_train_part_4_kifzxbsnku,test,fake,/workspace/data/raw/dfdc/dfdc_train_part_04/dfdc_train_part_4/kifzxbsnku.mp4,dfdc_train_part_4
dfdc_train_part_4_elisexkmmz,test,fake,/workspace/data/raw/dfdc/dfdc_train_part_04/dfdc_train_part_4/elisexkmmz.mp4,dfdc_train_part_4
dfdc_train_part_4_vieoxrjclk,test,fake,/workspace/data/raw/dfdc/dfdc_train_part_04/dfdc_train_part_4/vieoxrjclk.mp4,dfdc_train_part_4
dfdc_train_part_4_fcaadsjjdt,test,fake,/workspace/data/raw/dfdc/dfdc_train_part_04/dfdc_train_part_4/fcaadsjjdt.mp4,dfdc_train_part_4
dfdc_train_part_4_vozzxtdbuz,test,fake,/workspace/data/raw/dfdc/dfdc_train_part_04/dfdc_train_part_4/vozzxtdbuz.mp4,dfdc_train_part_4
dfdc_train_part_4_lbgnipxpnx,test,real,/workspace/data/raw/dfdc/dfdc_train_part_04/dfdc_train_part_4/lbgnipxpnx.mp4,dfdc_train_part_4
dfdc_train_part_4_zgpxvrspxj,test,fake,/workspace/data/raw/dfdc/dfdc_train_part_04/dfdc_train_part_4/zgpxvrspxj.mp4,dfdc_train_part_4
dfdc_train_part_4_hkfecpjiua,test,fake,/workspace/data/raw/dfdc/dfdc_train_part_04/dfdc_train_part_4/hkfecpjiua.mp4,dfdc_train_part_4
dfdc_train_part_4_vbepzdvgku,test,real,/workspace/data/raw/dfdc/dfdc_train_part_04/dfdc_train_part_4/vbepzdvgku.mp4,dfdc_train_part_4
dfdc_train_part_4_ckumbevdrg,test,fake,/workspace/data/raw/dfdc/dfdc_train_part_04/dfdc_train_part_4/ckumbevdrg.mp4,dfdc_train_part_4
dfdc_train_part_4_whdsqiezfs,test,fake,/workspace/data/raw/dfdc/dfdc_train_part_04/dfdc_train_part_4/whdsqiezfs.mp4,dfdc_train_part_4
dfdc_train_part_4_rzuhfqalzx,test,fake,/workspace/data/raw/dfdc/dfdc_train_part_04/dfdc_train_part_4/rzuhfqalzx.mp4,dfdc_train_part_4
dfdc_train_part_4_xhlcrrbpff,test,fake,/workspace/data/raw/dfdc/dfdc_train_part_04/dfdc_train_part_4/xhlcrrbpff.mp4,dfdc_train_part_4
dfdc_train_part_4_fuiakztlie,test,fake,/workspace/data/raw/dfdc/dfdc_train_part_04/dfdc_train_part_4/fuiakztlie.mp4,dfdc_train_part_4
dfdc_train_part_4_gmtxkpliex,test,fake,/workspace/data/raw/dfdc/dfdc_train_part_04/dfdc_train_part_4/gmtxkpliex.mp4,dfdc_train_part_4
dfdc_train_part_4_hramviadsc,test,fake,/workspace/data/raw/dfdc/dfdc_train_part_04/dfdc_train_part_4/hramviadsc.mp4,dfdc_train_part_4
dfdc_train_part_4_eeeuihqdtu,test,fake,/workspace/data/raw/dfdc/dfdc_train_part_04/dfdc_train_part_4/eeeuihqdtu.mp4,dfdc_train_part_4
dfdc_train_part_4_elnadljsko,test,fake,/workspace/data/raw/dfdc/dfdc_train_part_04/dfdc_train_part_4/elnadljsko.mp4,dfdc_train_part_4
dfdc_train_part_4_dkrbtzkvnu,test,fake,/workspace/data/raw/dfdc/dfdc_train_part_04/dfdc_train_part_4/dkrbtzkvnu.mp4,dfdc_train_part_4
dfdc_train_part_4_hqqyxdqxum,test,fake,/workspace/data/raw/dfdc/dfdc_train_part_04/dfdc_train_part_4/hqqyxdqxum.mp4,dfdc_train_part_4
dfdc_train_part_4_spxyvjkiso,test,fake,/workspace/data/raw/dfdc/dfdc_train_part_04/dfdc_train_part_4/spxyvjkiso.mp4,dfdc_train_part_4
dfdc_train_part_4_jgcsktyhif,test,fake,/workspace/data/raw/dfdc/dfdc_train_part_04/dfdc_train_part_4/jgcsktyhif.mp4,dfdc_train_part_4
dfdc_train_part_4_ctapiptgpv,test,fake,/workspace/data/raw/dfdc/dfdc_train_part_04/dfdc_train_part_4/ctapiptgpv.mp4,dfdc_train_part_4
dfdc_train_part_4_izwhktnyob,test,fake,/workspace/data/raw/dfdc/dfdc_train_part_04/dfdc_train_part_4/izwhktnyob.mp4,dfdc_train_part_4
dfdc_train_part_4_uzavvzuism,test,fake,/workspace/data/raw/dfdc/dfdc_train_part_04/dfdc_train_part_4/uzavvzuism.mp4,dfdc_train_part_4
dfdc_train_part_4_rerhhkbcdf,test,fake,/workspace/data/raw/dfdc/dfdc_train_part_04/dfdc_train_part_4/rerhhkbcdf.mp4,dfdc_train_part_4
dfdc_train_part_4_gqyfcdcilv,test,fake,/workspace/data/raw/dfdc/dfdc_train_part_04/dfdc_train_part_4/gqyfcdcilv.mp4,dfdc_train_part_4
dfdc_train_part_4_kakogazsbz,test,fake,/workspace/data/raw/dfdc/dfdc_train_part_04/dfdc_train_part_4/kakogazsbz.mp4,dfdc_train_part_4
dfdc_train_part_4_dbyhjoeslx,test,fake,/workspace/data/raw/dfdc/dfdc_train_part_04/dfdc_train_part_4/dbyhjoeslx.mp4,dfdc_train_part_4
dfdc_train_part_4_kqfhsniyug,test,fake,/workspace/data/raw/dfdc/dfdc_train_part_04/dfdc_train_part_4/kqfhsniyug.mp4,dfdc_train_part_4
dfdc_train_part_4_ggdddxaxdg,test,fake,/workspace/data/raw/dfdc/dfdc_train_part_04/dfdc_train_part_4/ggdddxaxdg.mp4,dfdc_train_part_4
dfdc_train_part_4_dtfqimruhk,test,fake,/workspace/data/raw/dfdc/dfdc_train_part_04/dfdc_train_part_4/dtfqimruhk.mp4,dfdc_train_part_4
dfdc_train_part_4_ejrmxbztrm,test,fake,/workspace/data/raw/dfdc/dfdc_train_part_04/dfdc_train_part_4/ejrmxbztrm.mp4,dfdc_train_part_4
dfdc_train_part_4_ypjrurkeza,test,fake,/workspace/data/raw/dfdc/dfdc_train_part_04/dfdc_train_part_4/ypjrurkeza.mp4,dfdc_train_part_4
dfdc_train_part_4_wmagicgizb,test,fake,/workspace/data/raw/dfdc/dfdc_train_part_04/dfdc_train_part_4/wmagicgizb.mp4,dfdc_train_part_4
dfdc_train_part_4_pnysqmwieh,test,fake,/workspace/data/raw/dfdc/dfdc_train_part_04/dfdc_train_part_4/pnysqmwieh.mp4,dfdc_train_part_4
dfdc_train_part_4_dbclzwjvvx,test,fake,/workspace/data/raw/dfdc/dfdc_train_part_04/dfdc_train_part_4/dbclzwjvvx.mp4,dfdc_train_part_4
dfdc_train_part_4_xbtpvhfgbg,test,fake,/workspace/data/raw/dfdc/dfdc_train_part_04/dfdc_train_part_4/xbtpvhfgbg.mp4,dfdc_train_part_4
dfdc_train_part_4_derekimscj,test,fake,/workspace/data/raw/dfdc/dfdc_train_part_04/dfdc_train_part_4/derekimscj.mp4,dfdc_train_part_4
dfdc_train_part_4_kveokkamsl,test,fake,/workspace/data/raw/dfdc/dfdc_train_part_04/dfdc_train_part_4/kveokkamsl.mp4,dfdc_train_part_4
dfdc_train_part_4_avpxuvplbn,test,real,/workspace/data/raw/dfdc/dfdc_train_part_04/dfdc_train_part_4/avpxuvplbn.mp4,dfdc_train_part_4
dfdc_train_part_4_xcgalosmcs,test,fake,/workspace/data/raw/dfdc/dfdc_train_part_04/dfdc_train_part_4/xcgalosmcs.mp4,dfdc_train_part_4
dfdc_train_part_4_nkvgaupnen,test,fake,/workspace/data/raw/dfdc/dfdc_train_part_04/dfdc_train_part_4/nkvgaupnen.mp4,dfdc_train_part_4
dfdc_train_part_4_surgivccgr,test,fake,/workspace/data/raw/dfdc/dfdc_train_part_04/dfdc_train_part_4/surgivccgr.mp4,dfdc_train_part_4
dfdc_train_part_4_lcapscbhtj,test,fake,/workspace/data/raw/dfdc/dfdc_train_part_04/dfdc_train_part_4/lcapscbhtj.mp4,dfdc_train_part_4
dfdc_train_part_4_cioqvqngku,test,real,/workspace/data/raw/dfdc/dfdc_train_part_04/dfdc_train_part_4/cioqvqngku.mp4,dfdc_train_part_4
dfdc_train_part_4_enpjmahsgj,test,fake,/workspace/data/raw/dfdc/dfdc_train_part_04/dfdc_train_part_4/enpjmahsgj.mp4,dfdc_train_part_4
dfdc_train_part_4_kgckxrwwut,test,real,/workspace/data/raw/dfdc/dfdc_train_part_04/dfdc_train_part_4/kgckxrwwut.mp4,dfdc_train_part_4
dfdc_train_part_4_qztdsfdnml,test,fake,/workspace/data/raw/dfdc/dfdc_train_part_04/dfdc_train_part_4/qztdsfdnml.mp4,dfdc_train_part_4
dfdc_train_part_4_icgbcmjljl,test,fake,/workspace/data/raw/dfdc/dfdc_train_part_04/dfdc_train_part_4/icgbcmjljl.mp4,dfdc_train_part_4
dfdc_train_part_4_svzgpoeicz,test,fake,/workspace/data/raw/dfdc/dfdc_train_part_04/dfdc_train_part_4/svzgpoeicz.mp4,dfdc_train_part_4
dfdc_train_part_4_nmucgeimdv,test,fake,/workspace/data/raw/dfdc/dfdc_train_part_04/dfdc_train_part_4/nmucgeimdv.mp4,dfdc_train_part_4
dfdc_train_part_4_wknpfatwev,test,real,/workspace/data/raw/dfdc/dfdc_train_part_04/dfdc_train_part_4/wknpfatwev.mp4,dfdc_train_part_4
dfdc_train_part_4_hxurijguyl,test,fake,/workspace/data/raw/dfdc/dfdc_train_part_04/dfdc_train_part_4/hxurijguyl.mp4,dfdc_train_part_4
dfdc_train_part_4_xqrlrmaqzz,test,fake,/workspace/data/raw/dfdc/dfdc_train_part_04/dfdc_train_part_4/xqrlrmaqzz.mp4,dfdc_train_part_4
dfdc_train_part_4_puclrvpuxs,test,fake,/workspace/data/raw/dfdc/dfdc_train_part_04/dfdc_train_part_4/puclrvpuxs.mp4,dfdc_train_part_4
dfdc_train_part_4_etclzdpmpz,test,fake,/workspace/data/raw/dfdc/dfdc_train_part_04/dfdc_train_part_4/etclzdpmpz.mp4,dfdc_train_part_4
dfdc_train_part_4_vddkwpxfhb,test,fake,/workspace/data/raw/dfdc/dfdc_train_part_04/dfdc_train_part_4/vddkwpxfhb.mp4,dfdc_train_part_4
dfdc_train_part_4_cffpcdxoyt,test,fake,/workspace/data/raw/dfdc/dfdc_train_part_04/dfdc_train_part_4/cffpcdxoyt.mp4,dfdc_train_part_4
dfdc_train_part_4_miwsnvijjt,test,fake,/workspace/data/raw/dfdc/dfdc_train_part_04/dfdc_train_part_4/miwsnvijjt.mp4,dfdc_train_part_4
dfdc_train_part_4_tjmppqyqzc,test,real,/workspace/data/raw/dfdc/dfdc_train_part_04/dfdc_train_part_4/tjmppqyqzc.mp4,dfdc_train_part_4
dfdc_train_part_4_rgsnuysymu,test,fake,/workspace/data/raw/dfdc/dfdc_train_part_04/dfdc_train_part_4/rgsnuysymu.mp4,dfdc_train_part_4
dfdc_train_part_4_zhumfupsnp,test,fake,/workspace/data/raw/dfdc/dfdc_train_part_04/dfdc_train_part_4/zhumfupsnp.mp4,dfdc_train_part_4
dfdc_train_part_4_cubovymgid,test,fake,/workspace/data/raw/dfdc/dfdc_train_part_04/dfdc_train_part_4/cubovymgid.mp4,dfdc_train_part_4
dfdc_train_part_4_vkjauhkqtr,test,fake,/workspace/data/raw/dfdc/dfdc_train_part_04/dfdc_train_part_4/vkjauhkqtr.mp4,dfdc_train_part_4
dfdc_train_part_4_tohloefevs,test,fake,/workspace/data/raw/dfdc/dfdc_train_part_04/dfdc_train_part_4/tohloefevs.mp4,dfdc_train_part_4
dfdc_train_part_4_twswvdozxs,test,fake,/workspace/data/raw/dfdc/dfdc_train_part_04/dfdc_train_part_4/twswvdozxs.mp4,dfdc_train_part_4
dfdc_train_part_4_mtahzeawib,test,fake,/workspace/data/raw/dfdc/dfdc_train_part_04/dfdc_train_part_4/mtahzeawib.mp4,dfdc_train_part_4
dfdc_train_part_4_woytcomghp,test,fake,/workspace/data/raw/dfdc/dfdc_train_part_04/dfdc_train_part_4/woytcomghp.mp4,dfdc_train_part_4
dfdc_train_part_4_toacektzmm,test,fake,/workspace/data/raw/dfdc/dfdc_train_part_04/dfdc_train_part_4/toacektzmm.mp4,dfdc_train_part_4
dfdc_train_part_4_ufavdaiyyi,test,fake,/workspace/data/raw/dfdc/dfdc_train_part_04/dfdc_train_part_4/ufavdaiyyi.mp4,dfdc_train_part_4
dfdc_train_part_4_hqeevyeknb,test,fake,/workspace/data/raw/dfdc/dfdc_train_part_04/dfdc_train_part_4/hqeevyeknb.mp4,dfdc_train_part_4
dfdc_train_part_4_iufcklqere,test,fake,/workspace/data/raw/dfdc/dfdc_train_part_04/dfdc_train_part_4/iufcklqere.mp4,dfdc_train_part_4
dfdc_train_part_4_zcijgqopyg,test,real,/workspace/data/raw/dfdc/dfdc_train_part_04/dfdc_train_part_4/zcijgqopyg.mp4,dfdc_train_part_4
dfdc_train_part_4_byiqfuoxfa,test,fake,/workspace/data/raw/dfdc/dfdc_train_part_04/dfdc_train_part_4/byiqfuoxfa.mp4,dfdc_train_part_4
dfdc_train_part_4_pmxiikatcx,test,fake,/workspace/data/raw/dfdc/dfdc_train_part_04/dfdc_train_part_4/pmxiikatcx.mp4,dfdc_train_part_4
dfdc_train_part_4_oizgennqfn,test,real,/workspace/data/raw/dfdc/dfdc_train_part_04/dfdc_train_part_4/oizgennqfn.mp4,dfdc_train_part_4
dfdc_train_part_4_swefihnbwe,test,fake,/workspace/data/raw/dfdc/dfdc_train_part_04/dfdc_train_part_4/swefihnbwe.mp4,dfdc_train_part_4
dfdc_train_part_4_xfvvpatbef,test,fake,/workspace/data/raw/dfdc/dfdc_train_part_04/dfdc_train_part_4/xfvvpatbef.mp4,dfdc_train_part_4
dfdc_train_part_4_vsnjcgsrlk,test,real,/workspace/data/raw/dfdc/dfdc_train_part_04/dfdc_train_part_4/vsnjcgsrlk.mp4,dfdc_train_part_4
dfdc_train_part_4_aokhuioyqh,test,fake,/workspace/data/raw/dfdc/dfdc_train_part_04/dfdc_train_part_4/aokhuioyqh.mp4,dfdc_train_part_4
dfdc_train_part_4_fhdkuglmzo,test,fake,/workspace/data/raw/dfdc/dfdc_train_part_04/dfdc_train_part_4/fhdkuglmzo.mp4,dfdc_train_part_4
dfdc_train_part_4_imfydqnbdk,test,fake,/workspace/data/raw/dfdc/dfdc_train_part_04/dfdc_train_part_4/imfydqnbdk.mp4,dfdc_train_part_4
dfdc_train_part_4_ikklplqeua,test,fake,/workspace/data/raw/dfdc/dfdc_train_part_04/dfdc_train_part_4/ikklplqeua.mp4,dfdc_train_part_4
dfdc_train_part_4_hsbzndebrl,test,fake,/workspace/data/raw/dfdc/dfdc_train_part_04/dfdc_train_part_4/hsbzndebrl.mp4,dfdc_train_part_4
dfdc_train_part_4_xjxgmbkkxe,test,fake,/workspace/data/raw/dfdc/dfdc_train_part_04/dfdc_train_part_4/xjxgmbkkxe.mp4,dfdc_train_part_4
dfdc_train_part_4_ectsztyumi,test,fake,/workspace/data/raw/dfdc/dfdc_train_part_04/dfdc_train_part_4/ectsztyumi.mp4,dfdc_train_part_4
dfdc_train_part_4_ufamzlflqa,test,fake,/workspace/data/raw/dfdc/dfdc_train_part_04/dfdc_train_part_4/ufamzlflqa.mp4,dfdc_train_part_4
dfdc_train_part_4_hchiymmdqm,test,real,/workspace/data/raw/dfdc/dfdc_train_part_04/dfdc_train_part_4/hchiymmdqm.mp4,dfdc_train_part_4
dfdc_train_part_4_bkrpegilqc,test,fake,/workspace/data/raw/dfdc/dfdc_train_part_04/dfdc_train_part_4/bkrpegilqc.mp4,dfdc_train_part_4
dfdc_train_part_4_mafpfwpmbx,test,fake,/workspace/data/raw/dfdc/dfdc_train_part_04/dfdc_train_part_4/mafpfwpmbx.mp4,dfdc_train_part_4
dfdc_train_part_4_ohofmyydou,test,fake,/workspace/data/raw/dfdc/dfdc_train_part_04/dfdc_train_part_4/ohofmyydou.mp4,dfdc_train_part_4
dfdc_train_part_4_pqlvucqofr,test,fake,/workspace/data/raw/dfdc/dfdc_train_part_04/dfdc_train_part_4/pqlvucqofr.mp4,dfdc_train_part_4
dfdc_train_part_4_xibxuyhmel,test,real,/workspace/data/raw/dfdc/dfdc_train_part_04/dfdc_train_part_4/xibxuyhmel.mp4,dfdc_train_part_4
dfdc_train_part_4_auuxrdogjl,test,fake,/workspace/data/raw/dfdc/dfdc_train_part_04/dfdc_train_part_4/auuxrdogjl.mp4,dfdc_train_part_4
dfdc_train_part_4_iqurlbdywx,test,fake,/workspace/data/raw/dfdc/dfdc_train_part_04/dfdc_train_part_4/iqurlbdywx.mp4,dfdc_train_part_4
dfdc_train_part_4_dlyrqlgvcd,test,fake,/workspace/data/raw/dfdc/dfdc_train_part_04/dfdc_train_part_4/dlyrqlgvcd.mp4,dfdc_train_part_4
dfdc_train_part_4_zioyoocdjz,test,fake,/workspace/data/raw/dfdc/dfdc_train_part_04/dfdc_train_part_4/zioyoocdjz.mp4,dfdc_train_part_4
dfdc_train_part_4_xtpeyyltfi,test,real,/workspace/data/raw/dfdc/dfdc_train_part_04/dfdc_train_part_4/xtpeyyltfi.mp4,dfdc_train_part_4
dfdc_train_part_4_tnjgbtlict,test,fake,/workspace/data/raw/dfdc/dfdc_train_part_04/dfdc_train_part_4/tnjgbtlict.mp4,dfdc_train_part_4
dfdc_train_part_4_wmhbinwlkj,test,fake,/workspace/data/raw/dfdc/dfdc_train_part_04/dfdc_train_part_4/wmhbinwlkj.mp4,dfdc_train_part_4
dfdc_train_part_4_yhaahxnbcv,test,real,/workspace/data/raw/dfdc/dfdc_train_part_04/dfdc_train_part_4/yhaahxnbcv.mp4,dfdc_train_part_4
dfdc_train_part_4_xvxgrfuuia,test,fake,/workspace/data/raw/dfdc/dfdc_train_part_04/dfdc_train_part_4/xvxgrfuuia.mp4,dfdc_train_part_4
dfdc_train_part_4_tsyrafkwre,test,fake,/workspace/data/raw/dfdc/dfdc_train_part_04/dfdc_train_part_4/tsyrafkwre.mp4,dfdc_train_part_4
dfdc_train_part_4_hotcatfjfd,test,fake,/workspace/data/raw/dfdc/dfdc_train_part_04/dfdc_train_part_4/hotcatfjfd.mp4,dfdc_train_part_4
dfdc_train_part_4_ohlnwszyfm,test,fake,/workspace/data/raw/dfdc/dfdc_train_part_04/dfdc_train_part_4/ohlnwszyfm.mp4,dfdc_train_part_4
dfdc_train_part_4_otlwekplev,test,fake,/workspace/data/raw/dfdc/dfdc_train_part_04/dfdc_train_part_4/otlwekplev.mp4,dfdc_train_part_4
dfdc_train_part_4_qghsjfwowo,test,fake,/workspace/data/raw/dfdc/dfdc_train_part_04/dfdc_train_part_4/qghsjfwowo.mp4,dfdc_train_part_4
dfdc_train_part_4_wsfdumvwvq,test,fake,/workspace/data/raw/dfdc/dfdc_train_part_04/dfdc_train_part_4/wsfdumvwvq.mp4,dfdc_train_part_4
dfdc_train_part_4_xuvjbhkfqu,test,real,/workspace/data/raw/dfdc/dfdc_train_part_04/dfdc_train_part_4/xuvjbhkfqu.mp4,dfdc_train_part_4
dfdc_train_part_4_ahcxtenjgp,test,fake,/workspace/data/raw/dfdc/dfdc_train_part_04/dfdc_train_part_4/ahcxtenjgp.mp4,dfdc_train_part_4
dfdc_train_part_4_fszexmwczt,test,real,/workspace/data/raw/dfdc/dfdc_train_part_04/dfdc_train_part_4/fszexmwczt.mp4,dfdc_train_part_4
dfdc_train_part_4_yqwcvpjeuw,test,real,/workspace/data/raw/dfdc/dfdc_train_part_04/dfdc_train_part_4/yqwcvpjeuw.mp4,dfdc_train_part_4
dfdc_train_part_4_jwqtedxfed,test,fake,/workspace/data/raw/dfdc/dfdc_train_part_04/dfdc_train_part_4/jwqtedxfed.mp4,dfdc_train_part_4
dfdc_train_part_4_gqlowjvcxh,test,fake,/workspace/data/raw/dfdc/dfdc_train_part_04/dfdc_train_part_4/gqlowjvcxh.mp4,dfdc_train_part_4
dfdc_train_part_4_fuvipoqtbl,test,fake,/workspace/data/raw/dfdc/dfdc_train_part_04/dfdc_train_part_4/fuvipoqtbl.mp4,dfdc_train_part_4
dfdc_train_part_4_sivdjwsqwh,test,fake,/workspace/data/raw/dfdc/dfdc_train_part_04/dfdc_train_part_4/sivdjwsqwh.mp4,dfdc_train_part_4
dfdc_train_part_4_uugpraqpja,test,fake,/workspace/data/raw/dfdc/dfdc_train_part_04/dfdc_train_part_4/uugpraqpja.mp4,dfdc_train_part_4
dfdc_train_part_4_ytikdaekqt,test,fake,/workspace/data/raw/dfdc/dfdc_train_part_04/dfdc_train_part_4/ytikdaekqt.mp4,dfdc_train_part_4
dfdc_train_part_4_qsawsatkfg,test,fake,/workspace/data/raw/dfdc/dfdc_train_part_04/dfdc_train_part_4/qsawsatkfg.mp4,dfdc_train_part_4
dfdc_train_part_4_nztcbpfwun,test,fake,/workspace/data/raw/dfdc/dfdc_train_part_04/dfdc_train_part_4/nztcbpfwun.mp4,dfdc_train_part_4
dfdc_train_part_4_pexxvjcuzs,test,fake,/workspace/data/raw/dfdc/dfdc_train_part_04/dfdc_train_part_4/pexxvjcuzs.mp4,dfdc_train_part_4
dfdc_train_part_4_zveogsfnoz,test,real,/workspace/data/raw/dfdc/dfdc_train_part_04/dfdc_train_part_4/zveogsfnoz.mp4,dfdc_train_part_4
dfdc_train_part_4_jnjvuwglre,test,fake,/workspace/data/raw/dfdc/dfdc_train_part_04/dfdc_train_part_4/jnjvuwglre.mp4,dfdc_train_part_4
dfdc_train_part_4_syrzfjmhlq,test,fake,/workspace/data/raw/dfdc/dfdc_train_part_04/dfdc_train_part_4/syrzfjmhlq.mp4,dfdc_train_part_4
dfdc_train_part_4_ndrovtwvzw,test,fake,/workspace/data/raw/dfdc/dfdc_train_part_04/dfdc_train_part_4/ndrovtwvzw.mp4,dfdc_train_part_4
dfdc_train_part_4_pxcumwtops,test,real,/workspace/data/raw/dfdc/dfdc_train_part_04/dfdc_train_part_4/pxcumwtops.mp4,dfdc_train_part_4
dfdc_train_part_4_giqrgbebdx,test,fake,/workspace/data/raw/dfdc/dfdc_train_part_04/dfdc_train_part_4/giqrgbebdx.mp4,dfdc_train_part_4
dfdc_train_part_4_tasqyqkfcd,test,fake,/workspace/data/raw/dfdc/dfdc_train_part_04/dfdc_train_part_4/tasqyqkfcd.mp4,dfdc_train_part_4
dfdc_train_part_4_zcnxosiidw,test,fake,/workspace/data/raw/dfdc/dfdc_train_part_04/dfdc_train_part_4/zcnxosiidw.mp4,dfdc_train_part_4
dfdc_train_part_4_lkowuvorey,test,fake,/workspace/data/raw/dfdc/dfdc_train_part_04/dfdc_train_part_4/lkowuvorey.mp4,dfdc_train_part_4
dfdc_train_part_4_fbenvdzzqa,test,fake,/workspace/data/raw/dfdc/dfdc_train_part_04/dfdc_train_part_4/fbenvdzzqa.mp4,dfdc_train_part_4
dfdc_train_part_4_zejxfhjdpm,test,fake,/workspace/data/raw/dfdc/dfdc_train_part_04/dfdc_train_part_4/zejxfhjdpm.mp4,dfdc_train_part_4
dfdc_train_part_4_drouplvofs,test,fake,/workspace/data/raw/dfdc/dfdc_train_part_04/dfdc_train_part_4/drouplvofs.mp4,dfdc_train_part_4
dfdc_train_part_4_woewmsbgot,test,real,/workspace/data/raw/dfdc/dfdc_train_part_04/dfdc_train_part_4/woewmsbgot.mp4,dfdc_train_part_4
dfdc_train_part_4_hyhntnfids,test,fake,/workspace/data/raw/dfdc/dfdc_train_part_04/dfdc_train_part_4/hyhntnfids.mp4,dfdc_train_part_4
dfdc_train_part_4_nekvytawch,test,fake,/workspace/data/raw/dfdc/dfdc_train_part_04/dfdc_train_part_4/nekvytawch.mp4,dfdc_train_part_4
dfdc_train_part_4_gasdqayvgc,test,real,/workspace/data/raw/dfdc/dfdc_train_part_04/dfdc_train_part_4/gasdqayvgc.mp4,dfdc_train_part_4
dfdc_train_part_4_gnqojufshp,test,real,/workspace/data/raw/dfdc/dfdc_train_part_04/dfdc_train_part_4/gnqojufshp.mp4,dfdc_train_part_4
dfdc_train_part_4_rzuouwnzrh,test,fake,/workspace/data/raw/dfdc/dfdc_train_part_04/dfdc_train_part_4/rzuouwnzrh.mp4,dfdc_train_part_4
dfdc_train_part_4_vkmzqsswji,test,fake,/workspace/data/raw/dfdc/dfdc_train_part_04/dfdc_train_part_4/vkmzqsswji.mp4,dfdc_train_part_4
dfdc_train_part_4_afvldbcclm,test,fake,/workspace/data/raw/dfdc/dfdc_train_part_04/dfdc_train_part_4/afvldbcclm.mp4,dfdc_train_part_4
dfdc_train_part_4_smknvmxixt,test,fake,/workspace/data/raw/dfdc/dfdc_train_part_04/dfdc_train_part_4/smknvmxixt.mp4,dfdc_train_part_4
dfdc_train_part_4_iilrffkxoh,test,fake,/workspace/data/raw/dfdc/dfdc_train_part_04/dfdc_train_part_4/iilrffkxoh.mp4,dfdc_train_part_4
dfdc_train_part_4_uoaymtdtrx,test,fake,/workspace/data/raw/dfdc/dfdc_train_part_04/dfdc_train_part_4/uoaymtdtrx.mp4,dfdc_train_part_4
dfdc_train_part_4_uufwakhvqo,test,fake,/workspace/data/raw/dfdc/dfdc_train_part_04/dfdc_train_part_4/uufwakhvqo.mp4,dfdc_train_part_4
dfdc_train_part_4_ojhowiiaws,test,fake,/workspace/data/raw/dfdc/dfdc_train_part_04/dfdc_train_part_4/ojhowiiaws.mp4,dfdc_train_part_4
dfdc_train_part_4_cdmwcoqgsq,test,fake,/workspace/data/raw/dfdc/dfdc_train_part_04/dfdc_train_part_4/cdmwcoqgsq.mp4,dfdc_train_part_4
dfdc_train_part_4_dplskcpqne,test,fake,/workspace/data/raw/dfdc/dfdc_train_part_04/dfdc_train_part_4/dplskcpqne.mp4,dfdc_train_part_4
dfdc_train_part_4_wcwybzlmxi,test,fake,/workspace/data/raw/dfdc/dfdc_train_part_04/dfdc_train_part_4/wcwybzlmxi.mp4,dfdc_train_part_4
dfdc_train_part_4_nawmthvlow,test,fake,/workspace/data/raw/dfdc/dfdc_train_part_04/dfdc_train_part_4/nawmthvlow.mp4,dfdc_train_part_4
dfdc_train_part_4_nrekjzntec,test,fake,/workspace/data/raw/dfdc/dfdc_train_part_04/dfdc_train_part_4/nrekjzntec.mp4,dfdc_train_part_4
dfdc_train_part_4_gvbwohzsui,test,fake,/workspace/data/raw/dfdc/dfdc_train_part_04/dfdc_train_part_4/gvbwohzsui.mp4,dfdc_train_part_4
dfdc_train_part_4_voeyftxnik,test,real,/workspace/data/raw/dfdc/dfdc_train_part_04/dfdc_train_part_4/voeyftxnik.mp4,dfdc_train_part_4
dfdc_train_part_4_zygcgiatke,test,fake,/workspace/data/raw/dfdc/dfdc_train_part_04/dfdc_train_part_4/zygcgiatke.mp4,dfdc_train_part_4
dfdc_train_part_4_rgkpiojsoh,test,fake,/workspace/data/raw/dfdc/dfdc_train_part_04/dfdc_train_part_4/rgkpiojsoh.mp4,dfdc_train_part_4
dfdc_train_part_4_ybgjbafxuc,test,fake,/workspace/data/raw/dfdc/dfdc_train_part_04/dfdc_train_part_4/ybgjbafxuc.mp4,dfdc_train_part_4
dfdc_train_part_4_gilasrzvld,test,fake,/workspace/data/raw/dfdc/dfdc_train_part_04/dfdc_train_part_4/gilasrzvld.mp4,dfdc_train_part_4
dfdc_train_part_4_owhejevdvv,test,fake,/workspace/data/raw/dfdc/dfdc_train_part_04/dfdc_train_part_4/owhejevdvv.mp4,dfdc_train_part_4
dfdc_train_part_4_ejilmxtdpq,test,fake,/workspace/data/raw/dfdc/dfdc_train_part_04/dfdc_train_part_4/ejilmxtdpq.mp4,dfdc_train_part_4
dfdc_train_part_4_kaozdubluo,test,real,/workspace/data/raw/dfdc/dfdc_train_part_04/dfdc_train_part_4/kaozdubluo.mp4,dfdc_train_part_4
dfdc_train_part_4_jeivlervlc,test,fake,/workspace/data/raw/dfdc/dfdc_train_part_04/dfdc_train_part_4/jeivlervlc.mp4,dfdc_train_part_4
dfdc_train_part_4_hfkwogkzid,test,fake,/workspace/data/raw/dfdc/dfdc_train_part_04/dfdc_train_part_4/hfkwogkzid.mp4,dfdc_train_part_4
dfdc_train_part_4_aszdwxqtnb,test,real,/workspace/data/raw/dfdc/dfdc_train_part_04/dfdc_train_part_4/aszdwxqtnb.mp4,dfdc_train_part_4
dfdc_train_part_4_chkwkxujis,test,fake,/workspace/data/raw/dfdc/dfdc_train_part_04/dfdc_train_part_4/chkwkxujis.mp4,dfdc_train_part_4
dfdc_train_part_4_uhghtrtwyg,test,fake,/workspace/data/raw/dfdc/dfdc_train_part_04/dfdc_train_part_4/uhghtrtwyg.mp4,dfdc_train_part_4
dfdc_train_part_4_wvgeaycdab,test,fake,/workspace/data/raw/dfdc/dfdc_train_part_04/dfdc_train_part_4/wvgeaycdab.mp4,dfdc_train_part_4
dfdc_train_part_4_clcwqjmvjd,test,fake,/workspace/data/raw/dfdc/dfdc_train_part_04/dfdc_train_part_4/clcwqjmvjd.mp4,dfdc_train_part_4
dfdc_train_part_4_qcybxocopd,test,fake,/workspace/data/raw/dfdc/dfdc_train_part_04/dfdc_train_part_4/qcybxocopd.mp4,dfdc_train_part_4
dfdc_train_part_4_vhidqarhqi,test,fake,/workspace/data/raw/dfdc/dfdc_train_part_04/dfdc_train_part_4/vhidqarhqi.mp4,dfdc_train_part_4
dfdc_train_part_4_sfnmhcifbc,test,fake,/workspace/data/raw/dfdc/dfdc_train_part_04/dfdc_train_part_4/sfnmhcifbc.mp4,dfdc_train_part_4
dfdc_train_part_4_vmmjapnzab,test,fake,/workspace/data/raw/dfdc/dfdc_train_part_04/dfdc_train_part_4/vmmjapnzab.mp4,dfdc_train_part_4
dfdc_train_part_4_vwddtkosep,test,real,/workspace/data/raw/dfdc/dfdc_train_part_04/dfdc_train_part_4/vwddtkosep.mp4,dfdc_train_part_4
dfdc_train_part_4_oqrmyzxvfw,test,real,/workspace/data/raw/dfdc/dfdc_train_part_04/dfdc_train_part_4/oqrmyzxvfw.mp4,dfdc_train_part_4
dfdc_train_part_4_qegmssagyr,test,fake,/workspace/data/raw/dfdc/dfdc_train_part_04/dfdc_train_part_4/qegmssagyr.mp4,dfdc_train_part_4
dfdc_train_part_4_stojmeodpd,test,fake,/workspace/data/raw/dfdc/dfdc_train_part_04/dfdc_train_part_4/stojmeodpd.mp4,dfdc_train_part_4
dfdc_train_part_4_xkjykqypsb,test,fake,/workspace/data/raw/dfdc/dfdc_train_part_04/dfdc_train_part_4/xkjykqypsb.mp4,dfdc_train_part_4
dfdc_train_part_4_refshytvob,test,fake,/workspace/data/raw/dfdc/dfdc_train_part_04/dfdc_train_part_4/refshytvob.mp4,dfdc_train_part_4
dfdc_train_part_4_qajjqlqimm,test,fake,/workspace/data/raw/dfdc/dfdc_train_part_04/dfdc_train_part_4/qajjqlqimm.mp4,dfdc_train_part_4
dfdc_train_part_4_bdzgchaaxp,test,real,/workspace/data/raw/dfdc/dfdc_train_part_04/dfdc_train_part_4/bdzgchaaxp.mp4,dfdc_train_part_4
dfdc_train_part_4_cugumlyhiu,test,real,/workspace/data/raw/dfdc/dfdc_train_part_04/dfdc_train_part_4/cugumlyhiu.mp4,dfdc_train_part_4
dfdc_train_part_4_nhkegaqwuc,test,fake,/workspace/data/raw/dfdc/dfdc_train_part_04/dfdc_train_part_4/nhkegaqwuc.mp4,dfdc_train_part_4
dfdc_train_part_4_ilnbtsmfxw,test,fake,/workspace/data/raw/dfdc/dfdc_train_part_04/dfdc_train_part_4/ilnbtsmfxw.mp4,dfdc_train_part_4
dfdc_train_part_4_ocictrroen,test,fake,/workspace/data/raw/dfdc/dfdc_train_part_04/dfdc_train_part_4/ocictrroen.mp4,dfdc_train_part_4
dfdc_train_part_4_toqcubtxwm,test,fake,/workspace/data/raw/dfdc/dfdc_train_part_04/dfdc_train_part_4/toqcubtxwm.mp4,dfdc_train_part_4
dfdc_train_part_4_uuickmjguc,test,fake,/workspace/data/raw/dfdc/dfdc_train_part_04/dfdc_train_part_4/uuickmjguc.mp4,dfdc_train_part_4
dfdc_train_part_4_zvmdzpupbp,test,real,/workspace/data/raw/dfdc/dfdc_train_part_04/dfdc_train_part_4/zvmdzpupbp.mp4,dfdc_train_part_4
dfdc_train_part_4_ardijxbxdm,test,real,/workspace/data/raw/dfdc/dfdc_train_part_04/dfdc_train_part_4/ardijxbxdm.mp4,dfdc_train_part_4
dfdc_train_part_4_lmghurrbsh,test,fake,/workspace/data/raw/dfdc/dfdc_train_part_04/dfdc_train_part_4/lmghurrbsh.mp4,dfdc_train_part_4
dfdc_train_part_4_keyngrgpvp,test,real,/workspace/data/raw/dfdc/dfdc_train_part_04/dfdc_train_part_4/keyngrgpvp.mp4,dfdc_train_part_4
dfdc_train_part_4_xevfamnwbo,test,fake,/workspace/data/raw/dfdc/dfdc_train_part_04/dfdc_train_part_4/xevfamnwbo.mp4,dfdc_train_part_4
dfdc_train_part_4_yrxnqqjvrc,test,real,/workspace/data/raw/dfdc/dfdc_train_part_04/dfdc_train_part_4/yrxnqqjvrc.mp4,dfdc_train_part_4
dfdc_train_part_4_miltxpsvmr,test,real,/workspace/data/raw/dfdc/dfdc_train_part_04/dfdc_train_part_4/miltxpsvmr.mp4,dfdc_train_part_4
dfdc_train_part_4_ewuibihtuo,test,real,/workspace/data/raw/dfdc/dfdc_train_part_04/dfdc_train_part_4/ewuibihtuo.mp4,dfdc_train_part_4
dfdc_train_part_4_nkodmxpluk,test,fake,/workspace/data/raw/dfdc/dfdc_train_part_04/dfdc_train_part_4/nkodmxpluk.mp4,dfdc_train_part_4
dfdc_train_part_4_jkwcmcdbmi,test,fake,/workspace/data/raw/dfdc/dfdc_train_part_04/dfdc_train_part_4/jkwcmcdbmi.mp4,dfdc_train_part_4
dfdc_train_part_4_cndtykayuj,test,real,/workspace/data/raw/dfdc/dfdc_train_part_04/dfdc_train_part_4/cndtykayuj.mp4,dfdc_train_part_4
dfdc_train_part_4_tvbmabbsmn,test,fake,/workspace/data/raw/dfdc/dfdc_train_part_04/dfdc_train_part_4/tvbmabbsmn.mp4,dfdc_train_part_4
dfdc_train_part_4_pydubklpub,test,real,/workspace/data/raw/dfdc/dfdc_train_part_04/dfdc_train_part_4/pydubklpub.mp4,dfdc_train_part_4
dfdc_train_part_4_sdzeilcubq,test,fake,/workspace/data/raw/dfdc/dfdc_train_part_04/dfdc_train_part_4/sdzeilcubq.mp4,dfdc_train_part_4
dfdc_train_part_4_wlhrjmuycr,test,real,/workspace/data/raw/dfdc/dfdc_train_part_04/dfdc_train_part_4/wlhrjmuycr.mp4,dfdc_train_part_4
dfdc_train_part_4_wsbanqmvrr,test,fake,/workspace/data/raw/dfdc/dfdc_train_part_04/dfdc_train_part_4/wsbanqmvrr.mp4,dfdc_train_part_4
dfdc_train_part_4_hmugoovuhr,test,real,/workspace/data/raw/dfdc/dfdc_train_part_04/dfdc_train_part_4/hmugoovuhr.mp4,dfdc_train_part_4
dfdc_train_part_4_dfkaekrnfr,test,fake,/workspace/data/raw/dfdc/dfdc_train_part_04/dfdc_train_part_4/dfkaekrnfr.mp4,dfdc_train_part_4
dfdc_train_part_4_olzjecehcq,test,real,/workspace/data/raw/dfdc/dfdc_train_part_04/dfdc_train_part_4/olzjecehcq.mp4,dfdc_train_part_4
dfdc_train_part_4_idvdwmuiyg,test,fake,/workspace/data/raw/dfdc/dfdc_train_part_04/dfdc_train_part_4/idvdwmuiyg.mp4,dfdc_train_part_4
dfdc_train_part_4_jnqbxiqhfw,test,fake,/workspace/data/raw/dfdc/dfdc_train_part_04/dfdc_train_part_4/jnqbxiqhfw.mp4,dfdc_train_part_4
dfdc_train_part_4_gocmcxvpsn,test,fake,/workspace/data/raw/dfdc/dfdc_train_part_04/dfdc_train_part_4/gocmcxvpsn.mp4,dfdc_train_part_4
dfdc_train_part_4_xiutcafpof,test,real,/workspace/data/raw/dfdc/dfdc_train_part_04/dfdc_train_part_4/xiutcafpof.mp4,dfdc_train_part_4
dfdc_train_part_4_zmciszomkw,test,fake,/workspace/data/raw/dfdc/dfdc_train_part_04/dfdc_train_part_4/zmciszomkw.mp4,dfdc_train_part_4
dfdc_train_part_4_dinukxjoce,test,real,/workspace/data/raw/dfdc/dfdc_train_part_04/dfdc_train_part_4/dinukxjoce.mp4,dfdc_train_part_4
dfdc_train_part_4_rbhjjcarwf,test,fake,/workspace/data/raw/dfdc/dfdc_train_part_04/dfdc_train_part_4/rbhjjcarwf.mp4,dfdc_train_part_4
dfdc_train_part_4_fbecriyqzn,test,fake,/workspace/data/raw/dfdc/dfdc_train_part_04/dfdc_train_part_4/fbecriyqzn.mp4,dfdc_train_part_4
dfdc_train_part_4_vaqbfawpnf,test,fake,/workspace/data/raw/dfdc/dfdc_train_part_04/dfdc_train_part_4/vaqbfawpnf.mp4,dfdc_train_part_4
dfdc_train_part_4_ddjvprldej,test,fake,/workspace/data/raw/dfdc/dfdc_train_part_04/dfdc_train_part_4/ddjvprldej.mp4,dfdc_train_part_4
dfdc_train_part_4_ossoqigdyf,test,real,/workspace/data/raw/dfdc/dfdc_train_part_04/dfdc_train_part_4/ossoqigdyf.mp4,dfdc_train_part_4
dfdc_train_part_4_baxkmsihqv,test,real,/workspace/data/raw/dfdc/dfdc_train_part_04/dfdc_train_part_4/baxkmsihqv.mp4,dfdc_train_part_4
dfdc_train_part_4_gprxiuplev,test,fake,/workspace/data/raw/dfdc/dfdc_train_part_04/dfdc_train_part_4/gprxiuplev.mp4,dfdc_train_part_4
dfdc_train_part_4_zbchoijdka,test,fake,/workspace/data/raw/dfdc/dfdc_train_part_04/dfdc_train_part_4/zbchoijdka.mp4,dfdc_train_part_4
dfdc_train_part_4_osnazdhulb,test,real,/workspace/data/raw/dfdc/dfdc_train_part_04/dfdc_train_part_4/osnazdhulb.mp4,dfdc_train_part_4
dfdc_train_part_4_lujhjwdvho,test,fake,/workspace/data/raw/dfdc/dfdc_train_part_04/dfdc_train_part_4/lujhjwdvho.mp4,dfdc_train_part_4
dfdc_train_part_4_cqvgopmkna,test,fake,/workspace/data/raw/dfdc/dfdc_train_part_04/dfdc_train_part_4/cqvgopmkna.mp4,dfdc_train_part_4
dfdc_train_part_4_piwiyrrlca,test,fake,/workspace/data/raw/dfdc/dfdc_train_part_04/dfdc_train_part_4/piwiyrrlca.mp4,dfdc_train_part_4
dfdc_train_part_4_rswcxnstdm,test,fake,/workspace/data/raw/dfdc/dfdc_train_part_04/dfdc_train_part_4/rswcxnstdm.mp4,dfdc_train_part_4
dfdc_train_part_4_cycxdkwndh,test,fake,/workspace/data/raw/dfdc/dfdc_train_part_04/dfdc_train_part_4/cycxdkwndh.mp4,dfdc_train_part_4
dfdc_train_part_4_fndhijmzqg,test,real,/workspace/data/raw/dfdc/dfdc_train_part_04/dfdc_train_part_4/fndhijmzqg.mp4,dfdc_train_part_4
dfdc_train_part_4_fupolywzms,test,fake,/workspace/data/raw/dfdc/dfdc_train_part_04/dfdc_train_part_4/fupolywzms.mp4,dfdc_train_part_4
dfdc_train_part_4_dsnaecbell,test,fake,/workspace/data/raw/dfdc/dfdc_train_part_04/dfdc_train_part_4/dsnaecbell.mp4,dfdc_train_part_4
dfdc_train_part_4_ufkgroaxik,test,real,/workspace/data/raw/dfdc/dfdc_train_part_04/dfdc_train_part_4/ufkgroaxik.mp4,dfdc_train_part_4
dfdc_train_part_4_xhoruswklx,test,real,/workspace/data/raw/dfdc/dfdc_train_part_04/dfdc_train_part_4/xhoruswklx.mp4,dfdc_train_part_4
dfdc_train_part_4_skaimvshsj,test,fake,/workspace/data/raw/dfdc/dfdc_train_part_04/dfdc_train_part_4/skaimvshsj.mp4,dfdc_train_part_4
dfdc_train_part_4_dduwbsrnmv,test,fake,/workspace/data/raw/dfdc/dfdc_train_part_04/dfdc_train_part_4/dduwbsrnmv.mp4,dfdc_train_part_4
dfdc_train_part_4_bjqjyplccn,test,fake,/workspace/data/raw/dfdc/dfdc_train_part_04/dfdc_train_part_4/bjqjyplccn.mp4,dfdc_train_part_4
dfdc_train_part_4_rrldnflyrx,test,real,/workspace/data/raw/dfdc/dfdc_train_part_04/dfdc_train_part_4/rrldnflyrx.mp4,dfdc_train_part_4
dfdc_train_part_4_qnygjjuhwp,test,fake,/workspace/data/raw/dfdc/dfdc_train_part_04/dfdc_train_part_4/qnygjjuhwp.mp4,dfdc_train_part_4
dfdc_train_part_4_uugkcetjxj,test,real,/workspace/data/raw/dfdc/dfdc_train_part_04/dfdc_train_part_4/uugkcetjxj.mp4,dfdc_train_part_4
dfdc_train_part_4_hfvufgteyr,test,fake,/workspace/data/raw/dfdc/dfdc_train_part_04/dfdc_train_part_4/hfvufgteyr.mp4,dfdc_train_part_4
dfdc_train_part_4_enhlolcwtf,test,fake,/workspace/data/raw/dfdc/dfdc_train_part_04/dfdc_train_part_4/enhlolcwtf.mp4,dfdc_train_part_4
dfdc_train_part_4_qxzcbpxkwt,test,fake,/workspace/data/raw/dfdc/dfdc_train_part_04/dfdc_train_part_4/qxzcbpxkwt.mp4,dfdc_train_part_4
dfdc_train_part_4_bivdbsqzbq,test,fake,/workspace/data/raw/dfdc/dfdc_train_part_04/dfdc_train_part_4/bivdbsqzbq.mp4,dfdc_train_part_4
dfdc_train_part_4_zrmkbfcxnn,test,fake,/workspace/data/raw/dfdc/dfdc_train_part_04/dfdc_train_part_4/zrmkbfcxnn.mp4,dfdc_train_part_4
dfdc_train_part_4_uyrwtobgwm,test,fake,/workspace/data/raw/dfdc/dfdc_train_part_04/dfdc_train_part_4/uyrwtobgwm.mp4,dfdc_train_part_4
dfdc_train_part_4_cdyclvewaw,test,fake,/workspace/data/raw/dfdc/dfdc_train_part_04/dfdc_train_part_4/cdyclvewaw.mp4,dfdc_train_part_4
dfdc_train_part_4_uyuihadkxo,test,fake,/workspace/data/raw/dfdc/dfdc_train_part_04/dfdc_train_part_4/uyuihadkxo.mp4,dfdc_train_part_4
dfdc_train_part_4_adkymkuove,test,real,/workspace/data/raw/dfdc/dfdc_train_part_04/dfdc_train_part_4/adkymkuove.mp4,dfdc_train_part_4
dfdc_train_part_4_gqdbkcbowq,test,fake,/workspace/data/raw/dfdc/dfdc_train_part_04/dfdc_train_part_4/gqdbkcbowq.mp4,dfdc_train_part_4
dfdc_train_part_4_mpygebmzos,test,fake,/workspace/data/raw/dfdc/dfdc_train_part_04/dfdc_train_part_4/mpygebmzos.mp4,dfdc_train_part_4
dfdc_train_part_4_xnmmweqmdt,test,fake,/workspace/data/raw/dfdc/dfdc_train_part_04/dfdc_train_part_4/xnmmweqmdt.mp4,dfdc_train_part_4
dfdc_train_part_4_vfmyfdxjrv,test,fake,/workspace/data/raw/dfdc/dfdc_train_part_04/dfdc_train_part_4/vfmyfdxjrv.mp4,dfdc_train_part_4
dfdc_train_part_4_izcxebhtfp,test,fake,/workspace/data/raw/dfdc/dfdc_train_part_04/dfdc_train_part_4/izcxebhtfp.mp4,dfdc_train_part_4
dfdc_train_part_4_dpeehtnctk,test,real,/workspace/data/raw/dfdc/dfdc_train_part_04/dfdc_train_part_4/dpeehtnctk.mp4,dfdc_train_part_4
dfdc_train_part_4_ifhqyebjdc,test,fake,/workspace/data/raw/dfdc/dfdc_train_part_04/dfdc_train_part_4/ifhqyebjdc.mp4,dfdc_train_part_4
dfdc_train_part_4_lqrndtjjbu,test,fake,/workspace/data/raw/dfdc/dfdc_train_part_04/dfdc_train_part_4/lqrndtjjbu.mp4,dfdc_train_part_4
dfdc_train_part_4_veadbrywlp,test,fake,/workspace/data/raw/dfdc/dfdc_train_part_04/dfdc_train_part_4/veadbrywlp.mp4,dfdc_train_part_4
dfdc_train_part_4_fcukkebcyx,test,fake,/workspace/data/raw/dfdc/dfdc_train_part_04/dfdc_train_part_4/fcukkebcyx.mp4,dfdc_train_part_4
dfdc_train_part_4_wukdzzkhne,test,fake,/workspace/data/raw/dfdc/dfdc_train_part_04/dfdc_train_part_4/wukdzzkhne.mp4,dfdc_train_part_4
dfdc_train_part_4_oxrgvbynmg,test,fake,/workspace/data/raw/dfdc/dfdc_train_part_04/dfdc_train_part_4/oxrgvbynmg.mp4,dfdc_train_part_4
dfdc_train_part_4_sfmuycewzb,test,fake,/workspace/data/raw/dfdc/dfdc_train_part_04/dfdc_train_part_4/sfmuycewzb.mp4,dfdc_train_part_4
dfdc_train_part_4_asgfrovmom,test,real,/workspace/data/raw/dfdc/dfdc_train_part_04/dfdc_train_part_4/asgfrovmom.mp4,dfdc_train_part_4
dfdc_train_part_4_axietspzae,test,fake,/workspace/data/raw/dfdc/dfdc_train_part_04/dfdc_train_part_4/axietspzae.mp4,dfdc_train_part_4
dfdc_train_part_4_fenlzanzsu,test,fake,/workspace/data/raw/dfdc/dfdc_train_part_04/dfdc_train_part_4/fenlzanzsu.mp4,dfdc_train_part_4
dfdc_train_part_4_xjkaankpjj,test,real,/workspace/data/raw/dfdc/dfdc_train_part_04/dfdc_train_part_4/xjkaankpjj.mp4,dfdc_train_part_4
dfdc_train_part_4_elocxgidli,test,fake,/workspace/data/raw/dfdc/dfdc_train_part_04/dfdc_train_part_4/elocxgidli.mp4,dfdc_train_part_4
dfdc_train_part_4_mlhjazstxo,test,real,/workspace/data/raw/dfdc/dfdc_train_part_04/dfdc_train_part_4/mlhjazstxo.mp4,dfdc_train_part_4
dfdc_train_part_4_lhpkjgtikn,test,real,/workspace/data/raw/dfdc/dfdc_train_part_04/dfdc_train_part_4/lhpkjgtikn.mp4,dfdc_train_part_4
dfdc_train_part_4_wtlxmwrrsv,test,fake,/workspace/data/raw/dfdc/dfdc_train_part_04/dfdc_train_part_4/wtlxmwrrsv.mp4,dfdc_train_part_4
dfdc_train_part_4_hdckzcdbxi,test,real,/workspace/data/raw/dfdc/dfdc_train_part_04/dfdc_train_part_4/hdckzcdbxi.mp4,dfdc_train_part_4
dfdc_train_part_4_bkidieecdg,test,real,/workspace/data/raw/dfdc/dfdc_train_part_04/dfdc_train_part_4/bkidieecdg.mp4,dfdc_train_part_4
dfdc_train_part_4_rhqpxohjlk,test,real,/workspace/data/raw/dfdc/dfdc_train_part_04/dfdc_train_part_4/rhqpxohjlk.mp4,dfdc_train_part_4
dfdc_train_part_4_snwxfwcrtp,test,fake,/workspace/data/raw/dfdc/dfdc_train_part_04/dfdc_train_part_4/snwxfwcrtp.mp4,dfdc_train_part_4
dfdc_train_part_4_jnppybytup,test,real,/workspace/data/raw/dfdc/dfdc_train_part_04/dfdc_train_part_4/jnppybytup.mp4,dfdc_train_part_4
dfdc_train_part_4_sgbkpxoqko,test,fake,/workspace/data/raw/dfdc/dfdc_train_part_04/dfdc_train_part_4/sgbkpxoqko.mp4,dfdc_train_part_4
dfdc_train_part_4_rxtcqqswko,test,fake,/workspace/data/raw/dfdc/dfdc_train_part_04/dfdc_train_part_4/rxtcqqswko.mp4,dfdc_train_part_4
dfdc_train_part_4_rfofjldvtb,test,fake,/workspace/data/raw/dfdc/dfdc_train_part_04/dfdc_train_part_4/rfofjldvtb.mp4,dfdc_train_part_4
dfdc_train_part_4_ommvnsljtz,test,fake,/workspace/data/raw/dfdc/dfdc_train_part_04/dfdc_train_part_4/ommvnsljtz.mp4,dfdc_train_part_4
dfdc_train_part_4_ecrfunevaq,test,fake,/workspace/data/raw/dfdc/dfdc_train_part_04/dfdc_train_part_4/ecrfunevaq.mp4,dfdc_train_part_4
dfdc_train_part_4_fztpqmvlzp,test,real,/workspace/data/raw/dfdc/dfdc_train_part_04/dfdc_train_part_4/fztpqmvlzp.mp4,dfdc_train_part_4
dfdc_train_part_4_nbbxssrkhg,test,real,/workspace/data/raw/dfdc/dfdc_train_part_04/dfdc_train_part_4/nbbxssrkhg.mp4,dfdc_train_part_4
dfdc_train_part_4_dkicrqucgy,test,fake,/workspace/data/raw/dfdc/dfdc_train_part_04/dfdc_train_part_4/dkicrqucgy.mp4,dfdc_train_part_4
dfdc_train_part_4_chxrkprguh,test,fake,/workspace/data/raw/dfdc/dfdc_train_part_04/dfdc_train_part_4/chxrkprguh.mp4,dfdc_train_part_4
dfdc_train_part_4_ayzherlveu,test,fake,/workspace/data/raw/dfdc/dfdc_train_part_04/dfdc_train_part_4/ayzherlveu.mp4,dfdc_train_part_4
dfdc_train_part_4_qzjvaoimae,test,fake,/workspace/data/raw/dfdc/dfdc_train_part_04/dfdc_train_part_4/qzjvaoimae.mp4,dfdc_train_part_4
dfdc_train_part_4_ymzftqosgs,test,fake,/workspace/data/raw/dfdc/dfdc_train_part_04/dfdc_train_part_4/ymzftqosgs.mp4,dfdc_train_part_4
dfdc_train_part_4_ezllcntwvv,test,real,/workspace/data/raw/dfdc/dfdc_train_part_04/dfdc_train_part_4/ezllcntwvv.mp4,dfdc_train_part_4
dfdc_train_part_4_dtgbonxukc,test,real,/workspace/data/raw/dfdc/dfdc_train_part_04/dfdc_train_part_4/dtgbonxukc.mp4,dfdc_train_part_4
dfdc_train_part_4_hwfgwmuuby,test,fake,/workspace/data/raw/dfdc/dfdc_train_part_04/dfdc_train_part_4/hwfgwmuuby.mp4,dfdc_train_part_4
dfdc_train_part_4_kzcnhvkopb,test,real,/workspace/data/raw/dfdc/dfdc_train_part_04/dfdc_train_part_4/kzcnhvkopb.mp4,dfdc_train_part_4
dfdc_train_part_4_tpfacrgpkc,test,fake,/workspace/data/raw/dfdc/dfdc_train_part_04/dfdc_train_part_4/tpfacrgpkc.mp4,dfdc_train_part_4
dfdc_train_part_4_pwduwistqx,test,fake,/workspace/data/raw/dfdc/dfdc_train_part_04/dfdc_train_part_4/pwduwistqx.mp4,dfdc_train_part_4
dfdc_train_part_4_byridjpwox,test,fake,/workspace/data/raw/dfdc/dfdc_train_part_04/dfdc_train_part_4/byridjpwox.mp4,dfdc_train_part_4
dfdc_train_part_4_znytebsgjb,test,real,/workspace/data/raw/dfdc/dfdc_train_part_04/dfdc_train_part_4/znytebsgjb.mp4,dfdc_train_part_4
dfdc_train_part_4_uzirqfsjnm,test,real,/workspace/data/raw/dfdc/dfdc_train_part_04/dfdc_train_part_4/uzirqfsjnm.mp4,dfdc_train_part_4
dfdc_train_part_4_gprjqigplu,test,fake,/workspace/data/raw/dfdc/dfdc_train_part_04/dfdc_train_part_4/gprjqigplu.mp4,dfdc_train_part_4
dfdc_train_part_4_raclbaeprc,test,fake,/workspace/data/raw/dfdc/dfdc_train_part_04/dfdc_train_part_4/raclbaeprc.mp4,dfdc_train_part_4
dfdc_train_part_4_zuwdyhtvra,test,fake,/workspace/data/raw/dfdc/dfdc_train_part_04/dfdc_train_part_4/zuwdyhtvra.mp4,dfdc_train_part_4
dfdc_train_part_4_ydqvbxdgvr,test,fake,/workspace/data/raw/dfdc/dfdc_train_part_04/dfdc_train_part_4/ydqvbxdgvr.mp4,dfdc_train_part_4
dfdc_train_part_4_fpcepeefho,test,fake,/workspace/data/raw/dfdc/dfdc_train_part_04/dfdc_train_part_4/fpcepeefho.mp4,dfdc_train_part_4
dfdc_train_part_4_dsaxwwtgtx,test,fake,/workspace/data/raw/dfdc/dfdc_train_part_04/dfdc_train_part_4/dsaxwwtgtx.mp4,dfdc_train_part_4
dfdc_train_part_4_mjjcsxynrv,test,fake,/workspace/data/raw/dfdc/dfdc_train_part_04/dfdc_train_part_4/mjjcsxynrv.mp4,dfdc_train_part_4
dfdc_train_part_4_ccnscxftah,test,fake,/workspace/data/raw/dfdc/dfdc_train_part_04/dfdc_train_part_4/ccnscxftah.mp4,dfdc_train_part_4
dfdc_train_part_4_ebczzbenwe,test,fake,/workspace/data/raw/dfdc/dfdc_train_part_04/dfdc_train_part_4/ebczzbenwe.mp4,dfdc_train_part_4
dfdc_train_part_4_opwqlxzcaf,test,real,/workspace/data/raw/dfdc/dfdc_train_part_04/dfdc_train_part_4/opwqlxzcaf.mp4,dfdc_train_part_4
dfdc_train_part_4_uqjwtcmhek,test,fake,/workspace/data/raw/dfdc/dfdc_train_part_04/dfdc_train_part_4/uqjwtcmhek.mp4,dfdc_train_part_4
dfdc_train_part_4_lkgrqfcrps,test,real,/workspace/data/raw/dfdc/dfdc_train_part_04/dfdc_train_part_4/lkgrqfcrps.mp4,dfdc_train_part_4
dfdc_train_part_4_oyjzcpvrfg,test,real,/workspace/data/raw/dfdc/dfdc_train_part_04/dfdc_train_part_4/oyjzcpvrfg.mp4,dfdc_train_part_4
dfdc_train_part_4_cxeuodcmqd,test,real,/workspace/data/raw/dfdc/dfdc_train_part_04/dfdc_train_part_4/cxeuodcmqd.mp4,dfdc_train_part_4
dfdc_train_part_4_ezlehpbfya,test,fake,/workspace/data/raw/dfdc/dfdc_train_part_04/dfdc_train_part_4/ezlehpbfya.mp4,dfdc_train_part_4
dfdc_train_part_4_hvmcslpaeu,test,real,/workspace/data/raw/dfdc/dfdc_train_part_04/dfdc_train_part_4/hvmcslpaeu.mp4,dfdc_train_part_4
dfdc_train_part_4_wzdybffyzl,test,fake,/workspace/data/raw/dfdc/dfdc_train_part_04/dfdc_train_part_4/wzdybffyzl.mp4,dfdc_train_part_4
dfdc_train_part_4_kuokgeklnk,test,fake,/workspace/data/raw/dfdc/dfdc_train_part_04/dfdc_train_part_4/kuokgeklnk.mp4,dfdc_train_part_4
dfdc_train_part_4_tcwsnqstqa,test,fake,/workspace/data/raw/dfdc/dfdc_train_part_04/dfdc_train_part_4/tcwsnqstqa.mp4,dfdc_train_part_4
dfdc_train_part_4_lvidvlwsah,test,fake,/workspace/data/raw/dfdc/dfdc_train_part_04/dfdc_train_part_4/lvidvlwsah.mp4,dfdc_train_part_4
dfdc_train_part_4_ypsydrqqsl,test,fake,/workspace/data/raw/dfdc/dfdc_train_part_04/dfdc_train_part_4/ypsydrqqsl.mp4,dfdc_train_part_4
dfdc_train_part_4_jhomaktgzy,test,fake,/workspace/data/raw/dfdc/dfdc_train_part_04/dfdc_train_part_4/jhomaktgzy.mp4,dfdc_train_part_4
dfdc_train_part_4_vcfmumdmpt,test,fake,/workspace/data/raw/dfdc/dfdc_train_part_04/dfdc_train_part_4/vcfmumdmpt.mp4,dfdc_train_part_4
dfdc_train_part_4_kligyzlcuk,test,fake,/workspace/data/raw/dfdc/dfdc_train_part_04/dfdc_train_part_4/kligyzlcuk.mp4,dfdc_train_part_4
dfdc_train_part_4_xxbunqmupn,test,real,/workspace/data/raw/dfdc/dfdc_train_part_04/dfdc_train_part_4/xxbunqmupn.mp4,dfdc_train_part_4
dfdc_train_part_4_xjabnijtoe,test,real,/workspace/data/raw/dfdc/dfdc_train_part_04/dfdc_train_part_4/xjabnijtoe.mp4,dfdc_train_part_4
dfdc_train_part_4_lkpxzehihg,test,fake,/workspace/data/raw/dfdc/dfdc_train_part_04/dfdc_train_part_4/lkpxzehihg.mp4,dfdc_train_part_4
dfdc_train_part_4_qaynucyryk,test,fake,/workspace/data/raw/dfdc/dfdc_train_part_04/dfdc_train_part_4/qaynucyryk.mp4,dfdc_train_part_4
dfdc_train_part_4_azivnorcbt,test,fake,/workspace/data/raw/dfdc/dfdc_train_part_04/dfdc_train_part_4/azivnorcbt.mp4,dfdc_train_part_4
dfdc_train_part_4_xuhcvxtzxd,test,real,/workspace/data/raw/dfdc/dfdc_train_part_04/dfdc_train_part_4/xuhcvxtzxd.mp4,dfdc_train_part_4
dfdc_train_part_4_wjpbipinqe,test,fake,/workspace/data/raw/dfdc/dfdc_train_part_04/dfdc_train_part_4/wjpbipinqe.mp4,dfdc_train_part_4
dfdc_train_part_4_gmrxvmvrzt,test,real,/workspace/data/raw/dfdc/dfdc_train_part_04/dfdc_train_part_4/gmrxvmvrzt.mp4,dfdc_train_part_4
dfdc_train_part_4_midpeunjaz,test,fake,/workspace/data/raw/dfdc/dfdc_train_part_04/dfdc_train_part_4/midpeunjaz.mp4,dfdc_train_part_4
dfdc_train_part_4_cdawymhaak,test,fake,/workspace/data/raw/dfdc/dfdc_train_part_04/dfdc_train_part_4/cdawymhaak.mp4,dfdc_train_part_4
dfdc_train_part_4_kyxmtfyceu,test,fake,/workspace/data/raw/dfdc/dfdc_train_part_04/dfdc_train_part_4/kyxmtfyceu.mp4,dfdc_train_part_4
dfdc_train_part_4_aahncigwte,test,real,/workspace/data/raw/dfdc/dfdc_train_part_04/dfdc_train_part_4/aahncigwte.mp4,dfdc_train_part_4
dfdc_train_part_4_jdnizohssx,test,fake,/workspace/data/raw/dfdc/dfdc_train_part_04/dfdc_train_part_4/jdnizohssx.mp4,dfdc_train_part_4
