video_id,split,label,abs_path,source
real_000,test,real,/workspace/data/raw/ffpp/FaceForensics++_C23/original/000.mp4,ffpp_orig
real_001,train,real,/workspace/data/raw/ffpp/FaceForensics++_C23/original/001.mp4,ffpp_orig
real_002,train,real,/workspace/data/raw/ffpp/FaceForensics++_C23/original/002.mp4,ffpp_orig
real_003,test,real,/workspace/data/raw/ffpp/FaceForensics++_C23/original/003.mp4,ffpp_orig
real_004,val,real,/workspace/data/raw/ffpp/FaceForensics++_C23/original/004.mp4,ffpp_orig
real_005,train,real,/workspace/data/raw/ffpp/FaceForensics++_C23/original/005.mp4,ffpp_orig
real_006,train,real,/workspace/data/raw/ffpp/FaceForensics++_C23/original/006.mp4,ffpp_orig
real_007,train,real,/workspace/data/raw/ffpp/FaceForensics++_C23/original/007.mp4,ffpp_orig
real_008,train,real,/workspace/data/raw/ffpp/FaceForensics++_C23/original/008.mp4,ffpp_orig
real_009,train,real,/workspace/data/raw/ffpp/FaceForensics++_C23/original/009.mp4,ffpp_orig
real_010,train,real,/workspace/data/raw/ffpp/FaceForensics++_C23/original/010.mp4,ffpp_orig
real_011,train,real,/workspace/data/raw/ffpp/FaceForensics++_C23/original/011.mp4,ffpp_orig
real_012,test,real,/workspace/data/raw/ffpp/FaceForensics++_C23/original/012.mp4,ffpp_orig
real_013,train,real,/workspace/data/raw/ffpp/FaceForensics++_C23/original/013.mp4,ffpp_orig
real_014,train,real,/workspace/data/raw/ffpp/FaceForensics++_C23/original/014.mp4,ffpp_orig
real_015,test,real,/workspace/data/raw/ffpp/FaceForensics++_C23/original/015.mp4,ffpp_orig
real_016,train,real,/workspace/data/raw/ffpp/FaceForensics++_C23/original/016.mp4,ffpp_orig
real_017,train,real,/workspace/data/raw/ffpp/FaceForensics++_C23/original/017.mp4,ffpp_orig
real_018,train,real,/workspace/data/raw/ffpp/FaceForensics++_C23/original/018.mp4,ffpp_orig
real_019,train,real,/workspace/data/raw/ffpp/FaceForensics++_C23/original/019.mp4,ffpp_orig
real_020,train,real,/workspace/data/raw/ffpp/FaceForensics++_C23/original/020.mp4,ffpp_orig
real_021,train,real,/workspace/data/raw/ffpp/FaceForensics++_C23/original/021.mp4,ffpp_orig
real_022,train,real,/workspace/data/raw/ffpp/FaceForensics++_C23/original/022.mp4,ffpp_orig
real_023,val,real,/workspace/data/raw/ffpp/FaceForensics++_C23/original/023.mp4,ffpp_orig
real_024,test,real,/workspace/data/raw/ffpp/FaceForensics++_C23/original/024.mp4,ffpp_orig
real_025,train,real,/workspace/data/raw/ffpp/FaceForensics++_C23/original/025.mp4,ffpp_orig
real_026,test,real,/workspace/data/raw/ffpp/FaceForensics++_C23/original/026.mp4,ffpp_orig
real_027,train,real,/workspace/data/raw/ffpp/FaceForensics++_C23/original/027.mp4,ffpp_orig
real_028,train,real,/workspace/data/raw/ffpp/FaceForensics++_C23/original/028.mp4,ffpp_orig
real_029,test,real,/workspace/data/raw/ffpp/FaceForensics++_C23/original/029.mp4,ffpp_orig
real_030,train,real,/workspace/data/raw/ffpp/FaceForensics++_C23/original/030.mp4,ffpp_orig
real_031,train,real,/workspace/data/raw/ffpp/FaceForensics++_C23/original/031.mp4,ffpp_orig
real_032,train,real,/workspace/data/raw/ffpp/FaceForensics++_C23/original/032.mp4,ffpp_orig
real_033,train,real,/workspace/data/raw/ffpp/FaceForensics++_C23/original/033.mp4,ffpp_orig
real_034,train,real,/workspace/data/raw/ffpp/FaceForensics++_C23/original/034.mp4,ffpp_orig
real_035,test,real,/workspace/data/raw/ffpp/FaceForensics++_C23/original/035.mp4,ffpp_orig
real_036,test,real,/workspace/data/raw/ffpp/FaceForensics++_C23/original/036.mp4,ffpp_orig
real_037,train,real,/workspace/data/raw/ffpp/FaceForensics++_C23/original/037.mp4,ffpp_orig
real_038,train,real,/workspace/data/raw/ffpp/FaceForensics++_C23/original/038.mp4,ffpp_orig
real_039,train,real,/workspace/data/raw/ffpp/FaceForensics++_C23/original/039.mp4,ffpp_orig
real_040,train,real,/workspace/data/raw/ffpp/FaceForensics++_C23/original/040.mp4,ffpp_orig
real_041,train,real,/workspace/data/raw/ffpp/FaceForensics++_C23/original/041.mp4,ffpp_orig
real_042,val,real,/workspace/data/raw/ffpp/FaceForensics++_C23/original/042.mp4,ffpp_orig
real_043,train,real,/workspace/data/raw/ffpp/FaceForensics++_C23/original/043.mp4,ffpp_orig
real_044,test,real,/workspace/data/raw/ffpp/FaceForensics++_C23/original/044.mp4,ffpp_orig
real_045,train,real,/workspace/data/raw/ffpp/FaceForensics++_C23/original/045.mp4,ffpp_orig
real_046,val,real,/workspace/data/raw/ffpp/FaceForensics++_C23/original/046.mp4,ffpp_orig
real_047,test,real,/workspace/data/raw/ffpp/FaceForensics++_C23/original/047.mp4,ffpp_orig
real_048,test,real,/workspace/data/raw/ffpp/FaceForensics++_C23/original/048.mp4,ffpp_orig
real_049,train,real,/workspace/data/raw/ffpp/FaceForensics++_C23/original/049.mp4,ffpp_orig
real_050,train,real,/workspace/data/raw/ffpp/FaceForensics++_C23/original/050.mp4,ffpp_orig
real_051,train,real,/workspace/data/raw/ffpp/FaceForensics++_C23/original/051.mp4,ffpp_orig
real_052,train,real,/workspace/data/raw/ffpp/FaceForensics++_C23/original/052.mp4,ffpp_orig
real_053,train,real,/workspace/data/raw/ffpp/FaceForensics++_C23/original/053.mp4,ffpp_orig
real_054,train,real,/workspace/data/raw/ffpp/FaceForensics++_C23/original/054.mp4,ffpp_orig
real_055,train,real,/workspace/data/raw/ffpp/FaceForensics++_C23/original/055.mp4,ffpp_orig
real_056,train,real,/workspace/data/raw/ffpp/FaceForensics++_C23/original/056.mp4,ffpp_orig
real_057,train,real,/workspace/data/raw/ffpp/FaceForensics++_C23/original/057.mp4,ffpp_orig
real_058,train,real,/workspace/data/raw/ffpp/FaceForensics++_C23/original/058.mp4,ffpp_orig
real_059,train,real,/workspace/data/raw/ffpp/FaceForensics++_C23/original/059.mp4,ffpp_orig
real_060,train,real,/workspace/data/raw/ffpp/FaceForensics++_C23/original/060.mp4,ffpp_orig
real_061,train,real,/workspace/data/raw/ffpp/FaceForensics++_C23/original/061.mp4,ffpp_orig
real_062,train,real,/workspace/data/raw/ffpp/FaceForensics++_C23/original/062.mp4,ffpp_orig
real_063,train,real,/workspace/data/raw/ffpp/FaceForensics++_C23/original/063.mp4,ffpp_orig
real_064,val,real,/workspace/data/raw/ffpp/FaceForensics++_C23/original/064.mp4,ffpp_orig
real_065,train,real,/workspace/data/raw/ffpp/FaceForensics++_C23/original/065.mp4,ffpp_orig
real_066,train,real,/workspace/data/raw/ffpp/FaceForensics++_C23/original/066.mp4,ffpp_orig
real_067,train,real,/workspace/data/raw/ffpp/FaceForensics++_C23/original/067.mp4,ffpp_orig
real_068,train,real,/workspace/data/raw/ffpp/FaceForensics++_C23/original/068.mp4,ffpp_orig
real_069,train,real,/workspace/data/raw/ffpp/FaceForensics++_C23/original/069.mp4,ffpp_orig
real_070,train,real,/workspace/data/raw/ffpp/FaceForensics++_C23/original/070.mp4,ffpp_orig
real_071,train,real,/workspace/data/raw/ffpp/FaceForensics++_C23/original/071.mp4,ffpp_orig
real_072,train,real,/workspace/data/raw/ffpp/FaceForensics++_C23/original/072.mp4,ffpp_orig
real_073,test,real,/workspace/data/raw/ffpp/FaceForensics++_C23/original/073.mp4,ffpp_orig
real_074,train,real,/workspace/data/raw/ffpp/FaceForensics++_C23/original/074.mp4,ffpp_orig
real_075,train,real,/workspace/data/raw/ffpp/FaceForensics++_C23/original/075.mp4,ffpp_orig
real_076,train,real,/workspace/data/raw/ffpp/FaceForensics++_C23/original/076.mp4,ffpp_orig
real_077,train,real,/workspace/data/raw/ffpp/FaceForensics++_C23/original/077.mp4,ffpp_orig
real_078,test,real,/workspace/data/raw/ffpp/FaceForensics++_C23/original/078.mp4,ffpp_orig
real_079,train,real,/workspace/data/raw/ffpp/FaceForensics++_C23/original/079.mp4,ffpp_orig
real_080,train,real,/workspace/data/raw/ffpp/FaceForensics++_C23/original/080.mp4,ffpp_orig
real_081,train,real,/workspace/data/raw/ffpp/FaceForensics++_C23/original/081.mp4,ffpp_orig
real_082,train,real,/workspace/data/raw/ffpp/FaceForensics++_C23/original/082.mp4,ffpp_orig
real_083,train,real,/workspace/data/raw/ffpp/FaceForensics++_C23/original/083.mp4,ffpp_orig
real_084,val,real,/workspace/data/raw/ffpp/FaceForensics++_C23/original/084.mp4,ffpp_orig
real_085,train,real,/workspace/data/raw/ffpp/FaceForensics++_C23/original/085.mp4,ffpp_orig
real_086,train,real,/workspace/data/raw/ffpp/FaceForensics++_C23/original/086.mp4,ffpp_orig
real_087,train,real,/workspace/data/raw/ffpp/FaceForensics++_C23/original/087.mp4,ffpp_orig
real_088,train,real,/workspace/data/raw/ffpp/FaceForensics++_C23/original/088.mp4,ffpp_orig
real_089,train,real,/workspace/data/raw/ffpp/FaceForensics++_C23/original/089.mp4,ffpp_orig
real_090,train,real,/workspace/data/raw/ffpp/FaceForensics++_C23/original/090.mp4,ffpp_orig
real_091,val,real,/workspace/data/raw/ffpp/FaceForensics++_C23/original/091.mp4,ffpp_orig
real_092,train,real,/workspace/data/raw/ffpp/FaceForensics++_C23/original/092.mp4,ffpp_orig
real_093,train,real,/workspace/data/raw/ffpp/FaceForensics++_C23/original/093.mp4,ffpp_orig
real_094,train,real,/workspace/data/raw/ffpp/FaceForensics++_C23/original/094.mp4,ffpp_orig
real_095,train,real,/workspace/data/raw/ffpp/FaceForensics++_C23/original/095.mp4,ffpp_orig
real_096,train,real,/workspace/data/raw/ffpp/FaceForensics++_C23/original/096.mp4,ffpp_orig
real_097,train,real,/workspace/data/raw/ffpp/FaceForensics++_C23/original/097.mp4,ffpp_orig
real_098,train,real,/workspace/data/raw/ffpp/FaceForensics++_C23/original/098.mp4,ffpp_orig
real_099,train,real,/workspace/data/raw/ffpp/FaceForensics++_C23/original/099.mp4,ffpp_orig
real_100,train,real,/workspace/data/raw/ffpp/FaceForensics++_C23/original/100.mp4,ffpp_orig
real_101,train,real,/workspace/data/raw/ffpp/FaceForensics++_C23/original/101.mp4,ffpp_orig
real_102,test,real,/workspace/data/raw/ffpp/FaceForensics++_C23/original/102.mp4,ffpp_orig
real_103,train,real,/workspace/data/raw/ffpp/FaceForensics++_C23/original/103.mp4,ffpp_orig
real_104,val,real,/workspace/data/raw/ffpp/FaceForensics++_C23/original/104.mp4,ffpp_orig
real_105,train,real,/workspace/data/raw/ffpp/FaceForensics++_C23/original/105.mp4,ffpp_orig
real_106,val,real,/workspace/data/raw/ffpp/FaceForensics++_C23/original/106.mp4,ffpp_orig
real_107,train,real,/workspace/data/raw/ffpp/FaceForensics++_C23/original/107.mp4,ffpp_orig
real_108,train,real,/workspace/data/raw/ffpp/FaceForensics++_C23/original/108.mp4,ffpp_orig
real_109,train,real,/workspace/data/raw/ffpp/FaceForensics++_C23/original/109.mp4,ffpp_orig
real_110,train,real,/workspace/data/raw/ffpp/FaceForensics++_C23/original/110.mp4,ffpp_orig
real_111,train,real,/workspace/data/raw/ffpp/FaceForensics++_C23/original/111.mp4,ffpp_orig
real_112,train,real,/workspace/data/raw/ffpp/FaceForensics++_C23/original/112.mp4,ffpp_orig
real_113,train,real,/workspace/data/raw/ffpp/FaceForensics++_C23/original/113.mp4,ffpp_orig
real_114,test,real,/workspace/data/raw/ffpp/FaceForensics++_C23/original/114.mp4,ffpp_orig
real_115,val,real,/workspace/data/raw/ffpp/FaceForensics++_C23/original/115.mp4,ffpp_orig
real_116,val,real,/workspace/data/raw/ffpp/FaceForensics++_C23/original/116.mp4,ffpp_orig
real_117,train,real,/workspace/data/raw/ffpp/FaceForensics++_C23/original/117.mp4,ffpp_orig
real_118,train,real,/workspace/data/raw/ffpp/FaceForensics++_C23/original/118.mp4,ffpp_orig
real_119,train,real,/workspace/data/raw/ffpp/FaceForensics++_C23/original/119.mp4,ffpp_orig
real_120,train,real,/workspace/data/raw/ffpp/FaceForensics++_C23/original/120.mp4,ffpp_orig
real_121,train,real,/workspace/data/raw/ffpp/FaceForensics++_C23/original/121.mp4,ffpp_orig
real_122,train,real,/workspace/data/raw/ffpp/FaceForensics++_C23/original/122.mp4,ffpp_orig
real_123,train,real,/workspace/data/raw/ffpp/FaceForensics++_C23/original/123.mp4,ffpp_orig
real_124,train,real,/workspace/data/raw/ffpp/FaceForensics++_C23/original/124.mp4,ffpp_orig
real_125,train,real,/workspace/data/raw/ffpp/FaceForensics++_C23/original/125.mp4,ffpp_orig
real_126,val,real,/workspace/data/raw/ffpp/FaceForensics++_C23/original/126.mp4,ffpp_orig
real_127,train,real,/workspace/data/raw/ffpp/FaceForensics++_C23/original/127.mp4,ffpp_orig
real_128,test,real,/workspace/data/raw/ffpp/FaceForensics++_C23/original/128.mp4,ffpp_orig
real_129,train,real,/workspace/data/raw/ffpp/FaceForensics++_C23/original/129.mp4,ffpp_orig
real_130,train,real,/workspace/data/raw/ffpp/FaceForensics++_C23/original/130.mp4,ffpp_orig
real_131,train,real,/workspace/data/raw/ffpp/FaceForensics++_C23/original/131.mp4,ffpp_orig
real_132,train,real,/workspace/data/raw/ffpp/FaceForensics++_C23/original/132.mp4,ffpp_orig
real_133,train,real,/workspace/data/raw/ffpp/FaceForensics++_C23/original/133.mp4,ffpp_orig
real_134,val,real,/workspace/data/raw/ffpp/FaceForensics++_C23/original/134.mp4,ffpp_orig
real_135,test,real,/workspace/data/raw/ffpp/FaceForensics++_C23/original/135.mp4,ffpp_orig
real_136,train,real,/workspace/data/raw/ffpp/FaceForensics++_C23/original/136.mp4,ffpp_orig
real_137,train,real,/workspace/data/raw/ffpp/FaceForensics++_C23/original/137.mp4,ffpp_orig
real_138,test,real,/workspace/data/raw/ffpp/FaceForensics++_C23/original/138.mp4,ffpp_orig
real_139,train,real,/workspace/data/raw/ffpp/FaceForensics++_C23/original/139.mp4,ffpp_orig
real_140,train,real,/workspace/data/raw/ffpp/FaceForensics++_C23/original/140.mp4,ffpp_orig
real_141,test,real,/workspace/data/raw/ffpp/FaceForensics++_C23/original/141.mp4,ffpp_orig
real_142,test,real,/workspace/data/raw/ffpp/FaceForensics++_C23/original/142.mp4,ffpp_orig
real_143,train,real,/workspace/data/raw/ffpp/FaceForensics++_C23/original/143.mp4,ffpp_orig
real_144,train,real,/workspace/data/raw/ffpp/FaceForensics++_C23/original/144.mp4,ffpp_orig
real_145,val,real,/workspace/data/raw/ffpp/FaceForensics++_C23/original/145.mp4,ffpp_orig
real_146,train,real,/workspace/data/raw/ffpp/FaceForensics++_C23/original/146.mp4,ffpp_orig
real_147,train,real,/workspace/data/raw/ffpp/FaceForensics++_C23/original/147.mp4,ffpp_orig
real_148,train,real,/workspace/data/raw/ffpp/FaceForensics++_C23/original/148.mp4,ffpp_orig
real_149,train,real,/workspace/data/raw/ffpp/FaceForensics++_C23/original/149.mp4,ffpp_orig
real_150,train,real,/workspace/data/raw/ffpp/FaceForensics++_C23/original/150.mp4,ffpp_orig
real_151,train,real,/workspace/data/raw/ffpp/FaceForensics++_C23/original/151.mp4,ffpp_orig
real_152,train,real,/workspace/data/raw/ffpp/FaceForensics++_C23/original/152.mp4,ffpp_orig
real_153,train,real,/workspace/data/raw/ffpp/FaceForensics++_C23/original/153.mp4,ffpp_orig
real_154,test,real,/workspace/data/raw/ffpp/FaceForensics++_C23/original/154.mp4,ffpp_orig
real_155,train,real,/workspace/data/raw/ffpp/FaceForensics++_C23/original/155.mp4,ffpp_orig
real_156,train,real,/workspace/data/raw/ffpp/FaceForensics++_C23/original/156.mp4,ffpp_orig
real_157,val,real,/workspace/data/raw/ffpp/FaceForensics++_C23/original/157.mp4,ffpp_orig
real_158,test,real,/workspace/data/raw/ffpp/FaceForensics++_C23/original/158.mp4,ffpp_orig
real_159,val,real,/workspace/data/raw/ffpp/FaceForensics++_C23/original/159.mp4,ffpp_orig
real_160,train,real,/workspace/data/raw/ffpp/FaceForensics++_C23/original/160.mp4,ffpp_orig
real_161,test,real,/workspace/data/raw/ffpp/FaceForensics++_C23/original/161.mp4,ffpp_orig
real_162,train,real,/workspace/data/raw/ffpp/FaceForensics++_C23/original/162.mp4,ffpp_orig
real_163,train,real,/workspace/data/raw/ffpp/FaceForensics++_C23/original/163.mp4,ffpp_orig
real_164,train,real,/workspace/data/raw/ffpp/FaceForensics++_C23/original/164.mp4,ffpp_orig
real_165,train,real,/workspace/data/raw/ffpp/FaceForensics++_C23/original/165.mp4,ffpp_orig
real_166,train,real,/workspace/data/raw/ffpp/FaceForensics++_C23/original/166.mp4,ffpp_orig
real_167,train,real,/workspace/data/raw/ffpp/FaceForensics++_C23/original/167.mp4,ffpp_orig
real_168,train,real,/workspace/data/raw/ffpp/FaceForensics++_C23/original/168.mp4,ffpp_orig
real_169,test,real,/workspace/data/raw/ffpp/FaceForensics++_C23/original/169.mp4,ffpp_orig
real_170,test,real,/workspace/data/raw/ffpp/FaceForensics++_C23/original/170.mp4,ffpp_orig
real_171,train,real,/workspace/data/raw/ffpp/FaceForensics++_C23/original/171.mp4,ffpp_orig
real_172,train,real,/workspace/data/raw/ffpp/FaceForensics++_C23/original/172.mp4,ffpp_orig
real_173,train,real,/workspace/data/raw/ffpp/FaceForensics++_C23/original/173.mp4,ffpp_orig
real_174,train,real,/workspace/data/raw/ffpp/FaceForensics++_C23/original/174.mp4,ffpp_orig
real_175,val,real,/workspace/data/raw/ffpp/FaceForensics++_C23/original/175.mp4,ffpp_orig
real_176,test,real,/workspace/data/raw/ffpp/FaceForensics++_C23/original/176.mp4,ffpp_orig
real_177,train,real,/workspace/data/raw/ffpp/FaceForensics++_C23/original/177.mp4,ffpp_orig
real_178,train,real,/workspace/data/raw/ffpp/FaceForensics++_C23/original/178.mp4,ffpp_orig
real_179,train,real,/workspace/data/raw/ffpp/FaceForensics++_C23/original/179.mp4,ffpp_orig
real_180,train,real,/workspace/data/raw/ffpp/FaceForensics++_C23/original/180.mp4,ffpp_orig
real_181,train,real,/workspace/data/raw/ffpp/FaceForensics++_C23/original/181.mp4,ffpp_orig
real_182,train,real,/workspace/data/raw/ffpp/FaceForensics++_C23/original/182.mp4,ffpp_orig
real_183,train,real,/workspace/data/raw/ffpp/FaceForensics++_C23/original/183.mp4,ffpp_orig
real_184,train,real,/workspace/data/raw/ffpp/FaceForensics++_C23/original/184.mp4,ffpp_orig
real_185,train,real,/workspace/data/raw/ffpp/FaceForensics++_C23/original/185.mp4,ffpp_orig
real_186,test,real,/workspace/data/raw/ffpp/FaceForensics++_C23/original/186.mp4,ffpp_orig
real_187,train,real,/workspace/data/raw/ffpp/FaceForensics++_C23/original/187.mp4,ffpp_orig
real_188,train,real,/workspace/data/raw/ffpp/FaceForensics++_C23/original/188.mp4,ffpp_orig
real_189,train,real,/workspace/data/raw/ffpp/FaceForensics++_C23/original/189.mp4,ffpp_orig
real_190,test,real,/workspace/data/raw/ffpp/FaceForensics++_C23/original/190.mp4,ffpp_orig
real_191,train,real,/workspace/data/raw/ffpp/FaceForensics++_C23/original/191.mp4,ffpp_orig
real_192,val,real,/workspace/data/raw/ffpp/FaceForensics++_C23/original/192.mp4,ffpp_orig
real_193,train,real,/workspace/data/raw/ffpp/FaceForensics++_C23/original/193.mp4,ffpp_orig
real_194,train,real,/workspace/data/raw/ffpp/FaceForensics++_C23/original/194.mp4,ffpp_orig
real_195,train,real,/workspace/data/raw/ffpp/FaceForensics++_C23/original/195.mp4,ffpp_orig
real_196,train,real,/workspace/data/raw/ffpp/FaceForensics++_C23/original/196.mp4,ffpp_orig
real_197,train,real,/workspace/data/raw/ffpp/FaceForensics++_C23/original/197.mp4,ffpp_orig
real_198,val,real,/workspace/data/raw/ffpp/FaceForensics++_C23/original/198.mp4,ffpp_orig
real_199,train,real,/workspace/data/raw/ffpp/FaceForensics++_C23/original/199.mp4,ffpp_orig
real_200,train,real,/workspace/data/raw/ffpp/FaceForensics++_C23/original/200.mp4,ffpp_orig
real_201,train,real,/workspace/data/raw/ffpp/FaceForensics++_C23/original/201.mp4,ffpp_orig
real_202,train,real,/workspace/data/raw/ffpp/FaceForensics++_C23/original/202.mp4,ffpp_orig
real_203,train,real,/workspace/data/raw/ffpp/FaceForensics++_C23/original/203.mp4,ffpp_orig
real_204,train,real,/workspace/data/raw/ffpp/FaceForensics++_C23/original/204.mp4,ffpp_orig
real_205,train,real,/workspace/data/raw/ffpp/FaceForensics++_C23/original/205.mp4,ffpp_orig
real_206,train,real,/workspace/data/raw/ffpp/FaceForensics++_C23/original/206.mp4,ffpp_orig
real_207,train,real,/workspace/data/raw/ffpp/FaceForensics++_C23/original/207.mp4,ffpp_orig
real_208,train,real,/workspace/data/raw/ffpp/FaceForensics++_C23/original/208.mp4,ffpp_orig
real_209,train,real,/workspace/data/raw/ffpp/FaceForensics++_C23/original/209.mp4,ffpp_orig
real_210,train,real,/workspace/data/raw/ffpp/FaceForensics++_C23/original/210.mp4,ffpp_orig
real_211,train,real,/workspace/data/raw/ffpp/FaceForensics++_C23/original/211.mp4,ffpp_orig
real_212,train,real,/workspace/data/raw/ffpp/FaceForensics++_C23/original/212.mp4,ffpp_orig
real_213,train,real,/workspace/data/raw/ffpp/FaceForensics++_C23/original/213.mp4,ffpp_orig
real_214,test,real,/workspace/data/raw/ffpp/FaceForensics++_C23/original/214.mp4,ffpp_orig
real_215,train,real,/workspace/data/raw/ffpp/FaceForensics++_C23/original/215.mp4,ffpp_orig
real_216,train,real,/workspace/data/raw/ffpp/FaceForensics++_C23/original/216.mp4,ffpp_orig
real_217,train,real,/workspace/data/raw/ffpp/FaceForensics++_C23/original/217.mp4,ffpp_orig
real_218,train,real,/workspace/data/raw/ffpp/FaceForensics++_C23/original/218.mp4,ffpp_orig
real_219,test,real,/workspace/data/raw/ffpp/FaceForensics++_C23/original/219.mp4,ffpp_orig
real_220,test,real,/workspace/data/raw/ffpp/FaceForensics++_C23/original/220.mp4,ffpp_orig
real_221,train,real,/workspace/data/raw/ffpp/FaceForensics++_C23/original/221.mp4,ffpp_orig
real_222,train,real,/workspace/data/raw/ffpp/FaceForensics++_C23/original/222.mp4,ffpp_orig
real_223,val,real,/workspace/data/raw/ffpp/FaceForensics++_C23/original/223.mp4,ffpp_orig
real_224,train,real,/workspace/data/raw/ffpp/FaceForensics++_C23/original/224.mp4,ffpp_orig
real_225,train,real,/workspace/data/raw/ffpp/FaceForensics++_C23/original/225.mp4,ffpp_orig
real_226,train,real,/workspace/data/raw/ffpp/FaceForensics++_C23/original/226.mp4,ffpp_orig
real_227,test,real,/workspace/data/raw/ffpp/FaceForensics++_C23/original/227.mp4,ffpp_orig
real_228,train,real,/workspace/data/raw/ffpp/FaceForensics++_C23/original/228.mp4,ffpp_orig
real_229,train,real,/workspace/data/raw/ffpp/FaceForensics++_C23/original/229.mp4,ffpp_orig
real_230,train,real,/workspace/data/raw/ffpp/FaceForensics++_C23/original/230.mp4,ffpp_orig
real_231,train,real,/workspace/data/raw/ffpp/FaceForensics++_C23/original/231.mp4,ffpp_orig
real_232,train,real,/workspace/data/raw/ffpp/FaceForensics++_C23/original/232.mp4,ffpp_orig
real_233,test,real,/workspace/data/raw/ffpp/FaceForensics++_C23/original/233.mp4,ffpp_orig
real_234,train,real,/workspace/data/raw/ffpp/FaceForensics++_C23/original/234.mp4,ffpp_orig
real_235,train,real,/workspace/data/raw/ffpp/FaceForensics++_C23/original/235.mp4,ffpp_orig
real_236,train,real,/workspace/data/raw/ffpp/FaceForensics++_C23/original/236.mp4,ffpp_orig
real_237,train,real,/workspace/data/raw/ffpp/FaceForensics++_C23/original/237.mp4,ffpp_orig
real_238,train,real,/workspace/data/raw/ffpp/FaceForensics++_C23/original/238.mp4,ffpp_orig
real_239,train,real,/workspace/data/raw/ffpp/FaceForensics++_C23/original/239.mp4,ffpp_orig
real_240,train,real,/workspace/data/raw/ffpp/FaceForensics++_C23/original/240.mp4,ffpp_orig
real_241,train,real,/workspace/data/raw/ffpp/FaceForensics++_C23/original/241.mp4,ffpp_orig
real_242,train,real,/workspace/data/raw/ffpp/FaceForensics++_C23/original/242.mp4,ffpp_orig
real_243,train,real,/workspace/data/raw/ffpp/FaceForensics++_C23/original/243.mp4,ffpp_orig
real_244,train,real,/workspace/data/raw/ffpp/FaceForensics++_C23/original/244.mp4,ffpp_orig
real_245,val,real,/workspace/data/raw/ffpp/FaceForensics++_C23/original/245.mp4,ffpp_orig
real_246,train,real,/workspace/data/raw/ffpp/FaceForensics++_C23/original/246.mp4,ffpp_orig
real_247,train,real,/workspace/data/raw/ffpp/FaceForensics++_C23/original/247.mp4,ffpp_orig
real_248,train,real,/workspace/data/raw/ffpp/FaceForensics++_C23/original/248.mp4,ffpp_orig
real_249,test,real,/workspace/data/raw/ffpp/FaceForensics++_C23/original/249.mp4,ffpp_orig
real_250,train,real,/workspace/data/raw/ffpp/FaceForensics++_C23/original/250.mp4,ffpp_orig
real_251,train,real,/workspace/data/raw/ffpp/FaceForensics++_C23/original/251.mp4,ffpp_orig
real_252,train,real,/workspace/data/raw/ffpp/FaceForensics++_C23/original/252.mp4,ffpp_orig
real_253,train,real,/workspace/data/raw/ffpp/FaceForensics++_C23/original/253.mp4,ffpp_orig
real_254,val,real,/workspace/data/raw/ffpp/FaceForensics++_C23/original/254.mp4,ffpp_orig
real_255,test,real,/workspace/data/raw/ffpp/FaceForensics++_C23/original/255.mp4,ffpp_orig
real_256,train,real,/workspace/data/raw/ffpp/FaceForensics++_C23/original/256.mp4,ffpp_orig
real_257,test,real,/workspace/data/raw/ffpp/FaceForensics++_C23/original/257.mp4,ffpp_orig
real_258,train,real,/workspace/data/raw/ffpp/FaceForensics++_C23/original/258.mp4,ffpp_orig
real_259,train,real,/workspace/data/raw/ffpp/FaceForensics++_C23/original/259.mp4,ffpp_orig
real_260,train,real,/workspace/data/raw/ffpp/FaceForensics++_C23/original/260.mp4,ffpp_orig
real_261,val,real,/workspace/data/raw/ffpp/FaceForensics++_C23/original/261.mp4,ffpp_orig
real_262,train,real,/workspace/data/raw/ffpp/FaceForensics++_C23/original/262.mp4,ffpp_orig
real_263,val,real,/workspace/data/raw/ffpp/FaceForensics++_C23/original/263.mp4,ffpp_orig
real_264,train,real,/workspace/data/raw/ffpp/FaceForensics++_C23/original/264.mp4,ffpp_orig
real_265,train,real,/workspace/data/raw/ffpp/FaceForensics++_C23/original/265.mp4,ffpp_orig
real_266,train,real,/workspace/data/raw/ffpp/FaceForensics++_C23/original/266.mp4,ffpp_orig
real_267,train,real,/workspace/data/raw/ffpp/FaceForensics++_C23/original/267.mp4,ffpp_orig
real_268,train,real,/workspace/data/raw/ffpp/FaceForensics++_C23/original/268.mp4,ffpp_orig
real_269,train,real,/workspace/data/raw/ffpp/FaceForensics++_C23/original/269.mp4,ffpp_orig
real_270,train,real,/workspace/data/raw/ffpp/FaceForensics++_C23/original/270.mp4,ffpp_orig
real_271,train,real,/workspace/data/raw/ffpp/FaceForensics++_C23/original/271.mp4,ffpp_orig
real_272,train,real,/workspace/data/raw/ffpp/FaceForensics++_C23/original/272.mp4,ffpp_orig
real_273,val,real,/workspace/data/raw/ffpp/FaceForensics++_C23/original/273.mp4,ffpp_orig
real_274,train,real,/workspace/data/raw/ffpp/FaceForensics++_C23/original/274.mp4,ffpp_orig
real_275,train,real,/workspace/data/raw/ffpp/FaceForensics++_C23/original/275.mp4,ffpp_orig
real_276,train,real,/workspace/data/raw/ffpp/FaceForensics++_C23/original/276.mp4,ffpp_orig
real_277,train,real,/workspace/data/raw/ffpp/FaceForensics++_C23/original/277.mp4,ffpp_orig
real_278,test,real,/workspace/data/raw/ffpp/FaceForensics++_C23/original/278.mp4,ffpp_orig
real_279,train,real,/workspace/data/raw/ffpp/FaceForensics++_C23/original/279.mp4,ffpp_orig
real_280,test,real,/workspace/data/raw/ffpp/FaceForensics++_C23/original/280.mp4,ffpp_orig
real_281,train,real,/workspace/data/raw/ffpp/FaceForensics++_C23/original/281.mp4,ffpp_orig
real_282,train,real,/workspace/data/raw/ffpp/FaceForensics++_C23/original/282.mp4,ffpp_orig
real_283,train,real,/workspace/data/raw/ffpp/FaceForensics++_C23/original/283.mp4,ffpp_orig
real_284,val,real,/workspace/data/raw/ffpp/FaceForensics++_C23/original/284.mp4,ffpp_orig
real_285,train,real,/workspace/data/raw/ffpp/FaceForensics++_C23/original/285.mp4,ffpp_orig
real_286,train,real,/workspace/data/raw/ffpp/FaceForensics++_C23/original/286.mp4,ffpp_orig
real_287,train,real,/workspace/data/raw/ffpp/FaceForensics++_C23/original/287.mp4,ffpp_orig
real_288,test,real,/workspace/data/raw/ffpp/FaceForensics++_C23/original/288.mp4,ffpp_orig
real_289,train,real,/workspace/data/raw/ffpp/FaceForensics++_C23/original/289.mp4,ffpp_orig
real_290,train,real,/workspace/data/raw/ffpp/FaceForensics++_C23/original/290.mp4,ffpp_orig
real_291,train,real,/workspace/data/raw/ffpp/FaceForensics++_C23/original/291.mp4,ffpp_orig
real_292,train,real,/workspace/data/raw/ffpp/FaceForensics++_C23/original/292.mp4,ffpp_orig
real_293,train,real,/workspace/data/raw/ffpp/FaceForensics++_C23/original/293.mp4,ffpp_orig
real_294,train,real,/workspace/data/raw/ffpp/FaceForensics++_C23/original/294.mp4,ffpp_orig
real_295,train,real,/workspace/data/raw/ffpp/FaceForensics++_C23/original/295.mp4,ffpp_orig
real_296,train,real,/workspace/data/raw/ffpp/FaceForensics++_C23/original/296.mp4,ffpp_orig
real_297,train,real,/workspace/data/raw/ffpp/FaceForensics++_C23/original/297.mp4,ffpp_orig
real_298,train,real,/workspace/data/raw/ffpp/FaceForensics++_C23/original/298.mp4,ffpp_orig
real_299,val,real,/workspace/data/raw/ffpp/FaceForensics++_C23/original/299.mp4,ffpp_orig
real_300,train,real,/workspace/data/raw/ffpp/FaceForensics++_C23/original/300.mp4,ffpp_orig
real_301,train,real,/workspace/data/raw/ffpp/FaceForensics++_C23/original/301.mp4,ffpp_orig
real_302,train,real,/workspace/data/raw/ffpp/FaceForensics++_C23/original/302.mp4,ffpp_orig
real_303,train,real,/workspace/data/raw/ffpp/FaceForensics++_C23/original/303.mp4,ffpp_orig
real_304,train,real,/workspace/data/raw/ffpp/FaceForensics++_C23/original/304.mp4,ffpp_orig
real_305,train,real,/workspace/data/raw/ffpp/FaceForensics++_C23/original/305.mp4,ffpp_orig
real_306,test,real,/workspace/data/raw/ffpp/FaceForensics++_C23/original/306.mp4,ffpp_orig
real_307,train,real,/workspace/data/raw/ffpp/FaceForensics++_C23/original/307.mp4,ffpp_orig
real_308,test,real,/workspace/data/raw/ffpp/FaceForensics++_C23/original/308.mp4,ffpp_orig
real_309,train,real,/workspace/data/raw/ffpp/FaceForensics++_C23/original/309.mp4,ffpp_orig
real_310,train,real,/workspace/data/raw/ffpp/FaceForensics++_C23/original/310.mp4,ffpp_orig
real_311,train,real,/workspace/data/raw/ffpp/FaceForensics++_C23/original/311.mp4,ffpp_orig
real_312,train,real,/workspace/data/raw/ffpp/FaceForensics++_C23/original/312.mp4,ffpp_orig
real_313,train,real,/workspace/data/raw/ffpp/FaceForensics++_C23/original/313.mp4,ffpp_orig
real_314,test,real,/workspace/data/raw/ffpp/FaceForensics++_C23/original/314.mp4,ffpp_orig
real_315,train,real,/workspace/data/raw/ffpp/FaceForensics++_C23/original/315.mp4,ffpp_orig
real_316,val,real,/workspace/data/raw/ffpp/FaceForensics++_C23/original/316.mp4,ffpp_orig
real_317,train,real,/workspace/data/raw/ffpp/FaceForensics++_C23/original/317.mp4,ffpp_orig
real_318,train,real,/workspace/data/raw/ffpp/FaceForensics++_C23/original/318.mp4,ffpp_orig
real_319,test,real,/workspace/data/raw/ffpp/FaceForensics++_C23/original/319.mp4,ffpp_orig
real_320,train,real,/workspace/data/raw/ffpp/FaceForensics++_C23/original/320.mp4,ffpp_orig
real_321,test,real,/workspace/data/raw/ffpp/FaceForensics++_C23/original/321.mp4,ffpp_orig
real_322,train,real,/workspace/data/raw/ffpp/FaceForensics++_C23/original/322.mp4,ffpp_orig
real_323,train,real,/workspace/data/raw/ffpp/FaceForensics++_C23/original/323.mp4,ffpp_orig
real_324,train,real,/workspace/data/raw/ffpp/FaceForensics++_C23/original/324.mp4,ffpp_orig
real_325,val,real,/workspace/data/raw/ffpp/FaceForensics++_C23/original/325.mp4,ffpp_orig
real_326,train,real,/workspace/data/raw/ffpp/FaceForensics++_C23/original/326.mp4,ffpp_orig
real_327,train,real,/workspace/data/raw/ffpp/FaceForensics++_C23/original/327.mp4,ffpp_orig
real_328,train,real,/workspace/data/raw/ffpp/FaceForensics++_C23/original/328.mp4,ffpp_orig
real_329,train,real,/workspace/data/raw/ffpp/FaceForensics++_C23/original/329.mp4,ffpp_orig
real_330,train,real,/workspace/data/raw/ffpp/FaceForensics++_C23/original/330.mp4,ffpp_orig
real_331,train,real,/workspace/data/raw/ffpp/FaceForensics++_C23/original/331.mp4,ffpp_orig
real_332,train,real,/workspace/data/raw/ffpp/FaceForensics++_C23/original/332.mp4,ffpp_orig
real_333,train,real,/workspace/data/raw/ffpp/FaceForensics++_C23/original/333.mp4,ffpp_orig
real_334,train,real,/workspace/data/raw/ffpp/FaceForensics++_C23/original/334.mp4,ffpp_orig
real_335,train,real,/workspace/data/raw/ffpp/FaceForensics++_C23/original/335.mp4,ffpp_orig
real_336,train,real,/workspace/data/raw/ffpp/FaceForensics++_C23/original/336.mp4,ffpp_orig
real_337,train,real,/workspace/data/raw/ffpp/FaceForensics++_C23/original/337.mp4,ffpp_orig
real_338,train,real,/workspace/data/raw/ffpp/FaceForensics++_C23/original/338.mp4,ffpp_orig
real_339,train,real,/workspace/data/raw/ffpp/FaceForensics++_C23/original/339.mp4,ffpp_orig
real_340,train,real,/workspace/data/raw/ffpp/FaceForensics++_C23/original/340.mp4,ffpp_orig
real_341,train,real,/workspace/data/raw/ffpp/FaceForensics++_C23/original/341.mp4,ffpp_orig
real_342,val,real,/workspace/data/raw/ffpp/FaceForensics++_C23/original/342.mp4,ffpp_orig
real_343,train,real,/workspace/data/raw/ffpp/FaceForensics++_C23/original/343.mp4,ffpp_orig
real_344,train,real,/workspace/data/raw/ffpp/FaceForensics++_C23/original/344.mp4,ffpp_orig
real_345,train,real,/workspace/data/raw/ffpp/FaceForensics++_C23/original/345.mp4,ffpp_orig
real_346,train,real,/workspace/data/raw/ffpp/FaceForensics++_C23/original/346.mp4,ffpp_orig
real_347,test,real,/workspace/data/raw/ffpp/FaceForensics++_C23/original/347.mp4,ffpp_orig
real_348,train,real,/workspace/data/raw/ffpp/FaceForensics++_C23/original/348.mp4,ffpp_orig
real_349,val,real,/workspace/data/raw/ffpp/FaceForensics++_C23/original/349.mp4,ffpp_orig
real_350,val,real,/workspace/data/raw/ffpp/FaceForensics++_C23/original/350.mp4,ffpp_orig
real_351,train,real,/workspace/data/raw/ffpp/FaceForensics++_C23/original/351.mp4,ffpp_orig
real_352,test,real,/workspace/data/raw/ffpp/FaceForensics++_C23/original/352.mp4,ffpp_orig
real_353,train,real,/workspace/data/raw/ffpp/FaceForensics++_C23/original/353.mp4,ffpp_orig
real_354,val,real,/workspace/data/raw/ffpp/FaceForensics++_C23/original/354.mp4,ffpp_orig
real_355,train,real,/workspace/data/raw/ffpp/FaceForensics++_C23/original/355.mp4,ffpp_orig
real_356,train,real,/workspace/data/raw/ffpp/FaceForensics++_C23/original/356.mp4,ffpp_orig
real_357,train,real,/workspace/data/raw/ffpp/FaceForensics++_C23/original/357.mp4,ffpp_orig
real_358,test,real,/workspace/data/raw/ffpp/FaceForensics++_C23/original/358.mp4,ffpp_orig
real_359,train,real,/workspace/data/raw/ffpp/FaceForensics++_C23/original/359.mp4,ffpp_orig
real_360,train,real,/workspace/data/raw/ffpp/FaceForensics++_C23/original/360.mp4,ffpp_orig
real_361,train,real,/workspace/data/raw/ffpp/FaceForensics++_C23/original/361.mp4,ffpp_orig
real_362,val,real,/workspace/data/raw/ffpp/FaceForensics++_C23/original/362.mp4,ffpp_orig
real_363,train,real,/workspace/data/raw/ffpp/FaceForensics++_C23/original/363.mp4,ffpp_orig
real_364,val,real,/workspace/data/raw/ffpp/FaceForensics++_C23/original/364.mp4,ffpp_orig
real_365,train,real,/workspace/data/raw/ffpp/FaceForensics++_C23/original/365.mp4,ffpp_orig
real_366,train,real,/workspace/data/raw/ffpp/FaceForensics++_C23/original/366.mp4,ffpp_orig
real_367,test,real,/workspace/data/raw/ffpp/FaceForensics++_C23/original/367.mp4,ffpp_orig
real_368,train,real,/workspace/data/raw/ffpp/FaceForensics++_C23/original/368.mp4,ffpp_orig
real_369,val,real,/workspace/data/raw/ffpp/FaceForensics++_C23/original/369.mp4,ffpp_orig
real_370,val,real,/workspace/data/raw/ffpp/FaceForensics++_C23/original/370.mp4,ffpp_orig
real_371,test,real,/workspace/data/raw/ffpp/FaceForensics++_C23/original/371.mp4,ffpp_orig
real_372,train,real,/workspace/data/raw/ffpp/FaceForensics++_C23/original/372.mp4,ffpp_orig
real_373,train,real,/workspace/data/raw/ffpp/FaceForensics++_C23/original/373.mp4,ffpp_orig
real_374,train,real,/workspace/data/raw/ffpp/FaceForensics++_C23/original/374.mp4,ffpp_orig
real_375,train,real,/workspace/data/raw/ffpp/FaceForensics++_C23/original/375.mp4,ffpp_orig
real_376,test,real,/workspace/data/raw/ffpp/FaceForensics++_C23/original/376.mp4,ffpp_orig
real_377,train,real,/workspace/data/raw/ffpp/FaceForensics++_C23/original/377.mp4,ffpp_orig
real_378,train,real,/workspace/data/raw/ffpp/FaceForensics++_C23/original/378.mp4,ffpp_orig
real_379,test,real,/workspace/data/raw/ffpp/FaceForensics++_C23/original/379.mp4,ffpp_orig
real_380,test,real,/workspace/data/raw/ffpp/FaceForensics++_C23/original/380.mp4,ffpp_orig
real_381,test,real,/workspace/data/raw/ffpp/FaceForensics++_C23/original/381.mp4,ffpp_orig
real_382,train,real,/workspace/data/raw/ffpp/FaceForensics++_C23/original/382.mp4,ffpp_orig
real_383,train,real,/workspace/data/raw/ffpp/FaceForensics++_C23/original/383.mp4,ffpp_orig
real_384,test,real,/workspace/data/raw/ffpp/FaceForensics++_C23/original/384.mp4,ffpp_orig
real_385,train,real,/workspace/data/raw/ffpp/FaceForensics++_C23/original/385.mp4,ffpp_orig
real_386,test,real,/workspace/data/raw/ffpp/FaceForensics++_C23/original/386.mp4,ffpp_orig
real_387,train,real,/workspace/data/raw/ffpp/FaceForensics++_C23/original/387.mp4,ffpp_orig
real_388,test,real,/workspace/data/raw/ffpp/FaceForensics++_C23/original/388.mp4,ffpp_orig
real_389,test,real,/workspace/data/raw/ffpp/FaceForensics++_C23/original/389.mp4,ffpp_orig
real_390,train,real,/workspace/data/raw/ffpp/FaceForensics++_C23/original/390.mp4,ffpp_orig
real_391,train,real,/workspace/data/raw/ffpp/FaceForensics++_C23/original/391.mp4,ffpp_orig
real_392,train,real,/workspace/data/raw/ffpp/FaceForensics++_C23/original/392.mp4,ffpp_orig
real_393,train,real,/workspace/data/raw/ffpp/FaceForensics++_C23/original/393.mp4,ffpp_orig
real_394,train,real,/workspace/data/raw/ffpp/FaceForensics++_C23/original/394.mp4,ffpp_orig
real_395,train,real,/workspace/data/raw/ffpp/FaceForensics++_C23/original/395.mp4,ffpp_orig
real_396,train,real,/workspace/data/raw/ffpp/FaceForensics++_C23/original/396.mp4,ffpp_orig
real_397,train,real,/workspace/data/raw/ffpp/FaceForensics++_C23/original/397.mp4,ffpp_orig
real_398,train,real,/workspace/data/raw/ffpp/FaceForensics++_C23/original/398.mp4,ffpp_orig
real_399,test,real,/workspace/data/raw/ffpp/FaceForensics++_C23/original/399.mp4,ffpp_orig
real_400,train,real,/workspace/data/raw/ffpp/FaceForensics++_C23/original/400.mp4,ffpp_orig
real_401,train,real,/workspace/data/raw/ffpp/FaceForensics++_C23/original/401.mp4,ffpp_orig
real_402,val,real,/workspace/data/raw/ffpp/FaceForensics++_C23/original/402.mp4,ffpp_orig
real_403,train,real,/workspace/data/raw/ffpp/FaceForensics++_C23/original/403.mp4,ffpp_orig
real_404,test,real,/workspace/data/raw/ffpp/FaceForensics++_C23/original/404.mp4,ffpp_orig
real_405,train,real,/workspace/data/raw/ffpp/FaceForensics++_C23/original/405.mp4,ffpp_orig
real_406,train,real,/workspace/data/raw/ffpp/FaceForensics++_C23/original/406.mp4,ffpp_orig
real_407,train,real,/workspace/data/raw/ffpp/FaceForensics++_C23/original/407.mp4,ffpp_orig
real_408,train,real,/workspace/data/raw/ffpp/FaceForensics++_C23/original/408.mp4,ffpp_orig
real_409,train,real,/workspace/data/raw/ffpp/FaceForensics++_C23/original/409.mp4,ffpp_orig
real_410,train,real,/workspace/data/raw/ffpp/FaceForensics++_C23/original/410.mp4,ffpp_orig
real_411,train,real,/workspace/data/raw/ffpp/FaceForensics++_C23/original/411.mp4,ffpp_orig
real_412,train,real,/workspace/data/raw/ffpp/FaceForensics++_C23/original/412.mp4,ffpp_orig
real_413,train,real,/workspace/data/raw/ffpp/FaceForensics++_C23/original/413.mp4,ffpp_orig
real_414,train,real,/workspace/data/raw/ffpp/FaceForensics++_C23/original/414.mp4,ffpp_orig
real_415,train,real,/workspace/data/raw/ffpp/FaceForensics++_C23/original/415.mp4,ffpp_orig
real_416,val,real,/workspace/data/raw/ffpp/FaceForensics++_C23/original/416.mp4,ffpp_orig
real_417,train,real,/workspace/data/raw/ffpp/FaceForensics++_C23/original/417.mp4,ffpp_orig
real_418,test,real,/workspace/data/raw/ffpp/FaceForensics++_C23/original/418.mp4,ffpp_orig
real_419,val,real,/workspace/data/raw/ffpp/FaceForensics++_C23/original/419.mp4,ffpp_orig
real_420,test,real,/workspace/data/raw/ffpp/FaceForensics++_C23/original/420.mp4,ffpp_orig
real_421,test,real,/workspace/data/raw/ffpp/FaceForensics++_C23/original/421.mp4,ffpp_orig
real_422,test,real,/workspace/data/raw/ffpp/FaceForensics++_C23/original/422.mp4,ffpp_orig
real_423,test,real,/workspace/data/raw/ffpp/FaceForensics++_C23/original/423.mp4,ffpp_orig
real_424,train,real,/workspace/data/raw/ffpp/FaceForensics++_C23/original/424.mp4,ffpp_orig
real_425,test,real,/workspace/data/raw/ffpp/FaceForensics++_C23/original/425.mp4,ffpp_orig
real_426,train,real,/workspace/data/raw/ffpp/FaceForensics++_C23/original/426.mp4,ffpp_orig
real_427,train,real,/workspace/data/raw/ffpp/FaceForensics++_C23/original/427.mp4,ffpp_orig
real_428,train,real,/workspace/data/raw/ffpp/FaceForensics++_C23/original/428.mp4,ffpp_orig
real_429,test,real,/workspace/data/raw/ffpp/FaceForensics++_C23/original/429.mp4,ffpp_orig
real_430,train,real,/workspace/data/raw/ffpp/FaceForensics++_C23/original/430.mp4,ffpp_orig
real_431,train,real,/workspace/data/raw/ffpp/FaceForensics++_C23/original/431.mp4,ffpp_orig
real_432,train,real,/workspace/data/raw/ffpp/FaceForensics++_C23/original/432.mp4,ffpp_orig
real_433,train,real,/workspace/data/raw/ffpp/FaceForensics++_C23/original/433.mp4,ffpp_orig
real_434,train,real,/workspace/data/raw/ffpp/FaceForensics++_C23/original/434.mp4,ffpp_orig
real_435,train,real,/workspace/data/raw/ffpp/FaceForensics++_C23/original/435.mp4,ffpp_orig
real_436,train,real,/workspace/data/raw/ffpp/FaceForensics++_C23/original/436.mp4,ffpp_orig
real_437,train,real,/workspace/data/raw/ffpp/FaceForensics++_C23/original/437.mp4,ffpp_orig
real_438,train,real,/workspace/data/raw/ffpp/FaceForensics++_C23/original/438.mp4,ffpp_orig
real_439,train,real,/workspace/data/raw/ffpp/FaceForensics++_C23/original/439.mp4,ffpp_orig
real_440,val,real,/workspace/data/raw/ffpp/FaceForensics++_C23/original/440.mp4,ffpp_orig
real_441,train,real,/workspace/data/raw/ffpp/FaceForensics++_C23/original/441.mp4,ffpp_orig
real_442,train,real,/workspace/data/raw/ffpp/FaceForensics++_C23/original/442.mp4,ffpp_orig
real_443,val,real,/workspace/data/raw/ffpp/FaceForensics++_C23/original/443.mp4,ffpp_orig
real_444,train,real,/workspace/data/raw/ffpp/FaceForensics++_C23/original/444.mp4,ffpp_orig
real_445,test,real,/workspace/data/raw/ffpp/FaceForensics++_C23/original/445.mp4,ffpp_orig
real_446,train,real,/workspace/data/raw/ffpp/FaceForensics++_C23/original/446.mp4,ffpp_orig
real_447,train,real,/workspace/data/raw/ffpp/FaceForensics++_C23/original/447.mp4,ffpp_orig
real_448,train,real,/workspace/data/raw/ffpp/FaceForensics++_C23/original/448.mp4,ffpp_orig
real_449,train,real,/workspace/data/raw/ffpp/FaceForensics++_C23/original/449.mp4,ffpp_orig
real_450,train,real,/workspace/data/raw/ffpp/FaceForensics++_C23/original/450.mp4,ffpp_orig
real_451,train,real,/workspace/data/raw/ffpp/FaceForensics++_C23/original/451.mp4,ffpp_orig
real_452,test,real,/workspace/data/raw/ffpp/FaceForensics++_C23/original/452.mp4,ffpp_orig
real_453,val,real,/workspace/data/raw/ffpp/FaceForensics++_C23/original/453.mp4,ffpp_orig
real_454,test,real,/workspace/data/raw/ffpp/FaceForensics++_C23/original/454.mp4,ffpp_orig
real_455,val,real,/workspace/data/raw/ffpp/FaceForensics++_C23/original/455.mp4,ffpp_orig
real_456,train,real,/workspace/data/raw/ffpp/FaceForensics++_C23/original/456.mp4,ffpp_orig
real_457,train,real,/workspace/data/raw/ffpp/FaceForensics++_C23/original/457.mp4,ffpp_orig
real_458,train,real,/workspace/data/raw/ffpp/FaceForensics++_C23/original/458.mp4,ffpp_orig
real_459,train,real,/workspace/data/raw/ffpp/FaceForensics++_C23/original/459.mp4,ffpp_orig
real_460,train,real,/workspace/data/raw/ffpp/FaceForensics++_C23/original/460.mp4,ffpp_orig
real_461,train,real,/workspace/data/raw/ffpp/FaceForensics++_C23/original/461.mp4,ffpp_orig
real_462,test,real,/workspace/data/raw/ffpp/FaceForensics++_C23/original/462.mp4,ffpp_orig
real_463,train,real,/workspace/data/raw/ffpp/FaceForensics++_C23/original/463.mp4,ffpp_orig
real_464,train,real,/workspace/data/raw/ffpp/FaceForensics++_C23/original/464.mp4,ffpp_orig
real_465,val,real,/workspace/data/raw/ffpp/FaceForensics++_C23/original/465.mp4,ffpp_orig
real_466,train,real,/workspace/data/raw/ffpp/FaceForensics++_C23/original/466.mp4,ffpp_orig
real_467,test,real,/workspace/data/raw/ffpp/FaceForensics++_C23/original/467.mp4,ffpp_orig
real_468,val,real,/workspace/data/raw/ffpp/FaceForensics++_C23/original/468.mp4,ffpp_orig
real_469,train,real,/workspace/data/raw/ffpp/FaceForensics++_C23/original/469.mp4,ffpp_orig
real_470,val,real,/workspace/data/raw/ffpp/FaceForensics++_C23/original/470.mp4,ffpp_orig
real_471,val,real,/workspace/data/raw/ffpp/FaceForensics++_C23/original/471.mp4,ffpp_orig
real_472,val,real,/workspace/data/raw/ffpp/FaceForensics++_C23/original/472.mp4,ffpp_orig
real_473,train,real,/workspace/data/raw/ffpp/FaceForensics++_C23/original/473.mp4,ffpp_orig
real_474,train,real,/workspace/data/raw/ffpp/FaceForensics++_C23/original/474.mp4,ffpp_orig
real_475,train,real,/workspace/data/raw/ffpp/FaceForensics++_C23/original/475.mp4,ffpp_orig
real_476,train,real,/workspace/data/raw/ffpp/FaceForensics++_C23/original/476.mp4,ffpp_orig
real_477,train,real,/workspace/data/raw/ffpp/FaceForensics++_C23/original/477.mp4,ffpp_orig
real_478,train,real,/workspace/data/raw/ffpp/FaceForensics++_C23/original/478.mp4,ffpp_orig
real_479,test,real,/workspace/data/raw/ffpp/FaceForensics++_C23/original/479.mp4,ffpp_orig
real_480,test,real,/workspace/data/raw/ffpp/FaceForensics++_C23/original/480.mp4,ffpp_orig
real_481,train,real,/workspace/data/raw/ffpp/FaceForensics++_C23/original/481.mp4,ffpp_orig
real_482,val,real,/workspace/data/raw/ffpp/FaceForensics++_C23/original/482.mp4,ffpp_orig
real_483,val,real,/workspace/data/raw/ffpp/FaceForensics++_C23/original/483.mp4,ffpp_orig
real_484,train,real,/workspace/data/raw/ffpp/FaceForensics++_C23/original/484.mp4,ffpp_orig
real_485,test,real,/workspace/data/raw/ffpp/FaceForensics++_C23/original/485.mp4,ffpp_orig
real_486,train,real,/workspace/data/raw/ffpp/FaceForensics++_C23/original/486.mp4,ffpp_orig
real_487,train,real,/workspace/data/raw/ffpp/FaceForensics++_C23/original/487.mp4,ffpp_orig
real_488,test,real,/workspace/data/raw/ffpp/FaceForensics++_C23/original/488.mp4,ffpp_orig
real_489,train,real,/workspace/data/raw/ffpp/FaceForensics++_C23/original/489.mp4,ffpp_orig
real_490,train,real,/workspace/data/raw/ffpp/FaceForensics++_C23/original/490.mp4,ffpp_orig
real_491,train,real,/workspace/data/raw/ffpp/FaceForensics++_C23/original/491.mp4,ffpp_orig
real_492,val,real,/workspace/data/raw/ffpp/FaceForensics++_C23/original/492.mp4,ffpp_orig
real_493,val,real,/workspace/data/raw/ffpp/FaceForensics++_C23/original/493.mp4,ffpp_orig
real_494,test,real,/workspace/data/raw/ffpp/FaceForensics++_C23/original/494.mp4,ffpp_orig
real_495,train,real,/workspace/data/raw/ffpp/FaceForensics++_C23/original/495.mp4,ffpp_orig
real_496,train,real,/workspace/data/raw/ffpp/FaceForensics++_C23/original/496.mp4,ffpp_orig
real_497,train,real,/workspace/data/raw/ffpp/FaceForensics++_C23/original/497.mp4,ffpp_orig
real_498,train,real,/workspace/data/raw/ffpp/FaceForensics++_C23/original/498.mp4,ffpp_orig
real_499,train,real,/workspace/data/raw/ffpp/FaceForensics++_C23/original/499.mp4,ffpp_orig
real_500,train,real,/workspace/data/raw/ffpp/FaceForensics++_C23/original/500.mp4,ffpp_orig
real_501,train,real,/workspace/data/raw/ffpp/FaceForensics++_C23/original/501.mp4,ffpp_orig
real_502,train,real,/workspace/data/raw/ffpp/FaceForensics++_C23/original/502.mp4,ffpp_orig
real_503,train,real,/workspace/data/raw/ffpp/FaceForensics++_C23/original/503.mp4,ffpp_orig
real_504,train,real,/workspace/data/raw/ffpp/FaceForensics++_C23/original/504.mp4,ffpp_orig
real_505,train,real,/workspace/data/raw/ffpp/FaceForensics++_C23/original/505.mp4,ffpp_orig
real_506,train,real,/workspace/data/raw/ffpp/FaceForensics++_C23/original/506.mp4,ffpp_orig
real_507,test,real,/workspace/data/raw/ffpp/FaceForensics++_C23/original/507.mp4,ffpp_orig
real_508,train,real,/workspace/data/raw/ffpp/FaceForensics++_C23/original/508.mp4,ffpp_orig
real_509,train,real,/workspace/data/raw/ffpp/FaceForensics++_C23/original/509.mp4,ffpp_orig
real_510,train,real,/workspace/data/raw/ffpp/FaceForensics++_C23/original/510.mp4,ffpp_orig
real_511,val,real,/workspace/data/raw/ffpp/FaceForensics++_C23/original/511.mp4,ffpp_orig
real_512,train,real,/workspace/data/raw/ffpp/FaceForensics++_C23/original/512.mp4,ffpp_orig
real_513,train,real,/workspace/data/raw/ffpp/FaceForensics++_C23/original/513.mp4,ffpp_orig
real_514,val,real,/workspace/data/raw/ffpp/FaceForensics++_C23/original/514.mp4,ffpp_orig
real_515,train,real,/workspace/data/raw/ffpp/FaceForensics++_C23/original/515.mp4,ffpp_orig
real_516,train,real,/workspace/data/raw/ffpp/FaceForensics++_C23/original/516.mp4,ffpp_orig
real_517,test,real,/workspace/data/raw/ffpp/FaceForensics++_C23/original/517.mp4,ffpp_orig
real_518,train,real,/workspace/data/raw/ffpp/FaceForensics++_C23/original/518.mp4,ffpp_orig
real_519,train,real,/workspace/data/raw/ffpp/FaceForensics++_C23/original/519.mp4,ffpp_orig
real_520,train,real,/workspace/data/raw/ffpp/FaceForensics++_C23/original/520.mp4,ffpp_orig
real_521,test,real,/workspace/data/raw/ffpp/FaceForensics++_C23/original/521.mp4,ffpp_orig
real_522,train,real,/workspace/data/raw/ffpp/FaceForensics++_C23/original/522.mp4,ffpp_orig
real_523,train,real,/workspace/data/raw/ffpp/FaceForensics++_C23/original/523.mp4,ffpp_orig
real_524,train,real,/workspace/data/raw/ffpp/FaceForensics++_C23/original/524.mp4,ffpp_orig
real_525,train,real,/workspace/data/raw/ffpp/FaceForensics++_C23/original/525.mp4,ffpp_orig
real_526,train,real,/workspace/data/raw/ffpp/FaceForensics++_C23/original/526.mp4,ffpp_orig
real_527,test,real,/workspace/data/raw/ffpp/FaceForensics++_C23/original/527.mp4,ffpp_orig
real_528,train,real,/workspace/data/raw/ffpp/FaceForensics++_C23/original/528.mp4,ffpp_orig
real_529,test,real,/workspace/data/raw/ffpp/FaceForensics++_C23/original/529.mp4,ffpp_orig
real_530,train,real,/workspace/data/raw/ffpp/FaceForensics++_C23/original/530.mp4,ffpp_orig
real_531,train,real,/workspace/data/raw/ffpp/FaceForensics++_C23/original/531.mp4,ffpp_orig
real_532,train,real,/workspace/data/raw/ffpp/FaceForensics++_C23/original/532.mp4,ffpp_orig
real_533,train,real,/workspace/data/raw/ffpp/FaceForensics++_C23/original/533.mp4,ffpp_orig
real_534,train,real,/workspace/data/raw/ffpp/FaceForensics++_C23/original/534.mp4,ffpp_orig
real_535,train,real,/workspace/data/raw/ffpp/FaceForensics++_C23/original/535.mp4,ffpp_orig
real_536,train,real,/workspace/data/raw/ffpp/FaceForensics++_C23/original/536.mp4,ffpp_orig
real_537,train,real,/workspace/data/raw/ffpp/FaceForensics++_C23/original/537.mp4,ffpp_orig
real_538,val,real,/workspace/data/raw/ffpp/FaceForensics++_C23/original/538.mp4,ffpp_orig
real_539,train,real,/workspace/data/raw/ffpp/FaceForensics++_C23/original/539.mp4,ffpp_orig
real_540,train,real,/workspace/data/raw/ffpp/FaceForensics++_C23/original/540.mp4,ffpp_orig
real_541,train,real,/workspace/data/raw/ffpp/FaceForensics++_C23/original/541.mp4,ffpp_orig
real_542,train,real,/workspace/data/raw/ffpp/FaceForensics++_C23/original/542.mp4,ffpp_orig
real_543,train,real,/workspace/data/raw/ffpp/FaceForensics++_C23/original/543.mp4,ffpp_orig
real_544,train,real,/workspace/data/raw/ffpp/FaceForensics++_C23/original/544.mp4,ffpp_orig
real_545,train,real,/workspace/data/raw/ffpp/FaceForensics++_C23/original/545.mp4,ffpp_orig
real_546,train,real,/workspace/data/raw/ffpp/FaceForensics++_C23/original/546.mp4,ffpp_orig
real_547,train,real,/workspace/data/raw/ffpp/FaceForensics++_C23/original/547.mp4,ffpp_orig
real_548,val,real,/workspace/data/raw/ffpp/FaceForensics++_C23/original/548.mp4,ffpp_orig
real_549,train,real,/workspace/data/raw/ffpp/FaceForensics++_C23/original/549.mp4,ffpp_orig
real_550,test,real,/workspace/data/raw/ffpp/FaceForensics++_C23/original/550.mp4,ffpp_orig
real_551,train,real,/workspace/data/raw/ffpp/FaceForensics++_C23/original/551.mp4,ffpp_orig
real_552,test,real,/workspace/data/raw/ffpp/FaceForensics++_C23/original/552.mp4,ffpp_orig
real_553,train,real,/workspace/data/raw/ffpp/FaceForensics++_C23/original/553.mp4,ffpp_orig
real_554,train,real,/workspace/data/raw/ffpp/FaceForensics++_C23/original/554.mp4,ffpp_orig
real_555,train,real,/workspace/data/raw/ffpp/FaceForensics++_C23/original/555.mp4,ffpp_orig
real_556,train,real,/workspace/data/raw/ffpp/FaceForensics++_C23/original/556.mp4,ffpp_orig
real_557,val,real,/workspace/data/raw/ffpp/FaceForensics++_C23/original/557.mp4,ffpp_orig
real_558,val,real,/workspace/data/raw/ffpp/FaceForensics++_C23/original/558.mp4,ffpp_orig
real_559,train,real,/workspace/data/raw/ffpp/FaceForensics++_C23/original/559.mp4,ffpp_orig
real_560,val,real,/workspace/data/raw/ffpp/FaceForensics++_C23/original/560.mp4,ffpp_orig
real_561,train,real,/workspace/data/raw/ffpp/FaceForensics++_C23/original/561.mp4,ffpp_orig
real_562,train,real,/workspace/data/raw/ffpp/FaceForensics++_C23/original/562.mp4,ffpp_orig
real_563,train,real,/workspace/data/raw/ffpp/FaceForensics++_C23/original/563.mp4,ffpp_orig
real_564,val,real,/workspace/data/raw/ffpp/FaceForensics++_C23/original/564.mp4,ffpp_orig
real_565,val,real,/workspace/data/raw/ffpp/FaceForensics++_C23/original/565.mp4,ffpp_orig
real_566,val,real,/workspace/data/raw/ffpp/FaceForensics++_C23/original/566.mp4,ffpp_orig
real_567,val,real,/workspace/data/raw/ffpp/FaceForensics++_C23/original/567.mp4,ffpp_orig
real_568,train,real,/workspace/data/raw/ffpp/FaceForensics++_C23/original/568.mp4,ffpp_orig
real_569,train,real,/workspace/data/raw/ffpp/FaceForensics++_C23/original/569.mp4,ffpp_orig
real_570,train,real,/workspace/data/raw/ffpp/FaceForensics++_C23/original/570.mp4,ffpp_orig
real_571,val,real,/workspace/data/raw/ffpp/FaceForensics++_C23/original/571.mp4,ffpp_orig
real_572,train,real,/workspace/data/raw/ffpp/FaceForensics++_C23/original/572.mp4,ffpp_orig
real_573,train,real,/workspace/data/raw/ffpp/FaceForensics++_C23/original/573.mp4,ffpp_orig
real_574,train,real,/workspace/data/raw/ffpp/FaceForensics++_C23/original/574.mp4,ffpp_orig
real_575,train,real,/workspace/data/raw/ffpp/FaceForensics++_C23/original/575.mp4,ffpp_orig
real_576,train,real,/workspace/data/raw/ffpp/FaceForensics++_C23/original/576.mp4,ffpp_orig
real_577,train,real,/workspace/data/raw/ffpp/FaceForensics++_C23/original/577.mp4,ffpp_orig
real_578,train,real,/workspace/data/raw/ffpp/FaceForensics++_C23/original/578.mp4,ffpp_orig
real_579,test,real,/workspace/data/raw/ffpp/FaceForensics++_C23/original/579.mp4,ffpp_orig
real_580,train,real,/workspace/data/raw/ffpp/FaceForensics++_C23/original/580.mp4,ffpp_orig
real_581,train,real,/workspace/data/raw/ffpp/FaceForensics++_C23/original/581.mp4,ffpp_orig
real_582,train,real,/workspace/data/raw/ffpp/FaceForensics++_C23/original/582.mp4,ffpp_orig
real_583,val,real,/workspace/data/raw/ffpp/FaceForensics++_C23/original/583.mp4,ffpp_orig
real_584,val,real,/workspace/data/raw/ffpp/FaceForensics++_C23/original/584.mp4,ffpp_orig
real_585,val,real,/workspace/data/raw/ffpp/FaceForensics++_C23/original/585.mp4,ffpp_orig
real_586,val,real,/workspace/data/raw/ffpp/FaceForensics++_C23/original/586.mp4,ffpp_orig
real_587,train,real,/workspace/data/raw/ffpp/FaceForensics++_C23/original/587.mp4,ffpp_orig
real_588,train,real,/workspace/data/raw/ffpp/FaceForensics++_C23/original/588.mp4,ffpp_orig
real_589,val,real,/workspace/data/raw/ffpp/FaceForensics++_C23/original/589.mp4,ffpp_orig
real_590,train,real,/workspace/data/raw/ffpp/FaceForensics++_C23/original/590.mp4,ffpp_orig
real_591,train,real,/workspace/data/raw/ffpp/FaceForensics++_C23/original/591.mp4,ffpp_orig
real_592,train,real,/workspace/data/raw/ffpp/FaceForensics++_C23/original/592.mp4,ffpp_orig
real_593,train,real,/workspace/data/raw/ffpp/FaceForensics++_C23/original/593.mp4,ffpp_orig
real_594,train,real,/workspace/data/raw/ffpp/FaceForensics++_C23/original/594.mp4,ffpp_orig
real_595,val,real,/workspace/data/raw/ffpp/FaceForensics++_C23/original/595.mp4,ffpp_orig
real_596,train,real,/workspace/data/raw/ffpp/FaceForensics++_C23/original/596.mp4,ffpp_orig
real_597,val,real,/workspace/data/raw/ffpp/FaceForensics++_C23/original/597.mp4,ffpp_orig
real_598,train,real,/workspace/data/raw/ffpp/FaceForensics++_C23/original/598.mp4,ffpp_orig
real_599,val,real,/workspace/data/raw/ffpp/FaceForensics++_C23/original/599.mp4,ffpp_orig
real_600,train,real,/workspace/data/raw/ffpp/FaceForensics++_C23/original/600.mp4,ffpp_orig
real_601,train,real,/workspace/data/raw/ffpp/FaceForensics++_C23/original/601.mp4,ffpp_orig
real_602,train,real,/workspace/data/raw/ffpp/FaceForensics++_C23/original/602.mp4,ffpp_orig
real_603,train,real,/workspace/data/raw/ffpp/FaceForensics++_C23/original/603.mp4,ffpp_orig
real_604,train,real,/workspace/data/raw/ffpp/FaceForensics++_C23/original/604.mp4,ffpp_orig
real_605,train,real,/workspace/data/raw/ffpp/FaceForensics++_C23/original/605.mp4,ffpp_orig
real_606,val,real,/workspace/data/raw/ffpp/FaceForensics++_C23/original/606.mp4,ffpp_orig
real_607,test,real,/workspace/data/raw/ffpp/FaceForensics++_C23/original/607.mp4,ffpp_orig
real_608,test,real,/workspace/data/raw/ffpp/FaceForensics++_C23/original/608.mp4,ffpp_orig
real_609,train,real,/workspace/data/raw/ffpp/FaceForensics++_C23/original/609.mp4,ffpp_orig
real_610,train,real,/workspace/data/raw/ffpp/FaceForensics++_C23/original/610.mp4,ffpp_orig
real_611,train,real,/workspace/data/raw/ffpp/FaceForensics++_C23/original/611.mp4,ffpp_orig
real_612,val,real,/workspace/data/raw/ffpp/FaceForensics++_C23/original/612.mp4,ffpp_orig
real_613,train,real,/workspace/data/raw/ffpp/FaceForensics++_C23/original/613.mp4,ffpp_orig
real_614,train,real,/workspace/data/raw/ffpp/FaceForensics++_C23/original/614.mp4,ffpp_orig
real_615,train,real,/workspace/data/raw/ffpp/FaceForensics++_C23/original/615.mp4,ffpp_orig
real_616,train,real,/workspace/data/raw/ffpp/FaceForensics++_C23/original/616.mp4,ffpp_orig
real_617,val,real,/workspace/data/raw/ffpp/FaceForensics++_C23/original/617.mp4,ffpp_orig
real_618,train,real,/workspace/data/raw/ffpp/FaceForensics++_C23/original/618.mp4,ffpp_orig
real_619,train,real,/workspace/data/raw/ffpp/FaceForensics++_C23/original/619.mp4,ffpp_orig
real_620,train,real,/workspace/data/raw/ffpp/FaceForensics++_C23/original/620.mp4,ffpp_orig
real_621,train,real,/workspace/data/raw/ffpp/FaceForensics++_C23/original/621.mp4,ffpp_orig
real_622,val,real,/workspace/data/raw/ffpp/FaceForensics++_C23/original/622.mp4,ffpp_orig
real_623,test,real,/workspace/data/raw/ffpp/FaceForensics++_C23/original/623.mp4,ffpp_orig
real_624,train,real,/workspace/data/raw/ffpp/FaceForensics++_C23/original/624.mp4,ffpp_orig
real_625,test,real,/workspace/data/raw/ffpp/FaceForensics++_C23/original/625.mp4,ffpp_orig
real_626,train,real,/workspace/data/raw/ffpp/FaceForensics++_C23/original/626.mp4,ffpp_orig
real_627,train,real,/workspace/data/raw/ffpp/FaceForensics++_C23/original/627.mp4,ffpp_orig
real_628,train,real,/workspace/data/raw/ffpp/FaceForensics++_C23/original/628.mp4,ffpp_orig
real_629,train,real,/workspace/data/raw/ffpp/FaceForensics++_C23/original/629.mp4,ffpp_orig
real_630,test,real,/workspace/data/raw/ffpp/FaceForensics++_C23/original/630.mp4,ffpp_orig
real_631,train,real,/workspace/data/raw/ffpp/FaceForensics++_C23/original/631.mp4,ffpp_orig
real_632,val,real,/workspace/data/raw/ffpp/FaceForensics++_C23/original/632.mp4,ffpp_orig
real_633,test,real,/workspace/data/raw/ffpp/FaceForensics++_C23/original/633.mp4,ffpp_orig
real_634,test,real,/workspace/data/raw/ffpp/FaceForensics++_C23/original/634.mp4,ffpp_orig
real_635,train,real,/workspace/data/raw/ffpp/FaceForensics++_C23/original/635.mp4,ffpp_orig
real_636,train,real,/workspace/data/raw/ffpp/FaceForensics++_C23/original/636.mp4,ffpp_orig
real_637,train,real,/workspace/data/raw/ffpp/FaceForensics++_C23/original/637.mp4,ffpp_orig
real_638,val,real,/workspace/data/raw/ffpp/FaceForensics++_C23/original/638.mp4,ffpp_orig
real_639,train,real,/workspace/data/raw/ffpp/FaceForensics++_C23/original/639.mp4,ffpp_orig
real_640,val,real,/workspace/data/raw/ffpp/FaceForensics++_C23/original/640.mp4,ffpp_orig
real_641,train,real,/workspace/data/raw/ffpp/FaceForensics++_C23/original/641.mp4,ffpp_orig
real_642,train,real,/workspace/data/raw/ffpp/FaceForensics++_C23/original/642.mp4,ffpp_orig
real_643,train,real,/workspace/data/raw/ffpp/FaceForensics++_C23/original/643.mp4,ffpp_orig
real_644,train,real,/workspace/data/raw/ffpp/FaceForensics++_C23/original/644.mp4,ffpp_orig
real_645,train,real,/workspace/data/raw/ffpp/FaceForensics++_C23/original/645.mp4,ffpp_orig
real_646,train,real,/workspace/data/raw/ffpp/FaceForensics++_C23/original/646.mp4,ffpp_orig
real_647,val,real,/workspace/data/raw/ffpp/FaceForensics++_C23/original/647.mp4,ffpp_orig
real_648,train,real,/workspace/data/raw/ffpp/FaceForensics++_C23/original/648.mp4,ffpp_orig
real_649,val,real,/workspace/data/raw/ffpp/FaceForensics++_C23/original/649.mp4,ffpp_orig
real_650,test,real,/workspace/data/raw/ffpp/FaceForensics++_C23/original/650.mp4,ffpp_orig
real_651,train,real,/workspace/data/raw/ffpp/FaceForensics++_C23/original/651.mp4,ffpp_orig
real_652,train,real,/workspace/data/raw/ffpp/FaceForensics++_C23/original/652.mp4,ffpp_orig
real_653,train,real,/workspace/data/raw/ffpp/FaceForensics++_C23/original/653.mp4,ffpp_orig
real_654,train,real,/workspace/data/raw/ffpp/FaceForensics++_C23/original/654.mp4,ffpp_orig
real_655,train,real,/workspace/data/raw/ffpp/FaceForensics++_C23/original/655.mp4,ffpp_orig
real_656,val,real,/workspace/data/raw/ffpp/FaceForensics++_C23/original/656.mp4,ffpp_orig
real_657,train,real,/workspace/data/raw/ffpp/FaceForensics++_C23/original/657.mp4,ffpp_orig
real_658,train,real,/workspace/data/raw/ffpp/FaceForensics++_C23/original/658.mp4,ffpp_orig
real_659,train,real,/workspace/data/raw/ffpp/FaceForensics++_C23/original/659.mp4,ffpp_orig
real_660,test,real,/workspace/data/raw/ffpp/FaceForensics++_C23/original/660.mp4,ffpp_orig
real_661,test,real,/workspace/data/raw/ffpp/FaceForensics++_C23/original/661.mp4,ffpp_orig
real_662,train,real,/workspace/data/raw/ffpp/FaceForensics++_C23/original/662.mp4,ffpp_orig
real_663,train,real,/workspace/data/raw/ffpp/FaceForensics++_C23/original/663.mp4,ffpp_orig
real_664,val,real,/workspace/data/raw/ffpp/FaceForensics++_C23/original/664.mp4,ffpp_orig
real_665,train,real,/workspace/data/raw/ffpp/FaceForensics++_C23/original/665.mp4,ffpp_orig
real_666,val,real,/workspace/data/raw/ffpp/FaceForensics++_C23/original/666.mp4,ffpp_orig
real_667,train,real,/workspace/data/raw/ffpp/FaceForensics++_C23/original/667.mp4,ffpp_orig
real_668,val,real,/workspace/data/raw/ffpp/FaceForensics++_C23/original/668.mp4,ffpp_orig
real_669,test,real,/workspace/data/raw/ffpp/FaceForensics++_C23/original/669.mp4,ffpp_orig
real_670,test,real,/workspace/data/raw/ffpp/FaceForensics++_C23/original/670.mp4,ffpp_orig
real_671,train,real,/workspace/data/raw/ffpp/FaceForensics++_C23/original/671.mp4,ffpp_orig
real_672,val,real,/workspace/data/raw/ffpp/FaceForensics++_C23/original/672.mp4,ffpp_orig
real_673,train,real,/workspace/data/raw/ffpp/FaceForensics++_C23/original/673.mp4,ffpp_orig
real_674,train,real,/workspace/data/raw/ffpp/FaceForensics++_C23/original/674.mp4,ffpp_orig
real_675,test,real,/workspace/data/raw/ffpp/FaceForensics++_C23/original/675.mp4,ffpp_orig
real_676,train,real,/workspace/data/raw/ffpp/FaceForensics++_C23/original/676.mp4,ffpp_orig
real_677,train,real,/workspace/data/raw/ffpp/FaceForensics++_C23/original/677.mp4,ffpp_orig
real_678,train,real,/workspace/data/raw/ffpp/FaceForensics++_C23/original/678.mp4,ffpp_orig
real_679,train,real,/workspace/data/raw/ffpp/FaceForensics++_C23/original/679.mp4,ffpp_orig
real_680,train,real,/workspace/data/raw/ffpp/FaceForensics++_C23/original/680.mp4,ffpp_orig
real_681,train,real,/workspace/data/raw/ffpp/FaceForensics++_C23/original/681.mp4,ffpp_orig
real_682,test,real,/workspace/data/raw/ffpp/FaceForensics++_C23/original/682.mp4,ffpp_orig
real_683,test,real,/workspace/data/raw/ffpp/FaceForensics++_C23/original/683.mp4,ffpp_orig
real_684,train,real,/workspace/data/raw/ffpp/FaceForensics++_C23/original/684.mp4,ffpp_orig
real_685,train,real,/workspace/data/raw/ffpp/FaceForensics++_C23/original/685.mp4,ffpp_orig
real_686,train,real,/workspace/data/raw/ffpp/FaceForensics++_C23/original/686.mp4,ffpp_orig
real_687,train,real,/workspace/data/raw/ffpp/FaceForensics++_C23/original/687.mp4,ffpp_orig
real_688,train,real,/workspace/data/raw/ffpp/FaceForensics++_C23/original/688.mp4,ffpp_orig
real_689,train,real,/workspace/data/raw/ffpp/FaceForensics++_C23/original/689.mp4,ffpp_orig
real_690,train,real,/workspace/data/raw/ffpp/FaceForensics++_C23/original/690.mp4,ffpp_orig
real_691,test,real,/workspace/data/raw/ffpp/FaceForensics++_C23/original/691.mp4,ffpp_orig
real_692,train,real,/workspace/data/raw/ffpp/FaceForensics++_C23/original/692.mp4,ffpp_orig
real_693,train,real,/workspace/data/raw/ffpp/FaceForensics++_C23/original/693.mp4,ffpp_orig
real_694,train,real,/workspace/data/raw/ffpp/FaceForensics++_C23/original/694.mp4,ffpp_orig
real_695,test,real,/workspace/data/raw/ffpp/FaceForensics++_C23/original/695.mp4,ffpp_orig
real_696,train,real,/workspace/data/raw/ffpp/FaceForensics++_C23/original/696.mp4,ffpp_orig
real_697,train,real,/workspace/data/raw/ffpp/FaceForensics++_C23/original/697.mp4,ffpp_orig
real_698,train,real,/workspace/data/raw/ffpp/FaceForensics++_C23/original/698.mp4,ffpp_orig
real_699,train,real,/workspace/data/raw/ffpp/FaceForensics++_C23/original/699.mp4,ffpp_orig
real_700,train,real,/workspace/data/raw/ffpp/FaceForensics++_C23/original/700.mp4,ffpp_orig
real_701,test,real,/workspace/data/raw/ffpp/FaceForensics++_C23/original/701.mp4,ffpp_orig
real_702,val,real,/workspace/data/raw/ffpp/FaceForensics++_C23/original/702.mp4,ffpp_orig
real_703,train,real,/workspace/data/raw/ffpp/FaceForensics++_C23/original/703.mp4,ffpp_orig
real_704,train,real,/workspace/data/raw/ffpp/FaceForensics++_C23/original/704.mp4,ffpp_orig
real_705,test,real,/workspace/data/raw/ffpp/FaceForensics++_C23/original/705.mp4,ffpp_orig
real_706,test,real,/workspace/data/raw/ffpp/FaceForensics++_C23/original/706.mp4,ffpp_orig
real_707,test,real,/workspace/data/raw/ffpp/FaceForensics++_C23/original/707.mp4,ffpp_orig
real_708,train,real,/workspace/data/raw/ffpp/FaceForensics++_C23/original/708.mp4,ffpp_orig
real_709,train,real,/workspace/data/raw/ffpp/FaceForensics++_C23/original/709.mp4,ffpp_orig
real_710,train,real,/workspace/data/raw/ffpp/FaceForensics++_C23/original/710.mp4,ffpp_orig
real_711,train,real,/workspace/data/raw/ffpp/FaceForensics++_C23/original/711.mp4,ffpp_orig
real_712,train,real,/workspace/data/raw/ffpp/FaceForensics++_C23/original/712.mp4,ffpp_orig
real_713,train,real,/workspace/data/raw/ffpp/FaceForensics++_C23/original/713.mp4,ffpp_orig
real_714,test,real,/workspace/data/raw/ffpp/FaceForensics++_C23/original/714.mp4,ffpp_orig
real_715,train,real,/workspace/data/raw/ffpp/FaceForensics++_C23/original/715.mp4,ffpp_orig
real_716,train,real,/workspace/data/raw/ffpp/FaceForensics++_C23/original/716.mp4,ffpp_orig
real_717,train,real,/workspace/data/raw/ffpp/FaceForensics++_C23/original/717.mp4,ffpp_orig
real_718,train,real,/workspace/data/raw/ffpp/FaceForensics++_C23/original/718.mp4,ffpp_orig
real_719,train,real,/workspace/data/raw/ffpp/FaceForensics++_C23/original/719.mp4,ffpp_orig
real_720,val,real,/workspace/data/raw/ffpp/FaceForensics++_C23/original/720.mp4,ffpp_orig
real_721,train,real,/workspace/data/raw/ffpp/FaceForensics++_C23/original/721.mp4,ffpp_orig
real_722,train,real,/workspace/data/raw/ffpp/FaceForensics++_C23/original/722.mp4,ffpp_orig
real_723,train,real,/workspace/data/raw/ffpp/FaceForensics++_C23/original/723.mp4,ffpp_orig
real_724,test,real,/workspace/data/raw/ffpp/FaceForensics++_C23/original/724.mp4,ffpp_orig
real_725,test,real,/workspace/data/raw/ffpp/FaceForensics++_C23/original/725.mp4,ffpp_orig
real_726,train,real,/workspace/data/raw/ffpp/FaceForensics++_C23/original/726.mp4,ffpp_orig
real_727,val,real,/workspace/data/raw/ffpp/FaceForensics++_C23/original/727.mp4,ffpp_orig
real_728,train,real,/workspace/data/raw/ffpp/FaceForensics++_C23/original/728.mp4,ffpp_orig
real_729,val,real,/workspace/data/raw/ffpp/FaceForensics++_C23/original/729.mp4,ffpp_orig
real_730,train,real,/workspace/data/raw/ffpp/FaceForensics++_C23/original/730.mp4,ffpp_orig
real_731,test,real,/workspace/data/raw/ffpp/FaceForensics++_C23/original/731.mp4,ffpp_orig
real_732,test,real,/workspace/data/raw/ffpp/FaceForensics++_C23/original/732.mp4,ffpp_orig
real_733,train,real,/workspace/data/raw/ffpp/FaceForensics++_C23/original/733.mp4,ffpp_orig
real_734,train,real,/workspace/data/raw/ffpp/FaceForensics++_C23/original/734.mp4,ffpp_orig
real_735,train,real,/workspace/data/raw/ffpp/FaceForensics++_C23/original/735.mp4,ffpp_orig
real_736,train,real,/workspace/data/raw/ffpp/FaceForensics++_C23/original/736.mp4,ffpp_orig
real_737,train,real,/workspace/data/raw/ffpp/FaceForensics++_C23/original/737.mp4,ffpp_orig
real_738,train,real,/workspace/data/raw/ffpp/FaceForensics++_C23/original/738.mp4,ffpp_orig
real_739,test,real,/workspace/data/raw/ffpp/FaceForensics++_C23/original/739.mp4,ffpp_orig
real_740,train,real,/workspace/data/raw/ffpp/FaceForensics++_C23/original/740.mp4,ffpp_orig
real_741,test,real,/workspace/data/raw/ffpp/FaceForensics++_C23/original/741.mp4,ffpp_orig
real_742,val,real,/workspace/data/raw/ffpp/FaceForensics++_C23/original/742.mp4,ffpp_orig
real_743,train,real,/workspace/data/raw/ffpp/FaceForensics++_C23/original/743.mp4,ffpp_orig
real_744,train,real,/workspace/data/raw/ffpp/FaceForensics++_C23/original/744.mp4,ffpp_orig
real_745,val,real,/workspace/data/raw/ffpp/FaceForensics++_C23/original/745.mp4,ffpp_orig
real_746,val,real,/workspace/data/raw/ffpp/FaceForensics++_C23/original/746.mp4,ffpp_orig
real_747,train,real,/workspace/data/raw/ffpp/FaceForensics++_C23/original/747.mp4,ffpp_orig
real_748,train,real,/workspace/data/raw/ffpp/FaceForensics++_C23/original/748.mp4,ffpp_orig
real_749,train,real,/workspace/data/raw/ffpp/FaceForensics++_C23/original/749.mp4,ffpp_orig
real_750,train,real,/workspace/data/raw/ffpp/FaceForensics++_C23/original/750.mp4,ffpp_orig
real_751,train,real,/workspace/data/raw/ffpp/FaceForensics++_C23/original/751.mp4,ffpp_orig
real_752,train,real,/workspace/data/raw/ffpp/FaceForensics++_C23/original/752.mp4,ffpp_orig
real_753,train,real,/workspace/data/raw/ffpp/FaceForensics++_C23/original/753.mp4,ffpp_orig
real_754,train,real,/workspace/data/raw/ffpp/FaceForensics++_C23/original/754.mp4,ffpp_orig
real_755,test,real,/workspace/data/raw/ffpp/FaceForensics++_C23/original/755.mp4,ffpp_orig
real_756,train,real,/workspace/data/raw/ffpp/FaceForensics++_C23/original/756.mp4,ffpp_orig
real_757,train,real,/workspace/data/raw/ffpp/FaceForensics++_C23/original/757.mp4,ffpp_orig
real_758,train,real,/workspace/data/raw/ffpp/FaceForensics++_C23/original/758.mp4,ffpp_orig
real_759,test,real,/workspace/data/raw/ffpp/FaceForensics++_C23/original/759.mp4,ffpp_orig
real_760,train,real,/workspace/data/raw/ffpp/FaceForensics++_C23/original/760.mp4,ffpp_orig
real_761,train,real,/workspace/data/raw/ffpp/FaceForensics++_C23/original/761.mp4,ffpp_orig
real_762,val,real,/workspace/data/raw/ffpp/FaceForensics++_C23/original/762.mp4,ffpp_orig
real_763,train,real,/workspace/data/raw/ffpp/FaceForensics++_C23/original/763.mp4,ffpp_orig
real_764,train,real,/workspace/data/raw/ffpp/FaceForensics++_C23/original/764.mp4,ffpp_orig
real_765,train,real,/workspace/data/raw/ffpp/FaceForensics++_C23/original/765.mp4,ffpp_orig
real_766,train,real,/workspace/data/raw/ffpp/FaceForensics++_C23/original/766.mp4,ffpp_orig
real_767,train,real,/workspace/data/raw/ffpp/FaceForensics++_C23/original/767.mp4,ffpp_orig
real_768,val,real,/workspace/data/raw/ffpp/FaceForensics++_C23/original/768.mp4,ffpp_orig
real_769,train,real,/workspace/data/raw/ffpp/FaceForensics++_C23/original/769.mp4,ffpp_orig
real_770,train,real,/workspace/data/raw/ffpp/FaceForensics++_C23/original/770.mp4,ffpp_orig
real_771,train,real,/workspace/data/raw/ffpp/FaceForensics++_C23/original/771.mp4,ffpp_orig
real_772,train,real,/workspace/data/raw/ffpp/FaceForensics++_C23/original/772.mp4,ffpp_orig
real_773,train,real,/workspace/data/raw/ffpp/FaceForensics++_C23/original/773.mp4,ffpp_orig
real_774,train,real,/workspace/data/raw/ffpp/FaceForensics++_C23/original/774.mp4,ffpp_orig
real_775,val,real,/workspace/data/raw/ffpp/FaceForensics++_C23/original/775.mp4,ffpp_orig
real_776,train,real,/workspace/data/raw/ffpp/FaceForensics++_C23/original/776.mp4,ffpp_orig
real_777,val,real,/workspace/data/raw/ffpp/FaceForensics++_C23/original/777.mp4,ffpp_orig
real_778,train,real,/workspace/data/raw/ffpp/FaceForensics++_C23/original/778.mp4,ffpp_orig
real_779,val,real,/workspace/data/raw/ffpp/FaceForensics++_C23/original/779.mp4,ffpp_orig
real_780,train,real,/workspace/data/raw/ffpp/FaceForensics++_C23/original/780.mp4,ffpp_orig
real_781,train,real,/workspace/data/raw/ffpp/FaceForensics++_C23/original/781.mp4,ffpp_orig
real_782,train,real,/workspace/data/raw/ffpp/FaceForensics++_C23/original/782.mp4,ffpp_orig
real_783,train,real,/workspace/data/raw/ffpp/FaceForensics++_C23/original/783.mp4,ffpp_orig
real_784,train,real,/workspace/data/raw/ffpp/FaceForensics++_C23/original/784.mp4,ffpp_orig
real_785,train,real,/workspace/data/raw/ffpp/FaceForensics++_C23/original/785.mp4,ffpp_orig
real_786,train,real,/workspace/data/raw/ffpp/FaceForensics++_C23/original/786.mp4,ffpp_orig
real_787,train,real,/workspace/data/raw/ffpp/FaceForensics++_C23/original/787.mp4,ffpp_orig
real_788,train,real,/workspace/data/raw/ffpp/FaceForensics++_C23/original/788.mp4,ffpp_orig
real_789,train,real,/workspace/data/raw/ffpp/FaceForensics++_C23/original/789.mp4,ffpp_orig
real_790,train,real,/workspace/data/raw/ffpp/FaceForensics++_C23/original/790.mp4,ffpp_orig
real_791,train,real,/workspace/data/raw/ffpp/FaceForensics++_C23/original/791.mp4,ffpp_orig
real_792,train,real,/workspace/data/raw/ffpp/FaceForensics++_C23/original/792.mp4,ffpp_orig
real_793,val,real,/workspace/data/raw/ffpp/FaceForensics++_C23/original/793.mp4,ffpp_orig
real_794,val,real,/workspace/data/raw/ffpp/FaceForensics++_C23/original/794.mp4,ffpp_orig
real_795,train,real,/workspace/data/raw/ffpp/FaceForensics++_C23/original/795.mp4,ffpp_orig
real_796,train,real,/workspace/data/raw/ffpp/FaceForensics++_C23/original/796.mp4,ffpp_orig
real_797,train,real,/workspace/data/raw/ffpp/FaceForensics++_C23/original/797.mp4,ffpp_orig
real_798,train,real,/workspace/data/raw/ffpp/FaceForensics++_C23/original/798.mp4,ffpp_orig
real_799,train,real,/workspace/data/raw/ffpp/FaceForensics++_C23/original/799.mp4,ffpp_orig
real_800,train,real,/workspace/data/raw/ffpp/FaceForensics++_C23/original/800.mp4,ffpp_orig
real_801,test,real,/workspace/data/raw/ffpp/FaceForensics++_C23/original/801.mp4,ffpp_orig
real_802,train,real,/workspace/data/raw/ffpp/FaceForensics++_C23/original/802.mp4,ffpp_orig
real_803,train,real,/workspace/data/raw/ffpp/FaceForensics++_C23/original/803.mp4,ffpp_orig
real_804,train,real,/workspace/data/raw/ffpp/FaceForensics++_C23/original/804.mp4,ffpp_orig
real_805,train,real,/workspace/data/raw/ffpp/FaceForensics++_C23/original/805.mp4,ffpp_orig
real_806,train,real,/workspace/data/raw/ffpp/FaceForensics++_C23/original/806.mp4,ffpp_orig
real_807,val,real,/workspace/data/raw/ffpp/FaceForensics++_C23/original/807.mp4,ffpp_orig
real_808,train,real,/workspace/data/raw/ffpp/FaceForensics++_C23/original/808.mp4,ffpp_orig
real_809,train,real,/workspace/data/raw/ffpp/FaceForensics++_C23/original/809.mp4,ffpp_orig
real_810,train,real,/workspace/data/raw/ffpp/FaceForensics++_C23/original/810.mp4,ffpp_orig
real_811,train,real,/workspace/data/raw/ffpp/FaceForensics++_C23/original/811.mp4,ffpp_orig
real_812,test,real,/workspace/data/raw/ffpp/FaceForensics++_C23/original/812.mp4,ffpp_orig
real_813,train,real,/workspace/data/raw/ffpp/FaceForensics++_C23/original/813.mp4,ffpp_orig
real_814,train,real,/workspace/data/raw/ffpp/FaceForensics++_C23/original/814.mp4,ffpp_orig
real_815,train,real,/workspace/data/raw/ffpp/FaceForensics++_C23/original/815.mp4,ffpp_orig
real_816,val,real,/workspace/data/raw/ffpp/FaceForensics++_C23/original/816.mp4,ffpp_orig
real_817,val,real,/workspace/data/raw/ffpp/FaceForensics++_C23/original/817.mp4,ffpp_orig
real_818,val,real,/workspace/data/raw/ffpp/FaceForensics++_C23/original/818.mp4,ffpp_orig
real_819,train,real,/workspace/data/raw/ffpp/FaceForensics++_C23/original/819.mp4,ffpp_orig
real_820,val,real,/workspace/data/raw/ffpp/FaceForensics++_C23/original/820.mp4,ffpp_orig
real_821,test,real,/workspace/data/raw/ffpp/FaceForensics++_C23/original/821.mp4,ffpp_orig
real_822,train,real,/workspace/data/raw/ffpp/FaceForensics++_C23/original/822.mp4,ffpp_orig
real_823,val,real,/workspace/data/raw/ffpp/FaceForensics++_C23/original/823.mp4,ffpp_orig
real_824,val,real,/workspace/data/raw/ffpp/FaceForensics++_C23/original/824.mp4,ffpp_orig
real_825,train,real,/workspace/data/raw/ffpp/FaceForensics++_C23/original/825.mp4,ffpp_orig
real_826,train,real,/workspace/data/raw/ffpp/FaceForensics++_C23/original/826.mp4,ffpp_orig
real_827,val,real,/workspace/data/raw/ffpp/FaceForensics++_C23/original/827.mp4,ffpp_orig
real_828,train,real,/workspace/data/raw/ffpp/FaceForensics++_C23/original/828.mp4,ffpp_orig
real_829,train,real,/workspace/data/raw/ffpp/FaceForensics++_C23/original/829.mp4,ffpp_orig
real_830,train,real,/workspace/data/raw/ffpp/FaceForensics++_C23/original/830.mp4,ffpp_orig
real_831,train,real,/workspace/data/raw/ffpp/FaceForensics++_C23/original/831.mp4,ffpp_orig
real_832,val,real,/workspace/data/raw/ffpp/FaceForensics++_C23/original/832.mp4,ffpp_orig
real_833,train,real,/workspace/data/raw/ffpp/FaceForensics++_C23/original/833.mp4,ffpp_orig
real_834,val,real,/workspace/data/raw/ffpp/FaceForensics++_C23/original/834.mp4,ffpp_orig
real_835,train,real,/workspace/data/raw/ffpp/FaceForensics++_C23/original/835.mp4,ffpp_orig
real_836,train,real,/workspace/data/raw/ffpp/FaceForensics++_C23/original/836.mp4,ffpp_orig
real_837,val,real,/workspace/data/raw/ffpp/FaceForensics++_C23/original/837.mp4,ffpp_orig
real_838,train,real,/workspace/data/raw/ffpp/FaceForensics++_C23/original/838.mp4,ffpp_orig
real_839,train,real,/workspace/data/raw/ffpp/FaceForensics++_C23/original/839.mp4,ffpp_orig
real_840,train,real,/workspace/data/raw/ffpp/FaceForensics++_C23/original/840.mp4,ffpp_orig
real_841,train,real,/workspace/data/raw/ffpp/FaceForensics++_C23/original/841.mp4,ffpp_orig
real_842,test,real,/workspace/data/raw/ffpp/FaceForensics++_C23/original/842.mp4,ffpp_orig
real_843,train,real,/workspace/data/raw/ffpp/FaceForensics++_C23/original/843.mp4,ffpp_orig
real_844,train,real,/workspace/data/raw/ffpp/FaceForensics++_C23/original/844.mp4,ffpp_orig
real_845,train,real,/workspace/data/raw/ffpp/FaceForensics++_C23/original/845.mp4,ffpp_orig
real_846,train,real,/workspace/data/raw/ffpp/FaceForensics++_C23/original/846.mp4,ffpp_orig
real_847,test,real,/workspace/data/raw/ffpp/FaceForensics++_C23/original/847.mp4,ffpp_orig
real_848,train,real,/workspace/data/raw/ffpp/FaceForensics++_C23/original/848.mp4,ffpp_orig
real_849,train,real,/workspace/data/raw/ffpp/FaceForensics++_C23/original/849.mp4,ffpp_orig
real_850,train,real,/workspace/data/raw/ffpp/FaceForensics++_C23/original/850.mp4,ffpp_orig
real_851,test,real,/workspace/data/raw/ffpp/FaceForensics++_C23/original/851.mp4,ffpp_orig
real_852,val,real,/workspace/data/raw/ffpp/FaceForensics++_C23/original/852.mp4,ffpp_orig
real_853,train,real,/workspace/data/raw/ffpp/FaceForensics++_C23/original/853.mp4,ffpp_orig
real_854,train,real,/workspace/data/raw/ffpp/FaceForensics++_C23/original/854.mp4,ffpp_orig
real_855,test,real,/workspace/data/raw/ffpp/FaceForensics++_C23/original/855.mp4,ffpp_orig
real_856,train,real,/workspace/data/raw/ffpp/FaceForensics++_C23/original/856.mp4,ffpp_orig
real_857,val,real,/workspace/data/raw/ffpp/FaceForensics++_C23/original/857.mp4,ffpp_orig
real_858,train,real,/workspace/data/raw/ffpp/FaceForensics++_C23/original/858.mp4,ffpp_orig
real_859,train,real,/workspace/data/raw/ffpp/FaceForensics++_C23/original/859.mp4,ffpp_orig
real_860,train,real,/workspace/data/raw/ffpp/FaceForensics++_C23/original/860.mp4,ffpp_orig
real_861,train,real,/workspace/data/raw/ffpp/FaceForensics++_C23/original/861.mp4,ffpp_orig
real_862,test,real,/workspace/data/raw/ffpp/FaceForensics++_C23/original/862.mp4,ffpp_orig
real_863,train,real,/workspace/data/raw/ffpp/FaceForensics++_C23/original/863.mp4,ffpp_orig
real_864,train,real,/workspace/data/raw/ffpp/FaceForensics++_C23/original/864.mp4,ffpp_orig
real_865,test,real,/workspace/data/raw/ffpp/FaceForensics++_C23/original/865.mp4,ffpp_orig
real_866,train,real,/workspace/data/raw/ffpp/FaceForensics++_C23/original/866.mp4,ffpp_orig
real_867,train,real,/workspace/data/raw/ffpp/FaceForensics++_C23/original/867.mp4,ffpp_orig
real_868,test,real,/workspace/data/raw/ffpp/FaceForensics++_C23/original/868.mp4,ffpp_orig
real_869,train,real,/workspace/data/raw/ffpp/FaceForensics++_C23/original/869.mp4,ffpp_orig
real_870,train,real,/workspace/data/raw/ffpp/FaceForensics++_C23/original/870.mp4,ffpp_orig
real_871,train,real,/workspace/data/raw/ffpp/FaceForensics++_C23/original/871.mp4,ffpp_orig
real_872,train,real,/workspace/data/raw/ffpp/FaceForensics++_C23/original/872.mp4,ffpp_orig
real_873,train,real,/workspace/data/raw/ffpp/FaceForensics++_C23/original/873.mp4,ffpp_orig
real_874,train,real,/workspace/data/raw/ffpp/FaceForensics++_C23/original/874.mp4,ffpp_orig
real_875,val,real,/workspace/data/raw/ffpp/FaceForensics++_C23/original/875.mp4,ffpp_orig
real_876,train,real,/workspace/data/raw/ffpp/FaceForensics++_C23/original/876.mp4,ffpp_orig
real_877,train,real,/workspace/data/raw/ffpp/FaceForensics++_C23/original/877.mp4,ffpp_orig
real_878,train,real,/workspace/data/raw/ffpp/FaceForensics++_C23/original/878.mp4,ffpp_orig
real_879,train,real,/workspace/data/raw/ffpp/FaceForensics++_C23/original/879.mp4,ffpp_orig
real_880,test,real,/workspace/data/raw/ffpp/FaceForensics++_C23/original/880.mp4,ffpp_orig
real_881,train,real,/workspace/data/raw/ffpp/FaceForensics++_C23/original/881.mp4,ffpp_orig
real_882,train,real,/workspace/data/raw/ffpp/FaceForensics++_C23/original/882.mp4,ffpp_orig
real_883,train,real,/workspace/data/raw/ffpp/FaceForensics++_C23/original/883.mp4,ffpp_orig
real_884,train,real,/workspace/data/raw/ffpp/FaceForensics++_C23/original/884.mp4,ffpp_orig
real_885,train,real,/workspace/data/raw/ffpp/FaceForensics++_C23/original/885.mp4,ffpp_orig
real_886,train,real,/workspace/data/raw/ffpp/FaceForensics++_C23/original/886.mp4,ffpp_orig
real_887,train,real,/workspace/data/raw/ffpp/FaceForensics++_C23/original/887.mp4,ffpp_orig
real_888,train,real,/workspace/data/raw/ffpp/FaceForensics++_C23/original/888.mp4,ffpp_orig
real_889,train,real,/workspace/data/raw/ffpp/FaceForensics++_C23/original/889.mp4,ffpp_orig
real_890,val,real,/workspace/data/raw/ffpp/FaceForensics++_C23/original/890.mp4,ffpp_orig
real_891,train,real,/workspace/data/raw/ffpp/FaceForensics++_C23/original/891.mp4,ffpp_orig
real_892,train,real,/workspace/data/raw/ffpp/FaceForensics++_C23/original/892.mp4,ffpp_orig
real_893,train,real,/workspace/data/raw/ffpp/FaceForensics++_C23/original/893.mp4,ffpp_orig
real_894,train,real,/workspace/data/raw/ffpp/FaceForensics++_C23/original/894.mp4,ffpp_orig
real_895,val,real,/workspace/data/raw/ffpp/FaceForensics++_C23/original/895.mp4,ffpp_orig
real_896,test,real,/workspace/data/raw/ffpp/FaceForensics++_C23/original/896.mp4,ffpp_orig
real_897,train,real,/workspace/data/raw/ffpp/FaceForensics++_C23/original/897.mp4,ffpp_orig
real_898,val,real,/workspace/data/raw/ffpp/FaceForensics++_C23/original/898.mp4,ffpp_orig
real_899,train,real,/workspace/data/raw/ffpp/FaceForensics++_C23/original/899.mp4,ffpp_orig
real_900,val,real,/workspace/data/raw/ffpp/FaceForensics++_C23/original/900.mp4,ffpp_orig
real_901,train,real,/workspace/data/raw/ffpp/FaceForensics++_C23/original/901.mp4,ffpp_orig
real_902,train,real,/workspace/data/raw/ffpp/FaceForensics++_C23/original/902.mp4,ffpp_orig
real_903,train,real,/workspace/data/raw/ffpp/FaceForensics++_C23/original/903.mp4,ffpp_orig
real_904,val,real,/workspace/data/raw/ffpp/FaceForensics++_C23/original/904.mp4,ffpp_orig
real_905,train,real,/workspace/data/raw/ffpp/FaceForensics++_C23/original/905.mp4,ffpp_orig
real_906,test,real,/workspace/data/raw/ffpp/FaceForensics++_C23/original/906.mp4,ffpp_orig
real_907,train,real,/workspace/data/raw/ffpp/FaceForensics++_C23/original/907.mp4,ffpp_orig
real_908,train,real,/workspace/data/raw/ffpp/FaceForensics++_C23/original/908.mp4,ffpp_orig
real_909,val,real,/workspace/data/raw/ffpp/FaceForensics++_C23/original/909.mp4,ffpp_orig
real_910,train,real,/workspace/data/raw/ffpp/FaceForensics++_C23/original/910.mp4,ffpp_orig
real_911,train,real,/workspace/data/raw/ffpp/FaceForensics++_C23/original/911.mp4,ffpp_orig
real_912,val,real,/workspace/data/raw/ffpp/FaceForensics++_C23/original/912.mp4,ffpp_orig
real_913,train,real,/workspace/data/raw/ffpp/FaceForensics++_C23/original/913.mp4,ffpp_orig
real_914,train,real,/workspace/data/raw/ffpp/FaceForensics++_C23/original/914.mp4,ffpp_orig
real_915,val,real,/workspace/data/raw/ffpp/FaceForensics++_C23/original/915.mp4,ffpp_orig
real_916,train,real,/workspace/data/raw/ffpp/FaceForensics++_C23/original/916.mp4,ffpp_orig
real_917,test,real,/workspace/data/raw/ffpp/FaceForensics++_C23/original/917.mp4,ffpp_orig
real_918,train,real,/workspace/data/raw/ffpp/FaceForensics++_C23/original/918.mp4,ffpp_orig
real_919,test,real,/workspace/data/raw/ffpp/FaceForensics++_C23/original/919.mp4,ffpp_orig
real_920,train,real,/workspace/data/raw/ffpp/FaceForensics++_C23/original/920.mp4,ffpp_orig
real_921,train,real,/workspace/data/raw/ffpp/FaceForensics++_C23/original/921.mp4,ffpp_orig
real_922,val,real,/workspace/data/raw/ffpp/FaceForensics++_C23/original/922.mp4,ffpp_orig
real_923,val,real,/workspace/data/raw/ffpp/FaceForensics++_C23/original/923.mp4,ffpp_orig
real_924,test,real,/workspace/data/raw/ffpp/FaceForensics++_C23/original/924.mp4,ffpp_orig
real_925,val,real,/workspace/data/raw/ffpp/FaceForensics++_C23/original/925.mp4,ffpp_orig
real_926,val,real,/workspace/data/raw/ffpp/FaceForensics++_C23/original/926.mp4,ffpp_orig
real_927,val,real,/workspace/data/raw/ffpp/FaceForensics++_C23/original/927.mp4,ffpp_orig
real_928,train,real,/workspace/data/raw/ffpp/FaceForensics++_C23/original/928.mp4,ffpp_orig
real_929,train,real,/workspace/data/raw/ffpp/FaceForensics++_C23/original/929.mp4,ffpp_orig
real_930,train,real,/workspace/data/raw/ffpp/FaceForensics++_C23/original/930.mp4,ffpp_orig
real_931,train,real,/workspace/data/raw/ffpp/FaceForensics++_C23/original/931.mp4,ffpp_orig
real_932,test,real,/workspace/data/raw/ffpp/FaceForensics++_C23/original/932.mp4,ffpp_orig
real_933,val,real,/workspace/data/raw/ffpp/FaceForensics++_C23/original/933.mp4,ffpp_orig
real_934,train,real,/workspace/data/raw/ffpp/FaceForensics++_C23/original/934.mp4,ffpp_orig
real_935,train,real,/workspace/data/raw/ffpp/FaceForensics++_C23/original/935.mp4,ffpp_orig
real_936,train,real,/workspace/data/raw/ffpp/FaceForensics++_C23/original/936.mp4,ffpp_orig
real_937,train,real,/workspace/data/raw/ffpp/FaceForensics++_C23/original/937.mp4,ffpp_orig
real_938,train,real,/workspace/data/raw/ffpp/FaceForensics++_C23/original/938.mp4,ffpp_orig
real_939,val,real,/workspace/data/raw/ffpp/FaceForensics++_C23/original/939.mp4,ffpp_orig
real_940,train,real,/workspace/data/raw/ffpp/FaceForensics++_C23/original/940.mp4,ffpp_orig
real_941,train,real,/workspace/data/raw/ffpp/FaceForensics++_C23/original/941.mp4,ffpp_orig
real_942,train,real,/workspace/data/raw/ffpp/FaceForensics++_C23/original/942.mp4,ffpp_orig
real_943,train,real,/workspace/data/raw/ffpp/FaceForensics++_C23/original/943.mp4,ffpp_orig
real_944,train,real,/workspace/data/raw/ffpp/FaceForensics++_C23/original/944.mp4,ffpp_orig
real_945,test,real,/workspace/data/raw/ffpp/FaceForensics++_C23/original/945.mp4,ffpp_orig
real_946,train,real,/workspace/data/raw/ffpp/FaceForensics++_C23/original/946.mp4,ffpp_orig
real_947,val,real,/workspace/data/raw/ffpp/FaceForensics++_C23/original/947.mp4,ffpp_orig
real_948,train,real,/workspace/data/raw/ffpp/FaceForensics++_C23/original/948.mp4,ffpp_orig
real_949,test,real,/workspace/data/raw/ffpp/FaceForensics++_C23/original/949.mp4,ffpp_orig
real_950,train,real,/workspace/data/raw/ffpp/FaceForensics++_C23/original/950.mp4,ffpp_orig
real_951,val,real,/workspace/data/raw/ffpp/FaceForensics++_C23/original/951.mp4,ffpp_orig
real_952,train,real,/workspace/data/raw/ffpp/FaceForensics++_C23/original/952.mp4,ffpp_orig
real_953,test,real,/workspace/data/raw/ffpp/FaceForensics++_C23/original/953.mp4,ffpp_orig
real_954,train,real,/workspace/data/raw/ffpp/FaceForensics++_C23/original/954.mp4,ffpp_orig
real_955,test,real,/workspace/data/raw/ffpp/FaceForensics++_C23/original/955.mp4,ffpp_orig
real_956,val,real,/workspace/data/raw/ffpp/FaceForensics++_C23/original/956.mp4,ffpp_orig
real_957,train,real,/workspace/data/raw/ffpp/FaceForensics++_C23/original/957.mp4,ffpp_orig
real_958,val,real,/workspace/data/raw/ffpp/FaceForensics++_C23/original/958.mp4,ffpp_orig
real_959,train,real,/workspace/data/raw/ffpp/FaceForensics++_C23/original/959.mp4,ffpp_orig
real_960,train,real,/workspace/data/raw/ffpp/FaceForensics++_C23/original/960.mp4,ffpp_orig
real_961,train,real,/workspace/data/raw/ffpp/FaceForensics++_C23/original/961.mp4,ffpp_orig
real_962,train,real,/workspace/data/raw/ffpp/FaceForensics++_C23/original/962.mp4,ffpp_orig
real_963,train,real,/workspace/data/raw/ffpp/FaceForensics++_C23/original/963.mp4,ffpp_orig
real_964,train,real,/workspace/data/raw/ffpp/FaceForensics++_C23/original/964.mp4,ffpp_orig
real_965,train,real,/workspace/data/raw/ffpp/FaceForensics++_C23/original/965.mp4,ffpp_orig
real_966,train,real,/workspace/data/raw/ffpp/FaceForensics++_C23/original/966.mp4,ffpp_orig
real_967,train,real,/workspace/data/raw/ffpp/FaceForensics++_C23/original/967.mp4,ffpp_orig
real_968,train,real,/workspace/data/raw/ffpp/FaceForensics++_C23/original/968.mp4,ffpp_orig
real_969,train,real,/workspace/data/raw/ffpp/FaceForensics++_C23/original/969.mp4,ffpp_orig
real_970,test,real,/workspace/data/raw/ffpp/FaceForensics++_C23/original/970.mp4,ffpp_orig
real_971,val,real,/workspace/data/raw/ffpp/FaceForensics++_C23/original/971.mp4,ffpp_orig
real_972,train,real,/workspace/data/raw/ffpp/FaceForensics++_C23/original/972.mp4,ffpp_orig
real_973,test,real,/workspace/data/raw/ffpp/FaceForensics++_C23/original/973.mp4,ffpp_orig
real_974,test,real,/workspace/data/raw/ffpp/FaceForensics++_C23/original/974.mp4,ffpp_orig
real_975,train,real,/workspace/data/raw/ffpp/FaceForensics++_C23/original/975.mp4,ffpp_orig
real_976,train,real,/workspace/data/raw/ffpp/FaceForensics++_C23/original/976.mp4,ffpp_orig
real_977,train,real,/workspace/data/raw/ffpp/FaceForensics++_C23/original/977.mp4,ffpp_orig
real_978,train,real,/workspace/data/raw/ffpp/FaceForensics++_C23/original/978.mp4,ffpp_orig
real_979,val,real,/workspace/data/raw/ffpp/FaceForensics++_C23/original/979.mp4,ffpp_orig
real_980,val,real,/workspace/data/raw/ffpp/FaceForensics++_C23/original/980.mp4,ffpp_orig
real_981,train,real,/workspace/data/raw/ffpp/FaceForensics++_C23/original/981.mp4,ffpp_orig
real_982,val,real,/workspace/data/raw/ffpp/FaceForensics++_C23/original/982.mp4,ffpp_orig
real_983,train,real,/workspace/data/raw/ffpp/FaceForensics++_C23/original/983.mp4,ffpp_orig
real_984,train,real,/workspace/data/raw/ffpp/FaceForensics++_C23/original/984.mp4,ffpp_orig
real_985,train,real,/workspace/data/raw/ffpp/FaceForensics++_C23/original/985.mp4,ffpp_orig
real_986,train,real,/workspace/data/raw/ffpp/FaceForensics++_C23/original/986.mp4,ffpp_orig
real_987,train,real,/workspace/data/raw/ffpp/FaceForensics++_C23/original/987.mp4,ffpp_orig
real_988,train,real,/workspace/data/raw/ffpp/FaceForensics++_C23/original/988.mp4,ffpp_orig
real_989,train,real,/workspace/data/raw/ffpp/FaceForensics++_C23/original/989.mp4,ffpp_orig
real_990,train,real,/workspace/data/raw/ffpp/FaceForensics++_C23/original/990.mp4,ffpp_orig
real_991,val,real,/workspace/data/raw/ffpp/FaceForensics++_C23/original/991.mp4,ffpp_orig
real_992,val,real,/workspace/data/raw/ffpp/FaceForensics++_C23/original/992.mp4,ffpp_orig
real_993,train,real,/workspace/data/raw/ffpp/FaceForensics++_C23/original/993.mp4,ffpp_orig
real_994,train,real,/workspace/data/raw/ffpp/FaceForensics++_C23/original/994.mp4,ffpp_orig
real_995,test,real,/workspace/data/raw/ffpp/FaceForensics++_C23/original/995.mp4,ffpp_orig
real_996,train,real,/workspace/data/raw/ffpp/FaceForensics++_C23/original/996.mp4,ffpp_orig
real_997,train,real,/workspace/data/raw/ffpp/FaceForensics++_C23/original/997.mp4,ffpp_orig
real_998,train,real,/workspace/data/raw/ffpp/FaceForensics++_C23/original/998.mp4,ffpp_orig
real_999,train,real,/workspace/data/raw/ffpp/FaceForensics++_C23/original/999.mp4,ffpp_orig
Deepfakes_000_003,test,fake,/workspace/data/raw/ffpp/FaceForensics++_C23/Deepfakes/000_003.mp4,ffpp_Deepfakes
Deepfakes_001_870,train,fake,/workspace/data/raw/ffpp/FaceForensics++_C23/Deepfakes/001_870.mp4,ffpp_Deepfakes
Deepfakes_002_006,train,fake,/workspace/data/raw/ffpp/FaceForensics++_C23/Deepfakes/002_006.mp4,ffpp_Deepfakes
Deepfakes_003_000,test,fake,/workspace/data/raw/ffpp/FaceForensics++_C23/Deepfakes/003_000.mp4,ffpp_Deepfakes
Deepfakes_004_982,val,fake,/workspace/data/raw/ffpp/FaceForensics++_C23/Deepfakes/004_982.mp4,ffpp_Deepfakes
Deepfakes_005_010,train,fake,/workspace/data/raw/ffpp/FaceForensics++_C23/Deepfakes/005_010.mp4,ffpp_Deepfakes
Deepfakes_006_002,train,fake,/workspace/data/raw/ffpp/FaceForensics++_C23/Deepfakes/006_002.mp4,ffpp_Deepfakes
Deepfakes_007_132,train,fake,/workspace/data/raw/ffpp/FaceForensics++_C23/Deepfakes/007_132.mp4,ffpp_Deepfakes
Deepfakes_008_990,train,fake,/workspace/data/raw/ffpp/FaceForensics++_C23/Deepfakes/008_990.mp4,ffpp_Deepfakes
Deepfakes_009_027,train,fake,/workspace/data/raw/ffpp/FaceForensics++_C23/Deepfakes/009_027.mp4,ffpp_Deepfakes
Deepfakes_010_005,train,fake,/workspace/data/raw/ffpp/FaceForensics++_C23/Deepfakes/010_005.mp4,ffpp_Deepfakes
Deepfakes_011_805,train,fake,/workspace/data/raw/ffpp/FaceForensics++_C23/Deepfakes/011_805.mp4,ffpp_Deepfakes
Deepfakes_012_026,test,fake,/workspace/data/raw/ffpp/FaceForensics++_C23/Deepfakes/012_026.mp4,ffpp_Deepfakes
Deepfakes_013_883,train,fake,/workspace/data/raw/ffpp/FaceForensics++_C23/Deepfakes/013_883.mp4,ffpp_Deepfakes
Deepfakes_014_790,train,fake,/workspace/data/raw/ffpp/FaceForensics++_C23/Deepfakes/014_790.mp4,ffpp_Deepfakes
Deepfakes_015_919,test,fake,/workspace/data/raw/ffpp/FaceForensics++_C23/Deepfakes/015_919.mp4,ffpp_Deepfakes
Deepfakes_016_209,train,fake,/workspace/data/raw/ffpp/FaceForensics++_C23/Deepfakes/016_209.mp4,ffpp_Deepfakes
Deepfakes_017_803,train,fake,/workspace/data/raw/ffpp/FaceForensics++_C23/Deepfakes/017_803.mp4,ffpp_Deepfakes
Deepfakes_018_019,train,fake,/workspace/data/raw/ffpp/FaceForensics++_C23/Deepfakes/018_019.mp4,ffpp_Deepfakes
Deepfakes_019_018,train,fake,/workspace/data/raw/ffpp/FaceForensics++_C23/Deepfakes/019_018.mp4,ffpp_Deepfakes
Deepfakes_020_344,train,fake,/workspace/data/raw/ffpp/FaceForensics++_C23/Deepfakes/020_344.mp4,ffpp_Deepfakes
Deepfakes_021_312,train,fake,/workspace/data/raw/ffpp/FaceForensics++_C23/Deepfakes/021_312.mp4,ffpp_Deepfakes
Deepfakes_022_489,train,fake,/workspace/data/raw/ffpp/FaceForensics++_C23/Deepfakes/022_489.mp4,ffpp_Deepfakes
Deepfakes_023_923,val,fake,/workspace/data/raw/ffpp/FaceForensics++_C23/Deepfakes/023_923.mp4,ffpp_Deepfakes
Deepfakes_024_073,test,fake,/workspace/data/raw/ffpp/FaceForensics++_C23/Deepfakes/024_073.mp4,ffpp_Deepfakes
Deepfakes_025_067,train,fake,/workspace/data/raw/ffpp/FaceForensics++_C23/Deepfakes/025_067.mp4,ffpp_Deepfakes
Deepfakes_026_012,test,fake,/workspace/data/raw/ffpp/FaceForensics++_C23/Deepfakes/026_012.mp4,ffpp_Deepfakes
Deepfakes_027_009,train,fake,/workspace/data/raw/ffpp/FaceForensics++_C23/Deepfakes/027_009.mp4,ffpp_Deepfakes
Deepfakes_028_068,train,fake,/workspace/data/raw/ffpp/FaceForensics++_C23/Deepfakes/028_068.mp4,ffpp_Deepfakes
Deepfakes_029_048,test,fake,/workspace/data/raw/ffpp/FaceForensics++_C23/Deepfakes/029_048.mp4,ffpp_Deepfakes
Deepfakes_030_193,train,fake,/workspace/data/raw/ffpp/FaceForensics++_C23/Deepfakes/030_193.mp4,ffpp_Deepfakes
Deepfakes_031_163,train,fake,/workspace/data/raw/ffpp/FaceForensics++_C23/Deepfakes/031_163.mp4,ffpp_Deepfakes
Deepfakes_032_944,train,fake,/workspace/data/raw/ffpp/FaceForensics++_C23/Deepfakes/032_944.mp4,ffpp_Deepfakes
Deepfakes_033_097,train,fake,/workspace/data/raw/ffpp/FaceForensics++_C23/Deepfakes/033_097.mp4,ffpp_Deepfakes
Deepfakes_034_590,train,fake,/workspace/data/raw/ffpp/FaceForensics++_C23/Deepfakes/034_590.mp4,ffpp_Deepfakes
Deepfakes_035_036,test,fake,/workspace/data/raw/ffpp/FaceForensics++_C23/Deepfakes/035_036.mp4,ffpp_Deepfakes
Deepfakes_036_035,test,fake,/workspace/data/raw/ffpp/FaceForensics++_C23/Deepfakes/036_035.mp4,ffpp_Deepfakes
Deepfakes_037_072,train,fake,/workspace/data/raw/ffpp/FaceForensics++_C23/Deepfakes/037_072.mp4,ffpp_Deepfakes
Deepfakes_038_125,train,fake,/workspace/data/raw/ffpp/FaceForensics++_C23/Deepfakes/038_125.mp4,ffpp_Deepfakes
Deepfakes_039_058,train,fake,/workspace/data/raw/ffpp/FaceForensics++_C23/Deepfakes/039_058.mp4,ffpp_Deepfakes
Deepfakes_040_997,train,fake,/workspace/data/raw/ffpp/FaceForensics++_C23/Deepfakes/040_997.mp4,ffpp_Deepfakes
Deepfakes_041_063,train,fake,/workspace/data/raw/ffpp/FaceForensics++_C23/Deepfakes/041_063.mp4,ffpp_Deepfakes
Deepfakes_042_084,val,fake,/workspace/data/raw/ffpp/FaceForensics++_C23/Deepfakes/042_084.mp4,ffpp_Deepfakes
Deepfakes_043_110,train,fake,/workspace/data/raw/ffpp/FaceForensics++_C23/Deepfakes/043_110.mp4,ffpp_Deepfakes
Deepfakes_044_945,test,fake,/workspace/data/raw/ffpp/FaceForensics++_C23/Deepfakes/044_945.mp4,ffpp_Deepfakes
Deepfakes_045_889,train,fake,/workspace/data/raw/ffpp/FaceForensics++_C23/Deepfakes/045_889.mp4,ffpp_Deepfakes
Deepfakes_046_904,val,fake,/workspace/data/raw/ffpp/FaceForensics++_C23/Deepfakes/046_904.mp4,ffpp_Deepfakes
Deepfakes_047_862,test,fake,/workspace/data/raw/ffpp/FaceForensics++_C23/Deepfakes/047_862.mp4,ffpp_Deepfakes
Deepfakes_048_029,test,fake,/workspace/data/raw/ffpp/FaceForensics++_C23/Deepfakes/048_029.mp4,ffpp_Deepfakes
Deepfakes_049_946,train,fake,/workspace/data/raw/ffpp/FaceForensics++_C23/Deepfakes/049_946.mp4,ffpp_Deepfakes
Deepfakes_050_059,train,fake,/workspace/data/raw/ffpp/FaceForensics++_C23/Deepfakes/050_059.mp4,ffpp_Deepfakes
Deepfakes_051_332,train,fake,/workspace/data/raw/ffpp/FaceForensics++_C23/Deepfakes/051_332.mp4,ffpp_Deepfakes
Deepfakes_052_108,train,fake,/workspace/data/raw/ffpp/FaceForensics++_C23/Deepfakes/052_108.mp4,ffpp_Deepfakes
Deepfakes_053_095,train,fake,/workspace/data/raw/ffpp/FaceForensics++_C23/Deepfakes/053_095.mp4,ffpp_Deepfakes
Deepfakes_054_071,train,fake,/workspace/data/raw/ffpp/FaceForensics++_C23/Deepfakes/054_071.mp4,ffpp_Deepfakes
Deepfakes_055_147,train,fake,/workspace/data/raw/ffpp/FaceForensics++_C23/Deepfakes/055_147.mp4,ffpp_Deepfakes
Deepfakes_056_996,train,fake,/workspace/data/raw/ffpp/FaceForensics++_C23/Deepfakes/056_996.mp4,ffpp_Deepfakes
Deepfakes_057_070,train,fake,/workspace/data/raw/ffpp/FaceForensics++_C23/Deepfakes/057_070.mp4,ffpp_Deepfakes
Deepfakes_058_039,train,fake,/workspace/data/raw/ffpp/FaceForensics++_C23/Deepfakes/058_039.mp4,ffpp_Deepfakes
Deepfakes_059_050,train,fake,/workspace/data/raw/ffpp/FaceForensics++_C23/Deepfakes/059_050.mp4,ffpp_Deepfakes
Deepfakes_060_088,train,fake,/workspace/data/raw/ffpp/FaceForensics++_C23/Deepfakes/060_088.mp4,ffpp_Deepfakes
Deepfakes_061_080,train,fake,/workspace/data/raw/ffpp/FaceForensics++_C23/Deepfakes/061_080.mp4,ffpp_Deepfakes
Deepfakes_062_066,train,fake,/workspace/data/raw/ffpp/FaceForensics++_C23/Deepfakes/062_066.mp4,ffpp_Deepfakes
Deepfakes_063_041,train,fake,/workspace/data/raw/ffpp/FaceForensics++_C23/Deepfakes/063_041.mp4,ffpp_Deepfakes
Deepfakes_064_991,val,fake,/workspace/data/raw/ffpp/FaceForensics++_C23/Deepfakes/064_991.mp4,ffpp_Deepfakes
Deepfakes_065_089,train,fake,/workspace/data/raw/ffpp/FaceForensics++_C23/Deepfakes/065_089.mp4,ffpp_Deepfakes
Deepfakes_066_062,train,fake,/workspace/data/raw/ffpp/FaceForensics++_C23/Deepfakes/066_062.mp4,ffpp_Deepfakes
Deepfakes_067_025,train,fake,/workspace/data/raw/ffpp/FaceForensics++_C23/Deepfakes/067_025.mp4,ffpp_Deepfakes
Deepfakes_068_028,train,fake,/workspace/data/raw/ffpp/FaceForensics++_C23/Deepfakes/068_028.mp4,ffpp_Deepfakes
Deepfakes_069_961,train,fake,/workspace/data/raw/ffpp/FaceForensics++_C23/Deepfakes/069_961.mp4,ffpp_Deepfakes
Deepfakes_070_057,train,fake,/workspace/data/raw/ffpp/FaceForensics++_C23/Deepfakes/070_057.mp4,ffpp_Deepfakes
Deepfakes_071_054,train,fake,/workspace/data/raw/ffpp/FaceForensics++_C23/Deepfakes/071_054.mp4,ffpp_Deepfakes
Deepfakes_072_037,train,fake,/workspace/data/raw/ffpp/FaceForensics++_C23/Deepfakes/072_037.mp4,ffpp_Deepfakes
Deepfakes_073_024,test,fake,/workspace/data/raw/ffpp/FaceForensics++_C23/Deepfakes/073_024.mp4,ffpp_Deepfakes
Deepfakes_074_825,train,fake,/workspace/data/raw/ffpp/FaceForensics++_C23/Deepfakes/074_825.mp4,ffpp_Deepfakes
Deepfakes_075_977,train,fake,/workspace/data/raw/ffpp/FaceForensics++_C23/Deepfakes/075_977.mp4,ffpp_Deepfakes
Deepfakes_076_079,train,fake,/workspace/data/raw/ffpp/FaceForensics++_C23/Deepfakes/076_079.mp4,ffpp_Deepfakes
Deepfakes_077_100,train,fake,/workspace/data/raw/ffpp/FaceForensics++_C23/Deepfakes/077_100.mp4,ffpp_Deepfakes
Deepfakes_078_955,test,fake,/workspace/data/raw/ffpp/FaceForensics++_C23/Deepfakes/078_955.mp4,ffpp_Deepfakes
Deepfakes_079_076,train,fake,/workspace/data/raw/ffpp/FaceForensics++_C23/Deepfakes/079_076.mp4,ffpp_Deepfakes
Deepfakes_080_061,train,fake,/workspace/data/raw/ffpp/FaceForensics++_C23/Deepfakes/080_061.mp4,ffpp_Deepfakes
Deepfakes_081_087,train,fake,/workspace/data/raw/ffpp/FaceForensics++_C23/Deepfakes/081_087.mp4,ffpp_Deepfakes
Deepfakes_082_103,train,fake,/workspace/data/raw/ffpp/FaceForensics++_C23/Deepfakes/082_103.mp4,ffpp_Deepfakes
Deepfakes_083_213,train,fake,/workspace/data/raw/ffpp/FaceForensics++_C23/Deepfakes/083_213.mp4,ffpp_Deepfakes
Deepfakes_084_042,val,fake,/workspace/data/raw/ffpp/FaceForensics++_C23/Deepfakes/084_042.mp4,ffpp_Deepfakes
Deepfakes_085_124,train,fake,/workspace/data/raw/ffpp/FaceForensics++_C23/Deepfakes/085_124.mp4,ffpp_Deepfakes
Deepfakes_086_090,train,fake,/workspace/data/raw/ffpp/FaceForensics++_C23/Deepfakes/086_090.mp4,ffpp_Deepfakes
Deepfakes_087_081,train,fake,/workspace/data/raw/ffpp/FaceForensics++_C23/Deepfakes/087_081.mp4,ffpp_Deepfakes
Deepfakes_088_060,train,fake,/workspace/data/raw/ffpp/FaceForensics++_C23/Deepfakes/088_060.mp4,ffpp_Deepfakes
Deepfakes_089_065,train,fake,/workspace/data/raw/ffpp/FaceForensics++_C23/Deepfakes/089_065.mp4,ffpp_Deepfakes
Deepfakes_090_086,train,fake,/workspace/data/raw/ffpp/FaceForensics++_C23/Deepfakes/090_086.mp4,ffpp_Deepfakes
Deepfakes_091_116,val,fake,/workspace/data/raw/ffpp/FaceForensics++_C23/Deepfakes/091_116.mp4,ffpp_Deepfakes
Deepfakes_092_098,train,fake,/workspace/data/raw/ffpp/FaceForensics++_C23/Deepfakes/092_098.mp4,ffpp_Deepfakes
Deepfakes_093_121,train,fake,/workspace/data/raw/ffpp/FaceForensics++_C23/Deepfakes/093_121.mp4,ffpp_Deepfakes
Deepfakes_094_111,train,fake,/workspace/data/raw/ffpp/FaceForensics++_C23/Deepfakes/094_111.mp4,ffpp_Deepfakes
Deepfakes_095_053,train,fake,/workspace/data/raw/ffpp/FaceForensics++_C23/Deepfakes/095_053.mp4,ffpp_Deepfakes
Deepfakes_096_101,train,fake,/workspace/data/raw/ffpp/FaceForensics++_C23/Deepfakes/096_101.mp4,ffpp_Deepfakes
Deepfakes_097_033,train,fake,/workspace/data/raw/ffpp/FaceForensics++_C23/Deepfakes/097_033.mp4,ffpp_Deepfakes
Deepfakes_098_092,train,fake,/workspace/data/raw/ffpp/FaceForensics++_C23/Deepfakes/098_092.mp4,ffpp_Deepfakes
Deepfakes_099_295,train,fake,/workspace/data/raw/ffpp/FaceForensics++_C23/Deepfakes/099_295.mp4,ffpp_Deepfakes
Deepfakes_100_077,train,fake,/workspace/data/raw/ffpp/FaceForensics++_C23/Deepfakes/100_077.mp4,ffpp_Deepfakes
Deepfakes_101_096,train,fake,/workspace/data/raw/ffpp/FaceForensics++_C23/Deepfakes/101_096.mp4,ffpp_Deepfakes
Deepfakes_102_114,test,fake,/workspace/data/raw/ffpp/FaceForensics++_C23/Deepfakes/102_114.mp4,ffpp_Deepfakes
Deepfakes_103_082,train,fake,/workspace/data/raw/ffpp/FaceForensics++_C23/Deepfakes/103_082.mp4,ffpp_Deepfakes
Deepfakes_104_126,val,fake,/workspace/data/raw/ffpp/FaceForensics++_C23/Deepfakes/104_126.mp4,ffpp_Deepfakes
Deepfakes_105_180,train,fake,/workspace/data/raw/ffpp/FaceForensics++_C23/Deepfakes/105_180.mp4,ffpp_Deepfakes
Deepfakes_106_198,val,fake,/workspace/data/raw/ffpp/FaceForensics++_C23/Deepfakes/106_198.mp4,ffpp_Deepfakes
Deepfakes_107_109,train,fake,/workspace/data/raw/ffpp/FaceForensics++_C23/Deepfakes/107_109.mp4,ffpp_Deepfakes
Deepfakes_108_052,train,fake,/workspace/data/raw/ffpp/FaceForensics++_C23/Deepfakes/108_052.mp4,ffpp_Deepfakes
Deepfakes_109_107,train,fake,/workspace/data/raw/ffpp/FaceForensics++_C23/Deepfakes/109_107.mp4,ffpp_Deepfakes
Deepfakes_110_043,train,fake,/workspace/data/raw/ffpp/FaceForensics++_C23/Deepfakes/110_043.mp4,ffpp_Deepfakes
Deepfakes_111_094,train,fake,/workspace/data/raw/ffpp/FaceForensics++_C23/Deepfakes/111_094.mp4,ffpp_Deepfakes
Deepfakes_112_892,train,fake,/workspace/data/raw/ffpp/FaceForensics++_C23/Deepfakes/112_892.mp4,ffpp_Deepfakes
Deepfakes_113_983,train,fake,/workspace/data/raw/ffpp/FaceForensics++_C23/Deepfakes/113_983.mp4,ffpp_Deepfakes
Deepfakes_114_102,test,fake,/workspace/data/raw/ffpp/FaceForensics++_C23/Deepfakes/114_102.mp4,ffpp_Deepfakes
Deepfakes_115_939,val,fake,/workspace/data/raw/ffpp/FaceForensics++_C23/Deepfakes/115_939.mp4,ffpp_Deepfakes
Deepfakes_116_091,val,fake,/workspace/data/raw/ffpp/FaceForensics++_C23/Deepfakes/116_091.mp4,ffpp_Deepfakes
Deepfakes_117_217,train,fake,/workspace/data/raw/ffpp/FaceForensics++_C23/Deepfakes/117_217.mp4,ffpp_Deepfakes
Deepfakes_118_120,train,fake,/workspace/data/raw/ffpp/FaceForensics++_C23/Deepfakes/118_120.mp4,ffpp_Deepfakes
Deepfakes_119_123,train,fake,/workspace/data/raw/ffpp/FaceForensics++_C23/Deepfakes/119_123.mp4,ffpp_Deepfakes
Deepfakes_120_118,train,fake,/workspace/data/raw/ffpp/FaceForensics++_C23/Deepfakes/120_118.mp4,ffpp_Deepfakes
Deepfakes_121_093,train,fake,/workspace/data/raw/ffpp/FaceForensics++_C23/Deepfakes/121_093.mp4,ffpp_Deepfakes
Deepfakes_122_144,train,fake,/workspace/data/raw/ffpp/FaceForensics++_C23/Deepfakes/122_144.mp4,ffpp_Deepfakes
Deepfakes_123_119,train,fake,/workspace/data/raw/ffpp/FaceForensics++_C23/Deepfakes/123_119.mp4,ffpp_Deepfakes
Deepfakes_124_085,train,fake,/workspace/data/raw/ffpp/FaceForensics++_C23/Deepfakes/124_085.mp4,ffpp_Deepfakes
Deepfakes_125_038,train,fake,/workspace/data/raw/ffpp/FaceForensics++_C23/Deepfakes/125_038.mp4,ffpp_Deepfakes
Deepfakes_126_104,val,fake,/workspace/data/raw/ffpp/FaceForensics++_C23/Deepfakes/126_104.mp4,ffpp_Deepfakes
Deepfakes_127_129,train,fake,/workspace/data/raw/ffpp/FaceForensics++_C23/Deepfakes/127_129.mp4,ffpp_Deepfakes
Deepfakes_128_896,test,fake,/workspace/data/raw/ffpp/FaceForensics++_C23/Deepfakes/128_896.mp4,ffpp_Deepfakes
Deepfakes_129_127,train,fake,/workspace/data/raw/ffpp/FaceForensics++_C23/Deepfakes/129_127.mp4,ffpp_Deepfakes
Deepfakes_130_139,train,fake,/workspace/data/raw/ffpp/FaceForensics++_C23/Deepfakes/130_139.mp4,ffpp_Deepfakes
Deepfakes_131_518,train,fake,/workspace/data/raw/ffpp/FaceForensics++_C23/Deepfakes/131_518.mp4,ffpp_Deepfakes
Deepfakes_132_007,train,fake,/workspace/data/raw/ffpp/FaceForensics++_C23/Deepfakes/132_007.mp4,ffpp_Deepfakes
Deepfakes_133_148,train,fake,/workspace/data/raw/ffpp/FaceForensics++_C23/Deepfakes/133_148.mp4,ffpp_Deepfakes
Deepfakes_134_192,val,fake,/workspace/data/raw/ffpp/FaceForensics++_C23/Deepfakes/134_192.mp4,ffpp_Deepfakes
Deepfakes_135_880,test,fake,/workspace/data/raw/ffpp/FaceForensics++_C23/Deepfakes/135_880.mp4,ffpp_Deepfakes
Deepfakes_136_285,train,fake,/workspace/data/raw/ffpp/FaceForensics++_C23/Deepfakes/136_285.mp4,ffpp_Deepfakes
Deepfakes_137_165,train,fake,/workspace/data/raw/ffpp/FaceForensics++_C23/Deepfakes/137_165.mp4,ffpp_Deepfakes
Deepfakes_138_142,test,fake,/workspace/data/raw/ffpp/FaceForensics++_C23/Deepfakes/138_142.mp4,ffpp_Deepfakes
Deepfakes_139_130,train,fake,/workspace/data/raw/ffpp/FaceForensics++_C23/Deepfakes/139_130.mp4,ffpp_Deepfakes
Deepfakes_140_143,train,fake,/workspace/data/raw/ffpp/FaceForensics++_C23/Deepfakes/140_143.mp4,ffpp_Deepfakes
Deepfakes_141_161,test,fake,/workspace/data/raw/ffpp/FaceForensics++_C23/Deepfakes/141_161.mp4,ffpp_Deepfakes
Deepfakes_142_138,test,fake,/workspace/data/raw/ffpp/FaceForensics++_C23/Deepfakes/142_138.mp4,ffpp_Deepfakes
Deepfakes_143_140,train,fake,/workspace/data/raw/ffpp/FaceForensics++_C23/Deepfakes/143_140.mp4,ffpp_Deepfakes
Deepfakes_144_122,train,fake,/workspace/data/raw/ffpp/FaceForensics++_C23/Deepfakes/144_122.mp4,ffpp_Deepfakes
Deepfakes_145_299,val,fake,/workspace/data/raw/ffpp/FaceForensics++_C23/Deepfakes/145_299.mp4,ffpp_Deepfakes
Deepfakes_146_256,train,fake,/workspace/data/raw/ffpp/FaceForensics++_C23/Deepfakes/146_256.mp4,ffpp_Deepfakes
Deepfakes_147_055,train,fake,/workspace/data/raw/ffpp/FaceForensics++_C23/Deepfakes/147_055.mp4,ffpp_Deepfakes
Deepfakes_148_133,train,fake,/workspace/data/raw/ffpp/FaceForensics++_C23/Deepfakes/148_133.mp4,ffpp_Deepfakes
Deepfakes_149_152,train,fake,/workspace/data/raw/ffpp/FaceForensics++_C23/Deepfakes/149_152.mp4,ffpp_Deepfakes
Deepfakes_150_153,train,fake,/workspace/data/raw/ffpp/FaceForensics++_C23/Deepfakes/150_153.mp4,ffpp_Deepfakes
Deepfakes_151_225,train,fake,/workspace/data/raw/ffpp/FaceForensics++_C23/Deepfakes/151_225.mp4,ffpp_Deepfakes
Deepfakes_152_149,train,fake,/workspace/data/raw/ffpp/FaceForensics++_C23/Deepfakes/152_149.mp4,ffpp_Deepfakes
Deepfakes_153_150,train,fake,/workspace/data/raw/ffpp/FaceForensics++_C23/Deepfakes/153_150.mp4,ffpp_Deepfakes
Deepfakes_154_386,test,fake,/workspace/data/raw/ffpp/FaceForensics++_C23/Deepfakes/154_386.mp4,ffpp_Deepfakes
Deepfakes_155_576,train,fake,/workspace/data/raw/ffpp/FaceForensics++_C23/Deepfakes/155_576.mp4,ffpp_Deepfakes
Deepfakes_156_243,train,fake,/workspace/data/raw/ffpp/FaceForensics++_C23/Deepfakes/156_243.mp4,ffpp_Deepfakes
Deepfakes_157_245,val,fake,/workspace/data/raw/ffpp/FaceForensics++_C23/Deepfakes/157_245.mp4,ffpp_Deepfakes
Deepfakes_158_379,test,fake,/workspace/data/raw/ffpp/FaceForensics++_C23/Deepfakes/158_379.mp4,ffpp_Deepfakes
Deepfakes_159_175,val,fake,/workspace/data/raw/ffpp/FaceForensics++_C23/Deepfakes/159_175.mp4,ffpp_Deepfakes
Deepfakes_160_928,train,fake,/workspace/data/raw/ffpp/FaceForensics++_C23/Deepfakes/160_928.mp4,ffpp_Deepfakes
Deepfakes_161_141,test,fake,/workspace/data/raw/ffpp/FaceForensics++_C23/Deepfakes/161_141.mp4,ffpp_Deepfakes
Deepfakes_162_330,train,fake,/workspace/data/raw/ffpp/FaceForensics++_C23/Deepfakes/162_330.mp4,ffpp_Deepfakes
Deepfakes_163_031,train,fake,/workspace/data/raw/ffpp/FaceForensics++_C23/Deepfakes/163_031.mp4,ffpp_Deepfakes
Deepfakes_164_216,train,fake,/workspace/data/raw/ffpp/FaceForensics++_C23/Deepfakes/164_216.mp4,ffpp_Deepfakes
Deepfakes_165_137,train,fake,/workspace/data/raw/ffpp/FaceForensics++_C23/Deepfakes/165_137.mp4,ffpp_Deepfakes
Deepfakes_166_167,train,fake,/workspace/data/raw/ffpp/FaceForensics++_C23/Deepfakes/166_167.mp4,ffpp_Deepfakes
Deepfakes_167_166,train,fake,/workspace/data/raw/ffpp/FaceForensics++_C23/Deepfakes/167_166.mp4,ffpp_Deepfakes
Deepfakes_168_222,train,fake,/workspace/data/raw/ffpp/FaceForensics++_C23/Deepfakes/168_222.mp4,ffpp_Deepfakes
Deepfakes_169_227,test,fake,/workspace/data/raw/ffpp/FaceForensics++_C23/Deepfakes/169_227.mp4,ffpp_Deepfakes
Deepfakes_170_186,test,fake,/workspace/data/raw/ffpp/FaceForensics++_C23/Deepfakes/170_186.mp4,ffpp_Deepfakes
Deepfakes_171_173,train,fake,/workspace/data/raw/ffpp/FaceForensics++_C23/Deepfakes/171_173.mp4,ffpp_Deepfakes
Deepfakes_172_582,train,fake,/workspace/data/raw/ffpp/FaceForensics++_C23/Deepfakes/172_582.mp4,ffpp_Deepfakes
Deepfakes_173_171,train,fake,/workspace/data/raw/ffpp/FaceForensics++_C23/Deepfakes/173_171.mp4,ffpp_Deepfakes
Deepfakes_174_964,train,fake,/workspace/data/raw/ffpp/FaceForensics++_C23/Deepfakes/174_964.mp4,ffpp_Deepfakes
Deepfakes_175_159,val,fake,/workspace/data/raw/ffpp/FaceForensics++_C23/Deepfakes/175_159.mp4,ffpp_Deepfakes
Deepfakes_176_190,test,fake,/workspace/data/raw/ffpp/FaceForensics++_C23/Deepfakes/176_190.mp4,ffpp_Deepfakes
Deepfakes_177_211,train,fake,/workspace/data/raw/ffpp/FaceForensics++_C23/Deepfakes/177_211.mp4,ffpp_Deepfakes
Deepfakes_178_598,train,fake,/workspace/data/raw/ffpp/FaceForensics++_C23/Deepfakes/178_598.mp4,ffpp_Deepfakes
Deepfakes_179_212,train,fake,/workspace/data/raw/ffpp/FaceForensics++_C23/Deepfakes/179_212.mp4,ffpp_Deepfakes
Deepfakes_180_105,train,fake,/workspace/data/raw/ffpp/FaceForensics++_C23/Deepfakes/180_105.mp4,ffpp_Deepfakes
Deepfakes_181_199,train,fake,/workspace/data/raw/ffpp/FaceForensics++_C23/Deepfakes/181_199.mp4,ffpp_Deepfakes
Deepfakes_182_242,train,fake,/workspace/data/raw/ffpp/FaceForensics++_C23/Deepfakes/182_242.mp4,ffpp_Deepfakes
Deepfakes_183_253,train,fake,/workspace/data/raw/ffpp/FaceForensics++_C23/Deepfakes/183_253.mp4,ffpp_Deepfakes
Deepfakes_184_205,train,fake,/workspace/data/raw/ffpp/FaceForensics++_C23/Deepfakes/184_205.mp4,ffpp_Deepfakes
Deepfakes_185_276,train,fake,/workspace/data/raw/ffpp/FaceForensics++_C23/Deepfakes/185_276.mp4,ffpp_Deepfakes
Deepfakes_186_170,test,fake,/workspace/data/raw/ffpp/FaceForensics++_C23/Deepfakes/186_170.mp4,ffpp_Deepfakes
Deepfakes_187_234,train,fake,/workspace/data/raw/ffpp/FaceForensics++_C23/Deepfakes/187_234.mp4,ffpp_Deepfakes
Deepfakes_188_191,train,fake,/workspace/data/raw/ffpp/FaceForensics++_C23/Deepfakes/188_191.mp4,ffpp_Deepfakes
Deepfakes_189_200,train,fake,/workspace/data/raw/ffpp/FaceForensics++_C23/Deepfakes/189_200.mp4,ffpp_Deepfakes
Deepfakes_190_176,test,fake,/workspace/data/raw/ffpp/FaceForensics++_C23/Deepfakes/190_176.mp4,ffpp_Deepfakes
Deepfakes_191_188,train,fake,/workspace/data/raw/ffpp/FaceForensics++_C23/Deepfakes/191_188.mp4,ffpp_Deepfakes
Deepfakes_192_134,val,fake,/workspace/data/raw/ffpp/FaceForensics++_C23/Deepfakes/192_134.mp4,ffpp_Deepfakes
Deepfakes_193_030,train,fake,/workspace/data/raw/ffpp/FaceForensics++_C23/Deepfakes/193_030.mp4,ffpp_Deepfakes
Deepfakes_194_235,train,fake,/workspace/data/raw/ffpp/FaceForensics++_C23/Deepfakes/194_235.mp4,ffpp_Deepfakes
Deepfakes_195_442,train,fake,/workspace/data/raw/ffpp/FaceForensics++_C23/Deepfakes/195_442.mp4,ffpp_Deepfakes
Deepfakes_196_310,train,fake,/workspace/data/raw/ffpp/FaceForensics++_C23/Deepfakes/196_310.mp4,ffpp_Deepfakes
Deepfakes_197_224,train,fake,/workspace/data/raw/ffpp/FaceForensics++_C23/Deepfakes/197_224.mp4,ffpp_Deepfakes
Deepfakes_198_106,val,fake,/workspace/data/raw/ffpp/FaceForensics++_C23/Deepfakes/198_106.mp4,ffpp_Deepfakes
Deepfakes_199_181,train,fake,/workspace/data/raw/ffpp/FaceForensics++_C23/Deepfakes/199_181.mp4,ffpp_Deepfakes
Deepfakes_200_189,train,fake,/workspace/data/raw/ffpp/FaceForensics++_C23/Deepfakes/200_189.mp4,ffpp_Deepfakes
Deepfakes_201_203,train,fake,/workspace/data/raw/ffpp/FaceForensics++_C23/Deepfakes/201_203.mp4,ffpp_Deepfakes
Deepfakes_202_348,train,fake,/workspace/data/raw/ffpp/FaceForensics++_C23/Deepfakes/202_348.mp4,ffpp_Deepfakes
Deepfakes_203_201,train,fake,/workspace/data/raw/ffpp/FaceForensics++_C23/Deepfakes/203_201.mp4,ffpp_Deepfakes
Deepfakes_204_230,train,fake,/workspace/data/raw/ffpp/FaceForensics++_C23/Deepfakes/204_230.mp4,ffpp_Deepfakes
Deepfakes_205_184,train,fake,/workspace/data/raw/ffpp/FaceForensics++_C23/Deepfakes/205_184.mp4,ffpp_Deepfakes
Deepfakes_206_221,train,fake,/workspace/data/raw/ffpp/FaceForensics++_C23/Deepfakes/206_221.mp4,ffpp_Deepfakes
Deepfakes_207_908,train,fake,/workspace/data/raw/ffpp/FaceForensics++_C23/Deepfakes/207_908.mp4,ffpp_Deepfakes
Deepfakes_208_215,train,fake,/workspace/data/raw/ffpp/FaceForensics++_C23/Deepfakes/208_215.mp4,ffpp_Deepfakes
Deepfakes_209_016,train,fake,/workspace/data/raw/ffpp/FaceForensics++_C23/Deepfakes/209_016.mp4,ffpp_Deepfakes
Deepfakes_210_241,train,fake,/workspace/data/raw/ffpp/FaceForensics++_C23/Deepfakes/210_241.mp4,ffpp_Deepfakes
Deepfakes_211_177,train,fake,/workspace/data/raw/ffpp/FaceForensics++_C23/Deepfakes/211_177.mp4,ffpp_Deepfakes
Deepfakes_212_179,train,fake,/workspace/data/raw/ffpp/FaceForensics++_C23/Deepfakes/212_179.mp4,ffpp_Deepfakes
Deepfakes_213_083,train,fake,/workspace/data/raw/ffpp/FaceForensics++_C23/Deepfakes/213_083.mp4,ffpp_Deepfakes
Deepfakes_214_255,test,fake,/workspace/data/raw/ffpp/FaceForensics++_C23/Deepfakes/214_255.mp4,ffpp_Deepfakes
Deepfakes_215_208,train,fake,/workspace/data/raw/ffpp/FaceForensics++_C23/Deepfakes/215_208.mp4,ffpp_Deepfakes
Deepfakes_216_164,train,fake,/workspace/data/raw/ffpp/FaceForensics++_C23/Deepfakes/216_164.mp4,ffpp_Deepfakes
Deepfakes_217_117,train,fake,/workspace/data/raw/ffpp/FaceForensics++_C23/Deepfakes/217_117.mp4,ffpp_Deepfakes
Deepfakes_218_239,train,fake,/workspace/data/raw/ffpp/FaceForensics++_C23/Deepfakes/218_239.mp4,ffpp_Deepfakes
Deepfakes_219_220,test,fake,/workspace/data/raw/ffpp/FaceForensics++_C23/Deepfakes/219_220.mp4,ffpp_Deepfakes
Deepfakes_220_219,test,fake,/workspace/data/raw/ffpp/FaceForensics++_C23/Deepfakes/220_219.mp4,ffpp_Deepfakes
Deepfakes_221_206,train,fake,/workspace/data/raw/ffpp/FaceForensics++_C23/Deepfakes/221_206.mp4,ffpp_Deepfakes
Deepfakes_222_168,train,fake,/workspace/data/raw/ffpp/FaceForensics++_C23/Deepfakes/222_168.mp4,ffpp_Deepfakes
Deepfakes_223_586,val,fake,/workspace/data/raw/ffpp/FaceForensics++_C23/Deepfakes/223_586.mp4,ffpp_Deepfakes
Deepfakes_224_197,train,fake,/workspace/data/raw/ffpp/FaceForensics++_C23/Deepfakes/224_197.mp4,ffpp_Deepfakes
Deepfakes_225_151,train,fake,/workspace/data/raw/ffpp/FaceForensics++_C23/Deepfakes/225_151.mp4,ffpp_Deepfakes
Deepfakes_226_491,train,fake,/workspace/data/raw/ffpp/FaceForensics++_C23/Deepfakes/226_491.mp4,ffpp_Deepfakes
Deepfakes_227_169,test,fake,/workspace/data/raw/ffpp/FaceForensics++_C23/Deepfakes/227_169.mp4,ffpp_Deepfakes
Deepfakes_228_289,train,fake,/workspace/data/raw/ffpp/FaceForensics++_C23/Deepfakes/228_289.mp4,ffpp_Deepfakes
Deepfakes_229_247,train,fake,/workspace/data/raw/ffpp/FaceForensics++_C23/Deepfakes/229_247.mp4,ffpp_Deepfakes
Deepfakes_230_204,train,fake,/workspace/data/raw/ffpp/FaceForensics++_C23/Deepfakes/230_204.mp4,ffpp_Deepfakes
Deepfakes_231_663,train,fake,/workspace/data/raw/ffpp/FaceForensics++_C23/Deepfakes/231_663.mp4,ffpp_Deepfakes
Deepfakes_232_248,train,fake,/workspace/data/raw/ffpp/FaceForensics++_C23/Deepfakes/232_248.mp4,ffpp_Deepfakes
Deepfakes_233_995,test,fake,/workspace/data/raw/ffpp/FaceForensics++_C23/Deepfakes/233_995.mp4,ffpp_Deepfakes
Deepfakes_234_187,train,fake,/workspace/data/raw/ffpp/FaceForensics++_C23/Deepfakes/234_187.mp4,ffpp_Deepfakes
Deepfakes_235_194,train,fake,/workspace/data/raw/ffpp/FaceForensics++_C23/Deepfakes/235_194.mp4,ffpp_Deepfakes
Deepfakes_236_237,train,fake,/workspace/data/raw/ffpp/FaceForensics++_C23/Deepfakes/236_237.mp4,ffpp_Deepfakes
Deepfakes_237_236,train,fake,/workspace/data/raw/ffpp/FaceForensics++_C23/Deepfakes/237_236.mp4,ffpp_Deepfakes
Deepfakes_238_282,train,fake,/workspace/data/raw/ffpp/FaceForensics++_C23/Deepfakes/238_282.mp4,ffpp_Deepfakes
Deepfakes_239_218,train,fake,/workspace/data/raw/ffpp/FaceForensics++_C23/Deepfakes/239_218.mp4,ffpp_Deepfakes
Deepfakes_240_290,train,fake,/workspace/data/raw/ffpp/FaceForensics++_C23/Deepfakes/240_290.mp4,ffpp_Deepfakes
Deepfakes_241_210,train,fake,/workspace/data/raw/ffpp/FaceForensics++_C23/Deepfakes/241_210.mp4,ffpp_Deepfakes
Deepfakes_242_182,train,fake,/workspace/data/raw/ffpp/FaceForensics++_C23/Deepfakes/242_182.mp4,ffpp_Deepfakes
Deepfakes_243_156,train,fake,/workspace/data/raw/ffpp/FaceForensics++_C23/Deepfakes/243_156.mp4,ffpp_Deepfakes
Deepfakes_244_822,train,fake,/workspace/data/raw/ffpp/FaceForensics++_C23/Deepfakes/244_822.mp4,ffpp_Deepfakes
Deepfakes_245_157,val,fake,/workspace/data/raw/ffpp/FaceForensics++_C23/Deepfakes/245_157.mp4,ffpp_Deepfakes
Deepfakes_246_258,train,fake,/workspace/data/raw/ffpp/FaceForensics++_C23/Deepfakes/246_258.mp4,ffpp_Deepfakes
Deepfakes_247_229,train,fake,/workspace/data/raw/ffpp/FaceForensics++_C23/Deepfakes/247_229.mp4,ffpp_Deepfakes
Deepfakes_248_232,train,fake,/workspace/data/raw/ffpp/FaceForensics++_C23/Deepfakes/248_232.mp4,ffpp_Deepfakes
Deepfakes_249_280,test,fake,/workspace/data/raw/ffpp/FaceForensics++_C23/Deepfakes/249_280.mp4,ffpp_Deepfakes
Deepfakes_250_461,train,fake,/workspace/data/raw/ffpp/FaceForensics++_C23/Deepfakes/250_461.mp4,ffpp_Deepfakes
Deepfakes_251_375,train,fake,/workspace/data/raw/ffpp/FaceForensics++_C23/Deepfakes/251_375.mp4,ffpp_Deepfakes
Deepfakes_252_266,train,fake,/workspace/data/raw/ffpp/FaceForensics++_C23/Deepfakes/252_266.mp4,ffpp_Deepfakes
Deepfakes_253_183,train,fake,/workspace/data/raw/ffpp/FaceForensics++_C23/Deepfakes/253_183.mp4,ffpp_Deepfakes
Deepfakes_254_261,val,fake,/workspace/data/raw/ffpp/FaceForensics++_C23/Deepfakes/254_261.mp4,ffpp_Deepfakes
Deepfakes_255_214,test,fake,/workspace/data/raw/ffpp/FaceForensics++_C23/Deepfakes/255_214.mp4,ffpp_Deepfakes
Deepfakes_256_146,train,fake,/workspace/data/raw/ffpp/FaceForensics++_C23/Deepfakes/256_146.mp4,ffpp_Deepfakes
Deepfakes_257_420,test,fake,/workspace/data/raw/ffpp/FaceForensics++_C23/Deepfakes/257_420.mp4,ffpp_Deepfakes
Deepfakes_258_246,train,fake,/workspace/data/raw/ffpp/FaceForensics++_C23/Deepfakes/258_246.mp4,ffpp_Deepfakes
Deepfakes_259_345,train,fake,/workspace/data/raw/ffpp/FaceForensics++_C23/Deepfakes/259_345.mp4,ffpp_Deepfakes
Deepfakes_260_331,train,fake,/workspace/data/raw/ffpp/FaceForensics++_C23/Deepfakes/260_331.mp4,ffpp_Deepfakes
Deepfakes_261_254,val,fake,/workspace/data/raw/ffpp/FaceForensics++_C23/Deepfakes/261_254.mp4,ffpp_Deepfakes
Deepfakes_262_301,train,fake,/workspace/data/raw/ffpp/FaceForensics++_C23/Deepfakes/262_301.mp4,ffpp_Deepfakes
Deepfakes_263_284,val,fake,/workspace/data/raw/ffpp/FaceForensics++_C23/Deepfakes/263_284.mp4,ffpp_Deepfakes
Deepfakes_264_271,train,fake,/workspace/data/raw/ffpp/FaceForensics++_C23/Deepfakes/264_271.mp4,ffpp_Deepfakes
Deepfakes_265_475,train,fake,/workspace/data/raw/ffpp/FaceForensics++_C23/Deepfakes/265_475.mp4,ffpp_Deepfakes
Deepfakes_266_252,train,fake,/workspace/data/raw/ffpp/FaceForensics++_C23/Deepfakes/266_252.mp4,ffpp_Deepfakes
Deepfakes_267_286,train,fake,/workspace/data/raw/ffpp/FaceForensics++_C23/Deepfakes/267_286.mp4,ffpp_Deepfakes
Deepfakes_268_269,train,fake,/workspace/data/raw/ffpp/FaceForensics++_C23/Deepfakes/268_269.mp4,ffpp_Deepfakes
Deepfakes_269_268,train,fake,/workspace/data/raw/ffpp/FaceForensics++_C23/Deepfakes/269_268.mp4,ffpp_Deepfakes
Deepfakes_270_297,train,fake,/workspace/data/raw/ffpp/FaceForensics++_C23/Deepfakes/270_297.mp4,ffpp_Deepfakes
Deepfakes_271_264,train,fake,/workspace/data/raw/ffpp/FaceForensics++_C23/Deepfakes/271_264.mp4,ffpp_Deepfakes
Deepfakes_272_396,train,fake,/workspace/data/raw/ffpp/FaceForensics++_C23/Deepfakes/272_396.mp4,ffpp_Deepfakes
Deepfakes_273_807,val,fake,/workspace/data/raw/ffpp/FaceForensics++_C23/Deepfakes/273_807.mp4,ffpp_Deepfakes
Deepfakes_274_412,train,fake,/workspace/data/raw/ffpp/FaceForensics++_C23/Deepfakes/274_412.mp4,ffpp_Deepfakes
Deepfakes_275_887,train,fake,/workspace/data/raw/ffpp/FaceForensics++_C23/Deepfakes/275_887.mp4,ffpp_Deepfakes
Deepfakes_276_185,train,fake,/workspace/data/raw/ffpp/FaceForensics++_C23/Deepfakes/276_185.mp4,ffpp_Deepfakes
Deepfakes_277_335,train,fake,/workspace/data/raw/ffpp/FaceForensics++_C23/Deepfakes/277_335.mp4,ffpp_Deepfakes
Deepfakes_278_306,test,fake,/workspace/data/raw/ffpp/FaceForensics++_C23/Deepfakes/278_306.mp4,ffpp_Deepfakes
Deepfakes_279_298,train,fake,/workspace/data/raw/ffpp/FaceForensics++_C23/Deepfakes/279_298.mp4,ffpp_Deepfakes
Deepfakes_280_249,test,fake,/workspace/data/raw/ffpp/FaceForensics++_C23/Deepfakes/280_249.mp4,ffpp_Deepfakes
Deepfakes_281_474,train,fake,/workspace/data/raw/ffpp/FaceForensics++_C23/Deepfakes/281_474.mp4,ffpp_Deepfakes
Deepfakes_282_238,train,fake,/workspace/data/raw/ffpp/FaceForensics++_C23/Deepfakes/282_238.mp4,ffpp_Deepfakes
Deepfakes_283_313,train,fake,/workspace/data/raw/ffpp/FaceForensics++_C23/Deepfakes/283_313.mp4,ffpp_Deepfakes
Deepfakes_284_263,val,fake,/workspace/data/raw/ffpp/FaceForensics++_C23/Deepfakes/284_263.mp4,ffpp_Deepfakes
Deepfakes_285_136,train,fake,/workspace/data/raw/ffpp/FaceForensics++_C23/Deepfakes/285_136.mp4,ffpp_Deepfakes
Deepfakes_286_267,train,fake,/workspace/data/raw/ffpp/FaceForensics++_C23/Deepfakes/286_267.mp4,ffpp_Deepfakes
Deepfakes_287_426,train,fake,/workspace/data/raw/ffpp/FaceForensics++_C23/Deepfakes/287_426.mp4,ffpp_Deepfakes
Deepfakes_288_321,test,fake,/workspace/data/raw/ffpp/FaceForensics++_C23/Deepfakes/288_321.mp4,ffpp_Deepfakes
Deepfakes_289_228,train,fake,/workspace/data/raw/ffpp/FaceForensics++_C23/Deepfakes/289_228.mp4,ffpp_Deepfakes
Deepfakes_290_240,train,fake,/workspace/data/raw/ffpp/FaceForensics++_C23/Deepfakes/290_240.mp4,ffpp_Deepfakes
Deepfakes_291_874,train,fake,/workspace/data/raw/ffpp/FaceForensics++_C23/Deepfakes/291_874.mp4,ffpp_Deepfakes
Deepfakes_292_294,train,fake,/workspace/data/raw/ffpp/FaceForensics++_C23/Deepfakes/292_294.mp4,ffpp_Deepfakes
Deepfakes_293_296,train,fake,/workspace/data/raw/ffpp/FaceForensics++_C23/Deepfakes/293_296.mp4,ffpp_Deepfakes
Deepfakes_294_292,train,fake,/workspace/data/raw/ffpp/FaceForensics++_C23/Deepfakes/294_292.mp4,ffpp_Deepfakes
Deepfakes_295_099,train,fake,/workspace/data/raw/ffpp/FaceForensics++_C23/Deepfakes/295_099.mp4,ffpp_Deepfakes
Deepfakes_296_293,train,fake,/workspace/data/raw/ffpp/FaceForensics++_C23/Deepfakes/296_293.mp4,ffpp_Deepfakes
Deepfakes_297_270,train,fake,/workspace/data/raw/ffpp/FaceForensics++_C23/Deepfakes/297_270.mp4,ffpp_Deepfakes
Deepfakes_298_279,train,fake,/workspace/data/raw/ffpp/FaceForensics++_C23/Deepfakes/298_279.mp4,ffpp_Deepfakes
Deepfakes_299_145,val,fake,/workspace/data/raw/ffpp/FaceForensics++_C23/Deepfakes/299_145.mp4,ffpp_Deepfakes
Deepfakes_300_304,train,fake,/workspace/data/raw/ffpp/FaceForensics++_C23/Deepfakes/300_304.mp4,ffpp_Deepfakes
Deepfakes_301_262,train,fake,/workspace/data/raw/ffpp/FaceForensics++_C23/Deepfakes/301_262.mp4,ffpp_Deepfakes
Deepfakes_302_323,train,fake,/workspace/data/raw/ffpp/FaceForensics++_C23/Deepfakes/302_323.mp4,ffpp_Deepfakes
Deepfakes_303_309,train,fake,/workspace/data/raw/ffpp/FaceForensics++_C23/Deepfakes/303_309.mp4,ffpp_Deepfakes
Deepfakes_304_300,train,fake,/workspace/data/raw/ffpp/FaceForensics++_C23/Deepfakes/304_300.mp4,ffpp_Deepfakes
Deepfakes_305_513,train,fake,/workspace/data/raw/ffpp/FaceForensics++_C23/Deepfakes/305_513.mp4,ffpp_Deepfakes
Deepfakes_306_278,test,fake,/workspace/data/raw/ffpp/FaceForensics++_C23/Deepfakes/306_278.mp4,ffpp_Deepfakes
Deepfakes_307_365,train,fake,/workspace/data/raw/ffpp/FaceForensics++_C23/Deepfakes/307_365.mp4,ffpp_Deepfakes
Deepfakes_308_388,test,fake,/workspace/data/raw/ffpp/FaceForensics++_C23/Deepfakes/308_388.mp4,ffpp_Deepfakes
Deepfakes_309_303,train,fake,/workspace/data/raw/ffpp/FaceForensics++_C23/Deepfakes/309_303.mp4,ffpp_Deepfakes
Deepfakes_310_196,train,fake,/workspace/data/raw/ffpp/FaceForensics++_C23/Deepfakes/310_196.mp4,ffpp_Deepfakes
Deepfakes_311_387,train,fake,/workspace/data/raw/ffpp/FaceForensics++_C23/Deepfakes/311_387.mp4,ffpp_Deepfakes
Deepfakes_312_021,train,fake,/workspace/data/raw/ffpp/FaceForensics++_C23/Deepfakes/312_021.mp4,ffpp_Deepfakes
Deepfakes_313_283,train,fake,/workspace/data/raw/ffpp/FaceForensics++_C23/Deepfakes/313_283.mp4,ffpp_Deepfakes
Deepfakes_314_347,test,fake,/workspace/data/raw/ffpp/FaceForensics++_C23/Deepfakes/314_347.mp4,ffpp_Deepfakes
Deepfakes_315_322,train,fake,/workspace/data/raw/ffpp/FaceForensics++_C23/Deepfakes/315_322.mp4,ffpp_Deepfakes
Deepfakes_316_369,val,fake,/workspace/data/raw/ffpp/FaceForensics++_C23/Deepfakes/316_369.mp4,ffpp_Deepfakes
Deepfakes_317_359,train,fake,/workspace/data/raw/ffpp/FaceForensics++_C23/Deepfakes/317_359.mp4,ffpp_Deepfakes
Deepfakes_318_334,train,fake,/workspace/data/raw/ffpp/FaceForensics++_C23/Deepfakes/318_334.mp4,ffpp_Deepfakes
Deepfakes_319_352,test,fake,/workspace/data/raw/ffpp/FaceForensics++_C23/Deepfakes/319_352.mp4,ffpp_Deepfakes
Deepfakes_320_328,train,fake,/workspace/data/raw/ffpp/FaceForensics++_C23/Deepfakes/320_328.mp4,ffpp_Deepfakes
Deepfakes_321_288,test,fake,/workspace/data/raw/ffpp/FaceForensics++_C23/Deepfakes/321_288.mp4,ffpp_Deepfakes
Deepfakes_322_315,train,fake,/workspace/data/raw/ffpp/FaceForensics++_C23/Deepfakes/322_315.mp4,ffpp_Deepfakes
Deepfakes_323_302,train,fake,/workspace/data/raw/ffpp/FaceForensics++_C23/Deepfakes/323_302.mp4,ffpp_Deepfakes
Deepfakes_324_356,train,fake,/workspace/data/raw/ffpp/FaceForensics++_C23/Deepfakes/324_356.mp4,ffpp_Deepfakes
Deepfakes_325_492,val,fake,/workspace/data/raw/ffpp/FaceForensics++_C23/Deepfakes/325_492.mp4,ffpp_Deepfakes
Deepfakes_326_501,train,fake,/workspace/data/raw/ffpp/FaceForensics++_C23/Deepfakes/326_501.mp4,ffpp_Deepfakes
Deepfakes_327_329,train,fake,/workspace/data/raw/ffpp/FaceForensics++_C23/Deepfakes/327_329.mp4,ffpp_Deepfakes
Deepfakes_328_320,train,fake,/workspace/data/raw/ffpp/FaceForensics++_C23/Deepfakes/328_320.mp4,ffpp_Deepfakes
Deepfakes_329_327,train,fake,/workspace/data/raw/ffpp/FaceForensics++_C23/Deepfakes/329_327.mp4,ffpp_Deepfakes
Deepfakes_330_162,train,fake,/workspace/data/raw/ffpp/FaceForensics++_C23/Deepfakes/330_162.mp4,ffpp_Deepfakes
Deepfakes_331_260,train,fake,/workspace/data/raw/ffpp/FaceForensics++_C23/Deepfakes/331_260.mp4,ffpp_Deepfakes
Deepfakes_332_051,train,fake,/workspace/data/raw/ffpp/FaceForensics++_C23/Deepfakes/332_051.mp4,ffpp_Deepfakes
Deepfakes_333_377,train,fake,/workspace/data/raw/ffpp/FaceForensics++_C23/Deepfakes/333_377.mp4,ffpp_Deepfakes
Deepfakes_334_318,train,fake,/workspace/data/raw/ffpp/FaceForensics++_C23/Deepfakes/334_318.mp4,ffpp_Deepfakes
Deepfakes_335_277,train,fake,/workspace/data/raw/ffpp/FaceForensics++_C23/Deepfakes/335_277.mp4,ffpp_Deepfakes
Deepfakes_336_338,train,fake,/workspace/data/raw/ffpp/FaceForensics++_C23/Deepfakes/336_338.mp4,ffpp_Deepfakes
Deepfakes_337_522,train,fake,/workspace/data/raw/ffpp/FaceForensics++_C23/Deepfakes/337_522.mp4,ffpp_Deepfakes
Deepfakes_338_336,train,fake,/workspace/data/raw/ffpp/FaceForensics++_C23/Deepfakes/338_336.mp4,ffpp_Deepfakes
Deepfakes_339_392,train,fake,/workspace/data/raw/ffpp/FaceForensics++_C23/Deepfakes/339_392.mp4,ffpp_Deepfakes
Deepfakes_340_341,train,fake,/workspace/data/raw/ffpp/FaceForensics++_C23/Deepfakes/340_341.mp4,ffpp_Deepfakes
Deepfakes_341_340,train,fake,/workspace/data/raw/ffpp/FaceForensics++_C23/Deepfakes/341_340.mp4,ffpp_Deepfakes
Deepfakes_342_416,val,fake,/workspace/data/raw/ffpp/FaceForensics++_C23/Deepfakes/342_416.mp4,ffpp_Deepfakes
Deepfakes_343_363,train,fake,/workspace/data/raw/ffpp/FaceForensics++_C23/Deepfakes/343_363.mp4,ffpp_Deepfakes
Deepfakes_344_020,train,fake,/workspace/data/raw/ffpp/FaceForensics++_C23/Deepfakes/344_020.mp4,ffpp_Deepfakes
Deepfakes_345_259,train,fake,/workspace/data/raw/ffpp/FaceForensics++_C23/Deepfakes/345_259.mp4,ffpp_Deepfakes
Deepfakes_346_351,train,fake,/workspace/data/raw/ffpp/FaceForensics++_C23/Deepfakes/346_351.mp4,ffpp_Deepfakes
Deepfakes_347_314,test,fake,/workspace/data/raw/ffpp/FaceForensics++_C23/Deepfakes/347_314.mp4,ffpp_Deepfakes
Deepfakes_348_202,train,fake,/workspace/data/raw/ffpp/FaceForensics++_C23/Deepfakes/348_202.mp4,ffpp_Deepfakes
Deepfakes_349_350,val,fake,/workspace/data/raw/ffpp/FaceForensics++_C23/Deepfakes/349_350.mp4,ffpp_Deepfakes
Deepfakes_350_349,val,fake,/workspace/data/raw/ffpp/FaceForensics++_C23/Deepfakes/350_349.mp4,ffpp_Deepfakes
Deepfakes_351_346,train,fake,/workspace/data/raw/ffpp/FaceForensics++_C23/Deepfakes/351_346.mp4,ffpp_Deepfakes
Deepfakes_352_319,test,fake,/workspace/data/raw/ffpp/FaceForensics++_C23/Deepfakes/352_319.mp4,ffpp_Deepfakes
Deepfakes_353_383,train,fake,/workspace/data/raw/ffpp/FaceForensics++_C23/Deepfakes/353_383.mp4,ffpp_Deepfakes
Deepfakes_354_362,val,fake,/workspace/data/raw/ffpp/FaceForensics++_C23/Deepfakes/354_362.mp4,ffpp_Deepfakes
Deepfakes_355_748,train,fake,/workspace/data/raw/ffpp/FaceForensics++_C23/Deepfakes/355_748.mp4,ffpp_Deepfakes
Deepfakes_356_324,train,fake,/workspace/data/raw/ffpp/FaceForensics++_C23/Deepfakes/356_324.mp4,ffpp_Deepfakes
Deepfakes_357_432,train,fake,/workspace/data/raw/ffpp/FaceForensics++_C23/Deepfakes/357_432.mp4,ffpp_Deepfakes
Deepfakes_358_380,test,fake,/workspace/data/raw/ffpp/FaceForensics++_C23/Deepfakes/358_380.mp4,ffpp_Deepfakes
Deepfakes_359_317,train,fake,/workspace/data/raw/ffpp/FaceForensics++_C23/Deepfakes/359_317.mp4,ffpp_Deepfakes
Deepfakes_360_437,train,fake,/workspace/data/raw/ffpp/FaceForensics++_C23/Deepfakes/360_437.mp4,ffpp_Deepfakes
Deepfakes_361_448,train,fake,/workspace/data/raw/ffpp/FaceForensics++_C23/Deepfakes/361_448.mp4,ffpp_Deepfakes
Deepfakes_362_354,val,fake,/workspace/data/raw/ffpp/FaceForensics++_C23/Deepfakes/362_354.mp4,ffpp_Deepfakes
Deepfakes_363_343,train,fake,/workspace/data/raw/ffpp/FaceForensics++_C23/Deepfakes/363_343.mp4,ffpp_Deepfakes
Deepfakes_364_440,val,fake,/workspace/data/raw/ffpp/FaceForensics++_C23/Deepfakes/364_440.mp4,ffpp_Deepfakes
Deepfakes_365_307,train,fake,/workspace/data/raw/ffpp/FaceForensics++_C23/Deepfakes/365_307.mp4,ffpp_Deepfakes
Deepfakes_366_473,train,fake,/workspace/data/raw/ffpp/FaceForensics++_C23/Deepfakes/366_473.mp4,ffpp_Deepfakes
Deepfakes_367_371,test,fake,/workspace/data/raw/ffpp/FaceForensics++_C23/Deepfakes/367_371.mp4,ffpp_Deepfakes
Deepfakes_368_378,train,fake,/workspace/data/raw/ffpp/FaceForensics++_C23/Deepfakes/368_378.mp4,ffpp_Deepfakes
Deepfakes_369_316,val,fake,/workspace/data/raw/ffpp/FaceForensics++_C23/Deepfakes/369_316.mp4,ffpp_Deepfakes
Deepfakes_370_483,val,fake,/workspace/data/raw/ffpp/FaceForensics++_C23/Deepfakes/370_483.mp4,ffpp_Deepfakes
Deepfakes_371_367,test,fake,/workspace/data/raw/ffpp/FaceForensics++_C23/Deepfakes/371_367.mp4,ffpp_Deepfakes
Deepfakes_372_413,train,fake,/workspace/data/raw/ffpp/FaceForensics++_C23/Deepfakes/372_413.mp4,ffpp_Deepfakes
Deepfakes_373_394,train,fake,/workspace/data/raw/ffpp/FaceForensics++_C23/Deepfakes/373_394.mp4,ffpp_Deepfakes
Deepfakes_374_407,train,fake,/workspace/data/raw/ffpp/FaceForensics++_C23/Deepfakes/374_407.mp4,ffpp_Deepfakes
Deepfakes_375_251,train,fake,/workspace/data/raw/ffpp/FaceForensics++_C23/Deepfakes/375_251.mp4,ffpp_Deepfakes
Deepfakes_376_381,test,fake,/workspace/data/raw/ffpp/FaceForensics++_C23/Deepfakes/376_381.mp4,ffpp_Deepfakes
Deepfakes_377_333,train,fake,/workspace/data/raw/ffpp/FaceForensics++_C23/Deepfakes/377_333.mp4,ffpp_Deepfakes
Deepfakes_378_368,train,fake,/workspace/data/raw/ffpp/FaceForensics++_C23/Deepfakes/378_368.mp4,ffpp_Deepfakes
Deepfakes_379_158,test,fake,/workspace/data/raw/ffpp/FaceForensics++_C23/Deepfakes/379_158.mp4,ffpp_Deepfakes
Deepfakes_380_358,test,fake,/workspace/data/raw/ffpp/FaceForensics++_C23/Deepfakes/380_358.mp4,ffpp_Deepfakes
Deepfakes_381_376,test,fake,/workspace/data/raw/ffpp/FaceForensics++_C23/Deepfakes/381_376.mp4,ffpp_Deepfakes
Deepfakes_382_409,train,fake,/workspace/data/raw/ffpp/FaceForensics++_C23/Deepfakes/382_409.mp4,ffpp_Deepfakes
Deepfakes_383_353,train,fake,/workspace/data/raw/ffpp/FaceForensics++_C23/Deepfakes/383_353.mp4,ffpp_Deepfakes
Deepfakes_384_932,test,fake,/workspace/data/raw/ffpp/FaceForensics++_C23/Deepfakes/384_932.mp4,ffpp_Deepfakes
Deepfakes_385_414,train,fake,/workspace/data/raw/ffpp/FaceForensics++_C23/Deepfakes/385_414.mp4,ffpp_Deepfakes
Deepfakes_386_154,test,fake,/workspace/data/raw/ffpp/FaceForensics++_C23/Deepfakes/386_154.mp4,ffpp_Deepfakes
Deepfakes_387_311,train,fake,/workspace/data/raw/ffpp/FaceForensics++_C23/Deepfakes/387_311.mp4,ffpp_Deepfakes
Deepfakes_388_308,test,fake,/workspace/data/raw/ffpp/FaceForensics++_C23/Deepfakes/388_308.mp4,ffpp_Deepfakes
Deepfakes_389_480,test,fake,/workspace/data/raw/ffpp/FaceForensics++_C23/Deepfakes/389_480.mp4,ffpp_Deepfakes
Deepfakes_390_709,train,fake,/workspace/data/raw/ffpp/FaceForensics++_C23/Deepfakes/390_709.mp4,ffpp_Deepfakes
Deepfakes_391_406,train,fake,/workspace/data/raw/ffpp/FaceForensics++_C23/Deepfakes/391_406.mp4,ffpp_Deepfakes
Deepfakes_392_339,train,fake,/workspace/data/raw/ffpp/FaceForensics++_C23/Deepfakes/392_339.mp4,ffpp_Deepfakes
Deepfakes_393_405,train,fake,/workspace/data/raw/ffpp/FaceForensics++_C23/Deepfakes/393_405.mp4,ffpp_Deepfakes
Deepfakes_394_373,train,fake,/workspace/data/raw/ffpp/FaceForensics++_C23/Deepfakes/394_373.mp4,ffpp_Deepfakes
Deepfakes_395_401,train,fake,/workspace/data/raw/ffpp/FaceForensics++_C23/Deepfakes/395_401.mp4,ffpp_Deepfakes
Deepfakes_396_272,train,fake,/workspace/data/raw/ffpp/FaceForensics++_C23/Deepfakes/396_272.mp4,ffpp_Deepfakes
Deepfakes_397_602,train,fake,/workspace/data/raw/ffpp/FaceForensics++_C23/Deepfakes/397_602.mp4,ffpp_Deepfakes
Deepfakes_398_457,train,fake,/workspace/data/raw/ffpp/FaceForensics++_C23/Deepfakes/398_457.mp4,ffpp_Deepfakes
Deepfakes_399_488,test,fake,/workspace/data/raw/ffpp/FaceForensics++_C23/Deepfakes/399_488.mp4,ffpp_Deepfakes
Deepfakes_400_476,train,fake,/workspace/data/raw/ffpp/FaceForensics++_C23/Deepfakes/400_476.mp4,ffpp_Deepfakes
Deepfakes_401_395,train,fake,/workspace/data/raw/ffpp/FaceForensics++_C23/Deepfakes/401_395.mp4,ffpp_Deepfakes
Deepfakes_402_453,val,fake,/workspace/data/raw/ffpp/FaceForensics++_C23/Deepfakes/402_453.mp4,ffpp_Deepfakes
Deepfakes_403_497,train,fake,/workspace/data/raw/ffpp/FaceForensics++_C23/Deepfakes/403_497.mp4,ffpp_Deepfakes
Deepfakes_404_429,test,fake,/workspace/data/raw/ffpp/FaceForensics++_C23/Deepfakes/404_429.mp4,ffpp_Deepfakes
Deepfakes_405_393,train,fake,/workspace/data/raw/ffpp/FaceForensics++_C23/Deepfakes/405_393.mp4,ffpp_Deepfakes
Deepfakes_406_391,train,fake,/workspace/data/raw/ffpp/FaceForensics++_C23/Deepfakes/406_391.mp4,ffpp_Deepfakes
Deepfakes_407_374,train,fake,/workspace/data/raw/ffpp/FaceForensics++_C23/Deepfakes/407_374.mp4,ffpp_Deepfakes
Deepfakes_408_424,train,fake,/workspace/data/raw/ffpp/FaceForensics++_C23/Deepfakes/408_424.mp4,ffpp_Deepfakes
Deepfakes_409_382,train,fake,/workspace/data/raw/ffpp/FaceForensics++_C23/Deepfakes/409_382.mp4,ffpp_Deepfakes
Deepfakes_410_411,train,fake,/workspace/data/raw/ffpp/FaceForensics++_C23/Deepfakes/410_411.mp4,ffpp_Deepfakes
Deepfakes_411_410,train,fake,/workspace/data/raw/ffpp/FaceForensics++_C23/Deepfakes/411_410.mp4,ffpp_Deepfakes
Deepfakes_412_274,train,fake,/workspace/data/raw/ffpp/FaceForensics++_C23/Deepfakes/412_274.mp4,ffpp_Deepfakes
Deepfakes_413_372,train,fake,/workspace/data/raw/ffpp/FaceForensics++_C23/Deepfakes/413_372.mp4,ffpp_Deepfakes
Deepfakes_414_385,train,fake,/workspace/data/raw/ffpp/FaceForensics++_C23/Deepfakes/414_385.mp4,ffpp_Deepfakes
Deepfakes_415_484,train,fake,/workspace/data/raw/ffpp/FaceForensics++_C23/Deepfakes/415_484.mp4,ffpp_Deepfakes
Deepfakes_416_342,val,fake,/workspace/data/raw/ffpp/FaceForensics++_C23/Deepfakes/416_342.mp4,ffpp_Deepfakes
Deepfakes_417_496,train,fake,/workspace/data/raw/ffpp/FaceForensics++_C23/Deepfakes/417_496.mp4,ffpp_Deepfakes
Deepfakes_418_507,test,fake,/workspace/data/raw/ffpp/FaceForensics++_C23/Deepfakes/418_507.mp4,ffpp_Deepfakes
Deepfakes_419_824,val,fake,/workspace/data/raw/ffpp/FaceForensics++_C23/Deepfakes/419_824.mp4,ffpp_Deepfakes
Deepfakes_420_257,test,fake,/workspace/data/raw/ffpp/FaceForensics++_C23/Deepfakes/420_257.mp4,ffpp_Deepfakes
Deepfakes_421_423,test,fake,/workspace/data/raw/ffpp/FaceForensics++_C23/Deepfakes/421_423.mp4,ffpp_Deepfakes
Deepfakes_422_695,test,fake,/workspace/data/raw/ffpp/FaceForensics++_C23/Deepfakes/422_695.mp4,ffpp_Deepfakes
Deepfakes_423_421,test,fake,/workspace/data/raw/ffpp/FaceForensics++_C23/Deepfakes/423_421.mp4,ffpp_Deepfakes
Deepfakes_424_408,train,fake,/workspace/data/raw/ffpp/FaceForensics++_C23/Deepfakes/424_408.mp4,ffpp_Deepfakes
Deepfakes_425_485,test,fake,/workspace/data/raw/ffpp/FaceForensics++_C23/Deepfakes/425_485.mp4,ffpp_Deepfakes
Deepfakes_426_287,train,fake,/workspace/data/raw/ffpp/FaceForensics++_C23/Deepfakes/426_287.mp4,ffpp_Deepfakes
Deepfakes_427_637,train,fake,/workspace/data/raw/ffpp/FaceForensics++_C23/Deepfakes/427_637.mp4,ffpp_Deepfakes
Deepfakes_428_466,train,fake,/workspace/data/raw/ffpp/FaceForensics++_C23/Deepfakes/428_466.mp4,ffpp_Deepfakes
Deepfakes_429_404,test,fake,/workspace/data/raw/ffpp/FaceForensics++_C23/Deepfakes/429_404.mp4,ffpp_Deepfakes
Deepfakes_430_459,train,fake,/workspace/data/raw/ffpp/FaceForensics++_C23/Deepfakes/430_459.mp4,ffpp_Deepfakes
Deepfakes_431_447,train,fake,/workspace/data/raw/ffpp/FaceForensics++_C23/Deepfakes/431_447.mp4,ffpp_Deepfakes
Deepfakes_432_357,train,fake,/workspace/data/raw/ffpp/FaceForensics++_C23/Deepfakes/432_357.mp4,ffpp_Deepfakes
Deepfakes_433_498,train,fake,/workspace/data/raw/ffpp/FaceForensics++_C23/Deepfakes/433_498.mp4,ffpp_Deepfakes
Deepfakes_434_438,train,fake,/workspace/data/raw/ffpp/FaceForensics++_C23/Deepfakes/434_438.mp4,ffpp_Deepfakes
Deepfakes_435_456,train,fake,/workspace/data/raw/ffpp/FaceForensics++_C23/Deepfakes/435_456.mp4,ffpp_Deepfakes
Deepfakes_436_526,train,fake,/workspace/data/raw/ffpp/FaceForensics++_C23/Deepfakes/436_526.mp4,ffpp_Deepfakes
Deepfakes_437_360,train,fake,/workspace/data/raw/ffpp/FaceForensics++_C23/Deepfakes/437_360.mp4,ffpp_Deepfakes
Deepfakes_438_434,train,fake,/workspace/data/raw/ffpp/FaceForensics++_C23/Deepfakes/438_434.mp4,ffpp_Deepfakes
Deepfakes_439_441,train,fake,/workspace/data/raw/ffpp/FaceForensics++_C23/Deepfakes/439_441.mp4,ffpp_Deepfakes
Deepfakes_440_364,val,fake,/workspace/data/raw/ffpp/FaceForensics++_C23/Deepfakes/440_364.mp4,ffpp_Deepfakes
Deepfakes_441_439,train,fake,/workspace/data/raw/ffpp/FaceForensics++_C23/Deepfakes/441_439.mp4,ffpp_Deepfakes
Deepfakes_442_195,train,fake,/workspace/data/raw/ffpp/FaceForensics++_C23/Deepfakes/442_195.mp4,ffpp_Deepfakes
Deepfakes_443_514,val,fake,/workspace/data/raw/ffpp/FaceForensics++_C23/Deepfakes/443_514.mp4,ffpp_Deepfakes
Deepfakes_444_655,train,fake,/workspace/data/raw/ffpp/FaceForensics++_C23/Deepfakes/444_655.mp4,ffpp_Deepfakes
Deepfakes_445_494,test,fake,/workspace/data/raw/ffpp/FaceForensics++_C23/Deepfakes/445_494.mp4,ffpp_Deepfakes
Deepfakes_446_667,train,fake,/workspace/data/raw/ffpp/FaceForensics++_C23/Deepfakes/446_667.mp4,ffpp_Deepfakes
Deepfakes_447_431,train,fake,/workspace/data/raw/ffpp/FaceForensics++_C23/Deepfakes/447_431.mp4,ffpp_Deepfakes
Deepfakes_448_361,train,fake,/workspace/data/raw/ffpp/FaceForensics++_C23/Deepfakes/448_361.mp4,ffpp_Deepfakes
Deepfakes_449_451,train,fake,/workspace/data/raw/ffpp/FaceForensics++_C23/Deepfakes/449_451.mp4,ffpp_Deepfakes
Deepfakes_450_533,train,fake,/workspace/data/raw/ffpp/FaceForensics++_C23/Deepfakes/450_533.mp4,ffpp_Deepfakes
Deepfakes_451_449,train,fake,/workspace/data/raw/ffpp/FaceForensics++_C23/Deepfakes/451_449.mp4,ffpp_Deepfakes
Deepfakes_452_550,test,fake,/workspace/data/raw/ffpp/FaceForensics++_C23/Deepfakes/452_550.mp4,ffpp_Deepfakes
Deepfakes_453_402,val,fake,/workspace/data/raw/ffpp/FaceForensics++_C23/Deepfakes/453_402.mp4,ffpp_Deepfakes
Deepfakes_454_527,test,fake,/workspace/data/raw/ffpp/FaceForensics++_C23/Deepfakes/454_527.mp4,ffpp_Deepfakes
Deepfakes_455_471,val,fake,/workspace/data/raw/ffpp/FaceForensics++_C23/Deepfakes/455_471.mp4,ffpp_Deepfakes
Deepfakes_456_435,train,fake,/workspace/data/raw/ffpp/FaceForensics++_C23/Deepfakes/456_435.mp4,ffpp_Deepfakes
Deepfakes_457_398,train,fake,/workspace/data/raw/ffpp/FaceForensics++_C23/Deepfakes/457_398.mp4,ffpp_Deepfakes
Deepfakes_458_722,train,fake,/workspace/data/raw/ffpp/FaceForensics++_C23/Deepfakes/458_722.mp4,ffpp_Deepfakes
Deepfakes_459_430,train,fake,/workspace/data/raw/ffpp/FaceForensics++_C23/Deepfakes/459_430.mp4,ffpp_Deepfakes
Deepfakes_460_678,train,fake,/workspace/data/raw/ffpp/FaceForensics++_C23/Deepfakes/460_678.mp4,ffpp_Deepfakes
Deepfakes_461_250,train,fake,/workspace/data/raw/ffpp/FaceForensics++_C23/Deepfakes/461_250.mp4,ffpp_Deepfakes
Deepfakes_462_467,test,fake,/workspace/data/raw/ffpp/FaceForensics++_C23/Deepfakes/462_467.mp4,ffpp_Deepfakes
Deepfakes_463_464,train,fake,/workspace/data/raw/ffpp/FaceForensics++_C23/Deepfakes/463_464.mp4,ffpp_Deepfakes
Deepfakes_464_463,train,fake,/workspace/data/raw/ffpp/FaceForensics++_C23/Deepfakes/464_463.mp4,ffpp_Deepfakes
Deepfakes_465_482,val,fake,/workspace/data/raw/ffpp/FaceForensics++_C23/Deepfakes/465_482.mp4,ffpp_Deepfakes
Deepfakes_466_428,train,fake,/workspace/data/raw/ffpp/FaceForensics++_C23/Deepfakes/466_428.mp4,ffpp_Deepfakes
Deepfakes_467_462,test,fake,/workspace/data/raw/ffpp/FaceForensics++_C23/Deepfakes/467_462.mp4,ffpp_Deepfakes
Deepfakes_468_470,val,fake,/workspace/data/raw/ffpp/FaceForensics++_C23/Deepfakes/468_470.mp4,ffpp_Deepfakes
Deepfakes_469_481,train,fake,/workspace/data/raw/ffpp/FaceForensics++_C23/Deepfakes/469_481.mp4,ffpp_Deepfakes
Deepfakes_470_468,val,fake,/workspace/data/raw/ffpp/FaceForensics++_C23/Deepfakes/470_468.mp4,ffpp_Deepfakes
Deepfakes_471_455,val,fake,/workspace/data/raw/ffpp/FaceForensics++_C23/Deepfakes/471_455.mp4,ffpp_Deepfakes
Deepfakes_472_511,val,fake,/workspace/data/raw/ffpp/FaceForensics++_C23/Deepfakes/472_511.mp4,ffpp_Deepfakes
Deepfakes_473_366,train,fake,/workspace/data/raw/ffpp/FaceForensics++_C23/Deepfakes/473_366.mp4,ffpp_Deepfakes
Deepfakes_474_281,train,fake,/workspace/data/raw/ffpp/FaceForensics++_C23/Deepfakes/474_281.mp4,ffpp_Deepfakes
Deepfakes_475_265,train,fake,/workspace/data/raw/ffpp/FaceForensics++_C23/Deepfakes/475_265.mp4,ffpp_Deepfakes
Deepfakes_476_400,train,fake,/workspace/data/raw/ffpp/FaceForensics++_C23/Deepfakes/476_400.mp4,ffpp_Deepfakes
Deepfakes_477_487,train,fake,/workspace/data/raw/ffpp/FaceForensics++_C23/Deepfakes/477_487.mp4,ffpp_Deepfakes
Deepfakes_478_506,train,fake,/workspace/data/raw/ffpp/FaceForensics++_C23/Deepfakes/478_506.mp4,ffpp_Deepfakes
Deepfakes_479_706,test,fake,/workspace/data/raw/ffpp/FaceForensics++_C23/Deepfakes/479_706.mp4,ffpp_Deepfakes
Deepfakes_480_389,test,fake,/workspace/data/raw/ffpp/FaceForensics++_C23/Deepfakes/480_389.mp4,ffpp_Deepfakes
Deepfakes_481_469,train,fake,/workspace/data/raw/ffpp/FaceForensics++_C23/Deepfakes/481_469.mp4,ffpp_Deepfakes
Deepfakes_482_465,val,fake,/workspace/data/raw/ffpp/FaceForensics++_C23/Deepfakes/482_465.mp4,ffpp_Deepfakes
Deepfakes_483_370,val,fake,/workspace/data/raw/ffpp/FaceForensics++_C23/Deepfakes/483_370.mp4,ffpp_Deepfakes
Deepfakes_484_415,train,fake,/workspace/data/raw/ffpp/FaceForensics++_C23/Deepfakes/484_415.mp4,ffpp_Deepfakes
Deepfakes_485_425,test,fake,/workspace/data/raw/ffpp/FaceForensics++_C23/Deepfakes/485_425.mp4,ffpp_Deepfakes
Deepfakes_486_680,train,fake,/workspace/data/raw/ffpp/FaceForensics++_C23/Deepfakes/486_680.mp4,ffpp_Deepfakes
Deepfakes_487_477,train,fake,/workspace/data/raw/ffpp/FaceForensics++_C23/Deepfakes/487_477.mp4,ffpp_Deepfakes
Deepfakes_488_399,test,fake,/workspace/data/raw/ffpp/FaceForensics++_C23/Deepfakes/488_399.mp4,ffpp_Deepfakes
Deepfakes_489_022,train,fake,/workspace/data/raw/ffpp/FaceForensics++_C23/Deepfakes/489_022.mp4,ffpp_Deepfakes
Deepfakes_490_534,train,fake,/workspace/data/raw/ffpp/FaceForensics++_C23/Deepfakes/490_534.mp4,ffpp_Deepfakes
Deepfakes_491_226,train,fake,/workspace/data/raw/ffpp/FaceForensics++_C23/Deepfakes/491_226.mp4,ffpp_Deepfakes
Deepfakes_492_325,val,fake,/workspace/data/raw/ffpp/FaceForensics++_C23/Deepfakes/492_325.mp4,ffpp_Deepfakes
Deepfakes_493_538,val,fake,/workspace/data/raw/ffpp/FaceForensics++_C23/Deepfakes/493_538.mp4,ffpp_Deepfakes
Deepfakes_494_445,test,fake,/workspace/data/raw/ffpp/FaceForensics++_C23/Deepfakes/494_445.mp4,ffpp_Deepfakes
Deepfakes_495_512,train,fake,/workspace/data/raw/ffpp/FaceForensics++_C23/Deepfakes/495_512.mp4,ffpp_Deepfakes
Deepfakes_496_417,train,fake,/workspace/data/raw/ffpp/FaceForensics++_C23/Deepfakes/496_417.mp4,ffpp_Deepfakes
Deepfakes_497_403,train,fake,/workspace/data/raw/ffpp/FaceForensics++_C23/Deepfakes/497_403.mp4,ffpp_Deepfakes
Deepfakes_498_433,train,fake,/workspace/data/raw/ffpp/FaceForensics++_C23/Deepfakes/498_433.mp4,ffpp_Deepfakes
Deepfakes_499_539,train,fake,/workspace/data/raw/ffpp/FaceForensics++_C23/Deepfakes/499_539.mp4,ffpp_Deepfakes
Deepfakes_500_592,train,fake,/workspace/data/raw/ffpp/FaceForensics++_C23/Deepfakes/500_592.mp4,ffpp_Deepfakes
Deepfakes_501_326,train,fake,/workspace/data/raw/ffpp/FaceForensics++_C23/Deepfakes/501_326.mp4,ffpp_Deepfakes
Deepfakes_502_504,train,fake,/workspace/data/raw/ffpp/FaceForensics++_C23/Deepfakes/502_504.mp4,ffpp_Deepfakes
Deepfakes_503_756,train,fake,/workspace/data/raw/ffpp/FaceForensics++_C23/Deepfakes/503_756.mp4,ffpp_Deepfakes
Deepfakes_504_502,train,fake,/workspace/data/raw/ffpp/FaceForensics++_C23/Deepfakes/504_502.mp4,ffpp_Deepfakes
Deepfakes_505_600,train,fake,/workspace/data/raw/ffpp/FaceForensics++_C23/Deepfakes/505_600.mp4,ffpp_Deepfakes
Deepfakes_506_478,train,fake,/workspace/data/raw/ffpp/FaceForensics++_C23/Deepfakes/506_478.mp4,ffpp_Deepfakes
Deepfakes_507_418,test,fake,/workspace/data/raw/ffpp/FaceForensics++_C23/Deepfakes/507_418.mp4,ffpp_Deepfakes
Deepfakes_508_831,train,fake,/workspace/data/raw/ffpp/FaceForensics++_C23/Deepfakes/508_831.mp4,ffpp_Deepfakes
Deepfakes_509_525,train,fake,/workspace/data/raw/ffpp/FaceForensics++_C23/Deepfakes/509_525.mp4,ffpp_Deepfakes
Deepfakes_510_528,train,fake,/workspace/data/raw/ffpp/FaceForensics++_C23/Deepfakes/510_528.mp4,ffpp_Deepfakes
Deepfakes_511_472,val,fake,/workspace/data/raw/ffpp/FaceForensics++_C23/Deepfakes/511_472.mp4,ffpp_Deepfakes
Deepfakes_512_495,train,fake,/workspace/data/raw/ffpp/FaceForensics++_C23/Deepfakes/512_495.mp4,ffpp_Deepfakes
Deepfakes_513_305,train,fake,/workspace/data/raw/ffpp/FaceForensics++_C23/Deepfakes/513_305.mp4,ffpp_Deepfakes
Deepfakes_514_443,val,fake,/workspace/data/raw/ffpp/FaceForensics++_C23/Deepfakes/514_443.mp4,ffpp_Deepfakes
Deepfakes_515_519,train,fake,/workspace/data/raw/ffpp/FaceForensics++_C23/Deepfakes/515_519.mp4,ffpp_Deepfakes
Deepfakes_516_555,train,fake,/workspace/data/raw/ffpp/FaceForensics++_C23/Deepfakes/516_555.mp4,ffpp_Deepfakes
Deepfakes_517_521,test,fake,/workspace/data/raw/ffpp/FaceForensics++_C23/Deepfakes/517_521.mp4,ffpp_Deepfakes
Deepfakes_518_131,train,fake,/workspace/data/raw/ffpp/FaceForensics++_C23/Deepfakes/518_131.mp4,ffpp_Deepfakes
Deepfakes_519_515,train,fake,/workspace/data/raw/ffpp/FaceForensics++_C23/Deepfakes/519_515.mp4,ffpp_Deepfakes
Deepfakes_520_542,train,fake,/workspace/data/raw/ffpp/FaceForensics++_C23/Deepfakes/520_542.mp4,ffpp_Deepfakes
Deepfakes_521_517,test,fake,/workspace/data/raw/ffpp/FaceForensics++_C23/Deepfakes/521_517.mp4,ffpp_Deepfakes
Deepfakes_522_337,train,fake,/workspace/data/raw/ffpp/FaceForensics++_C23/Deepfakes/522_337.mp4,ffpp_Deepfakes
Deepfakes_523_541,train,fake,/workspace/data/raw/ffpp/FaceForensics++_C23/Deepfakes/523_541.mp4,ffpp_Deepfakes
Deepfakes_524_580,train,fake,/workspace/data/raw/ffpp/FaceForensics++_C23/Deepfakes/524_580.mp4,ffpp_Deepfakes
Deepfakes_525_509,train,fake,/workspace/data/raw/ffpp/FaceForensics++_C23/Deepfakes/525_509.mp4,ffpp_Deepfakes
Deepfakes_526_436,train,fake,/workspace/data/raw/ffpp/FaceForensics++_C23/Deepfakes/526_436.mp4,ffpp_Deepfakes
Deepfakes_527_454,test,fake,/workspace/data/raw/ffpp/FaceForensics++_C23/Deepfakes/527_454.mp4,ffpp_Deepfakes
Deepfakes_528_510,train,fake,/workspace/data/raw/ffpp/FaceForensics++_C23/Deepfakes/528_510.mp4,ffpp_Deepfakes
Deepfakes_529_633,test,fake,/workspace/data/raw/ffpp/FaceForensics++_C23/Deepfakes/529_633.mp4,ffpp_Deepfakes
Deepfakes_530_594,train,fake,/workspace/data/raw/ffpp/FaceForensics++_C23/Deepfakes/530_594.mp4,ffpp_Deepfakes
Deepfakes_531_549,train,fake,/workspace/data/raw/ffpp/FaceForensics++_C23/Deepfakes/531_549.mp4,ffpp_Deepfakes
Deepfakes_532_544,train,fake,/workspace/data/raw/ffpp/FaceForensics++_C23/Deepfakes/532_544.mp4,ffpp_Deepfakes
Deepfakes_533_450,train,fake,/workspace/data/raw/ffpp/FaceForensics++_C23/Deepfakes/533_450.mp4,ffpp_Deepfakes
Deepfakes_534_490,train,fake,/workspace/data/raw/ffpp/FaceForensics++_C23/Deepfakes/534_490.mp4,ffpp_Deepfakes
Deepfakes_535_587,train,fake,/workspace/data/raw/ffpp/FaceForensics++_C23/Deepfakes/535_587.mp4,ffpp_Deepfakes
Deepfakes_536_540,train,fake,/workspace/data/raw/ffpp/FaceForensics++_C23/Deepfakes/536_540.mp4,ffpp_Deepfakes
Deepfakes_537_563,train,fake,/workspace/data/raw/ffpp/FaceForensics++_C23/Deepfakes/537_563.mp4,ffpp_Deepfakes
Deepfakes_538_493,val,fake,/workspace/data/raw/ffpp/FaceForensics++_C23/Deepfakes/538_493.mp4,ffpp_Deepfakes
Deepfakes_539_499,train,fake,/workspace/data/raw/ffpp/FaceForensics++_C23/Deepfakes/539_499.mp4,ffpp_Deepfakes
Deepfakes_540_536,train,fake,/workspace/data/raw/ffpp/FaceForensics++_C23/Deepfakes/540_536.mp4,ffpp_Deepfakes
Deepfakes_541_523,train,fake,/workspace/data/raw/ffpp/FaceForensics++_C23/Deepfakes/541_523.mp4,ffpp_Deepfakes
Deepfakes_542_520,train,fake,/workspace/data/raw/ffpp/FaceForensics++_C23/Deepfakes/542_520.mp4,ffpp_Deepfakes
Deepfakes_543_559,train,fake,/workspace/data/raw/ffpp/FaceForensics++_C23/Deepfakes/543_559.mp4,ffpp_Deepfakes
Deepfakes_544_532,train,fake,/workspace/data/raw/ffpp/FaceForensics++_C23/Deepfakes/544_532.mp4,ffpp_Deepfakes
Deepfakes_545_553,train,fake,/workspace/data/raw/ffpp/FaceForensics++_C23/Deepfakes/545_553.mp4,ffpp_Deepfakes
Deepfakes_546_621,train,fake,/workspace/data/raw/ffpp/FaceForensics++_C23/Deepfakes/546_621.mp4,ffpp_Deepfakes
Deepfakes_547_574,train,fake,/workspace/data/raw/ffpp/FaceForensics++_C23/Deepfakes/547_574.mp4,ffpp_Deepfakes
Deepfakes_548_632,val,fake,/workspace/data/raw/ffpp/FaceForensics++_C23/Deepfakes/548_632.mp4,ffpp_Deepfakes
Deepfakes_549_531,train,fake,/workspace/data/raw/ffpp/FaceForensics++_C23/Deepfakes/549_531.mp4,ffpp_Deepfakes
Deepfakes_550_452,test,fake,/workspace/data/raw/ffpp/FaceForensics++_C23/Deepfakes/550_452.mp4,ffpp_Deepfakes
Deepfakes_551_631,train,fake,/workspace/data/raw/ffpp/FaceForensics++_C23/Deepfakes/551_631.mp4,ffpp_Deepfakes
Deepfakes_552_851,test,fake,/workspace/data/raw/ffpp/FaceForensics++_C23/Deepfakes/552_851.mp4,ffpp_Deepfakes
Deepfakes_553_545,train,fake,/workspace/data/raw/ffpp/FaceForensics++_C23/Deepfakes/553_545.mp4,ffpp_Deepfakes
Deepfakes_554_572,train,fake,/workspace/data/raw/ffpp/FaceForensics++_C23/Deepfakes/554_572.mp4,ffpp_Deepfakes
Deepfakes_555_516,train,fake,/workspace/data/raw/ffpp/FaceForensics++_C23/Deepfakes/555_516.mp4,ffpp_Deepfakes
Deepfakes_556_588,train,fake,/workspace/data/raw/ffpp/FaceForensics++_C23/Deepfakes/556_588.mp4,ffpp_Deepfakes
Deepfakes_557_560,val,fake,/workspace/data/raw/ffpp/FaceForensics++_C23/Deepfakes/557_560.mp4,ffpp_Deepfakes
Deepfakes_558_583,val,fake,/workspace/data/raw/ffpp/FaceForensics++_C23/Deepfakes/558_583.mp4,ffpp_Deepfakes
Deepfakes_559_543,train,fake,/workspace/data/raw/ffpp/FaceForensics++_C23/Deepfakes/559_543.mp4,ffpp_Deepfakes
Deepfakes_560_557,val,fake,/workspace/data/raw/ffpp/FaceForensics++_C23/Deepfakes/560_557.mp4,ffpp_Deepfakes
Deepfakes_561_998,train,fake,/workspace/data/raw/ffpp/FaceForensics++_C23/Deepfakes/561_998.mp4,ffpp_Deepfakes
Deepfakes_562_626,train,fake,/workspace/data/raw/ffpp/FaceForensics++_C23/Deepfakes/562_626.mp4,ffpp_Deepfakes
Deepfakes_563_537,train,fake,/workspace/data/raw/ffpp/FaceForensics++_C23/Deepfakes/563_537.mp4,ffpp_Deepfakes
Deepfakes_564_971,val,fake,/workspace/data/raw/ffpp/FaceForensics++_C23/Deepfakes/564_971.mp4,ffpp_Deepfakes
Deepfakes_565_589,val,fake,/workspace/data/raw/ffpp/FaceForensics++_C23/Deepfakes/565_589.mp4,ffpp_Deepfakes
Deepfakes_566_617,val,fake,/workspace/data/raw/ffpp/FaceForensics++_C23/Deepfakes/566_617.mp4,ffpp_Deepfakes
Deepfakes_567_606,val,fake,/workspace/data/raw/ffpp/FaceForensics++_C23/Deepfakes/567_606.mp4,ffpp_Deepfakes
Deepfakes_568_628,train,fake,/workspace/data/raw/ffpp/FaceForensics++_C23/Deepfakes/568_628.mp4,ffpp_Deepfakes
Deepfakes_569_921,train,fake,/workspace/data/raw/ffpp/FaceForensics++_C23/Deepfakes/569_921.mp4,ffpp_Deepfakes
Deepfakes_570_624,train,fake,/workspace/data/raw/ffpp/FaceForensics++_C23/Deepfakes/570_624.mp4,ffpp_Deepfakes
Deepfakes_571_746,val,fake,/workspace/data/raw/ffpp/FaceForensics++_C23/Deepfakes/571_746.mp4,ffpp_Deepfakes
Deepfakes_572_554,train,fake,/workspace/data/raw/ffpp/FaceForensics++_C23/Deepfakes/572_554.mp4,ffpp_Deepfakes
Deepfakes_573_757,train,fake,/workspace/data/raw/ffpp/FaceForensics++_C23/Deepfakes/573_757.mp4,ffpp_Deepfakes
Deepfakes_574_547,train,fake,/workspace/data/raw/ffpp/FaceForensics++_C23/Deepfakes/574_547.mp4,ffpp_Deepfakes
Deepfakes_575_603,train,fake,/workspace/data/raw/ffpp/FaceForensics++_C23/Deepfakes/575_603.mp4,ffpp_Deepfakes
Deepfakes_576_155,train,fake,/workspace/data/raw/ffpp/FaceForensics++_C23/Deepfakes/576_155.mp4,ffpp_Deepfakes
Deepfakes_577_593,train,fake,/workspace/data/raw/ffpp/FaceForensics++_C23/Deepfakes/577_593.mp4,ffpp_Deepfakes
Deepfakes_578_636,train,fake,/workspace/data/raw/ffpp/FaceForensics++_C23/Deepfakes/578_636.mp4,ffpp_Deepfakes
Deepfakes_579_701,test,fake,/workspace/data/raw/ffpp/FaceForensics++_C23/Deepfakes/579_701.mp4,ffpp_Deepfakes
Deepfakes_580_524,train,fake,/workspace/data/raw/ffpp/FaceForensics++_C23/Deepfakes/580_524.mp4,ffpp_Deepfakes
Deepfakes_581_697,train,fake,/workspace/data/raw/ffpp/FaceForensics++_C23/Deepfakes/581_697.mp4,ffpp_Deepfakes
Deepfakes_582_172,train,fake,/workspace/data/raw/ffpp/FaceForensics++_C23/Deepfakes/582_172.mp4,ffpp_Deepfakes
Deepfakes_583_558,val,fake,/workspace/data/raw/ffpp/FaceForensics++_C23/Deepfakes/583_558.mp4,ffpp_Deepfakes
Deepfakes_584_823,val,fake,/workspace/data/raw/ffpp/FaceForensics++_C23/Deepfakes/584_823.mp4,ffpp_Deepfakes
Deepfakes_585_599,val,fake,/workspace/data/raw/ffpp/FaceForensics++_C23/Deepfakes/585_599.mp4,ffpp_Deepfakes
Deepfakes_586_223,val,fake,/workspace/data/raw/ffpp/FaceForensics++_C23/Deepfakes/586_223.mp4,ffpp_Deepfakes
Deepfakes_587_535,train,fake,/workspace/data/raw/ffpp/FaceForensics++_C23/Deepfakes/587_535.mp4,ffpp_Deepfakes
Deepfakes_588_556,train,fake,/workspace/data/raw/ffpp/FaceForensics++_C23/Deepfakes/588_556.mp4,ffpp_Deepfakes
Deepfakes_589_565,val,fake,/workspace/data/raw/ffpp/FaceForensics++_C23/Deepfakes/589_565.mp4,ffpp_Deepfakes
Deepfakes_590_034,train,fake,/workspace/data/raw/ffpp/FaceForensics++_C23/Deepfakes/590_034.mp4,ffpp_Deepfakes
Deepfakes_591_605,train,fake,/workspace/data/raw/ffpp/FaceForensics++_C23/Deepfakes/591_605.mp4,ffpp_Deepfakes
Deepfakes_592_500,train,fake,/workspace/data/raw/ffpp/FaceForensics++_C23/Deepfakes/592_500.mp4,ffpp_Deepfakes
Deepfakes_593_577,train,fake,/workspace/data/raw/ffpp/FaceForensics++_C23/Deepfakes/593_577.mp4,ffpp_Deepfakes
Deepfakes_594_530,train,fake,/workspace/data/raw/ffpp/FaceForensics++_C23/Deepfakes/594_530.mp4,ffpp_Deepfakes
Deepfakes_595_597,val,fake,/workspace/data/raw/ffpp/FaceForensics++_C23/Deepfakes/595_597.mp4,ffpp_Deepfakes
Deepfakes_596_609,train,fake,/workspace/data/raw/ffpp/FaceForensics++_C23/Deepfakes/596_609.mp4,ffpp_Deepfakes
Deepfakes_597_595,val,fake,/workspace/data/raw/ffpp/FaceForensics++_C23/Deepfakes/597_595.mp4,ffpp_Deepfakes
Deepfakes_598_178,train,fake,/workspace/data/raw/ffpp/FaceForensics++_C23/Deepfakes/598_178.mp4,ffpp_Deepfakes
Deepfakes_599_585,val,fake,/workspace/data/raw/ffpp/FaceForensics++_C23/Deepfakes/599_585.mp4,ffpp_Deepfakes
Deepfakes_600_505,train,fake,/workspace/data/raw/ffpp/FaceForensics++_C23/Deepfakes/600_505.mp4,ffpp_Deepfakes
Deepfakes_601_653,train,fake,/workspace/data/raw/ffpp/FaceForensics++_C23/Deepfakes/601_653.mp4,ffpp_Deepfakes
Deepfakes_602_397,train,fake,/workspace/data/raw/ffpp/FaceForensics++_C23/Deepfakes/602_397.mp4,ffpp_Deepfakes
Deepfakes_603_575,train,fake,/workspace/data/raw/ffpp/FaceForensics++_C23/Deepfakes/603_575.mp4,ffpp_Deepfakes
Deepfakes_604_703,train,fake,/workspace/data/raw/ffpp/FaceForensics++_C23/Deepfakes/604_703.mp4,ffpp_Deepfakes
Deepfakes_605_591,train,fake,/workspace/data/raw/ffpp/FaceForensics++_C23/Deepfakes/605_591.mp4,ffpp_Deepfakes
Deepfakes_606_567,val,fake,/workspace/data/raw/ffpp/FaceForensics++_C23/Deepfakes/606_567.mp4,ffpp_Deepfakes
Deepfakes_607_683,test,fake,/workspace/data/raw/ffpp/FaceForensics++_C23/Deepfakes/607_683.mp4,ffpp_Deepfakes
Deepfakes_608_675,test,fake,/workspace/data/raw/ffpp/FaceForensics++_C23/Deepfakes/608_675.mp4,ffpp_Deepfakes
Deepfakes_609_596,train,fake,/workspace/data/raw/ffpp/FaceForensics++_C23/Deepfakes/609_596.mp4,ffpp_Deepfakes
Deepfakes_610_692,train,fake,/workspace/data/raw/ffpp/FaceForensics++_C23/Deepfakes/610_692.mp4,ffpp_Deepfakes
Deepfakes_611_760,train,fake,/workspace/data/raw/ffpp/FaceForensics++_C23/Deepfakes/611_760.mp4,ffpp_Deepfakes
Deepfakes_612_702,val,fake,/workspace/data/raw/ffpp/FaceForensics++_C23/Deepfakes/612_702.mp4,ffpp_Deepfakes
Deepfakes_613_685,train,fake,/workspace/data/raw/ffpp/FaceForensics++_C23/Deepfakes/613_685.mp4,ffpp_Deepfakes
Deepfakes_614_616,train,fake,/workspace/data/raw/ffpp/FaceForensics++_C23/Deepfakes/614_616.mp4,ffpp_Deepfakes
Deepfakes_615_687,train,fake,/workspace/data/raw/ffpp/FaceForensics++_C23/Deepfakes/615_687.mp4,ffpp_Deepfakes
Deepfakes_616_614,train,fake,/workspace/data/raw/ffpp/FaceForensics++_C23/Deepfakes/616_614.mp4,ffpp_Deepfakes
Deepfakes_617_566,val,fake,/workspace/data/raw/ffpp/FaceForensics++_C23/Deepfakes/617_566.mp4,ffpp_Deepfakes
Deepfakes_618_629,train,fake,/workspace/data/raw/ffpp/FaceForensics++_C23/Deepfakes/618_629.mp4,ffpp_Deepfakes
Deepfakes_619_620,train,fake,/workspace/data/raw/ffpp/FaceForensics++_C23/Deepfakes/619_620.mp4,ffpp_Deepfakes
Deepfakes_620_619,train,fake,/workspace/data/raw/ffpp/FaceForensics++_C23/Deepfakes/620_619.mp4,ffpp_Deepfakes
Deepfakes_621_546,train,fake,/workspace/data/raw/ffpp/FaceForensics++_C23/Deepfakes/621_546.mp4,ffpp_Deepfakes
Deepfakes_622_647,val,fake,/workspace/data/raw/ffpp/FaceForensics++_C23/Deepfakes/622_647.mp4,ffpp_Deepfakes
Deepfakes_623_630,test,fake,/workspace/data/raw/ffpp/FaceForensics++_C23/Deepfakes/623_630.mp4,ffpp_Deepfakes
Deepfakes_624_570,train,fake,/workspace/data/raw/ffpp/FaceForensics++_C23/Deepfakes/624_570.mp4,ffpp_Deepfakes
Deepfakes_625_650,test,fake,/workspace/data/raw/ffpp/FaceForensics++_C23/Deepfakes/625_650.mp4,ffpp_Deepfakes
Deepfakes_626_562,train,fake,/workspace/data/raw/ffpp/FaceForensics++_C23/Deepfakes/626_562.mp4,ffpp_Deepfakes
Deepfakes_627_658,train,fake,/workspace/data/raw/ffpp/FaceForensics++_C23/Deepfakes/627_658.mp4,ffpp_Deepfakes
Deepfakes_628_568,train,fake,/workspace/data/raw/ffpp/FaceForensics++_C23/Deepfakes/628_568.mp4,ffpp_Deepfakes
Deepfakes_629_618,train,fake,/workspace/data/raw/ffpp/FaceForensics++_C23/Deepfakes/629_618.mp4,ffpp_Deepfakes
Deepfakes_630_623,test,fake,/workspace/data/raw/ffpp/FaceForensics++_C23/Deepfakes/630_623.mp4,ffpp_Deepfakes
Deepfakes_631_551,train,fake,/workspace/data/raw/ffpp/FaceForensics++_C23/Deepfakes/631_551.mp4,ffpp_Deepfakes
Deepfakes_632_548,val,fake,/workspace/data/raw/ffpp/FaceForensics++_C23/Deepfakes/632_548.mp4,ffpp_Deepfakes
Deepfakes_633_529,test,fake,/workspace/data/raw/ffpp/FaceForensics++_C23/Deepfakes/633_529.mp4,ffpp_Deepfakes
Deepfakes_634_660,test,fake,/workspace/data/raw/ffpp/FaceForensics++_C23/Deepfakes/634_660.mp4,ffpp_Deepfakes
Deepfakes_635_642,train,fake,/workspace/data/raw/ffpp/FaceForensics++_C23/Deepfakes/635_642.mp4,ffpp_Deepfakes
Deepfakes_636_578,train,fake,/workspace/data/raw/ffpp/FaceForensics++_C23/Deepfakes/636_578.mp4,ffpp_Deepfakes
Deepfakes_637_427,train,fake,/workspace/data/raw/ffpp/FaceForensics++_C23/Deepfakes/637_427.mp4,ffpp_Deepfakes
Deepfakes_638_640,val,fake,/workspace/data/raw/ffpp/FaceForensics++_C23/Deepfakes/638_640.mp4,ffpp_Deepfakes
Deepfakes_639_841,train,fake,/workspace/data/raw/ffpp/FaceForensics++_C23/Deepfakes/639_841.mp4,ffpp_Deepfakes
Deepfakes_640_638,val,fake,/workspace/data/raw/ffpp/FaceForensics++_C23/Deepfakes/640_638.mp4,ffpp_Deepfakes
Deepfakes_641_662,train,fake,/workspace/data/raw/ffpp/FaceForensics++_C23/Deepfakes/641_662.mp4,ffpp_Deepfakes
Deepfakes_642_635,train,fake,/workspace/data/raw/ffpp/FaceForensics++_C23/Deepfakes/642_635.mp4,ffpp_Deepfakes
Deepfakes_643_646,train,fake,/workspace/data/raw/ffpp/FaceForensics++_C23/Deepfakes/643_646.mp4,ffpp_Deepfakes
Deepfakes_644_657,train,fake,/workspace/data/raw/ffpp/FaceForensics++_C23/Deepfakes/644_657.mp4,ffpp_Deepfakes
Deepfakes_645_688,train,fake,/workspace/data/raw/ffpp/FaceForensics++_C23/Deepfakes/645_688.mp4,ffpp_Deepfakes
Deepfakes_646_643,train,fake,/workspace/data/raw/ffpp/FaceForensics++_C23/Deepfakes/646_643.mp4,ffpp_Deepfakes
Deepfakes_647_622,val,fake,/workspace/data/raw/ffpp/FaceForensics++_C23/Deepfakes/647_622.mp4,ffpp_Deepfakes
Deepfakes_648_654,train,fake,/workspace/data/raw/ffpp/FaceForensics++_C23/Deepfakes/648_654.mp4,ffpp_Deepfakes
Deepfakes_649_816,val,fake,/workspace/data/raw/ffpp/FaceForensics++_C23/Deepfakes/649_816.mp4,ffpp_Deepfakes
Deepfakes_650_625,test,fake,/workspace/data/raw/ffpp/FaceForensics++_C23/Deepfakes/650_625.mp4,ffpp_Deepfakes
Deepfakes_651_835,train,fake,/workspace/data/raw/ffpp/FaceForensics++_C23/Deepfakes/651_835.mp4,ffpp_Deepfakes
Deepfakes_652_773,train,fake,/workspace/data/raw/ffpp/FaceForensics++_C23/Deepfakes/652_773.mp4,ffpp_Deepfakes
Deepfakes_653_601,train,fake,/workspace/data/raw/ffpp/FaceForensics++_C23/Deepfakes/653_601.mp4,ffpp_Deepfakes
Deepfakes_654_648,train,fake,/workspace/data/raw/ffpp/FaceForensics++_C23/Deepfakes/654_648.mp4,ffpp_Deepfakes
Deepfakes_655_444,train,fake,/workspace/data/raw/ffpp/FaceForensics++_C23/Deepfakes/655_444.mp4,ffpp_Deepfakes
Deepfakes_656_666,val,fake,/workspace/data/raw/ffpp/FaceForensics++_C23/Deepfakes/656_666.mp4,ffpp_Deepfakes
Deepfakes_657_644,train,fake,/workspace/data/raw/ffpp/FaceForensics++_C23/Deepfakes/657_644.mp4,ffpp_Deepfakes
Deepfakes_658_627,train,fake,/workspace/data/raw/ffpp/FaceForensics++_C23/Deepfakes/658_627.mp4,ffpp_Deepfakes
Deepfakes_659_749,train,fake,/workspace/data/raw/ffpp/FaceForensics++_C23/Deepfakes/659_749.mp4,ffpp_Deepfakes
Deepfakes_660_634,test,fake,/workspace/data/raw/ffpp/FaceForensics++_C23/Deepfakes/660_634.mp4,ffpp_Deepfakes
Deepfakes_661_670,test,fake,/workspace/data/raw/ffpp/FaceForensics++_C23/Deepfakes/661_670.mp4,ffpp_Deepfakes
Deepfakes_662_641,train,fake,/workspace/data/raw/ffpp/FaceForensics++_C23/Deepfakes/662_641.mp4,ffpp_Deepfakes
Deepfakes_663_231,train,fake,/workspace/data/raw/ffpp/FaceForensics++_C23/Deepfakes/663_231.mp4,ffpp_Deepfakes
Deepfakes_664_668,val,fake,/workspace/data/raw/ffpp/FaceForensics++_C23/Deepfakes/664_668.mp4,ffpp_Deepfakes
Deepfakes_665_679,train,fake,/workspace/data/raw/ffpp/FaceForensics++_C23/Deepfakes/665_679.mp4,ffpp_Deepfakes
Deepfakes_666_656,val,fake,/workspace/data/raw/ffpp/FaceForensics++_C23/Deepfakes/666_656.mp4,ffpp_Deepfakes
Deepfakes_667_446,train,fake,/workspace/data/raw/ffpp/FaceForensics++_C23/Deepfakes/667_446.mp4,ffpp_Deepfakes
Deepfakes_668_664,val,fake,/workspace/data/raw/ffpp/FaceForensics++_C23/Deepfakes/668_664.mp4,ffpp_Deepfakes
Deepfakes_669_682,test,fake,/workspace/data/raw/ffpp/FaceForensics++_C23/Deepfakes/669_682.mp4,ffpp_Deepfakes
Deepfakes_670_661,test,fake,/workspace/data/raw/ffpp/FaceForensics++_C23/Deepfakes/670_661.mp4,ffpp_Deepfakes
Deepfakes_671_677,train,fake,/workspace/data/raw/ffpp/FaceForensics++_C23/Deepfakes/671_677.mp4,ffpp_Deepfakes
Deepfakes_672_720,val,fake,/workspace/data/raw/ffpp/FaceForensics++_C23/Deepfakes/672_720.mp4,ffpp_Deepfakes
Deepfakes_673_728,train,fake,/workspace/data/raw/ffpp/FaceForensics++_C23/Deepfakes/673_728.mp4,ffpp_Deepfakes
Deepfakes_674_744,train,fake,/workspace/data/raw/ffpp/FaceForensics++_C23/Deepfakes/674_744.mp4,ffpp_Deepfakes
Deepfakes_675_608,test,fake,/workspace/data/raw/ffpp/FaceForensics++_C23/Deepfakes/675_608.mp4,ffpp_Deepfakes
Deepfakes_676_776,train,fake,/workspace/data/raw/ffpp/FaceForensics++_C23/Deepfakes/676_776.mp4,ffpp_Deepfakes
Deepfakes_677_671,train,fake,/workspace/data/raw/ffpp/FaceForensics++_C23/Deepfakes/677_671.mp4,ffpp_Deepfakes
Deepfakes_678_460,train,fake,/workspace/data/raw/ffpp/FaceForensics++_C23/Deepfakes/678_460.mp4,ffpp_Deepfakes
Deepfakes_679_665,train,fake,/workspace/data/raw/ffpp/FaceForensics++_C23/Deepfakes/679_665.mp4,ffpp_Deepfakes
Deepfakes_680_486,train,fake,/workspace/data/raw/ffpp/FaceForensics++_C23/Deepfakes/680_486.mp4,ffpp_Deepfakes
Deepfakes_681_711,train,fake,/workspace/data/raw/ffpp/FaceForensics++_C23/Deepfakes/681_711.mp4,ffpp_Deepfakes
Deepfakes_682_669,test,fake,/workspace/data/raw/ffpp/FaceForensics++_C23/Deepfakes/682_669.mp4,ffpp_Deepfakes
Deepfakes_683_607,test,fake,/workspace/data/raw/ffpp/FaceForensics++_C23/Deepfakes/683_607.mp4,ffpp_Deepfakes
Deepfakes_684_717,train,fake,/workspace/data/raw/ffpp/FaceForensics++_C23/Deepfakes/684_717.mp4,ffpp_Deepfakes
Deepfakes_685_613,train,fake,/workspace/data/raw/ffpp/FaceForensics++_C23/Deepfakes/685_613.mp4,ffpp_Deepfakes
Deepfakes_686_696,train,fake,/workspace/data/raw/ffpp/FaceForensics++_C23/Deepfakes/686_696.mp4,ffpp_Deepfakes
Deepfakes_687_615,train,fake,/workspace/data/raw/ffpp/FaceForensics++_C23/Deepfakes/687_615.mp4,ffpp_Deepfakes
Deepfakes_688_645,train,fake,/workspace/data/raw/ffpp/FaceForensics++_C23/Deepfakes/688_645.mp4,ffpp_Deepfakes
Deepfakes_689_690,train,fake,/workspace/data/raw/ffpp/FaceForensics++_C23/Deepfakes/689_690.mp4,ffpp_Deepfakes
Deepfakes_690_689,train,fake,/workspace/data/raw/ffpp/FaceForensics++_C23/Deepfakes/690_689.mp4,ffpp_Deepfakes
Deepfakes_691_732,test,fake,/workspace/data/raw/ffpp/FaceForensics++_C23/Deepfakes/691_732.mp4,ffpp_Deepfakes
Deepfakes_692_610,train,fake,/workspace/data/raw/ffpp/FaceForensics++_C23/Deepfakes/692_610.mp4,ffpp_Deepfakes
Deepfakes_693_698,train,fake,/workspace/data/raw/ffpp/FaceForensics++_C23/Deepfakes/693_698.mp4,ffpp_Deepfakes
Deepfakes_694_767,train,fake,/workspace/data/raw/ffpp/FaceForensics++_C23/Deepfakes/694_767.mp4,ffpp_Deepfakes
Deepfakes_695_422,test,fake,/workspace/data/raw/ffpp/FaceForensics++_C23/Deepfakes/695_422.mp4,ffpp_Deepfakes
Deepfakes_696_686,train,fake,/workspace/data/raw/ffpp/FaceForensics++_C23/Deepfakes/696_686.mp4,ffpp_Deepfakes
Deepfakes_697_581,train,fake,/workspace/data/raw/ffpp/FaceForensics++_C23/Deepfakes/697_581.mp4,ffpp_Deepfakes
Deepfakes_698_693,train,fake,/workspace/data/raw/ffpp/FaceForensics++_C23/Deepfakes/698_693.mp4,ffpp_Deepfakes
Deepfakes_699_734,train,fake,/workspace/data/raw/ffpp/FaceForensics++_C23/Deepfakes/699_734.mp4,ffpp_Deepfakes
Deepfakes_700_813,train,fake,/workspace/data/raw/ffpp/FaceForensics++_C23/Deepfakes/700_813.mp4,ffpp_Deepfakes
Deepfakes_701_579,test,fake,/workspace/data/raw/ffpp/FaceForensics++_C23/Deepfakes/701_579.mp4,ffpp_Deepfakes
Deepfakes_702_612,val,fake,/workspace/data/raw/ffpp/FaceForensics++_C23/Deepfakes/702_612.mp4,ffpp_Deepfakes
Deepfakes_703_604,train,fake,/workspace/data/raw/ffpp/FaceForensics++_C23/Deepfakes/703_604.mp4,ffpp_Deepfakes
Deepfakes_704_723,train,fake,/workspace/data/raw/ffpp/FaceForensics++_C23/Deepfakes/704_723.mp4,ffpp_Deepfakes
Deepfakes_705_707,test,fake,/workspace/data/raw/ffpp/FaceForensics++_C23/Deepfakes/705_707.mp4,ffpp_Deepfakes
Deepfakes_706_479,test,fake,/workspace/data/raw/ffpp/FaceForensics++_C23/Deepfakes/706_479.mp4,ffpp_Deepfakes
Deepfakes_707_705,test,fake,/workspace/data/raw/ffpp/FaceForensics++_C23/Deepfakes/707_705.mp4,ffpp_Deepfakes
Deepfakes_708_772,train,fake,/workspace/data/raw/ffpp/FaceForensics++_C23/Deepfakes/708_772.mp4,ffpp_Deepfakes
Deepfakes_709_390,train,fake,/workspace/data/raw/ffpp/FaceForensics++_C23/Deepfakes/709_390.mp4,ffpp_Deepfakes
Deepfakes_710_788,train,fake,/workspace/data/raw/ffpp/FaceForensics++_C23/Deepfakes/710_788.mp4,ffpp_Deepfakes
Deepfakes_711_681,train,fake,/workspace/data/raw/ffpp/FaceForensics++_C23/Deepfakes/711_681.mp4,ffpp_Deepfakes
Deepfakes_712_716,train,fake,/workspace/data/raw/ffpp/FaceForensics++_C23/Deepfakes/712_716.mp4,ffpp_Deepfakes
Deepfakes_713_726,train,fake,/workspace/data/raw/ffpp/FaceForensics++_C23/Deepfakes/713_726.mp4,ffpp_Deepfakes
Deepfakes_714_842,test,fake,/workspace/data/raw/ffpp/FaceForensics++_C23/Deepfakes/714_842.mp4,ffpp_Deepfakes
Deepfakes_715_721,train,fake,/workspace/data/raw/ffpp/FaceForensics++_C23/Deepfakes/715_721.mp4,ffpp_Deepfakes
Deepfakes_716_712,train,fake,/workspace/data/raw/ffpp/FaceForensics++_C23/Deepfakes/716_712.mp4,ffpp_Deepfakes
Deepfakes_717_684,train,fake,/workspace/data/raw/ffpp/FaceForensics++_C23/Deepfakes/717_684.mp4,ffpp_Deepfakes
Deepfakes_718_972,train,fake,/workspace/data/raw/ffpp/FaceForensics++_C23/Deepfakes/718_972.mp4,ffpp_Deepfakes
Deepfakes_719_737,train,fake,/workspace/data/raw/ffpp/FaceForensics++_C23/Deepfakes/719_737.mp4,ffpp_Deepfakes
Deepfakes_720_672,val,fake,/workspace/data/raw/ffpp/FaceForensics++_C23/Deepfakes/720_672.mp4,ffpp_Deepfakes
Deepfakes_721_715,train,fake,/workspace/data/raw/ffpp/FaceForensics++_C23/Deepfakes/721_715.mp4,ffpp_Deepfakes
Deepfakes_722_458,train,fake,/workspace/data/raw/ffpp/FaceForensics++_C23/Deepfakes/722_458.mp4,ffpp_Deepfakes
Deepfakes_723_704,train,fake,/workspace/data/raw/ffpp/FaceForensics++_C23/Deepfakes/723_704.mp4,ffpp_Deepfakes
Deepfakes_724_725,test,fake,/workspace/data/raw/ffpp/FaceForensics++_C23/Deepfakes/724_725.mp4,ffpp_Deepfakes
Deepfakes_725_724,test,fake,/workspace/data/raw/ffpp/FaceForensics++_C23/Deepfakes/725_724.mp4,ffpp_Deepfakes
Deepfakes_726_713,train,fake,/workspace/data/raw/ffpp/FaceForensics++_C23/Deepfakes/726_713.mp4,ffpp_Deepfakes
Deepfakes_727_729,val,fake,/workspace/data/raw/ffpp/FaceForensics++_C23/Deepfakes/727_729.mp4,ffpp_Deepfakes
Deepfakes_728_673,train,fake,/workspace/data/raw/ffpp/FaceForensics++_C23/Deepfakes/728_673.mp4,ffpp_Deepfakes
Deepfakes_729_727,val,fake,/workspace/data/raw/ffpp/FaceForensics++_C23/Deepfakes/729_727.mp4,ffpp_Deepfakes
Deepfakes_730_815,train,fake,/workspace/data/raw/ffpp/FaceForensics++_C23/Deepfakes/730_815.mp4,ffpp_Deepfakes
Deepfakes_731_741,test,fake,/workspace/data/raw/ffpp/FaceForensics++_C23/Deepfakes/731_741.mp4,ffpp_Deepfakes
Deepfakes_732_691,test,fake,/workspace/data/raw/ffpp/FaceForensics++_C23/Deepfakes/732_691.mp4,ffpp_Deepfakes
Deepfakes_733_935,train,fake,/workspace/data/raw/ffpp/FaceForensics++_C23/Deepfakes/733_935.mp4,ffpp_Deepfakes
Deepfakes_734_699,train,fake,/workspace/data/raw/ffpp/FaceForensics++_C23/Deepfakes/734_699.mp4,ffpp_Deepfakes
Deepfakes_735_774,train,fake,/workspace/data/raw/ffpp/FaceForensics++_C23/Deepfakes/735_774.mp4,ffpp_Deepfakes
Deepfakes_736_785,train,fake,/workspace/data/raw/ffpp/FaceForensics++_C23/Deepfakes/736_785.mp4,ffpp_Deepfakes
Deepfakes_737_719,train,fake,/workspace/data/raw/ffpp/FaceForensics++_C23/Deepfakes/737_719.mp4,ffpp_Deepfakes
Deepfakes_738_804,train,fake,/workspace/data/raw/ffpp/FaceForensics++_C23/Deepfakes/738_804.mp4,ffpp_Deepfakes
Deepfakes_739_865,test,fake,/workspace/data/raw/ffpp/FaceForensics++_C23/Deepfakes/739_865.mp4,ffpp_Deepfakes
Deepfakes_740_796,train,fake,/workspace/data/raw/ffpp/FaceForensics++_C23/Deepfakes/740_796.mp4,ffpp_Deepfakes
Deepfakes_741_731,test,fake,/workspace/data/raw/ffpp/FaceForensics++_C23/Deepfakes/741_731.mp4,ffpp_Deepfakes
Deepfakes_742_775,val,fake,/workspace/data/raw/ffpp/FaceForensics++_C23/Deepfakes/742_775.mp4,ffpp_Deepfakes
Deepfakes_743_750,train,fake,/workspace/data/raw/ffpp/FaceForensics++_C23/Deepfakes/743_750.mp4,ffpp_Deepfakes
Deepfakes_744_674,train,fake,/workspace/data/raw/ffpp/FaceForensics++_C23/Deepfakes/744_674.mp4,ffpp_Deepfakes
Deepfakes_745_777,val,fake,/workspace/data/raw/ffpp/FaceForensics++_C23/Deepfakes/745_777.mp4,ffpp_Deepfakes
Deepfakes_746_571,val,fake,/workspace/data/raw/ffpp/FaceForensics++_C23/Deepfakes/746_571.mp4,ffpp_Deepfakes
Deepfakes_747_854,train,fake,/workspace/data/raw/ffpp/FaceForensics++_C23/Deepfakes/747_854.mp4,ffpp_Deepfakes
Deepfakes_748_355,train,fake,/workspace/data/raw/ffpp/FaceForensics++_C23/Deepfakes/748_355.mp4,ffpp_Deepfakes
Deepfakes_749_659,train,fake,/workspace/data/raw/ffpp/FaceForensics++_C23/Deepfakes/749_659.mp4,ffpp_Deepfakes
Deepfakes_750_743,train,fake,/workspace/data/raw/ffpp/FaceForensics++_C23/Deepfakes/750_743.mp4,ffpp_Deepfakes
Deepfakes_751_752,train,fake,/workspace/data/raw/ffpp/FaceForensics++_C23/Deepfakes/751_752.mp4,ffpp_Deepfakes
Deepfakes_752_751,train,fake,/workspace/data/raw/ffpp/FaceForensics++_C23/Deepfakes/752_751.mp4,ffpp_Deepfakes
Deepfakes_753_789,train,fake,/workspace/data/raw/ffpp/FaceForensics++_C23/Deepfakes/753_789.mp4,ffpp_Deepfakes
Deepfakes_754_758,train,fake,/workspace/data/raw/ffpp/FaceForensics++_C23/Deepfakes/754_758.mp4,ffpp_Deepfakes
Deepfakes_755_759,test,fake,/workspace/data/raw/ffpp/FaceForensics++_C23/Deepfakes/755_759.mp4,ffpp_Deepfakes
Deepfakes_756_503,train,fake,/workspace/data/raw/ffpp/FaceForensics++_C23/Deepfakes/756_503.mp4,ffpp_Deepfakes
Deepfakes_757_573,train,fake,/workspace/data/raw/ffpp/FaceForensics++_C23/Deepfakes/757_573.mp4,ffpp_Deepfakes
Deepfakes_758_754,train,fake,/workspace/data/raw/ffpp/FaceForensics++_C23/Deepfakes/758_754.mp4,ffpp_Deepfakes
Deepfakes_759_755,test,fake,/workspace/data/raw/ffpp/FaceForensics++_C23/Deepfakes/759_755.mp4,ffpp_Deepfakes
Deepfakes_760_611,train,fake,/workspace/data/raw/ffpp/FaceForensics++_C23/Deepfakes/760_611.mp4,ffpp_Deepfakes
Deepfakes_761_766,train,fake,/workspace/data/raw/ffpp/FaceForensics++_C23/Deepfakes/761_766.mp4,ffpp_Deepfakes
Deepfakes_762_832,val,fake,/workspace/data/raw/ffpp/FaceForensics++_C23/Deepfakes/762_832.mp4,ffpp_Deepfakes
Deepfakes_763_930,train,fake,/workspace/data/raw/ffpp/FaceForensics++_C23/Deepfakes/763_930.mp4,ffpp_Deepfakes
Deepfakes_764_850,train,fake,/workspace/data/raw/ffpp/FaceForensics++_C23/Deepfakes/764_850.mp4,ffpp_Deepfakes
Deepfakes_765_867,train,fake,/workspace/data/raw/ffpp/FaceForensics++_C23/Deepfakes/765_867.mp4,ffpp_Deepfakes
Deepfakes_766_761,train,fake,/workspace/data/raw/ffpp/FaceForensics++_C23/Deepfakes/766_761.mp4,ffpp_Deepfakes
Deepfakes_767_694,train,fake,/workspace/data/raw/ffpp/FaceForensics++_C23/Deepfakes/767_694.mp4,ffpp_Deepfakes
Deepfakes_768_793,val,fake,/workspace/data/raw/ffpp/FaceForensics++_C23/Deepfakes/768_793.mp4,ffpp_Deepfakes
Deepfakes_769_784,train,fake,/workspace/data/raw/ffpp/FaceForensics++_C23/Deepfakes/769_784.mp4,ffpp_Deepfakes
Deepfakes_770_791,train,fake,/workspace/data/raw/ffpp/FaceForensics++_C23/Deepfakes/770_791.mp4,ffpp_Deepfakes
Deepfakes_771_849,train,fake,/workspace/data/raw/ffpp/FaceForensics++_C23/Deepfakes/771_849.mp4,ffpp_Deepfakes
Deepfakes_772_708,train,fake,/workspace/data/raw/ffpp/FaceForensics++_C23/Deepfakes/772_708.mp4,ffpp_Deepfakes
Deepfakes_773_652,train,fake,/workspace/data/raw/ffpp/FaceForensics++_C23/Deepfakes/773_652.mp4,ffpp_Deepfakes
Deepfakes_774_735,train,fake,/workspace/data/raw/ffpp/FaceForensics++_C23/Deepfakes/774_735.mp4,ffpp_Deepfakes
Deepfakes_775_742,val,fake,/workspace/data/raw/ffpp/FaceForensics++_C23/Deepfakes/775_742.mp4,ffpp_Deepfakes
Deepfakes_776_676,train,fake,/workspace/data/raw/ffpp/FaceForensics++_C23/Deepfakes/776_676.mp4,ffpp_Deepfakes
Deepfakes_777_745,val,fake,/workspace/data/raw/ffpp/FaceForensics++_C23/Deepfakes/777_745.mp4,ffpp_Deepfakes
Deepfakes_778_798,train,fake,/workspace/data/raw/ffpp/FaceForensics++_C23/Deepfakes/778_798.mp4,ffpp_Deepfakes
Deepfakes_779_794,val,fake,/workspace/data/raw/ffpp/FaceForensics++_C23/Deepfakes/779_794.mp4,ffpp_Deepfakes
Deepfakes_780_869,train,fake,/workspace/data/raw/ffpp/FaceForensics++_C23/Deepfakes/780_869.mp4,ffpp_Deepfakes
Deepfakes_781_806,train,fake,/workspace/data/raw/ffpp/FaceForensics++_C23/Deepfakes/781_806.mp4,ffpp_Deepfakes
Deepfakes_782_787,train,fake,/workspace/data/raw/ffpp/FaceForensics++_C23/Deepfakes/782_787.mp4,ffpp_Deepfakes
Deepfakes_783_916,train,fake,/workspace/data/raw/ffpp/FaceForensics++_C23/Deepfakes/783_916.mp4,ffpp_Deepfakes
Deepfakes_784_769,train,fake,/workspace/data/raw/ffpp/FaceForensics++_C23/Deepfakes/784_769.mp4,ffpp_Deepfakes
Deepfakes_785_736,train,fake,/workspace/data/raw/ffpp/FaceForensics++_C23/Deepfakes/785_736.mp4,ffpp_Deepfakes
Deepfakes_786_819,train,fake,/workspace/data/raw/ffpp/FaceForensics++_C23/Deepfakes/786_819.mp4,ffpp_Deepfakes
Deepfakes_787_782,train,fake,/workspace/data/raw/ffpp/FaceForensics++_C23/Deepfakes/787_782.mp4,ffpp_Deepfakes
Deepfakes_788_710,train,fake,/workspace/data/raw/ffpp/FaceForensics++_C23/Deepfakes/788_710.mp4,ffpp_Deepfakes
Deepfakes_789_753,train,fake,/workspace/data/raw/ffpp/FaceForensics++_C23/Deepfakes/789_753.mp4,ffpp_Deepfakes
Deepfakes_790_014,train,fake,/workspace/data/raw/ffpp/FaceForensics++_C23/Deepfakes/790_014.mp4,ffpp_Deepfakes
Deepfakes_791_770,train,fake,/workspace/data/raw/ffpp/FaceForensics++_C23/Deepfakes/791_770.mp4,ffpp_Deepfakes
Deepfakes_792_903,train,fake,/workspace/data/raw/ffpp/FaceForensics++_C23/Deepfakes/792_903.mp4,ffpp_Deepfakes
Deepfakes_793_768,val,fake,/workspace/data/raw/ffpp/FaceForensics++_C23/Deepfakes/793_768.mp4,ffpp_Deepfakes
Deepfakes_794_779,val,fake,/workspace/data/raw/ffpp/FaceForensics++_C23/Deepfakes/794_779.mp4,ffpp_Deepfakes
Deepfakes_795_907,train,fake,/workspace/data/raw/ffpp/FaceForensics++_C23/Deepfakes/795_907.mp4,ffpp_Deepfakes
Deepfakes_796_740,train,fake,/workspace/data/raw/ffpp/FaceForensics++_C23/Deepfakes/796_740.mp4,ffpp_Deepfakes
Deepfakes_797_844,train,fake,/workspace/data/raw/ffpp/FaceForensics++_C23/Deepfakes/797_844.mp4,ffpp_Deepfakes
Deepfakes_798_778,train,fake,/workspace/data/raw/ffpp/FaceForensics++_C23/Deepfakes/798_778.mp4,ffpp_Deepfakes
Deepfakes_799_809,train,fake,/workspace/data/raw/ffpp/FaceForensics++_C23/Deepfakes/799_809.mp4,ffpp_Deepfakes
Deepfakes_800_840,train,fake,/workspace/data/raw/ffpp/FaceForensics++_C23/Deepfakes/800_840.mp4,ffpp_Deepfakes
Deepfakes_801_855,test,fake,/workspace/data/raw/ffpp/FaceForensics++_C23/Deepfakes/801_855.mp4,ffpp_Deepfakes
Deepfakes_802_885,train,fake,/workspace/data/raw/ffpp/FaceForensics++_C23/Deepfakes/802_885.mp4,ffpp_Deepfakes
Deepfakes_803_017,train,fake,/workspace/data/raw/ffpp/FaceForensics++_C23/Deepfakes/803_017.mp4,ffpp_Deepfakes
Deepfakes_804_738,train,fake,/workspace/data/raw/ffpp/FaceForensics++_C23/Deepfakes/804_738.mp4,ffpp_Deepfakes
Deepfakes_805_011,train,fake,/workspace/data/raw/ffpp/FaceForensics++_C23/Deepfakes/805_011.mp4,ffpp_Deepfakes
Deepfakes_806_781,train,fake,/workspace/data/raw/ffpp/FaceForensics++_C23/Deepfakes/806_781.mp4,ffpp_Deepfakes
Deepfakes_807_273,val,fake,/workspace/data/raw/ffpp/FaceForensics++_C23/Deepfakes/807_273.mp4,ffpp_Deepfakes
Deepfakes_808_829,train,fake,/workspace/data/raw/ffpp/FaceForensics++_C23/Deepfakes/808_829.mp4,ffpp_Deepfakes
Deepfakes_809_799,train,fake,/workspace/data/raw/ffpp/FaceForensics++_C23/Deepfakes/809_799.mp4,ffpp_Deepfakes
Deepfakes_810_838,train,fake,/workspace/data/raw/ffpp/FaceForensics++_C23/Deepfakes/810_838.mp4,ffpp_Deepfakes
Deepfakes_811_920,train,fake,/workspace/data/raw/ffpp/FaceForensics++_C23/Deepfakes/811_920.mp4,ffpp_Deepfakes
Deepfakes_812_821,test,fake,/workspace/data/raw/ffpp/FaceForensics++_C23/Deepfakes/812_821.mp4,ffpp_Deepfakes
Deepfakes_813_700,train,fake,/workspace/data/raw/ffpp/FaceForensics++_C23/Deepfakes/813_700.mp4,ffpp_Deepfakes
Deepfakes_814_871,train,fake,/workspace/data/raw/ffpp/FaceForensics++_C23/Deepfakes/814_871.mp4,ffpp_Deepfakes
Deepfakes_815_730,train,fake,/workspace/data/raw/ffpp/FaceForensics++_C23/Deepfakes/815_730.mp4,ffpp_Deepfakes
Deepfakes_816_649,val,fake,/workspace/data/raw/ffpp/FaceForensics++_C23/Deepfakes/816_649.mp4,ffpp_Deepfakes
Deepfakes_817_827,val,fake,/workspace/data/raw/ffpp/FaceForensics++_C23/Deepfakes/817_827.mp4,ffpp_Deepfakes
Deepfakes_818_820,val,fake,/workspace/data/raw/ffpp/FaceForensics++_C23/Deepfakes/818_820.mp4,ffpp_Deepfakes
Deepfakes_819_786,train,fake,/workspace/data/raw/ffpp/FaceForensics++_C23/Deepfakes/819_786.mp4,ffpp_Deepfakes
Deepfakes_820_818,val,fake,/workspace/data/raw/ffpp/FaceForensics++_C23/Deepfakes/820_818.mp4,ffpp_Deepfakes
Deepfakes_821_812,test,fake,/workspace/data/raw/ffpp/FaceForensics++_C23/Deepfakes/821_812.mp4,ffpp_Deepfakes
Deepfakes_822_244,train,fake,/workspace/data/raw/ffpp/FaceForensics++_C23/Deepfakes/822_244.mp4,ffpp_Deepfakes
Deepfakes_823_584,val,fake,/workspace/data/raw/ffpp/FaceForensics++_C23/Deepfakes/823_584.mp4,ffpp_Deepfakes
Deepfakes_824_419,val,fake,/workspace/data/raw/ffpp/FaceForensics++_C23/Deepfakes/824_419.mp4,ffpp_Deepfakes
Deepfakes_825_074,train,fake,/workspace/data/raw/ffpp/FaceForensics++_C23/Deepfakes/825_074.mp4,ffpp_Deepfakes
Deepfakes_826_833,train,fake,/workspace/data/raw/ffpp/FaceForensics++_C23/Deepfakes/826_833.mp4,ffpp_Deepfakes
Deepfakes_827_817,val,fake,/workspace/data/raw/ffpp/FaceForensics++_C23/Deepfakes/827_817.mp4,ffpp_Deepfakes
Deepfakes_828_830,train,fake,/workspace/data/raw/ffpp/FaceForensics++_C23/Deepfakes/828_830.mp4,ffpp_Deepfakes
Deepfakes_829_808,train,fake,/workspace/data/raw/ffpp/FaceForensics++_C23/Deepfakes/829_808.mp4,ffpp_Deepfakes
Deepfakes_830_828,train,fake,/workspace/data/raw/ffpp/FaceForensics++_C23/Deepfakes/830_828.mp4,ffpp_Deepfakes
Deepfakes_831_508,train,fake,/workspace/data/raw/ffpp/FaceForensics++_C23/Deepfakes/831_508.mp4,ffpp_Deepfakes
Deepfakes_832_762,val,fake,/workspace/data/raw/ffpp/FaceForensics++_C23/Deepfakes/832_762.mp4,ffpp_Deepfakes
Deepfakes_833_826,train,fake,/workspace/data/raw/ffpp/FaceForensics++_C23/Deepfakes/833_826.mp4,ffpp_Deepfakes
Deepfakes_834_852,val,fake,/workspace/data/raw/ffpp/FaceForensics++_C23/Deepfakes/834_852.mp4,ffpp_Deepfakes
Deepfakes_835_651,train,fake,/workspace/data/raw/ffpp/FaceForensics++_C23/Deepfakes/835_651.mp4,ffpp_Deepfakes
Deepfakes_836_950,train,fake,/workspace/data/raw/ffpp/FaceForensics++_C23/Deepfakes/836_950.mp4,ffpp_Deepfakes
Deepfakes_837_890,val,fake,/workspace/data/raw/ffpp/FaceForensics++_C23/Deepfakes/837_890.mp4,ffpp_Deepfakes
Deepfakes_838_810,train,fake,/workspace/data/raw/ffpp/FaceForensics++_C23/Deepfakes/838_810.mp4,ffpp_Deepfakes
Deepfakes_839_864,train,fake,/workspace/data/raw/ffpp/FaceForensics++_C23/Deepfakes/839_864.mp4,ffpp_Deepfakes
Deepfakes_840_800,train,fake,/workspace/data/raw/ffpp/FaceForensics++_C23/Deepfakes/840_800.mp4,ffpp_Deepfakes
Deepfakes_841_639,train,fake,/workspace/data/raw/ffpp/FaceForensics++_C23/Deepfakes/841_639.mp4,ffpp_Deepfakes
Deepfakes_842_714,test,fake,/workspace/data/raw/ffpp/FaceForensics++_C23/Deepfakes/842_714.mp4,ffpp_Deepfakes
Deepfakes_843_859,train,fake,/workspace/data/raw/ffpp/FaceForensics++_C23/Deepfakes/843_859.mp4,ffpp_Deepfakes
Deepfakes_844_797,train,fake,/workspace/data/raw/ffpp/FaceForensics++_C23/Deepfakes/844_797.mp4,ffpp_Deepfakes
Deepfakes_845_846,train,fake,/workspace/data/raw/ffpp/FaceForensics++_C23/Deepfakes/845_846.mp4,ffpp_Deepfakes
Deepfakes_846_845,train,fake,/workspace/data/raw/ffpp/FaceForensics++_C23/Deepfakes/846_845.mp4,ffpp_Deepfakes
Deepfakes_847_906,test,fake,/workspace/data/raw/ffpp/FaceForensics++_C23/Deepfakes/847_906.mp4,ffpp_Deepfakes
Deepfakes_848_894,train,fake,/workspace/data/raw/ffpp/FaceForensics++_C23/Deepfakes/848_894.mp4,ffpp_Deepfakes
Deepfakes_849_771,train,fake,/workspace/data/raw/ffpp/FaceForensics++_C23/Deepfakes/849_771.mp4,ffpp_Deepfakes
Deepfakes_850_764,train,fake,/workspace/data/raw/ffpp/FaceForensics++_C23/Deepfakes/850_764.mp4,ffpp_Deepfakes
Deepfakes_851_552,test,fake,/workspace/data/raw/ffpp/FaceForensics++_C23/Deepfakes/851_552.mp4,ffpp_Deepfakes
Deepfakes_852_834,val,fake,/workspace/data/raw/ffpp/FaceForensics++_C23/Deepfakes/852_834.mp4,ffpp_Deepfakes
Deepfakes_853_863,train,fake,/workspace/data/raw/ffpp/FaceForensics++_C23/Deepfakes/853_863.mp4,ffpp_Deepfakes
Deepfakes_854_747,train,fake,/workspace/data/raw/ffpp/FaceForensics++_C23/Deepfakes/854_747.mp4,ffpp_Deepfakes
Deepfakes_855_801,test,fake,/workspace/data/raw/ffpp/FaceForensics++_C23/Deepfakes/855_801.mp4,ffpp_Deepfakes
Deepfakes_856_881,train,fake,/workspace/data/raw/ffpp/FaceForensics++_C23/Deepfakes/856_881.mp4,ffpp_Deepfakes
Deepfakes_857_909,val,fake,/workspace/data/raw/ffpp/FaceForensics++_C23/Deepfakes/857_909.mp4,ffpp_Deepfakes
Deepfakes_858_861,train,fake,/workspace/data/raw/ffpp/FaceForensics++_C23/Deepfakes/858_861.mp4,ffpp_Deepfakes
Deepfakes_859_843,train,fake,/workspace/data/raw/ffpp/FaceForensics++_C23/Deepfakes/859_843.mp4,ffpp_Deepfakes
Deepfakes_860_905,train,fake,/workspace/data/raw/ffpp/FaceForensics++_C23/Deepfakes/860_905.mp4,ffpp_Deepfakes
Deepfakes_861_858,train,fake,/workspace/data/raw/ffpp/FaceForensics++_C23/Deepfakes/861_858.mp4,ffpp_Deepfakes
Deepfakes_862_047,test,fake,/workspace/data/raw/ffpp/FaceForensics++_C23/Deepfakes/862_047.mp4,ffpp_Deepfakes
Deepfakes_863_853,train,fake,/workspace/data/raw/ffpp/FaceForensics++_C23/Deepfakes/863_853.mp4,ffpp_Deepfakes
Deepfakes_864_839,train,fake,/workspace/data/raw/ffpp/FaceForensics++_C23/Deepfakes/864_839.mp4,ffpp_Deepfakes
Deepfakes_865_739,test,fake,/workspace/data/raw/ffpp/FaceForensics++_C23/Deepfakes/865_739.mp4,ffpp_Deepfakes
Deepfakes_866_878,train,fake,/workspace/data/raw/ffpp/FaceForensics++_C23/Deepfakes/866_878.mp4,ffpp_Deepfakes
Deepfakes_867_765,train,fake,/workspace/data/raw/ffpp/FaceForensics++_C23/Deepfakes/867_765.mp4,ffpp_Deepfakes
Deepfakes_868_949,test,fake,/workspace/data/raw/ffpp/FaceForensics++_C23/Deepfakes/868_949.mp4,ffpp_Deepfakes
Deepfakes_869_780,train,fake,/workspace/data/raw/ffpp/FaceForensics++_C23/Deepfakes/869_780.mp4,ffpp_Deepfakes
Deepfakes_870_001,train,fake,/workspace/data/raw/ffpp/FaceForensics++_C23/Deepfakes/870_001.mp4,ffpp_Deepfakes
Deepfakes_871_814,train,fake,/workspace/data/raw/ffpp/FaceForensics++_C23/Deepfakes/871_814.mp4,ffpp_Deepfakes
Deepfakes_872_873,train,fake,/workspace/data/raw/ffpp/FaceForensics++_C23/Deepfakes/872_873.mp4,ffpp_Deepfakes
Deepfakes_873_872,train,fake,/workspace/data/raw/ffpp/FaceForensics++_C23/Deepfakes/873_872.mp4,ffpp_Deepfakes
Deepfakes_874_291,train,fake,/workspace/data/raw/ffpp/FaceForensics++_C23/Deepfakes/874_291.mp4,ffpp_Deepfakes
Deepfakes_875_979,val,fake,/workspace/data/raw/ffpp/FaceForensics++_C23/Deepfakes/875_979.mp4,ffpp_Deepfakes
Deepfakes_876_891,train,fake,/workspace/data/raw/ffpp/FaceForensics++_C23/Deepfakes/876_891.mp4,ffpp_Deepfakes
Deepfakes_877_886,train,fake,/workspace/data/raw/ffpp/FaceForensics++_C23/Deepfakes/877_886.mp4,ffpp_Deepfakes
Deepfakes_878_866,train,fake,/workspace/data/raw/ffpp/FaceForensics++_C23/Deepfakes/878_866.mp4,ffpp_Deepfakes
Deepfakes_879_963,train,fake,/workspace/data/raw/ffpp/FaceForensics++_C23/Deepfakes/879_963.mp4,ffpp_Deepfakes
Deepfakes_880_135,test,fake,/workspace/data/raw/ffpp/FaceForensics++_C23/Deepfakes/880_135.mp4,ffpp_Deepfakes
Deepfakes_881_856,train,fake,/workspace/data/raw/ffpp/FaceForensics++_C23/Deepfakes/881_856.mp4,ffpp_Deepfakes
Deepfakes_882_952,train,fake,/workspace/data/raw/ffpp/FaceForensics++_C23/Deepfakes/882_952.mp4,ffpp_Deepfakes
Deepfakes_883_013,train,fake,/workspace/data/raw/ffpp/FaceForensics++_C23/Deepfakes/883_013.mp4,ffpp_Deepfakes
Deepfakes_884_968,train,fake,/workspace/data/raw/ffpp/FaceForensics++_C23/Deepfakes/884_968.mp4,ffpp_Deepfakes
Deepfakes_885_802,train,fake,/workspace/data/raw/ffpp/FaceForensics++_C23/Deepfakes/885_802.mp4,ffpp_Deepfakes
Deepfakes_886_877,train,fake,/workspace/data/raw/ffpp/FaceForensics++_C23/Deepfakes/886_877.mp4,ffpp_Deepfakes
Deepfakes_887_275,train,fake,/workspace/data/raw/ffpp/FaceForensics++_C23/Deepfakes/887_275.mp4,ffpp_Deepfakes
Deepfakes_888_937,train,fake,/workspace/data/raw/ffpp/FaceForensics++_C23/Deepfakes/888_937.mp4,ffpp_Deepfakes
Deepfakes_889_045,train,fake,/workspace/data/raw/ffpp/FaceForensics++_C23/Deepfakes/889_045.mp4,ffpp_Deepfakes
Deepfakes_890_837,val,fake,/workspace/data/raw/ffpp/FaceForensics++_C23/Deepfakes/890_837.mp4,ffpp_Deepfakes
Deepfakes_891_876,train,fake,/workspace/data/raw/ffpp/FaceForensics++_C23/Deepfakes/891_876.mp4,ffpp_Deepfakes
Deepfakes_892_112,train,fake,/workspace/data/raw/ffpp/FaceForensics++_C23/Deepfakes/892_112.mp4,ffpp_Deepfakes
Deepfakes_893_913,train,fake,/workspace/data/raw/ffpp/FaceForensics++_C23/Deepfakes/893_913.mp4,ffpp_Deepfakes
Deepfakes_894_848,train,fake,/workspace/data/raw/ffpp/FaceForensics++_C23/Deepfakes/894_848.mp4,ffpp_Deepfakes
Deepfakes_895_915,val,fake,/workspace/data/raw/ffpp/FaceForensics++_C23/Deepfakes/895_915.mp4,ffpp_Deepfakes
Deepfakes_896_128,test,fake,/workspace/data/raw/ffpp/FaceForensics++_C23/Deepfakes/896_128.mp4,ffpp_Deepfakes
Deepfakes_897_969,train,fake,/workspace/data/raw/ffpp/FaceForensics++_C23/Deepfakes/897_969.mp4,ffpp_Deepfakes
Deepfakes_898_922,val,fake,/workspace/data/raw/ffpp/FaceForensics++_C23/Deepfakes/898_922.mp4,ffpp_Deepfakes
Deepfakes_899_914,train,fake,/workspace/data/raw/ffpp/FaceForensics++_C23/Deepfakes/899_914.mp4,ffpp_Deepfakes
Deepfakes_900_926,val,fake,/workspace/data/raw/ffpp/FaceForensics++_C23/Deepfakes/900_926.mp4,ffpp_Deepfakes
Deepfakes_901_902,train,fake,/workspace/data/raw/ffpp/FaceForensics++_C23/Deepfakes/901_902.mp4,ffpp_Deepfakes
Deepfakes_902_901,train,fake,/workspace/data/raw/ffpp/FaceForensics++_C23/Deepfakes/902_901.mp4,ffpp_Deepfakes
Deepfakes_903_792,train,fake,/workspace/data/raw/ffpp/FaceForensics++_C23/Deepfakes/903_792.mp4,ffpp_Deepfakes
Deepfakes_904_046,val,fake,/workspace/data/raw/ffpp/FaceForensics++_C23/Deepfakes/904_046.mp4,ffpp_Deepfakes
Deepfakes_905_860,train,fake,/workspace/data/raw/ffpp/FaceForensics++_C23/Deepfakes/905_860.mp4,ffpp_Deepfakes
Deepfakes_906_847,test,fake,/workspace/data/raw/ffpp/FaceForensics++_C23/Deepfakes/906_847.mp4,ffpp_Deepfakes
Deepfakes_907_795,train,fake,/workspace/data/raw/ffpp/FaceForensics++_C23/Deepfakes/907_795.mp4,ffpp_Deepfakes
Deepfakes_908_207,train,fake,/workspace/data/raw/ffpp/FaceForensics++_C23/Deepfakes/908_207.mp4,ffpp_Deepfakes
Deepfakes_909_857,val,fake,/workspace/data/raw/ffpp/FaceForensics++_C23/Deepfakes/909_857.mp4,ffpp_Deepfakes
Deepfakes_910_911,train,fake,/workspace/data/raw/ffpp/FaceForensics++_C23/Deepfakes/910_911.mp4,ffpp_Deepfakes
Deepfakes_911_910,train,fake,/workspace/data/raw/ffpp/FaceForensics++_C23/Deepfakes/911_910.mp4,ffpp_Deepfakes
Deepfakes_912_927,val,fake,/workspace/data/raw/ffpp/FaceForensics++_C23/Deepfakes/912_927.mp4,ffpp_Deepfakes
Deepfakes_913_893,train,fake,/workspace/data/raw/ffpp/FaceForensics++_C23/Deepfakes/913_893.mp4,ffpp_Deepfakes
Deepfakes_914_899,train,fake,/workspace/data/raw/ffpp/FaceForensics++_C23/Deepfakes/914_899.mp4,ffpp_Deepfakes
Deepfakes_915_895,val,fake,/workspace/data/raw/ffpp/FaceForensics++_C23/Deepfakes/915_895.mp4,ffpp_Deepfakes
Deepfakes_916_783,train,fake,/workspace/data/raw/ffpp/FaceForensics++_C23/Deepfakes/916_783.mp4,ffpp_Deepfakes
Deepfakes_917_924,test,fake,/workspace/data/raw/ffpp/FaceForensics++_C23/Deepfakes/917_924.mp4,ffpp_Deepfakes
Deepfakes_918_934,train,fake,/workspace/data/raw/ffpp/FaceForensics++_C23/Deepfakes/918_934.mp4,ffpp_Deepfakes
Deepfakes_919_015,test,fake,/workspace/data/raw/ffpp/FaceForensics++_C23/Deepfakes/919_015.mp4,ffpp_Deepfakes
Deepfakes_920_811,train,fake,/workspace/data/raw/ffpp/FaceForensics++_C23/Deepfakes/920_811.mp4,ffpp_Deepfakes
Deepfakes_921_569,train,fake,/workspace/data/raw/ffpp/FaceForensics++_C23/Deepfakes/921_569.mp4,ffpp_Deepfakes
Deepfakes_922_898,val,fake,/workspace/data/raw/ffpp/FaceForensics++_C23/Deepfakes/922_898.mp4,ffpp_Deepfakes
Deepfakes_923_023,val,fake,/workspace/data/raw/ffpp/FaceForensics++_C23/Deepfakes/923_023.mp4,ffpp_Deepfakes
Deepfakes_924_917,test,fake,/workspace/data/raw/ffpp/FaceForensics++_C23/Deepfakes/924_917.mp4,ffpp_Deepfakes
Deepfakes_925_933,val,fake,/workspace/data/raw/ffpp/FaceForensics++_C23/Deepfakes/925_933.mp4,ffpp_Deepfakes
Deepfakes_926_900,val,fake,/workspace/data/raw/ffpp/FaceForensics++_C23/Deepfakes/926_900.mp4,ffpp_Deepfakes
Deepfakes_927_912,val,fake,/workspace/data/raw/ffpp/FaceForensics++_C23/Deepfakes/927_912.mp4,ffpp_Deepfakes
Deepfakes_928_160,train,fake,/workspace/data/raw/ffpp/FaceForensics++_C23/Deepfakes/928_160.mp4,ffpp_Deepfakes
Deepfakes_929_962,train,fake,/workspace/data/raw/ffpp/FaceForensics++_C23/Deepfakes/929_962.mp4,ffpp_Deepfakes
Deepfakes_930_763,train,fake,/workspace/data/raw/ffpp/FaceForensics++_C23/Deepfakes/930_763.mp4,ffpp_Deepfakes
Deepfakes_931_936,train,fake,/workspace/data/raw/ffpp/FaceForensics++_C23/Deepfakes/931_936.mp4,ffpp_Deepfakes
Deepfakes_932_384,test,fake,/workspace/data/raw/ffpp/FaceForensics++_C23/Deepfakes/932_384.mp4,ffpp_Deepfakes
Deepfakes_933_925,val,fake,/workspace/data/raw/ffpp/FaceForensics++_C23/Deepfakes/933_925.mp4,ffpp_Deepfakes
Deepfakes_934_918,train,fake,/workspace/data/raw/ffpp/FaceForensics++_C23/Deepfakes/934_918.mp4,ffpp_Deepfakes
Deepfakes_935_733,train,fake,/workspace/data/raw/ffpp/FaceForensics++_C23/Deepfakes/935_733.mp4,ffpp_Deepfakes
Deepfakes_936_931,train,fake,/workspace/data/raw/ffpp/FaceForensics++_C23/Deepfakes/936_931.mp4,ffpp_Deepfakes
Deepfakes_937_888,train,fake,/workspace/data/raw/ffpp/FaceForensics++_C23/Deepfakes/937_888.mp4,ffpp_Deepfakes
Deepfakes_938_987,train,fake,/workspace/data/raw/ffpp/FaceForensics++_C23/Deepfakes/938_987.mp4,ffpp_Deepfakes
Deepfakes_939_115,val,fake,/workspace/data/raw/ffpp/FaceForensics++_C23/Deepfakes/939_115.mp4,ffpp_Deepfakes
Deepfakes_940_941,train,fake,/workspace/data/raw/ffpp/FaceForensics++_C23/Deepfakes/940_941.mp4,ffpp_Deepfakes
Deepfakes_941_940,train,fake,/workspace/data/raw/ffpp/FaceForensics++_C23/Deepfakes/941_940.mp4,ffpp_Deepfakes
Deepfakes_942_943,train,fake,/workspace/data/raw/ffpp/FaceForensics++_C23/Deepfakes/942_943.mp4,ffpp_Deepfakes
Deepfakes_943_942,train,fake,/workspace/data/raw/ffpp/FaceForensics++_C23/Deepfakes/943_942.mp4,ffpp_Deepfakes
Deepfakes_944_032,train,fake,/workspace/data/raw/ffpp/FaceForensics++_C23/Deepfakes/944_032.mp4,ffpp_Deepfakes
Deepfakes_945_044,test,fake,/workspace/data/raw/ffpp/FaceForensics++_C23/Deepfakes/945_044.mp4,ffpp_Deepfakes
Deepfakes_946_049,train,fake,/workspace/data/raw/ffpp/FaceForensics++_C23/Deepfakes/946_049.mp4,ffpp_Deepfakes
Deepfakes_947_951,val,fake,/workspace/data/raw/ffpp/FaceForensics++_C23/Deepfakes/947_951.mp4,ffpp_Deepfakes
Deepfakes_948_965,train,fake,/workspace/data/raw/ffpp/FaceForensics++_C23/Deepfakes/948_965.mp4,ffpp_Deepfakes
Deepfakes_949_868,test,fake,/workspace/data/raw/ffpp/FaceForensics++_C23/Deepfakes/949_868.mp4,ffpp_Deepfakes
Deepfakes_950_836,train,fake,/workspace/data/raw/ffpp/FaceForensics++_C23/Deepfakes/950_836.mp4,ffpp_Deepfakes
Deepfakes_951_947,val,fake,/workspace/data/raw/ffpp/FaceForensics++_C23/Deepfakes/951_947.mp4,ffpp_Deepfakes
Deepfakes_952_882,train,fake,/workspace/data/raw/ffpp/FaceForensics++_C23/Deepfakes/952_882.mp4,ffpp_Deepfakes
Deepfakes_953_974,test,fake,/workspace/data/raw/ffpp/FaceForensics++_C23/Deepfakes/953_974.mp4,ffpp_Deepfakes
Deepfakes_954_976,train,fake,/workspace/data/raw/ffpp/FaceForensics++_C23/Deepfakes/954_976.mp4,ffpp_Deepfakes
Deepfakes_955_078,test,fake,/workspace/data/raw/ffpp/FaceForensics++_C23/Deepfakes/955_078.mp4,ffpp_Deepfakes
Deepfakes_956_958,val,fake,/workspace/data/raw/ffpp/FaceForensics++_C23/Deepfakes/956_958.mp4,ffpp_Deepfakes
Deepfakes_957_959,train,fake,/workspace/data/raw/ffpp/FaceForensics++_C23/Deepfakes/957_959.mp4,ffpp_Deepfakes
Deepfakes_958_956,val,fake,/workspace/data/raw/ffpp/FaceForensics++_C23/Deepfakes/958_956.mp4,ffpp_Deepfakes
Deepfakes_959_957,train,fake,/workspace/data/raw/ffpp/FaceForensics++_C23/Deepfakes/959_957.mp4,ffpp_Deepfakes
Deepfakes_960_999,train,fake,/workspace/data/raw/ffpp/FaceForensics++_C23/Deepfakes/960_999.mp4,ffpp_Deepfakes
Deepfakes_961_069,train,fake,/workspace/data/raw/ffpp/FaceForensics++_C23/Deepfakes/961_069.mp4,ffpp_Deepfakes
Deepfakes_962_929,train,fake,/workspace/data/raw/ffpp/FaceForensics++_C23/Deepfakes/962_929.mp4,ffpp_Deepfakes
Deepfakes_963_879,train,fake,/workspace/data/raw/ffpp/FaceForensics++_C23/Deepfakes/963_879.mp4,ffpp_Deepfakes
Deepfakes_964_174,train,fake,/workspace/data/raw/ffpp/FaceForensics++_C23/Deepfakes/964_174.mp4,ffpp_Deepfakes
Deepfakes_965_948,train,fake,/workspace/data/raw/ffpp/FaceForensics++_C23/Deepfakes/965_948.mp4,ffpp_Deepfakes
Deepfakes_966_988,train,fake,/workspace/data/raw/ffpp/FaceForensics++_C23/Deepfakes/966_988.mp4,ffpp_Deepfakes
Deepfakes_967_984,train,fake,/workspace/data/raw/ffpp/FaceForensics++_C23/Deepfakes/967_984.mp4,ffpp_Deepfakes
Deepfakes_968_884,train,fake,/workspace/data/raw/ffpp/FaceForensics++_C23/Deepfakes/968_884.mp4,ffpp_Deepfakes
Deepfakes_969_897,train,fake,/workspace/data/raw/ffpp/FaceForensics++_C23/Deepfakes/969_897.mp4,ffpp_Deepfakes
Deepfakes_970_973,test,fake,/workspace/data/raw/ffpp/FaceForensics++_C23/Deepfakes/970_973.mp4,ffpp_Deepfakes
Deepfakes_971_564,val,fake,/workspace/data/raw/ffpp/FaceForensics++_C23/Deepfakes/971_564.mp4,ffpp_Deepfakes
Deepfakes_972_718,train,fake,/workspace/data/raw/ffpp/FaceForensics++_C23/Deepfakes/972_718.mp4,ffpp_Deepfakes
Deepfakes_973_970,test,fake,/workspace/data/raw/ffpp/FaceForensics++_C23/Deepfakes/973_970.mp4,ffpp_Deepfakes
Deepfakes_974_953,test,fake,/workspace/data/raw/ffpp/FaceForensics++_C23/Deepfakes/974_953.mp4,ffpp_Deepfakes
Deepfakes_975_978,train,fake,/workspace/data/raw/ffpp/FaceForensics++_C23/Deepfakes/975_978.mp4,ffpp_Deepfakes
Deepfakes_976_954,train,fake,/workspace/data/raw/ffpp/FaceForensics++_C23/Deepfakes/976_954.mp4,ffpp_Deepfakes
Deepfakes_977_075,train,fake,/workspace/data/raw/ffpp/FaceForensics++_C23/Deepfakes/977_075.mp4,ffpp_Deepfakes
Deepfakes_978_975,train,fake,/workspace/data/raw/ffpp/FaceForensics++_C23/Deepfakes/978_975.mp4,ffpp_Deepfakes
Deepfakes_979_875,val,fake,/workspace/data/raw/ffpp/FaceForensics++_C23/Deepfakes/979_875.mp4,ffpp_Deepfakes
Deepfakes_980_992,val,fake,/workspace/data/raw/ffpp/FaceForensics++_C23/Deepfakes/980_992.mp4,ffpp_Deepfakes
Deepfakes_981_985,train,fake,/workspace/data/raw/ffpp/FaceForensics++_C23/Deepfakes/981_985.mp4,ffpp_Deepfakes
Deepfakes_982_004,val,fake,/workspace/data/raw/ffpp/FaceForensics++_C23/Deepfakes/982_004.mp4,ffpp_Deepfakes
Deepfakes_983_113,train,fake,/workspace/data/raw/ffpp/FaceForensics++_C23/Deepfakes/983_113.mp4,ffpp_Deepfakes
Deepfakes_984_967,train,fake,/workspace/data/raw/ffpp/FaceForensics++_C23/Deepfakes/984_967.mp4,ffpp_Deepfakes
Deepfakes_985_981,train,fake,/workspace/data/raw/ffpp/FaceForensics++_C23/Deepfakes/985_981.mp4,ffpp_Deepfakes
Deepfakes_986_994,train,fake,/workspace/data/raw/ffpp/FaceForensics++_C23/Deepfakes/986_994.mp4,ffpp_Deepfakes
Deepfakes_987_938,train,fake,/workspace/data/raw/ffpp/FaceForensics++_C23/Deepfakes/987_938.mp4,ffpp_Deepfakes
Deepfakes_988_966,train,fake,/workspace/data/raw/ffpp/FaceForensics++_C23/Deepfakes/988_966.mp4,ffpp_Deepfakes
Deepfakes_989_993,train,fake,/workspace/data/raw/ffpp/FaceForensics++_C23/Deepfakes/989_993.mp4,ffpp_Deepfakes
Deepfakes_990_008,train,fake,/workspace/data/raw/ffpp/FaceForensics++_C23/Deepfakes/990_008.mp4,ffpp_Deepfakes
Deepfakes_991_064,val,fake,/workspace/data/raw/ffpp/FaceForensics++_C23/Deepfakes/991_064.mp4,ffpp_Deepfakes
Deepfakes_992_980,val,fake,/workspace/data/raw/ffpp/FaceForensics++_C23/Deepfakes/992_980.mp4,ffpp_Deepfakes
Deepfakes_993_989,train,fake,/workspace/data/raw/ffpp/FaceForensics++_C23/Deepfakes/993_989.mp4,ffpp_Deepfakes
Deepfakes_994_986,train,fake,/workspace/data/raw/ffpp/FaceForensics++_C23/Deepfakes/994_986.mp4,ffpp_Deepfakes
Deepfakes_995_233,test,fake,/workspace/data/raw/ffpp/FaceForensics++_C23/Deepfakes/995_233.mp4,ffpp_Deepfakes
Deepfakes_996_056,train,fake,/workspace/data/raw/ffpp/FaceForensics++_C23/Deepfakes/996_056.mp4,ffpp_Deepfakes
Deepfakes_997_040,train,fake,/workspace/data/raw/ffpp/FaceForensics++_C23/Deepfakes/997_040.mp4,ffpp_Deepfakes
Deepfakes_998_561,train,fake,/workspace/data/raw/ffpp/FaceForensics++_C23/Deepfakes/998_561.mp4,ffpp_Deepfakes
Deepfakes_999_960,train,fake,/workspace/data/raw/ffpp/FaceForensics++_C23/Deepfakes/999_960.mp4,ffpp_Deepfakes
Face2Face_000_003,test,fake,/workspace/data/raw/ffpp/FaceForensics++_C23/Face2Face/000_003.mp4,ffpp_Face2Face
Face2Face_001_870,train,fake,/workspace/data/raw/ffpp/FaceForensics++_C23/Face2Face/001_870.mp4,ffpp_Face2Face
Face2Face_002_006,train,fake,/workspace/data/raw/ffpp/FaceForensics++_C23/Face2Face/002_006.mp4,ffpp_Face2Face
Face2Face_003_000,test,fake,/workspace/data/raw/ffpp/FaceForensics++_C23/Face2Face/003_000.mp4,ffpp_Face2Face
Face2Face_004_982,val,fake,/workspace/data/raw/ffpp/FaceForensics++_C23/Face2Face/004_982.mp4,ffpp_Face2Face
Face2Face_005_010,train,fake,/workspace/data/raw/ffpp/FaceForensics++_C23/Face2Face/005_010.mp4,ffpp_Face2Face
Face2Face_006_002,train,fake,/workspace/data/raw/ffpp/FaceForensics++_C23/Face2Face/006_002.mp4,ffpp_Face2Face
Face2Face_007_132,train,fake,/workspace/data/raw/ffpp/FaceForensics++_C23/Face2Face/007_132.mp4,ffpp_Face2Face
Face2Face_008_990,train,fake,/workspace/data/raw/ffpp/FaceForensics++_C23/Face2Face/008_990.mp4,ffpp_Face2Face
Face2Face_009_027,train,fake,/workspace/data/raw/ffpp/FaceForensics++_C23/Face2Face/009_027.mp4,ffpp_Face2Face
Face2Face_010_005,train,fake,/workspace/data/raw/ffpp/FaceForensics++_C23/Face2Face/010_005.mp4,ffpp_Face2Face
Face2Face_011_805,train,fake,/workspace/data/raw/ffpp/FaceForensics++_C23/Face2Face/011_805.mp4,ffpp_Face2Face
Face2Face_012_026,test,fake,/workspace/data/raw/ffpp/FaceForensics++_C23/Face2Face/012_026.mp4,ffpp_Face2Face
Face2Face_013_883,train,fake,/workspace/data/raw/ffpp/FaceForensics++_C23/Face2Face/013_883.mp4,ffpp_Face2Face
Face2Face_014_790,train,fake,/workspace/data/raw/ffpp/FaceForensics++_C23/Face2Face/014_790.mp4,ffpp_Face2Face
Face2Face_015_919,test,fake,/workspace/data/raw/ffpp/FaceForensics++_C23/Face2Face/015_919.mp4,ffpp_Face2Face
Face2Face_016_209,train,fake,/workspace/data/raw/ffpp/FaceForensics++_C23/Face2Face/016_209.mp4,ffpp_Face2Face
Face2Face_017_803,train,fake,/workspace/data/raw/ffpp/FaceForensics++_C23/Face2Face/017_803.mp4,ffpp_Face2Face
Face2Face_018_019,train,fake,/workspace/data/raw/ffpp/FaceForensics++_C23/Face2Face/018_019.mp4,ffpp_Face2Face
Face2Face_019_018,train,fake,/workspace/data/raw/ffpp/FaceForensics++_C23/Face2Face/019_018.mp4,ffpp_Face2Face
Face2Face_020_344,train,fake,/workspace/data/raw/ffpp/FaceForensics++_C23/Face2Face/020_344.mp4,ffpp_Face2Face
Face2Face_021_312,train,fake,/workspace/data/raw/ffpp/FaceForensics++_C23/Face2Face/021_312.mp4,ffpp_Face2Face
Face2Face_022_489,train,fake,/workspace/data/raw/ffpp/FaceForensics++_C23/Face2Face/022_489.mp4,ffpp_Face2Face
Face2Face_023_923,val,fake,/workspace/data/raw/ffpp/FaceForensics++_C23/Face2Face/023_923.mp4,ffpp_Face2Face
Face2Face_024_073,test,fake,/workspace/data/raw/ffpp/FaceForensics++_C23/Face2Face/024_073.mp4,ffpp_Face2Face
Face2Face_025_067,train,fake,/workspace/data/raw/ffpp/FaceForensics++_C23/Face2Face/025_067.mp4,ffpp_Face2Face
Face2Face_026_012,test,fake,/workspace/data/raw/ffpp/FaceForensics++_C23/Face2Face/026_012.mp4,ffpp_Face2Face
Face2Face_027_009,train,fake,/workspace/data/raw/ffpp/FaceForensics++_C23/Face2Face/027_009.mp4,ffpp_Face2Face
Face2Face_028_068,train,fake,/workspace/data/raw/ffpp/FaceForensics++_C23/Face2Face/028_068.mp4,ffpp_Face2Face
Face2Face_029_048,test,fake,/workspace/data/raw/ffpp/FaceForensics++_C23/Face2Face/029_048.mp4,ffpp_Face2Face
Face2Face_030_193,train,fake,/workspace/data/raw/ffpp/FaceForensics++_C23/Face2Face/030_193.mp4,ffpp_Face2Face
Face2Face_031_163,train,fake,/workspace/data/raw/ffpp/FaceForensics++_C23/Face2Face/031_163.mp4,ffpp_Face2Face
Face2Face_032_944,train,fake,/workspace/data/raw/ffpp/FaceForensics++_C23/Face2Face/032_944.mp4,ffpp_Face2Face
Face2Face_033_097,train,fake,/workspace/data/raw/ffpp/FaceForensics++_C23/Face2Face/033_097.mp4,ffpp_Face2Face
Face2Face_034_590,train,fake,/workspace/data/raw/ffpp/FaceForensics++_C23/Face2Face/034_590.mp4,ffpp_Face2Face
Face2Face_035_036,test,fake,/workspace/data/raw/ffpp/FaceForensics++_C23/Face2Face/035_036.mp4,ffpp_Face2Face
Face2Face_036_035,test,fake,/workspace/data/raw/ffpp/FaceForensics++_C23/Face2Face/036_035.mp4,ffpp_Face2Face
Face2Face_037_072,train,fake,/workspace/data/raw/ffpp/FaceForensics++_C23/Face2Face/037_072.mp4,ffpp_Face2Face
Face2Face_038_125,train,fake,/workspace/data/raw/ffpp/FaceForensics++_C23/Face2Face/038_125.mp4,ffpp_Face2Face
Face2Face_039_058,train,fake,/workspace/data/raw/ffpp/FaceForensics++_C23/Face2Face/039_058.mp4,ffpp_Face2Face
Face2Face_040_997,train,fake,/workspace/data/raw/ffpp/FaceForensics++_C23/Face2Face/040_997.mp4,ffpp_Face2Face
Face2Face_041_063,train,fake,/workspace/data/raw/ffpp/FaceForensics++_C23/Face2Face/041_063.mp4,ffpp_Face2Face
Face2Face_042_084,val,fake,/workspace/data/raw/ffpp/FaceForensics++_C23/Face2Face/042_084.mp4,ffpp_Face2Face
Face2Face_043_110,train,fake,/workspace/data/raw/ffpp/FaceForensics++_C23/Face2Face/043_110.mp4,ffpp_Face2Face
Face2Face_044_945,test,fake,/workspace/data/raw/ffpp/FaceForensics++_C23/Face2Face/044_945.mp4,ffpp_Face2Face
Face2Face_045_889,train,fake,/workspace/data/raw/ffpp/FaceForensics++_C23/Face2Face/045_889.mp4,ffpp_Face2Face
Face2Face_046_904,val,fake,/workspace/data/raw/ffpp/FaceForensics++_C23/Face2Face/046_904.mp4,ffpp_Face2Face
Face2Face_047_862,test,fake,/workspace/data/raw/ffpp/FaceForensics++_C23/Face2Face/047_862.mp4,ffpp_Face2Face
Face2Face_048_029,test,fake,/workspace/data/raw/ffpp/FaceForensics++_C23/Face2Face/048_029.mp4,ffpp_Face2Face
Face2Face_049_946,train,fake,/workspace/data/raw/ffpp/FaceForensics++_C23/Face2Face/049_946.mp4,ffpp_Face2Face
Face2Face_050_059,train,fake,/workspace/data/raw/ffpp/FaceForensics++_C23/Face2Face/050_059.mp4,ffpp_Face2Face
Face2Face_051_332,train,fake,/workspace/data/raw/ffpp/FaceForensics++_C23/Face2Face/051_332.mp4,ffpp_Face2Face
Face2Face_052_108,train,fake,/workspace/data/raw/ffpp/FaceForensics++_C23/Face2Face/052_108.mp4,ffpp_Face2Face
Face2Face_053_095,train,fake,/workspace/data/raw/ffpp/FaceForensics++_C23/Face2Face/053_095.mp4,ffpp_Face2Face
Face2Face_054_071,train,fake,/workspace/data/raw/ffpp/FaceForensics++_C23/Face2Face/054_071.mp4,ffpp_Face2Face
Face2Face_055_147,train,fake,/workspace/data/raw/ffpp/FaceForensics++_C23/Face2Face/055_147.mp4,ffpp_Face2Face
Face2Face_056_996,train,fake,/workspace/data/raw/ffpp/FaceForensics++_C23/Face2Face/056_996.mp4,ffpp_Face2Face
Face2Face_057_070,train,fake,/workspace/data/raw/ffpp/FaceForensics++_C23/Face2Face/057_070.mp4,ffpp_Face2Face
Face2Face_058_039,train,fake,/workspace/data/raw/ffpp/FaceForensics++_C23/Face2Face/058_039.mp4,ffpp_Face2Face
Face2Face_059_050,train,fake,/workspace/data/raw/ffpp/FaceForensics++_C23/Face2Face/059_050.mp4,ffpp_Face2Face
Face2Face_060_088,train,fake,/workspace/data/raw/ffpp/FaceForensics++_C23/Face2Face/060_088.mp4,ffpp_Face2Face
Face2Face_061_080,train,fake,/workspace/data/raw/ffpp/FaceForensics++_C23/Face2Face/061_080.mp4,ffpp_Face2Face
Face2Face_062_066,train,fake,/workspace/data/raw/ffpp/FaceForensics++_C23/Face2Face/062_066.mp4,ffpp_Face2Face
Face2Face_063_041,train,fake,/workspace/data/raw/ffpp/FaceForensics++_C23/Face2Face/063_041.mp4,ffpp_Face2Face
Face2Face_064_991,val,fake,/workspace/data/raw/ffpp/FaceForensics++_C23/Face2Face/064_991.mp4,ffpp_Face2Face
Face2Face_065_089,train,fake,/workspace/data/raw/ffpp/FaceForensics++_C23/Face2Face/065_089.mp4,ffpp_Face2Face
Face2Face_066_062,train,fake,/workspace/data/raw/ffpp/FaceForensics++_C23/Face2Face/066_062.mp4,ffpp_Face2Face
Face2Face_067_025,train,fake,/workspace/data/raw/ffpp/FaceForensics++_C23/Face2Face/067_025.mp4,ffpp_Face2Face
Face2Face_068_028,train,fake,/workspace/data/raw/ffpp/FaceForensics++_C23/Face2Face/068_028.mp4,ffpp_Face2Face
Face2Face_069_961,train,fake,/workspace/data/raw/ffpp/FaceForensics++_C23/Face2Face/069_961.mp4,ffpp_Face2Face
Face2Face_070_057,train,fake,/workspace/data/raw/ffpp/FaceForensics++_C23/Face2Face/070_057.mp4,ffpp_Face2Face
Face2Face_071_054,train,fake,/workspace/data/raw/ffpp/FaceForensics++_C23/Face2Face/071_054.mp4,ffpp_Face2Face
Face2Face_072_037,train,fake,/workspace/data/raw/ffpp/FaceForensics++_C23/Face2Face/072_037.mp4,ffpp_Face2Face
Face2Face_073_024,test,fake,/workspace/data/raw/ffpp/FaceForensics++_C23/Face2Face/073_024.mp4,ffpp_Face2Face
Face2Face_074_825,train,fake,/workspace/data/raw/ffpp/FaceForensics++_C23/Face2Face/074_825.mp4,ffpp_Face2Face
Face2Face_075_977,train,fake,/workspace/data/raw/ffpp/FaceForensics++_C23/Face2Face/075_977.mp4,ffpp_Face2Face
Face2Face_076_079,train,fake,/workspace/data/raw/ffpp/FaceForensics++_C23/Face2Face/076_079.mp4,ffpp_Face2Face
Face2Face_077_100,train,fake,/workspace/data/raw/ffpp/FaceForensics++_C23/Face2Face/077_100.mp4,ffpp_Face2Face
Face2Face_078_955,test,fake,/workspace/data/raw/ffpp/FaceForensics++_C23/Face2Face/078_955.mp4,ffpp_Face2Face
Face2Face_079_076,train,fake,/workspace/data/raw/ffpp/FaceForensics++_C23/Face2Face/079_076.mp4,ffpp_Face2Face
Face2Face_080_061,train,fake,/workspace/data/raw/ffpp/FaceForensics++_C23/Face2Face/080_061.mp4,ffpp_Face2Face
Face2Face_081_087,train,fake,/workspace/data/raw/ffpp/FaceForensics++_C23/Face2Face/081_087.mp4,ffpp_Face2Face
Face2Face_082_103,train,fake,/workspace/data/raw/ffpp/FaceForensics++_C23/Face2Face/082_103.mp4,ffpp_Face2Face
Face2Face_083_213,train,fake,/workspace/data/raw/ffpp/FaceForensics++_C23/Face2Face/083_213.mp4,ffpp_Face2Face
Face2Face_084_042,val,fake,/workspace/data/raw/ffpp/FaceForensics++_C23/Face2Face/084_042.mp4,ffpp_Face2Face
Face2Face_085_124,train,fake,/workspace/data/raw/ffpp/FaceForensics++_C23/Face2Face/085_124.mp4,ffpp_Face2Face
Face2Face_086_090,train,fake,/workspace/data/raw/ffpp/FaceForensics++_C23/Face2Face/086_090.mp4,ffpp_Face2Face
Face2Face_087_081,train,fake,/workspace/data/raw/ffpp/FaceForensics++_C23/Face2Face/087_081.mp4,ffpp_Face2Face
Face2Face_088_060,train,fake,/workspace/data/raw/ffpp/FaceForensics++_C23/Face2Face/088_060.mp4,ffpp_Face2Face
Face2Face_089_065,train,fake,/workspace/data/raw/ffpp/FaceForensics++_C23/Face2Face/089_065.mp4,ffpp_Face2Face
Face2Face_090_086,train,fake,/workspace/data/raw/ffpp/FaceForensics++_C23/Face2Face/090_086.mp4,ffpp_Face2Face
Face2Face_091_116,val,fake,/workspace/data/raw/ffpp/FaceForensics++_C23/Face2Face/091_116.mp4,ffpp_Face2Face
Face2Face_092_098,train,fake,/workspace/data/raw/ffpp/FaceForensics++_C23/Face2Face/092_098.mp4,ffpp_Face2Face
Face2Face_093_121,train,fake,/workspace/data/raw/ffpp/FaceForensics++_C23/Face2Face/093_121.mp4,ffpp_Face2Face
Face2Face_094_111,train,fake,/workspace/data/raw/ffpp/FaceForensics++_C23/Face2Face/094_111.mp4,ffpp_Face2Face
Face2Face_095_053,train,fake,/workspace/data/raw/ffpp/FaceForensics++_C23/Face2Face/095_053.mp4,ffpp_Face2Face
Face2Face_096_101,train,fake,/workspace/data/raw/ffpp/FaceForensics++_C23/Face2Face/096_101.mp4,ffpp_Face2Face
Face2Face_097_033,train,fake,/workspace/data/raw/ffpp/FaceForensics++_C23/Face2Face/097_033.mp4,ffpp_Face2Face
Face2Face_098_092,train,fake,/workspace/data/raw/ffpp/FaceForensics++_C23/Face2Face/098_092.mp4,ffpp_Face2Face
Face2Face_099_295,train,fake,/workspace/data/raw/ffpp/FaceForensics++_C23/Face2Face/099_295.mp4,ffpp_Face2Face
Face2Face_100_077,train,fake,/workspace/data/raw/ffpp/FaceForensics++_C23/Face2Face/100_077.mp4,ffpp_Face2Face
Face2Face_101_096,train,fake,/workspace/data/raw/ffpp/FaceForensics++_C23/Face2Face/101_096.mp4,ffpp_Face2Face
Face2Face_102_114,test,fake,/workspace/data/raw/ffpp/FaceForensics++_C23/Face2Face/102_114.mp4,ffpp_Face2Face
Face2Face_103_082,train,fake,/workspace/data/raw/ffpp/FaceForensics++_C23/Face2Face/103_082.mp4,ffpp_Face2Face
Face2Face_104_126,val,fake,/workspace/data/raw/ffpp/FaceForensics++_C23/Face2Face/104_126.mp4,ffpp_Face2Face
Face2Face_105_180,train,fake,/workspace/data/raw/ffpp/FaceForensics++_C23/Face2Face/105_180.mp4,ffpp_Face2Face
Face2Face_106_198,val,fake,/workspace/data/raw/ffpp/FaceForensics++_C23/Face2Face/106_198.mp4,ffpp_Face2Face
Face2Face_107_109,train,fake,/workspace/data/raw/ffpp/FaceForensics++_C23/Face2Face/107_109.mp4,ffpp_Face2Face
Face2Face_108_052,train,fake,/workspace/data/raw/ffpp/FaceForensics++_C23/Face2Face/108_052.mp4,ffpp_Face2Face
Face2Face_109_107,train,fake,/workspace/data/raw/ffpp/FaceForensics++_C23/Face2Face/109_107.mp4,ffpp_Face2Face
Face2Face_110_043,train,fake,/workspace/data/raw/ffpp/FaceForensics++_C23/Face2Face/110_043.mp4,ffpp_Face2Face
Face2Face_111_094,train,fake,/workspace/data/raw/ffpp/FaceForensics++_C23/Face2Face/111_094.mp4,ffpp_Face2Face
Face2Face_112_892,train,fake,/workspace/data/raw/ffpp/FaceForensics++_C23/Face2Face/112_892.mp4,ffpp_Face2Face
Face2Face_113_983,train,fake,/workspace/data/raw/ffpp/FaceForensics++_C23/Face2Face/113_983.mp4,ffpp_Face2Face
Face2Face_114_102,test,fake,/workspace/data/raw/ffpp/FaceForensics++_C23/Face2Face/114_102.mp4,ffpp_Face2Face
Face2Face_115_939,val,fake,/workspace/data/raw/ffpp/FaceForensics++_C23/Face2Face/115_939.mp4,ffpp_Face2Face
Face2Face_116_091,val,fake,/workspace/data/raw/ffpp/FaceForensics++_C23/Face2Face/116_091.mp4,ffpp_Face2Face
Face2Face_117_217,train,fake,/workspace/data/raw/ffpp/FaceForensics++_C23/Face2Face/117_217.mp4,ffpp_Face2Face
Face2Face_118_120,train,fake,/workspace/data/raw/ffpp/FaceForensics++_C23/Face2Face/118_120.mp4,ffpp_Face2Face
Face2Face_119_123,train,fake,/workspace/data/raw/ffpp/FaceForensics++_C23/Face2Face/119_123.mp4,ffpp_Face2Face
Face2Face_120_118,train,fake,/workspace/data/raw/ffpp/FaceForensics++_C23/Face2Face/120_118.mp4,ffpp_Face2Face
Face2Face_121_093,train,fake,/workspace/data/raw/ffpp/FaceForensics++_C23/Face2Face/121_093.mp4,ffpp_Face2Face
Face2Face_122_144,train,fake,/workspace/data/raw/ffpp/FaceForensics++_C23/Face2Face/122_144.mp4,ffpp_Face2Face
Face2Face_123_119,train,fake,/workspace/data/raw/ffpp/FaceForensics++_C23/Face2Face/123_119.mp4,ffpp_Face2Face
Face2Face_124_085,train,fake,/workspace/data/raw/ffpp/FaceForensics++_C23/Face2Face/124_085.mp4,ffpp_Face2Face
Face2Face_125_038,train,fake,/workspace/data/raw/ffpp/FaceForensics++_C23/Face2Face/125_038.mp4,ffpp_Face2Face
Face2Face_126_104,val,fake,/workspace/data/raw/ffpp/FaceForensics++_C23/Face2Face/126_104.mp4,ffpp_Face2Face
Face2Face_127_129,train,fake,/workspace/data/raw/ffpp/FaceForensics++_C23/Face2Face/127_129.mp4,ffpp_Face2Face
Face2Face_128_896,test,fake,/workspace/data/raw/ffpp/FaceForensics++_C23/Face2Face/128_896.mp4,ffpp_Face2Face
Face2Face_129_127,train,fake,/workspace/data/raw/ffpp/FaceForensics++_C23/Face2Face/129_127.mp4,ffpp_Face2Face
Face2Face_130_139,train,fake,/workspace/data/raw/ffpp/FaceForensics++_C23/Face2Face/130_139.mp4,ffpp_Face2Face
Face2Face_131_518,train,fake,/workspace/data/raw/ffpp/FaceForensics++_C23/Face2Face/131_518.mp4,ffpp_Face2Face
Face2Face_132_007,train,fake,/workspace/data/raw/ffpp/FaceForensics++_C23/Face2Face/132_007.mp4,ffpp_Face2Face
Face2Face_133_148,train,fake,/workspace/data/raw/ffpp/FaceForensics++_C23/Face2Face/133_148.mp4,ffpp_Face2Face
Face2Face_134_192,val,fake,/workspace/data/raw/ffpp/FaceForensics++_C23/Face2Face/134_192.mp4,ffpp_Face2Face
Face2Face_135_880,test,fake,/workspace/data/raw/ffpp/FaceForensics++_C23/Face2Face/135_880.mp4,ffpp_Face2Face
Face2Face_136_285,train,fake,/workspace/data/raw/ffpp/FaceForensics++_C23/Face2Face/136_285.mp4,ffpp_Face2Face
Face2Face_137_165,train,fake,/workspace/data/raw/ffpp/FaceForensics++_C23/Face2Face/137_165.mp4,ffpp_Face2Face
Face2Face_138_142,test,fake,/workspace/data/raw/ffpp/FaceForensics++_C23/Face2Face/138_142.mp4,ffpp_Face2Face
Face2Face_139_130,train,fake,/workspace/data/raw/ffpp/FaceForensics++_C23/Face2Face/139_130.mp4,ffpp_Face2Face
Face2Face_140_143,train,fake,/workspace/data/raw/ffpp/FaceForensics++_C23/Face2Face/140_143.mp4,ffpp_Face2Face
Face2Face_141_161,test,fake,/workspace/data/raw/ffpp/FaceForensics++_C23/Face2Face/141_161.mp4,ffpp_Face2Face
Face2Face_142_138,test,fake,/workspace/data/raw/ffpp/FaceForensics++_C23/Face2Face/142_138.mp4,ffpp_Face2Face
Face2Face_143_140,train,fake,/workspace/data/raw/ffpp/FaceForensics++_C23/Face2Face/143_140.mp4,ffpp_Face2Face
Face2Face_144_122,train,fake,/workspace/data/raw/ffpp/FaceForensics++_C23/Face2Face/144_122.mp4,ffpp_Face2Face
Face2Face_145_299,val,fake,/workspace/data/raw/ffpp/FaceForensics++_C23/Face2Face/145_299.mp4,ffpp_Face2Face
Face2Face_146_256,train,fake,/workspace/data/raw/ffpp/FaceForensics++_C23/Face2Face/146_256.mp4,ffpp_Face2Face
Face2Face_147_055,train,fake,/workspace/data/raw/ffpp/FaceForensics++_C23/Face2Face/147_055.mp4,ffpp_Face2Face
Face2Face_148_133,train,fake,/workspace/data/raw/ffpp/FaceForensics++_C23/Face2Face/148_133.mp4,ffpp_Face2Face
Face2Face_149_152,train,fake,/workspace/data/raw/ffpp/FaceForensics++_C23/Face2Face/149_152.mp4,ffpp_Face2Face
Face2Face_150_153,train,fake,/workspace/data/raw/ffpp/FaceForensics++_C23/Face2Face/150_153.mp4,ffpp_Face2Face
Face2Face_151_225,train,fake,/workspace/data/raw/ffpp/FaceForensics++_C23/Face2Face/151_225.mp4,ffpp_Face2Face
Face2Face_152_149,train,fake,/workspace/data/raw/ffpp/FaceForensics++_C23/Face2Face/152_149.mp4,ffpp_Face2Face
Face2Face_153_150,train,fake,/workspace/data/raw/ffpp/FaceForensics++_C23/Face2Face/153_150.mp4,ffpp_Face2Face
Face2Face_154_386,test,fake,/workspace/data/raw/ffpp/FaceForensics++_C23/Face2Face/154_386.mp4,ffpp_Face2Face
Face2Face_155_576,train,fake,/workspace/data/raw/ffpp/FaceForensics++_C23/Face2Face/155_576.mp4,ffpp_Face2Face
Face2Face_156_243,train,fake,/workspace/data/raw/ffpp/FaceForensics++_C23/Face2Face/156_243.mp4,ffpp_Face2Face
Face2Face_157_245,val,fake,/workspace/data/raw/ffpp/FaceForensics++_C23/Face2Face/157_245.mp4,ffpp_Face2Face
Face2Face_158_379,test,fake,/workspace/data/raw/ffpp/FaceForensics++_C23/Face2Face/158_379.mp4,ffpp_Face2Face
Face2Face_159_175,val,fake,/workspace/data/raw/ffpp/FaceForensics++_C23/Face2Face/159_175.mp4,ffpp_Face2Face
Face2Face_160_928,train,fake,/workspace/data/raw/ffpp/FaceForensics++_C23/Face2Face/160_928.mp4,ffpp_Face2Face
Face2Face_161_141,test,fake,/workspace/data/raw/ffpp/FaceForensics++_C23/Face2Face/161_141.mp4,ffpp_Face2Face
Face2Face_162_330,train,fake,/workspace/data/raw/ffpp/FaceForensics++_C23/Face2Face/162_330.mp4,ffpp_Face2Face
Face2Face_163_031,train,fake,/workspace/data/raw/ffpp/FaceForensics++_C23/Face2Face/163_031.mp4,ffpp_Face2Face
Face2Face_164_216,train,fake,/workspace/data/raw/ffpp/FaceForensics++_C23/Face2Face/164_216.mp4,ffpp_Face2Face
Face2Face_165_137,train,fake,/workspace/data/raw/ffpp/FaceForensics++_C23/Face2Face/165_137.mp4,ffpp_Face2Face
Face2Face_166_167,train,fake,/workspace/data/raw/ffpp/FaceForensics++_C23/Face2Face/166_167.mp4,ffpp_Face2Face
Face2Face_167_166,train,fake,/workspace/data/raw/ffpp/FaceForensics++_C23/Face2Face/167_166.mp4,ffpp_Face2Face
Face2Face_168_222,train,fake,/workspace/data/raw/ffpp/FaceForensics++_C23/Face2Face/168_222.mp4,ffpp_Face2Face
Face2Face_169_227,test,fake,/workspace/data/raw/ffpp/FaceForensics++_C23/Face2Face/169_227.mp4,ffpp_Face2Face
Face2Face_170_186,test,fake,/workspace/data/raw/ffpp/FaceForensics++_C23/Face2Face/170_186.mp4,ffpp_Face2Face
Face2Face_171_173,train,fake,/workspace/data/raw/ffpp/FaceForensics++_C23/Face2Face/171_173.mp4,ffpp_Face2Face
Face2Face_172_582,train,fake,/workspace/data/raw/ffpp/FaceForensics++_C23/Face2Face/172_582.mp4,ffpp_Face2Face
Face2Face_173_171,train,fake,/workspace/data/raw/ffpp/FaceForensics++_C23/Face2Face/173_171.mp4,ffpp_Face2Face
Face2Face_174_964,train,fake,/workspace/data/raw/ffpp/FaceForensics++_C23/Face2Face/174_964.mp4,ffpp_Face2Face
Face2Face_175_159,val,fake,/workspace/data/raw/ffpp/FaceForensics++_C23/Face2Face/175_159.mp4,ffpp_Face2Face
Face2Face_176_190,test,fake,/workspace/data/raw/ffpp/FaceForensics++_C23/Face2Face/176_190.mp4,ffpp_Face2Face
Face2Face_177_211,train,fake,/workspace/data/raw/ffpp/FaceForensics++_C23/Face2Face/177_211.mp4,ffpp_Face2Face
Face2Face_178_598,train,fake,/workspace/data/raw/ffpp/FaceForensics++_C23/Face2Face/178_598.mp4,ffpp_Face2Face
Face2Face_179_212,train,fake,/workspace/data/raw/ffpp/FaceForensics++_C23/Face2Face/179_212.mp4,ffpp_Face2Face
Face2Face_180_105,train,fake,/workspace/data/raw/ffpp/FaceForensics++_C23/Face2Face/180_105.mp4,ffpp_Face2Face
Face2Face_181_199,train,fake,/workspace/data/raw/ffpp/FaceForensics++_C23/Face2Face/181_199.mp4,ffpp_Face2Face
Face2Face_182_242,train,fake,/workspace/data/raw/ffpp/FaceForensics++_C23/Face2Face/182_242.mp4,ffpp_Face2Face
Face2Face_183_253,train,fake,/workspace/data/raw/ffpp/FaceForensics++_C23/Face2Face/183_253.mp4,ffpp_Face2Face
Face2Face_184_205,train,fake,/workspace/data/raw/ffpp/FaceForensics++_C23/Face2Face/184_205.mp4,ffpp_Face2Face
Face2Face_185_276,train,fake,/workspace/data/raw/ffpp/FaceForensics++_C23/Face2Face/185_276.mp4,ffpp_Face2Face
Face2Face_186_170,test,fake,/workspace/data/raw/ffpp/FaceForensics++_C23/Face2Face/186_170.mp4,ffpp_Face2Face
Face2Face_187_234,train,fake,/workspace/data/raw/ffpp/FaceForensics++_C23/Face2Face/187_234.mp4,ffpp_Face2Face
Face2Face_188_191,train,fake,/workspace/data/raw/ffpp/FaceForensics++_C23/Face2Face/188_191.mp4,ffpp_Face2Face
Face2Face_189_200,train,fake,/workspace/data/raw/ffpp/FaceForensics++_C23/Face2Face/189_200.mp4,ffpp_Face2Face
Face2Face_190_176,test,fake,/workspace/data/raw/ffpp/FaceForensics++_C23/Face2Face/190_176.mp4,ffpp_Face2Face
Face2Face_191_188,train,fake,/workspace/data/raw/ffpp/FaceForensics++_C23/Face2Face/191_188.mp4,ffpp_Face2Face
Face2Face_192_134,val,fake,/workspace/data/raw/ffpp/FaceForensics++_C23/Face2Face/192_134.mp4,ffpp_Face2Face
Face2Face_193_030,train,fake,/workspace/data/raw/ffpp/FaceForensics++_C23/Face2Face/193_030.mp4,ffpp_Face2Face
Face2Face_194_235,train,fake,/workspace/data/raw/ffpp/FaceForensics++_C23/Face2Face/194_235.mp4,ffpp_Face2Face
Face2Face_195_442,train,fake,/workspace/data/raw/ffpp/FaceForensics++_C23/Face2Face/195_442.mp4,ffpp_Face2Face
Face2Face_196_310,train,fake,/workspace/data/raw/ffpp/FaceForensics++_C23/Face2Face/196_310.mp4,ffpp_Face2Face
Face2Face_197_224,train,fake,/workspace/data/raw/ffpp/FaceForensics++_C23/Face2Face/197_224.mp4,ffpp_Face2Face
Face2Face_198_106,val,fake,/workspace/data/raw/ffpp/FaceForensics++_C23/Face2Face/198_106.mp4,ffpp_Face2Face
Face2Face_199_181,train,fake,/workspace/data/raw/ffpp/FaceForensics++_C23/Face2Face/199_181.mp4,ffpp_Face2Face
Face2Face_200_189,train,fake,/workspace/data/raw/ffpp/FaceForensics++_C23/Face2Face/200_189.mp4,ffpp_Face2Face
Face2Face_201_203,train,fake,/workspace/data/raw/ffpp/FaceForensics++_C23/Face2Face/201_203.mp4,ffpp_Face2Face
Face2Face_202_348,train,fake,/workspace/data/raw/ffpp/FaceForensics++_C23/Face2Face/202_348.mp4,ffpp_Face2Face
Face2Face_203_201,train,fake,/workspace/data/raw/ffpp/FaceForensics++_C23/Face2Face/203_201.mp4,ffpp_Face2Face
Face2Face_204_230,train,fake,/workspace/data/raw/ffpp/FaceForensics++_C23/Face2Face/204_230.mp4,ffpp_Face2Face
Face2Face_205_184,train,fake,/workspace/data/raw/ffpp/FaceForensics++_C23/Face2Face/205_184.mp4,ffpp_Face2Face
Face2Face_206_221,train,fake,/workspace/data/raw/ffpp/FaceForensics++_C23/Face2Face/206_221.mp4,ffpp_Face2Face
Face2Face_207_908,train,fake,/workspace/data/raw/ffpp/FaceForensics++_C23/Face2Face/207_908.mp4,ffpp_Face2Face
Face2Face_208_215,train,fake,/workspace/data/raw/ffpp/FaceForensics++_C23/Face2Face/208_215.mp4,ffpp_Face2Face
Face2Face_209_016,train,fake,/workspace/data/raw/ffpp/FaceForensics++_C23/Face2Face/209_016.mp4,ffpp_Face2Face
Face2Face_210_241,train,fake,/workspace/data/raw/ffpp/FaceForensics++_C23/Face2Face/210_241.mp4,ffpp_Face2Face
Face2Face_211_177,train,fake,/workspace/data/raw/ffpp/FaceForensics++_C23/Face2Face/211_177.mp4,ffpp_Face2Face
Face2Face_212_179,train,fake,/workspace/data/raw/ffpp/FaceForensics++_C23/Face2Face/212_179.mp4,ffpp_Face2Face
Face2Face_213_083,train,fake,/workspace/data/raw/ffpp/FaceForensics++_C23/Face2Face/213_083.mp4,ffpp_Face2Face
Face2Face_214_255,test,fake,/workspace/data/raw/ffpp/FaceForensics++_C23/Face2Face/214_255.mp4,ffpp_Face2Face
Face2Face_215_208,train,fake,/workspace/data/raw/ffpp/FaceForensics++_C23/Face2Face/215_208.mp4,ffpp_Face2Face
Face2Face_216_164,train,fake,/workspace/data/raw/ffpp/FaceForensics++_C23/Face2Face/216_164.mp4,ffpp_Face2Face
Face2Face_217_117,train,fake,/workspace/data/raw/ffpp/FaceForensics++_C23/Face2Face/217_117.mp4,ffpp_Face2Face
Face2Face_218_239,train,fake,/workspace/data/raw/ffpp/FaceForensics++_C23/Face2Face/218_239.mp4,ffpp_Face2Face
Face2Face_219_220,test,fake,/workspace/data/raw/ffpp/FaceForensics++_C23/Face2Face/219_220.mp4,ffpp_Face2Face
Face2Face_220_219,test,fake,/workspace/data/raw/ffpp/FaceForensics++_C23/Face2Face/220_219.mp4,ffpp_Face2Face
Face2Face_221_206,train,fake,/workspace/data/raw/ffpp/FaceForensics++_C23/Face2Face/221_206.mp4,ffpp_Face2Face
Face2Face_222_168,train,fake,/workspace/data/raw/ffpp/FaceForensics++_C23/Face2Face/222_168.mp4,ffpp_Face2Face
Face2Face_223_586,val,fake,/workspace/data/raw/ffpp/FaceForensics++_C23/Face2Face/223_586.mp4,ffpp_Face2Face
Face2Face_224_197,train,fake,/workspace/data/raw/ffpp/FaceForensics++_C23/Face2Face/224_197.mp4,ffpp_Face2Face
Face2Face_225_151,train,fake,/workspace/data/raw/ffpp/FaceForensics++_C23/Face2Face/225_151.mp4,ffpp_Face2Face
Face2Face_226_491,train,fake,/workspace/data/raw/ffpp/FaceForensics++_C23/Face2Face/226_491.mp4,ffpp_Face2Face
Face2Face_227_169,test,fake,/workspace/data/raw/ffpp/FaceForensics++_C23/Face2Face/227_169.mp4,ffpp_Face2Face
Face2Face_228_289,train,fake,/workspace/data/raw/ffpp/FaceForensics++_C23/Face2Face/228_289.mp4,ffpp_Face2Face
Face2Face_229_247,train,fake,/workspace/data/raw/ffpp/FaceForensics++_C23/Face2Face/229_247.mp4,ffpp_Face2Face
Face2Face_230_204,train,fake,/workspace/data/raw/ffpp/FaceForensics++_C23/Face2Face/230_204.mp4,ffpp_Face2Face
Face2Face_231_663,train,fake,/workspace/data/raw/ffpp/FaceForensics++_C23/Face2Face/231_663.mp4,ffpp_Face2Face
Face2Face_232_248,train,fake,/workspace/data/raw/ffpp/FaceForensics++_C23/Face2Face/232_248.mp4,ffpp_Face2Face
Face2Face_233_995,test,fake,/workspace/data/raw/ffpp/FaceForensics++_C23/Face2Face/233_995.mp4,ffpp_Face2Face
Face2Face_234_187,train,fake,/workspace/data/raw/ffpp/FaceForensics++_C23/Face2Face/234_187.mp4,ffpp_Face2Face
Face2Face_235_194,train,fake,/workspace/data/raw/ffpp/FaceForensics++_C23/Face2Face/235_194.mp4,ffpp_Face2Face
Face2Face_236_237,train,fake,/workspace/data/raw/ffpp/FaceForensics++_C23/Face2Face/236_237.mp4,ffpp_Face2Face
Face2Face_237_236,train,fake,/workspace/data/raw/ffpp/FaceForensics++_C23/Face2Face/237_236.mp4,ffpp_Face2Face
Face2Face_238_282,train,fake,/workspace/data/raw/ffpp/FaceForensics++_C23/Face2Face/238_282.mp4,ffpp_Face2Face
Face2Face_239_218,train,fake,/workspace/data/raw/ffpp/FaceForensics++_C23/Face2Face/239_218.mp4,ffpp_Face2Face
Face2Face_240_290,train,fake,/workspace/data/raw/ffpp/FaceForensics++_C23/Face2Face/240_290.mp4,ffpp_Face2Face
Face2Face_241_210,train,fake,/workspace/data/raw/ffpp/FaceForensics++_C23/Face2Face/241_210.mp4,ffpp_Face2Face
Face2Face_242_182,train,fake,/workspace/data/raw/ffpp/FaceForensics++_C23/Face2Face/242_182.mp4,ffpp_Face2Face
Face2Face_243_156,train,fake,/workspace/data/raw/ffpp/FaceForensics++_C23/Face2Face/243_156.mp4,ffpp_Face2Face
Face2Face_244_822,train,fake,/workspace/data/raw/ffpp/FaceForensics++_C23/Face2Face/244_822.mp4,ffpp_Face2Face
Face2Face_245_157,val,fake,/workspace/data/raw/ffpp/FaceForensics++_C23/Face2Face/245_157.mp4,ffpp_Face2Face
Face2Face_246_258,train,fake,/workspace/data/raw/ffpp/FaceForensics++_C23/Face2Face/246_258.mp4,ffpp_Face2Face
Face2Face_247_229,train,fake,/workspace/data/raw/ffpp/FaceForensics++_C23/Face2Face/247_229.mp4,ffpp_Face2Face
Face2Face_248_232,train,fake,/workspace/data/raw/ffpp/FaceForensics++_C23/Face2Face/248_232.mp4,ffpp_Face2Face
Face2Face_249_280,test,fake,/workspace/data/raw/ffpp/FaceForensics++_C23/Face2Face/249_280.mp4,ffpp_Face2Face
Face2Face_250_461,train,fake,/workspace/data/raw/ffpp/FaceForensics++_C23/Face2Face/250_461.mp4,ffpp_Face2Face
Face2Face_251_375,train,fake,/workspace/data/raw/ffpp/FaceForensics++_C23/Face2Face/251_375.mp4,ffpp_Face2Face
Face2Face_252_266,train,fake,/workspace/data/raw/ffpp/FaceForensics++_C23/Face2Face/252_266.mp4,ffpp_Face2Face
Face2Face_253_183,train,fake,/workspace/data/raw/ffpp/FaceForensics++_C23/Face2Face/253_183.mp4,ffpp_Face2Face
Face2Face_254_261,val,fake,/workspace/data/raw/ffpp/FaceForensics++_C23/Face2Face/254_261.mp4,ffpp_Face2Face
Face2Face_255_214,test,fake,/workspace/data/raw/ffpp/FaceForensics++_C23/Face2Face/255_214.mp4,ffpp_Face2Face
Face2Face_256_146,train,fake,/workspace/data/raw/ffpp/FaceForensics++_C23/Face2Face/256_146.mp4,ffpp_Face2Face
Face2Face_257_420,test,fake,/workspace/data/raw/ffpp/FaceForensics++_C23/Face2Face/257_420.mp4,ffpp_Face2Face
Face2Face_258_246,train,fake,/workspace/data/raw/ffpp/FaceForensics++_C23/Face2Face/258_246.mp4,ffpp_Face2Face
Face2Face_259_345,train,fake,/workspace/data/raw/ffpp/FaceForensics++_C23/Face2Face/259_345.mp4,ffpp_Face2Face
Face2Face_260_331,train,fake,/workspace/data/raw/ffpp/FaceForensics++_C23/Face2Face/260_331.mp4,ffpp_Face2Face
Face2Face_261_254,val,fake,/workspace/data/raw/ffpp/FaceForensics++_C23/Face2Face/261_254.mp4,ffpp_Face2Face
Face2Face_262_301,train,fake,/workspace/data/raw/ffpp/FaceForensics++_C23/Face2Face/262_301.mp4,ffpp_Face2Face
Face2Face_263_284,val,fake,/workspace/data/raw/ffpp/FaceForensics++_C23/Face2Face/263_284.mp4,ffpp_Face2Face
Face2Face_264_271,train,fake,/workspace/data/raw/ffpp/FaceForensics++_C23/Face2Face/264_271.mp4,ffpp_Face2Face
Face2Face_265_475,train,fake,/workspace/data/raw/ffpp/FaceForensics++_C23/Face2Face/265_475.mp4,ffpp_Face2Face
Face2Face_266_252,train,fake,/workspace/data/raw/ffpp/FaceForensics++_C23/Face2Face/266_252.mp4,ffpp_Face2Face
Face2Face_267_286,train,fake,/workspace/data/raw/ffpp/FaceForensics++_C23/Face2Face/267_286.mp4,ffpp_Face2Face
Face2Face_268_269,train,fake,/workspace/data/raw/ffpp/FaceForensics++_C23/Face2Face/268_269.mp4,ffpp_Face2Face
Face2Face_269_268,train,fake,/workspace/data/raw/ffpp/FaceForensics++_C23/Face2Face/269_268.mp4,ffpp_Face2Face
Face2Face_270_297,train,fake,/workspace/data/raw/ffpp/FaceForensics++_C23/Face2Face/270_297.mp4,ffpp_Face2Face
Face2Face_271_264,train,fake,/workspace/data/raw/ffpp/FaceForensics++_C23/Face2Face/271_264.mp4,ffpp_Face2Face
Face2Face_272_396,train,fake,/workspace/data/raw/ffpp/FaceForensics++_C23/Face2Face/272_396.mp4,ffpp_Face2Face
Face2Face_273_807,val,fake,/workspace/data/raw/ffpp/FaceForensics++_C23/Face2Face/273_807.mp4,ffpp_Face2Face
Face2Face_274_412,train,fake,/workspace/data/raw/ffpp/FaceForensics++_C23/Face2Face/274_412.mp4,ffpp_Face2Face
Face2Face_275_887,train,fake,/workspace/data/raw/ffpp/FaceForensics++_C23/Face2Face/275_887.mp4,ffpp_Face2Face
Face2Face_276_185,train,fake,/workspace/data/raw/ffpp/FaceForensics++_C23/Face2Face/276_185.mp4,ffpp_Face2Face
Face2Face_277_335,train,fake,/workspace/data/raw/ffpp/FaceForensics++_C23/Face2Face/277_335.mp4,ffpp_Face2Face
Face2Face_278_306,test,fake,/workspace/data/raw/ffpp/FaceForensics++_C23/Face2Face/278_306.mp4,ffpp_Face2Face
Face2Face_279_298,train,fake,/workspace/data/raw/ffpp/FaceForensics++_C23/Face2Face/279_298.mp4,ffpp_Face2Face
Face2Face_280_249,test,fake,/workspace/data/raw/ffpp/FaceForensics++_C23/Face2Face/280_249.mp4,ffpp_Face2Face
Face2Face_281_474,train,fake,/workspace/data/raw/ffpp/FaceForensics++_C23/Face2Face/281_474.mp4,ffpp_Face2Face
Face2Face_282_238,train,fake,/workspace/data/raw/ffpp/FaceForensics++_C23/Face2Face/282_238.mp4,ffpp_Face2Face
Face2Face_283_313,train,fake,/workspace/data/raw/ffpp/FaceForensics++_C23/Face2Face/283_313.mp4,ffpp_Face2Face
Face2Face_284_263,val,fake,/workspace/data/raw/ffpp/FaceForensics++_C23/Face2Face/284_263.mp4,ffpp_Face2Face
Face2Face_285_136,train,fake,/workspace/data/raw/ffpp/FaceForensics++_C23/Face2Face/285_136.mp4,ffpp_Face2Face
Face2Face_286_267,train,fake,/workspace/data/raw/ffpp/FaceForensics++_C23/Face2Face/286_267.mp4,ffpp_Face2Face
Face2Face_287_426,train,fake,/workspace/data/raw/ffpp/FaceForensics++_C23/Face2Face/287_426.mp4,ffpp_Face2Face
Face2Face_288_321,test,fake,/workspace/data/raw/ffpp/FaceForensics++_C23/Face2Face/288_321.mp4,ffpp_Face2Face
Face2Face_289_228,train,fake,/workspace/data/raw/ffpp/FaceForensics++_C23/Face2Face/289_228.mp4,ffpp_Face2Face
Face2Face_290_240,train,fake,/workspace/data/raw/ffpp/FaceForensics++_C23/Face2Face/290_240.mp4,ffpp_Face2Face
Face2Face_291_874,train,fake,/workspace/data/raw/ffpp/FaceForensics++_C23/Face2Face/291_874.mp4,ffpp_Face2Face
Face2Face_292_294,train,fake,/workspace/data/raw/ffpp/FaceForensics++_C23/Face2Face/292_294.mp4,ffpp_Face2Face
Face2Face_293_296,train,fake,/workspace/data/raw/ffpp/FaceForensics++_C23/Face2Face/293_296.mp4,ffpp_Face2Face
Face2Face_294_292,train,fake,/workspace/data/raw/ffpp/FaceForensics++_C23/Face2Face/294_292.mp4,ffpp_Face2Face
Face2Face_295_099,train,fake,/workspace/data/raw/ffpp/FaceForensics++_C23/Face2Face/295_099.mp4,ffpp_Face2Face
Face2Face_296_293,train,fake,/workspace/data/raw/ffpp/FaceForensics++_C23/Face2Face/296_293.mp4,ffpp_Face2Face
Face2Face_297_270,train,fake,/workspace/data/raw/ffpp/FaceForensics++_C23/Face2Face/297_270.mp4,ffpp_Face2Face
Face2Face_298_279,train,fake,/workspace/data/raw/ffpp/FaceForensics++_C23/Face2Face/298_279.mp4,ffpp_Face2Face
Face2Face_299_145,val,fake,/workspace/data/raw/ffpp/FaceForensics++_C23/Face2Face/299_145.mp4,ffpp_Face2Face
Face2Face_300_304,train,fake,/workspace/data/raw/ffpp/FaceForensics++_C23/Face2Face/300_304.mp4,ffpp_Face2Face
Face2Face_301_262,train,fake,/workspace/data/raw/ffpp/FaceForensics++_C23/Face2Face/301_262.mp4,ffpp_Face2Face
Face2Face_302_323,train,fake,/workspace/data/raw/ffpp/FaceForensics++_C23/Face2Face/302_323.mp4,ffpp_Face2Face
Face2Face_303_309,train,fake,/workspace/data/raw/ffpp/FaceForensics++_C23/Face2Face/303_309.mp4,ffpp_Face2Face
Face2Face_304_300,train,fake,/workspace/data/raw/ffpp/FaceForensics++_C23/Face2Face/304_300.mp4,ffpp_Face2Face
Face2Face_305_513,train,fake,/workspace/data/raw/ffpp/FaceForensics++_C23/Face2Face/305_513.mp4,ffpp_Face2Face
Face2Face_306_278,test,fake,/workspace/data/raw/ffpp/FaceForensics++_C23/Face2Face/306_278.mp4,ffpp_Face2Face
Face2Face_307_365,train,fake,/workspace/data/raw/ffpp/FaceForensics++_C23/Face2Face/307_365.mp4,ffpp_Face2Face
Face2Face_308_388,test,fake,/workspace/data/raw/ffpp/FaceForensics++_C23/Face2Face/308_388.mp4,ffpp_Face2Face
Face2Face_309_303,train,fake,/workspace/data/raw/ffpp/FaceForensics++_C23/Face2Face/309_303.mp4,ffpp_Face2Face
Face2Face_310_196,train,fake,/workspace/data/raw/ffpp/FaceForensics++_C23/Face2Face/310_196.mp4,ffpp_Face2Face
Face2Face_311_387,train,fake,/workspace/data/raw/ffpp/FaceForensics++_C23/Face2Face/311_387.mp4,ffpp_Face2Face
Face2Face_312_021,train,fake,/workspace/data/raw/ffpp/FaceForensics++_C23/Face2Face/312_021.mp4,ffpp_Face2Face
Face2Face_313_283,train,fake,/workspace/data/raw/ffpp/FaceForensics++_C23/Face2Face/313_283.mp4,ffpp_Face2Face
Face2Face_314_347,test,fake,/workspace/data/raw/ffpp/FaceForensics++_C23/Face2Face/314_347.mp4,ffpp_Face2Face
Face2Face_315_322,train,fake,/workspace/data/raw/ffpp/FaceForensics++_C23/Face2Face/315_322.mp4,ffpp_Face2Face
Face2Face_316_369,val,fake,/workspace/data/raw/ffpp/FaceForensics++_C23/Face2Face/316_369.mp4,ffpp_Face2Face
Face2Face_317_359,train,fake,/workspace/data/raw/ffpp/FaceForensics++_C23/Face2Face/317_359.mp4,ffpp_Face2Face
Face2Face_318_334,train,fake,/workspace/data/raw/ffpp/FaceForensics++_C23/Face2Face/318_334.mp4,ffpp_Face2Face
Face2Face_319_352,test,fake,/workspace/data/raw/ffpp/FaceForensics++_C23/Face2Face/319_352.mp4,ffpp_Face2Face
Face2Face_320_328,train,fake,/workspace/data/raw/ffpp/FaceForensics++_C23/Face2Face/320_328.mp4,ffpp_Face2Face
Face2Face_321_288,test,fake,/workspace/data/raw/ffpp/FaceForensics++_C23/Face2Face/321_288.mp4,ffpp_Face2Face
Face2Face_322_315,train,fake,/workspace/data/raw/ffpp/FaceForensics++_C23/Face2Face/322_315.mp4,ffpp_Face2Face
Face2Face_323_302,train,fake,/workspace/data/raw/ffpp/FaceForensics++_C23/Face2Face/323_302.mp4,ffpp_Face2Face
Face2Face_324_356,train,fake,/workspace/data/raw/ffpp/FaceForensics++_C23/Face2Face/324_356.mp4,ffpp_Face2Face
Face2Face_325_492,val,fake,/workspace/data/raw/ffpp/FaceForensics++_C23/Face2Face/325_492.mp4,ffpp_Face2Face
Face2Face_326_501,train,fake,/workspace/data/raw/ffpp/FaceForensics++_C23/Face2Face/326_501.mp4,ffpp_Face2Face
Face2Face_327_329,train,fake,/workspace/data/raw/ffpp/FaceForensics++_C23/Face2Face/327_329.mp4,ffpp_Face2Face
Face2Face_328_320,train,fake,/workspace/data/raw/ffpp/FaceForensics++_C23/Face2Face/328_320.mp4,ffpp_Face2Face
Face2Face_329_327,train,fake,/workspace/data/raw/ffpp/FaceForensics++_C23/Face2Face/329_327.mp4,ffpp_Face2Face
Face2Face_330_162,train,fake,/workspace/data/raw/ffpp/FaceForensics++_C23/Face2Face/330_162.mp4,ffpp_Face2Face
Face2Face_331_260,train,fake,/workspace/data/raw/ffpp/FaceForensics++_C23/Face2Face/331_260.mp4,ffpp_Face2Face
Face2Face_332_051,train,fake,/workspace/data/raw/ffpp/FaceForensics++_C23/Face2Face/332_051.mp4,ffpp_Face2Face
Face2Face_333_377,train,fake,/workspace/data/raw/ffpp/FaceForensics++_C23/Face2Face/333_377.mp4,ffpp_Face2Face
Face2Face_334_318,train,fake,/workspace/data/raw/ffpp/FaceForensics++_C23/Face2Face/334_318.mp4,ffpp_Face2Face
Face2Face_335_277,train,fake,/workspace/data/raw/ffpp/FaceForensics++_C23/Face2Face/335_277.mp4,ffpp_Face2Face
Face2Face_336_338,train,fake,/workspace/data/raw/ffpp/FaceForensics++_C23/Face2Face/336_338.mp4,ffpp_Face2Face
Face2Face_337_522,train,fake,/workspace/data/raw/ffpp/FaceForensics++_C23/Face2Face/337_522.mp4,ffpp_Face2Face
Face2Face_338_336,train,fake,/workspace/data/raw/ffpp/FaceForensics++_C23/Face2Face/338_336.mp4,ffpp_Face2Face
Face2Face_339_392,train,fake,/workspace/data/raw/ffpp/FaceForensics++_C23/Face2Face/339_392.mp4,ffpp_Face2Face
Face2Face_340_341,train,fake,/workspace/data/raw/ffpp/FaceForensics++_C23/Face2Face/340_341.mp4,ffpp_Face2Face
Face2Face_341_340,train,fake,/workspace/data/raw/ffpp/FaceForensics++_C23/Face2Face/341_340.mp4,ffpp_Face2Face
Face2Face_342_416,val,fake,/workspace/data/raw/ffpp/FaceForensics++_C23/Face2Face/342_416.mp4,ffpp_Face2Face
Face2Face_343_363,train,fake,/workspace/data/raw/ffpp/FaceForensics++_C23/Face2Face/343_363.mp4,ffpp_Face2Face
Face2Face_344_020,train,fake,/workspace/data/raw/ffpp/FaceForensics++_C23/Face2Face/344_020.mp4,ffpp_Face2Face
Face2Face_345_259,train,fake,/workspace/data/raw/ffpp/FaceForensics++_C23/Face2Face/345_259.mp4,ffpp_Face2Face
Face2Face_346_351,train,fake,/workspace/data/raw/ffpp/FaceForensics++_C23/Face2Face/346_351.mp4,ffpp_Face2Face
Face2Face_347_314,test,fake,/workspace/data/raw/ffpp/FaceForensics++_C23/Face2Face/347_314.mp4,ffpp_Face2Face
Face2Face_348_202,train,fake,/workspace/data/raw/ffpp/FaceForensics++_C23/Face2Face/348_202.mp4,ffpp_Face2Face
Face2Face_349_350,val,fake,/workspace/data/raw/ffpp/FaceForensics++_C23/Face2Face/349_350.mp4,ffpp_Face2Face
Face2Face_350_349,val,fake,/workspace/data/raw/ffpp/FaceForensics++_C23/Face2Face/350_349.mp4,ffpp_Face2Face
Face2Face_351_346,train,fake,/workspace/data/raw/ffpp/FaceForensics++_C23/Face2Face/351_346.mp4,ffpp_Face2Face
Face2Face_352_319,test,fake,/workspace/data/raw/ffpp/FaceForensics++_C23/Face2Face/352_319.mp4,ffpp_Face2Face
Face2Face_353_383,train,fake,/workspace/data/raw/ffpp/FaceForensics++_C23/Face2Face/353_383.mp4,ffpp_Face2Face
Face2Face_354_362,val,fake,/workspace/data/raw/ffpp/FaceForensics++_C23/Face2Face/354_362.mp4,ffpp_Face2Face
Face2Face_355_748,train,fake,/workspace/data/raw/ffpp/FaceForensics++_C23/Face2Face/355_748.mp4,ffpp_Face2Face
Face2Face_356_324,train,fake,/workspace/data/raw/ffpp/FaceForensics++_C23/Face2Face/356_324.mp4,ffpp_Face2Face
Face2Face_357_432,train,fake,/workspace/data/raw/ffpp/FaceForensics++_C23/Face2Face/357_432.mp4,ffpp_Face2Face
Face2Face_358_380,test,fake,/workspace/data/raw/ffpp/FaceForensics++_C23/Face2Face/358_380.mp4,ffpp_Face2Face
Face2Face_359_317,train,fake,/workspace/data/raw/ffpp/FaceForensics++_C23/Face2Face/359_317.mp4,ffpp_Face2Face
Face2Face_360_437,train,fake,/workspace/data/raw/ffpp/FaceForensics++_C23/Face2Face/360_437.mp4,ffpp_Face2Face
Face2Face_361_448,train,fake,/workspace/data/raw/ffpp/FaceForensics++_C23/Face2Face/361_448.mp4,ffpp_Face2Face
Face2Face_362_354,val,fake,/workspace/data/raw/ffpp/FaceForensics++_C23/Face2Face/362_354.mp4,ffpp_Face2Face
Face2Face_363_343,train,fake,/workspace/data/raw/ffpp/FaceForensics++_C23/Face2Face/363_343.mp4,ffpp_Face2Face
Face2Face_364_440,val,fake,/workspace/data/raw/ffpp/FaceForensics++_C23/Face2Face/364_440.mp4,ffpp_Face2Face
Face2Face_365_307,train,fake,/workspace/data/raw/ffpp/FaceForensics++_C23/Face2Face/365_307.mp4,ffpp_Face2Face
Face2Face_366_473,train,fake,/workspace/data/raw/ffpp/FaceForensics++_C23/Face2Face/366_473.mp4,ffpp_Face2Face
Face2Face_367_371,test,fake,/workspace/data/raw/ffpp/FaceForensics++_C23/Face2Face/367_371.mp4,ffpp_Face2Face
Face2Face_368_378,train,fake,/workspace/data/raw/ffpp/FaceForensics++_C23/Face2Face/368_378.mp4,ffpp_Face2Face
Face2Face_369_316,val,fake,/workspace/data/raw/ffpp/FaceForensics++_C23/Face2Face/369_316.mp4,ffpp_Face2Face
Face2Face_370_483,val,fake,/workspace/data/raw/ffpp/FaceForensics++_C23/Face2Face/370_483.mp4,ffpp_Face2Face
Face2Face_371_367,test,fake,/workspace/data/raw/ffpp/FaceForensics++_C23/Face2Face/371_367.mp4,ffpp_Face2Face
Face2Face_372_413,train,fake,/workspace/data/raw/ffpp/FaceForensics++_C23/Face2Face/372_413.mp4,ffpp_Face2Face
Face2Face_373_394,train,fake,/workspace/data/raw/ffpp/FaceForensics++_C23/Face2Face/373_394.mp4,ffpp_Face2Face
Face2Face_374_407,train,fake,/workspace/data/raw/ffpp/FaceForensics++_C23/Face2Face/374_407.mp4,ffpp_Face2Face
Face2Face_375_251,train,fake,/workspace/data/raw/ffpp/FaceForensics++_C23/Face2Face/375_251.mp4,ffpp_Face2Face
Face2Face_376_381,test,fake,/workspace/data/raw/ffpp/FaceForensics++_C23/Face2Face/376_381.mp4,ffpp_Face2Face
Face2Face_377_333,train,fake,/workspace/data/raw/ffpp/FaceForensics++_C23/Face2Face/377_333.mp4,ffpp_Face2Face
Face2Face_378_368,train,fake,/workspace/data/raw/ffpp/FaceForensics++_C23/Face2Face/378_368.mp4,ffpp_Face2Face
Face2Face_379_158,test,fake,/workspace/data/raw/ffpp/FaceForensics++_C23/Face2Face/379_158.mp4,ffpp_Face2Face
Face2Face_380_358,test,fake,/workspace/data/raw/ffpp/FaceForensics++_C23/Face2Face/380_358.mp4,ffpp_Face2Face
Face2Face_381_376,test,fake,/workspace/data/raw/ffpp/FaceForensics++_C23/Face2Face/381_376.mp4,ffpp_Face2Face
Face2Face_382_409,train,fake,/workspace/data/raw/ffpp/FaceForensics++_C23/Face2Face/382_409.mp4,ffpp_Face2Face
Face2Face_383_353,train,fake,/workspace/data/raw/ffpp/FaceForensics++_C23/Face2Face/383_353.mp4,ffpp_Face2Face
Face2Face_384_932,test,fake,/workspace/data/raw/ffpp/FaceForensics++_C23/Face2Face/384_932.mp4,ffpp_Face2Face
Face2Face_385_414,train,fake,/workspace/data/raw/ffpp/FaceForensics++_C23/Face2Face/385_414.mp4,ffpp_Face2Face
Face2Face_386_154,test,fake,/workspace/data/raw/ffpp/FaceForensics++_C23/Face2Face/386_154.mp4,ffpp_Face2Face
Face2Face_387_311,train,fake,/workspace/data/raw/ffpp/FaceForensics++_C23/Face2Face/387_311.mp4,ffpp_Face2Face
Face2Face_388_308,test,fake,/workspace/data/raw/ffpp/FaceForensics++_C23/Face2Face/388_308.mp4,ffpp_Face2Face
Face2Face_389_480,test,fake,/workspace/data/raw/ffpp/FaceForensics++_C23/Face2Face/389_480.mp4,ffpp_Face2Face
Face2Face_390_709,train,fake,/workspace/data/raw/ffpp/FaceForensics++_C23/Face2Face/390_709.mp4,ffpp_Face2Face
Face2Face_391_406,train,fake,/workspace/data/raw/ffpp/FaceForensics++_C23/Face2Face/391_406.mp4,ffpp_Face2Face
Face2Face_392_339,train,fake,/workspace/data/raw/ffpp/FaceForensics++_C23/Face2Face/392_339.mp4,ffpp_Face2Face
Face2Face_393_405,train,fake,/workspace/data/raw/ffpp/FaceForensics++_C23/Face2Face/393_405.mp4,ffpp_Face2Face
Face2Face_394_373,train,fake,/workspace/data/raw/ffpp/FaceForensics++_C23/Face2Face/394_373.mp4,ffpp_Face2Face
Face2Face_395_401,train,fake,/workspace/data/raw/ffpp/FaceForensics++_C23/Face2Face/395_401.mp4,ffpp_Face2Face
Face2Face_396_272,train,fake,/workspace/data/raw/ffpp/FaceForensics++_C23/Face2Face/396_272.mp4,ffpp_Face2Face
Face2Face_397_602,train,fake,/workspace/data/raw/ffpp/FaceForensics++_C23/Face2Face/397_602.mp4,ffpp_Face2Face
Face2Face_398_457,train,fake,/workspace/data/raw/ffpp/FaceForensics++_C23/Face2Face/398_457.mp4,ffpp_Face2Face
Face2Face_399_488,test,fake,/workspace/data/raw/ffpp/FaceForensics++_C23/Face2Face/399_488.mp4,ffpp_Face2Face
Face2Face_400_476,train,fake,/workspace/data/raw/ffpp/FaceForensics++_C23/Face2Face/400_476.mp4,ffpp_Face2Face
Face2Face_401_395,train,fake,/workspace/data/raw/ffpp/FaceForensics++_C23/Face2Face/401_395.mp4,ffpp_Face2Face
Face2Face_402_453,val,fake,/workspace/data/raw/ffpp/FaceForensics++_C23/Face2Face/402_453.mp4,ffpp_Face2Face
Face2Face_403_497,train,fake,/workspace/data/raw/ffpp/FaceForensics++_C23/Face2Face/403_497.mp4,ffpp_Face2Face
Face2Face_404_429,test,fake,/workspace/data/raw/ffpp/FaceForensics++_C23/Face2Face/404_429.mp4,ffpp_Face2Face
Face2Face_405_393,train,fake,/workspace/data/raw/ffpp/FaceForensics++_C23/Face2Face/405_393.mp4,ffpp_Face2Face
Face2Face_406_391,train,fake,/workspace/data/raw/ffpp/FaceForensics++_C23/Face2Face/406_391.mp4,ffpp_Face2Face
Face2Face_407_374,train,fake,/workspace/data/raw/ffpp/FaceForensics++_C23/Face2Face/407_374.mp4,ffpp_Face2Face
Face2Face_408_424,train,fake,/workspace/data/raw/ffpp/FaceForensics++_C23/Face2Face/408_424.mp4,ffpp_Face2Face
Face2Face_409_382,train,fake,/workspace/data/raw/ffpp/FaceForensics++_C23/Face2Face/409_382.mp4,ffpp_Face2Face
Face2Face_410_411,train,fake,/workspace/data/raw/ffpp/FaceForensics++_C23/Face2Face/410_411.mp4,ffpp_Face2Face
Face2Face_411_410,train,fake,/workspace/data/raw/ffpp/FaceForensics++_C23/Face2Face/411_410.mp4,ffpp_Face2Face
Face2Face_412_274,train,fake,/workspace/data/raw/ffpp/FaceForensics++_C23/Face2Face/412_274.mp4,ffpp_Face2Face
Face2Face_413_372,train,fake,/workspace/data/raw/ffpp/FaceForensics++_C23/Face2Face/413_372.mp4,ffpp_Face2Face
Face2Face_414_385,train,fake,/workspace/data/raw/ffpp/FaceForensics++_C23/Face2Face/414_385.mp4,ffpp_Face2Face
Face2Face_415_484,train,fake,/workspace/data/raw/ffpp/FaceForensics++_C23/Face2Face/415_484.mp4,ffpp_Face2Face
Face2Face_416_342,val,fake,/workspace/data/raw/ffpp/FaceForensics++_C23/Face2Face/416_342.mp4,ffpp_Face2Face
Face2Face_417_496,train,fake,/workspace/data/raw/ffpp/FaceForensics++_C23/Face2Face/417_496.mp4,ffpp_Face2Face
Face2Face_418_507,test,fake,/workspace/data/raw/ffpp/FaceForensics++_C23/Face2Face/418_507.mp4,ffpp_Face2Face
Face2Face_419_824,val,fake,/workspace/data/raw/ffpp/FaceForensics++_C23/Face2Face/419_824.mp4,ffpp_Face2Face
Face2Face_420_257,test,fake,/workspace/data/raw/ffpp/FaceForensics++_C23/Face2Face/420_257.mp4,ffpp_Face2Face
Face2Face_421_423,test,fake,/workspace/data/raw/ffpp/FaceForensics++_C23/Face2Face/421_423.mp4,ffpp_Face2Face
Face2Face_422_695,test,fake,/workspace/data/raw/ffpp/FaceForensics++_C23/Face2Face/422_695.mp4,ffpp_Face2Face
Face2Face_423_421,test,fake,/workspace/data/raw/ffpp/FaceForensics++_C23/Face2Face/423_421.mp4,ffpp_Face2Face
Face2Face_424_408,train,fake,/workspace/data/raw/ffpp/FaceForensics++_C23/Face2Face/424_408.mp4,ffpp_Face2Face
Face2Face_425_485,test,fake,/workspace/data/raw/ffpp/FaceForensics++_C23/Face2Face/425_485.mp4,ffpp_Face2Face
Face2Face_426_287,train,fake,/workspace/data/raw/ffpp/FaceForensics++_C23/Face2Face/426_287.mp4,ffpp_Face2Face
Face2Face_427_637,train,fake,/workspace/data/raw/ffpp/FaceForensics++_C23/Face2Face/427_637.mp4,ffpp_Face2Face
Face2Face_428_466,train,fake,/workspace/data/raw/ffpp/FaceForensics++_C23/Face2Face/428_466.mp4,ffpp_Face2Face
Face2Face_429_404,test,fake,/workspace/data/raw/ffpp/FaceForensics++_C23/Face2Face/429_404.mp4,ffpp_Face2Face
Face2Face_430_459,train,fake,/workspace/data/raw/ffpp/FaceForensics++_C23/Face2Face/430_459.mp4,ffpp_Face2Face
Face2Face_431_447,train,fake,/workspace/data/raw/ffpp/FaceForensics++_C23/Face2Face/431_447.mp4,ffpp_Face2Face
Face2Face_432_357,train,fake,/workspace/data/raw/ffpp/FaceForensics++_C23/Face2Face/432_357.mp4,ffpp_Face2Face
Face2Face_433_498,train,fake,/workspace/data/raw/ffpp/FaceForensics++_C23/Face2Face/433_498.mp4,ffpp_Face2Face
Face2Face_434_438,train,fake,/workspace/data/raw/ffpp/FaceForensics++_C23/Face2Face/434_438.mp4,ffpp_Face2Face
Face2Face_435_456,train,fake,/workspace/data/raw/ffpp/FaceForensics++_C23/Face2Face/435_456.mp4,ffpp_Face2Face
Face2Face_436_526,train,fake,/workspace/data/raw/ffpp/FaceForensics++_C23/Face2Face/436_526.mp4,ffpp_Face2Face
Face2Face_437_360,train,fake,/workspace/data/raw/ffpp/FaceForensics++_C23/Face2Face/437_360.mp4,ffpp_Face2Face
Face2Face_438_434,train,fake,/workspace/data/raw/ffpp/FaceForensics++_C23/Face2Face/438_434.mp4,ffpp_Face2Face
Face2Face_439_441,train,fake,/workspace/data/raw/ffpp/FaceForensics++_C23/Face2Face/439_441.mp4,ffpp_Face2Face
Face2Face_440_364,val,fake,/workspace/data/raw/ffpp/FaceForensics++_C23/Face2Face/440_364.mp4,ffpp_Face2Face
Face2Face_441_439,train,fake,/workspace/data/raw/ffpp/FaceForensics++_C23/Face2Face/441_439.mp4,ffpp_Face2Face
Face2Face_442_195,train,fake,/workspace/data/raw/ffpp/FaceForensics++_C23/Face2Face/442_195.mp4,ffpp_Face2Face
Face2Face_443_514,val,fake,/workspace/data/raw/ffpp/FaceForensics++_C23/Face2Face/443_514.mp4,ffpp_Face2Face
Face2Face_444_655,train,fake,/workspace/data/raw/ffpp/FaceForensics++_C23/Face2Face/444_655.mp4,ffpp_Face2Face
Face2Face_445_494,test,fake,/workspace/data/raw/ffpp/FaceForensics++_C23/Face2Face/445_494.mp4,ffpp_Face2Face
Face2Face_446_667,train,fake,/workspace/data/raw/ffpp/FaceForensics++_C23/Face2Face/446_667.mp4,ffpp_Face2Face
Face2Face_447_431,train,fake,/workspace/data/raw/ffpp/FaceForensics++_C23/Face2Face/447_431.mp4,ffpp_Face2Face
Face2Face_448_361,train,fake,/workspace/data/raw/ffpp/FaceForensics++_C23/Face2Face/448_361.mp4,ffpp_Face2Face
Face2Face_449_451,train,fake,/workspace/data/raw/ffpp/FaceForensics++_C23/Face2Face/449_451.mp4,ffpp_Face2Face
Face2Face_450_533,train,fake,/workspace/data/raw/ffpp/FaceForensics++_C23/Face2Face/450_533.mp4,ffpp_Face2Face
Face2Face_451_449,train,fake,/workspace/data/raw/ffpp/FaceForensics++_C23/Face2Face/451_449.mp4,ffpp_Face2Face
Face2Face_452_550,test,fake,/workspace/data/raw/ffpp/FaceForensics++_C23/Face2Face/452_550.mp4,ffpp_Face2Face
Face2Face_453_402,val,fake,/workspace/data/raw/ffpp/FaceForensics++_C23/Face2Face/453_402.mp4,ffpp_Face2Face
Face2Face_454_527,test,fake,/workspace/data/raw/ffpp/FaceForensics++_C23/Face2Face/454_527.mp4,ffpp_Face2Face
Face2Face_455_471,val,fake,/workspace/data/raw/ffpp/FaceForensics++_C23/Face2Face/455_471.mp4,ffpp_Face2Face
Face2Face_456_435,train,fake,/workspace/data/raw/ffpp/FaceForensics++_C23/Face2Face/456_435.mp4,ffpp_Face2Face
Face2Face_457_398,train,fake,/workspace/data/raw/ffpp/FaceForensics++_C23/Face2Face/457_398.mp4,ffpp_Face2Face
Face2Face_458_722,train,fake,/workspace/data/raw/ffpp/FaceForensics++_C23/Face2Face/458_722.mp4,ffpp_Face2Face
Face2Face_459_430,train,fake,/workspace/data/raw/ffpp/FaceForensics++_C23/Face2Face/459_430.mp4,ffpp_Face2Face
Face2Face_460_678,train,fake,/workspace/data/raw/ffpp/FaceForensics++_C23/Face2Face/460_678.mp4,ffpp_Face2Face
Face2Face_461_250,train,fake,/workspace/data/raw/ffpp/FaceForensics++_C23/Face2Face/461_250.mp4,ffpp_Face2Face
Face2Face_462_467,test,fake,/workspace/data/raw/ffpp/FaceForensics++_C23/Face2Face/462_467.mp4,ffpp_Face2Face
Face2Face_463_464,train,fake,/workspace/data/raw/ffpp/FaceForensics++_C23/Face2Face/463_464.mp4,ffpp_Face2Face
Face2Face_464_463,train,fake,/workspace/data/raw/ffpp/FaceForensics++_C23/Face2Face/464_463.mp4,ffpp_Face2Face
Face2Face_465_482,val,fake,/workspace/data/raw/ffpp/FaceForensics++_C23/Face2Face/465_482.mp4,ffpp_Face2Face
Face2Face_466_428,train,fake,/workspace/data/raw/ffpp/FaceForensics++_C23/Face2Face/466_428.mp4,ffpp_Face2Face
Face2Face_467_462,test,fake,/workspace/data/raw/ffpp/FaceForensics++_C23/Face2Face/467_462.mp4,ffpp_Face2Face
Face2Face_468_470,val,fake,/workspace/data/raw/ffpp/FaceForensics++_C23/Face2Face/468_470.mp4,ffpp_Face2Face
Face2Face_469_481,train,fake,/workspace/data/raw/ffpp/FaceForensics++_C23/Face2Face/469_481.mp4,ffpp_Face2Face
Face2Face_470_468,val,fake,/workspace/data/raw/ffpp/FaceForensics++_C23/Face2Face/470_468.mp4,ffpp_Face2Face
Face2Face_471_455,val,fake,/workspace/data/raw/ffpp/FaceForensics++_C23/Face2Face/471_455.mp4,ffpp_Face2Face
Face2Face_472_511,val,fake,/workspace/data/raw/ffpp/FaceForensics++_C23/Face2Face/472_511.mp4,ffpp_Face2Face
Face2Face_473_366,train,fake,/workspace/data/raw/ffpp/FaceForensics++_C23/Face2Face/473_366.mp4,ffpp_Face2Face
Face2Face_474_281,train,fake,/workspace/data/raw/ffpp/FaceForensics++_C23/Face2Face/474_281.mp4,ffpp_Face2Face
Face2Face_475_265,train,fake,/workspace/data/raw/ffpp/FaceForensics++_C23/Face2Face/475_265.mp4,ffpp_Face2Face
Face2Face_476_400,train,fake,/workspace/data/raw/ffpp/FaceForensics++_C23/Face2Face/476_400.mp4,ffpp_Face2Face
Face2Face_477_487,train,fake,/workspace/data/raw/ffpp/FaceForensics++_C23/Face2Face/477_487.mp4,ffpp_Face2Face
Face2Face_478_506,train,fake,/workspace/data/raw/ffpp/FaceForensics++_C23/Face2Face/478_506.mp4,ffpp_Face2Face
Face2Face_479_706,test,fake,/workspace/data/raw/ffpp/FaceForensics++_C23/Face2Face/479_706.mp4,ffpp_Face2Face
Face2Face_480_389,test,fake,/workspace/data/raw/ffpp/FaceForensics++_C23/Face2Face/480_389.mp4,ffpp_Face2Face
Face2Face_481_469,train,fake,/workspace/data/raw/ffpp/FaceForensics++_C23/Face2Face/481_469.mp4,ffpp_Face2Face
Face2Face_482_465,val,fake,/workspace/data/raw/ffpp/FaceForensics++_C23/Face2Face/482_465.mp4,ffpp_Face2Face
Face2Face_483_370,val,fake,/workspace/data/raw/ffpp/FaceForensics++_C23/Face2Face/483_370.mp4,ffpp_Face2Face
Face2Face_484_415,train,fake,/workspace/data/raw/ffpp/FaceForensics++_C23/Face2Face/484_415.mp4,ffpp_Face2Face
Face2Face_485_425,test,fake,/workspace/data/raw/ffpp/FaceForensics++_C23/Face2Face/485_425.mp4,ffpp_Face2Face
Face2Face_486_680,train,fake,/workspace/data/raw/ffpp/FaceForensics++_C23/Face2Face/486_680.mp4,ffpp_Face2Face
Face2Face_487_477,train,fake,/workspace/data/raw/ffpp/FaceForensics++_C23/Face2Face/487_477.mp4,ffpp_Face2Face
Face2Face_488_399,test,fake,/workspace/data/raw/ffpp/FaceForensics++_C23/Face2Face/488_399.mp4,ffpp_Face2Face
Face2Face_489_022,train,fake,/workspace/data/raw/ffpp/FaceForensics++_C23/Face2Face/489_022.mp4,ffpp_Face2Face
Face2Face_490_534,train,fake,/workspace/data/raw/ffpp/FaceForensics++_C23/Face2Face/490_534.mp4,ffpp_Face2Face
Face2Face_491_226,train,fake,/workspace/data/raw/ffpp/FaceForensics++_C23/Face2Face/491_226.mp4,ffpp_Face2Face
Face2Face_492_325,val,fake,/workspace/data/raw/ffpp/FaceForensics++_C23/Face2Face/492_325.mp4,ffpp_Face2Face
Face2Face_493_538,val,fake,/workspace/data/raw/ffpp/FaceForensics++_C23/Face2Face/493_538.mp4,ffpp_Face2Face
Face2Face_494_445,test,fake,/workspace/data/raw/ffpp/FaceForensics++_C23/Face2Face/494_445.mp4,ffpp_Face2Face
Face2Face_495_512,train,fake,/workspace/data/raw/ffpp/FaceForensics++_C23/Face2Face/495_512.mp4,ffpp_Face2Face
Face2Face_496_417,train,fake,/workspace/data/raw/ffpp/FaceForensics++_C23/Face2Face/496_417.mp4,ffpp_Face2Face
Face2Face_497_403,train,fake,/workspace/data/raw/ffpp/FaceForensics++_C23/Face2Face/497_403.mp4,ffpp_Face2Face
Face2Face_498_433,train,fake,/workspace/data/raw/ffpp/FaceForensics++_C23/Face2Face/498_433.mp4,ffpp_Face2Face
Face2Face_499_539,train,fake,/workspace/data/raw/ffpp/FaceForensics++_C23/Face2Face/499_539.mp4,ffpp_Face2Face
Face2Face_500_592,train,fake,/workspace/data/raw/ffpp/FaceForensics++_C23/Face2Face/500_592.mp4,ffpp_Face2Face
Face2Face_501_326,train,fake,/workspace/data/raw/ffpp/FaceForensics++_C23/Face2Face/501_326.mp4,ffpp_Face2Face
Face2Face_502_504,train,fake,/workspace/data/raw/ffpp/FaceForensics++_C23/Face2Face/502_504.mp4,ffpp_Face2Face
Face2Face_503_756,train,fake,/workspace/data/raw/ffpp/FaceForensics++_C23/Face2Face/503_756.mp4,ffpp_Face2Face
Face2Face_504_502,train,fake,/workspace/data/raw/ffpp/FaceForensics++_C23/Face2Face/504_502.mp4,ffpp_Face2Face
Face2Face_505_600,train,fake,/workspace/data/raw/ffpp/FaceForensics++_C23/Face2Face/505_600.mp4,ffpp_Face2Face
Face2Face_506_478,train,fake,/workspace/data/raw/ffpp/FaceForensics++_C23/Face2Face/506_478.mp4,ffpp_Face2Face
Face2Face_507_418,test,fake,/workspace/data/raw/ffpp/FaceForensics++_C23/Face2Face/507_418.mp4,ffpp_Face2Face
Face2Face_508_831,train,fake,/workspace/data/raw/ffpp/FaceForensics++_C23/Face2Face/508_831.mp4,ffpp_Face2Face
Face2Face_509_525,train,fake,/workspace/data/raw/ffpp/FaceForensics++_C23/Face2Face/509_525.mp4,ffpp_Face2Face
Face2Face_510_528,train,fake,/workspace/data/raw/ffpp/FaceForensics++_C23/Face2Face/510_528.mp4,ffpp_Face2Face
Face2Face_511_472,val,fake,/workspace/data/raw/ffpp/FaceForensics++_C23/Face2Face/511_472.mp4,ffpp_Face2Face
Face2Face_512_495,train,fake,/workspace/data/raw/ffpp/FaceForensics++_C23/Face2Face/512_495.mp4,ffpp_Face2Face
Face2Face_513_305,train,fake,/workspace/data/raw/ffpp/FaceForensics++_C23/Face2Face/513_305.mp4,ffpp_Face2Face
Face2Face_514_443,val,fake,/workspace/data/raw/ffpp/FaceForensics++_C23/Face2Face/514_443.mp4,ffpp_Face2Face
Face2Face_515_519,train,fake,/workspace/data/raw/ffpp/FaceForensics++_C23/Face2Face/515_519.mp4,ffpp_Face2Face
Face2Face_516_555,train,fake,/workspace/data/raw/ffpp/FaceForensics++_C23/Face2Face/516_555.mp4,ffpp_Face2Face
Face2Face_517_521,test,fake,/workspace/data/raw/ffpp/FaceForensics++_C23/Face2Face/517_521.mp4,ffpp_Face2Face
Face2Face_518_131,train,fake,/workspace/data/raw/ffpp/FaceForensics++_C23/Face2Face/518_131.mp4,ffpp_Face2Face
Face2Face_519_515,train,fake,/workspace/data/raw/ffpp/FaceForensics++_C23/Face2Face/519_515.mp4,ffpp_Face2Face
Face2Face_520_542,train,fake,/workspace/data/raw/ffpp/FaceForensics++_C23/Face2Face/520_542.mp4,ffpp_Face2Face
Face2Face_521_517,test,fake,/workspace/data/raw/ffpp/FaceForensics++_C23/Face2Face/521_517.mp4,ffpp_Face2Face
Face2Face_522_337,train,fake,/workspace/data/raw/ffpp/FaceForensics++_C23/Face2Face/522_337.mp4,ffpp_Face2Face
Face2Face_523_541,train,fake,/workspace/data/raw/ffpp/FaceForensics++_C23/Face2Face/523_541.mp4,ffpp_Face2Face
Face2Face_524_580,train,fake,/workspace/data/raw/ffpp/FaceForensics++_C23/Face2Face/524_580.mp4,ffpp_Face2Face
Face2Face_525_509,train,fake,/workspace/data/raw/ffpp/FaceForensics++_C23/Face2Face/525_509.mp4,ffpp_Face2Face
Face2Face_526_436,train,fake,/workspace/data/raw/ffpp/FaceForensics++_C23/Face2Face/526_436.mp4,ffpp_Face2Face
Face2Face_527_454,test,fake,/workspace/data/raw/ffpp/FaceForensics++_C23/Face2Face/527_454.mp4,ffpp_Face2Face
Face2Face_528_510,train,fake,/workspace/data/raw/ffpp/FaceForensics++_C23/Face2Face/528_510.mp4,ffpp_Face2Face
Face2Face_529_633,test,fake,/workspace/data/raw/ffpp/FaceForensics++_C23/Face2Face/529_633.mp4,ffpp_Face2Face
Face2Face_530_594,train,fake,/workspace/data/raw/ffpp/FaceForensics++_C23/Face2Face/530_594.mp4,ffpp_Face2Face
Face2Face_531_549,train,fake,/workspace/data/raw/ffpp/FaceForensics++_C23/Face2Face/531_549.mp4,ffpp_Face2Face
Face2Face_532_544,train,fake,/workspace/data/raw/ffpp/FaceForensics++_C23/Face2Face/532_544.mp4,ffpp_Face2Face
Face2Face_533_450,train,fake,/workspace/data/raw/ffpp/FaceForensics++_C23/Face2Face/533_450.mp4,ffpp_Face2Face
Face2Face_534_490,train,fake,/workspace/data/raw/ffpp/FaceForensics++_C23/Face2Face/534_490.mp4,ffpp_Face2Face
Face2Face_535_587,train,fake,/workspace/data/raw/ffpp/FaceForensics++_C23/Face2Face/535_587.mp4,ffpp_Face2Face
Face2Face_536_540,train,fake,/workspace/data/raw/ffpp/FaceForensics++_C23/Face2Face/536_540.mp4,ffpp_Face2Face
Face2Face_537_563,train,fake,/workspace/data/raw/ffpp/FaceForensics++_C23/Face2Face/537_563.mp4,ffpp_Face2Face
Face2Face_538_493,val,fake,/workspace/data/raw/ffpp/FaceForensics++_C23/Face2Face/538_493.mp4,ffpp_Face2Face
Face2Face_539_499,train,fake,/workspace/data/raw/ffpp/FaceForensics++_C23/Face2Face/539_499.mp4,ffpp_Face2Face
Face2Face_540_536,train,fake,/workspace/data/raw/ffpp/FaceForensics++_C23/Face2Face/540_536.mp4,ffpp_Face2Face
Face2Face_541_523,train,fake,/workspace/data/raw/ffpp/FaceForensics++_C23/Face2Face/541_523.mp4,ffpp_Face2Face
Face2Face_542_520,train,fake,/workspace/data/raw/ffpp/FaceForensics++_C23/Face2Face/542_520.mp4,ffpp_Face2Face
Face2Face_543_559,train,fake,/workspace/data/raw/ffpp/FaceForensics++_C23/Face2Face/543_559.mp4,ffpp_Face2Face
Face2Face_544_532,train,fake,/workspace/data/raw/ffpp/FaceForensics++_C23/Face2Face/544_532.mp4,ffpp_Face2Face
Face2Face_545_553,train,fake,/workspace/data/raw/ffpp/FaceForensics++_C23/Face2Face/545_553.mp4,ffpp_Face2Face
Face2Face_546_621,train,fake,/workspace/data/raw/ffpp/FaceForensics++_C23/Face2Face/546_621.mp4,ffpp_Face2Face
Face2Face_547_574,train,fake,/workspace/data/raw/ffpp/FaceForensics++_C23/Face2Face/547_574.mp4,ffpp_Face2Face
Face2Face_548_632,val,fake,/workspace/data/raw/ffpp/FaceForensics++_C23/Face2Face/548_632.mp4,ffpp_Face2Face
Face2Face_549_531,train,fake,/workspace/data/raw/ffpp/FaceForensics++_C23/Face2Face/549_531.mp4,ffpp_Face2Face
Face2Face_550_452,test,fake,/workspace/data/raw/ffpp/FaceForensics++_C23/Face2Face/550_452.mp4,ffpp_Face2Face
Face2Face_551_631,train,fake,/workspace/data/raw/ffpp/FaceForensics++_C23/Face2Face/551_631.mp4,ffpp_Face2Face
Face2Face_552_851,test,fake,/workspace/data/raw/ffpp/FaceForensics++_C23/Face2Face/552_851.mp4,ffpp_Face2Face
Face2Face_553_545,train,fake,/workspace/data/raw/ffpp/FaceForensics++_C23/Face2Face/553_545.mp4,ffpp_Face2Face
Face2Face_554_572,train,fake,/workspace/data/raw/ffpp/FaceForensics++_C23/Face2Face/554_572.mp4,ffpp_Face2Face
Face2Face_555_516,train,fake,/workspace/data/raw/ffpp/FaceForensics++_C23/Face2Face/555_516.mp4,ffpp_Face2Face
Face2Face_556_588,train,fake,/workspace/data/raw/ffpp/FaceForensics++_C23/Face2Face/556_588.mp4,ffpp_Face2Face
Face2Face_557_560,val,fake,/workspace/data/raw/ffpp/FaceForensics++_C23/Face2Face/557_560.mp4,ffpp_Face2Face
Face2Face_558_583,val,fake,/workspace/data/raw/ffpp/FaceForensics++_C23/Face2Face/558_583.mp4,ffpp_Face2Face
Face2Face_559_543,train,fake,/workspace/data/raw/ffpp/FaceForensics++_C23/Face2Face/559_543.mp4,ffpp_Face2Face
Face2Face_560_557,val,fake,/workspace/data/raw/ffpp/FaceForensics++_C23/Face2Face/560_557.mp4,ffpp_Face2Face
Face2Face_561_998,train,fake,/workspace/data/raw/ffpp/FaceForensics++_C23/Face2Face/561_998.mp4,ffpp_Face2Face
Face2Face_562_626,train,fake,/workspace/data/raw/ffpp/FaceForensics++_C23/Face2Face/562_626.mp4,ffpp_Face2Face
Face2Face_563_537,train,fake,/workspace/data/raw/ffpp/FaceForensics++_C23/Face2Face/563_537.mp4,ffpp_Face2Face
Face2Face_564_971,val,fake,/workspace/data/raw/ffpp/FaceForensics++_C23/Face2Face/564_971.mp4,ffpp_Face2Face
Face2Face_565_589,val,fake,/workspace/data/raw/ffpp/FaceForensics++_C23/Face2Face/565_589.mp4,ffpp_Face2Face
Face2Face_566_617,val,fake,/workspace/data/raw/ffpp/FaceForensics++_C23/Face2Face/566_617.mp4,ffpp_Face2Face
Face2Face_567_606,val,fake,/workspace/data/raw/ffpp/FaceForensics++_C23/Face2Face/567_606.mp4,ffpp_Face2Face
Face2Face_568_628,train,fake,/workspace/data/raw/ffpp/FaceForensics++_C23/Face2Face/568_628.mp4,ffpp_Face2Face
Face2Face_569_921,train,fake,/workspace/data/raw/ffpp/FaceForensics++_C23/Face2Face/569_921.mp4,ffpp_Face2Face
Face2Face_570_624,train,fake,/workspace/data/raw/ffpp/FaceForensics++_C23/Face2Face/570_624.mp4,ffpp_Face2Face
Face2Face_571_746,val,fake,/workspace/data/raw/ffpp/FaceForensics++_C23/Face2Face/571_746.mp4,ffpp_Face2Face
Face2Face_572_554,train,fake,/workspace/data/raw/ffpp/FaceForensics++_C23/Face2Face/572_554.mp4,ffpp_Face2Face
Face2Face_573_757,train,fake,/workspace/data/raw/ffpp/FaceForensics++_C23/Face2Face/573_757.mp4,ffpp_Face2Face
Face2Face_574_547,train,fake,/workspace/data/raw/ffpp/FaceForensics++_C23/Face2Face/574_547.mp4,ffpp_Face2Face
Face2Face_575_603,train,fake,/workspace/data/raw/ffpp/FaceForensics++_C23/Face2Face/575_603.mp4,ffpp_Face2Face
Face2Face_576_155,train,fake,/workspace/data/raw/ffpp/FaceForensics++_C23/Face2Face/576_155.mp4,ffpp_Face2Face
Face2Face_577_593,train,fake,/workspace/data/raw/ffpp/FaceForensics++_C23/Face2Face/577_593.mp4,ffpp_Face2Face
Face2Face_578_636,train,fake,/workspace/data/raw/ffpp/FaceForensics++_C23/Face2Face/578_636.mp4,ffpp_Face2Face
Face2Face_579_701,test,fake,/workspace/data/raw/ffpp/FaceForensics++_C23/Face2Face/579_701.mp4,ffpp_Face2Face
Face2Face_580_524,train,fake,/workspace/data/raw/ffpp/FaceForensics++_C23/Face2Face/580_524.mp4,ffpp_Face2Face
Face2Face_581_697,train,fake,/workspace/data/raw/ffpp/FaceForensics++_C23/Face2Face/581_697.mp4,ffpp_Face2Face
Face2Face_582_172,train,fake,/workspace/data/raw/ffpp/FaceForensics++_C23/Face2Face/582_172.mp4,ffpp_Face2Face
Face2Face_583_558,val,fake,/workspace/data/raw/ffpp/FaceForensics++_C23/Face2Face/583_558.mp4,ffpp_Face2Face
Face2Face_584_823,val,fake,/workspace/data/raw/ffpp/FaceForensics++_C23/Face2Face/584_823.mp4,ffpp_Face2Face
Face2Face_585_599,val,fake,/workspace/data/raw/ffpp/FaceForensics++_C23/Face2Face/585_599.mp4,ffpp_Face2Face
Face2Face_586_223,val,fake,/workspace/data/raw/ffpp/FaceForensics++_C23/Face2Face/586_223.mp4,ffpp_Face2Face
Face2Face_587_535,train,fake,/workspace/data/raw/ffpp/FaceForensics++_C23/Face2Face/587_535.mp4,ffpp_Face2Face
Face2Face_588_556,train,fake,/workspace/data/raw/ffpp/FaceForensics++_C23/Face2Face/588_556.mp4,ffpp_Face2Face
Face2Face_589_565,val,fake,/workspace/data/raw/ffpp/FaceForensics++_C23/Face2Face/589_565.mp4,ffpp_Face2Face
Face2Face_590_034,train,fake,/workspace/data/raw/ffpp/FaceForensics++_C23/Face2Face/590_034.mp4,ffpp_Face2Face
Face2Face_591_605,train,fake,/workspace/data/raw/ffpp/FaceForensics++_C23/Face2Face/591_605.mp4,ffpp_Face2Face
Face2Face_592_500,train,fake,/workspace/data/raw/ffpp/FaceForensics++_C23/Face2Face/592_500.mp4,ffpp_Face2Face
Face2Face_593_577,train,fake,/workspace/data/raw/ffpp/FaceForensics++_C23/Face2Face/593_577.mp4,ffpp_Face2Face
Face2Face_594_530,train,fake,/workspace/data/raw/ffpp/FaceForensics++_C23/Face2Face/594_530.mp4,ffpp_Face2Face
Face2Face_595_597,val,fake,/workspace/data/raw/ffpp/FaceForensics++_C23/Face2Face/595_597.mp4,ffpp_Face2Face
Face2Face_596_609,train,fake,/workspace/data/raw/ffpp/FaceForensics++_C23/Face2Face/596_609.mp4,ffpp_Face2Face
Face2Face_597_595,val,fake,/workspace/data/raw/ffpp/FaceForensics++_C23/Face2Face/597_595.mp4,ffpp_Face2Face
Face2Face_598_178,train,fake,/workspace/data/raw/ffpp/FaceForensics++_C23/Face2Face/598_178.mp4,ffpp_Face2Face
Face2Face_599_585,val,fake,/workspace/data/raw/ffpp/FaceForensics++_C23/Face2Face/599_585.mp4,ffpp_Face2Face
Face2Face_600_505,train,fake,/workspace/data/raw/ffpp/FaceForensics++_C23/Face2Face/600_505.mp4,ffpp_Face2Face
Face2Face_601_653,train,fake,/workspace/data/raw/ffpp/FaceForensics++_C23/Face2Face/601_653.mp4,ffpp_Face2Face
Face2Face_602_397,train,fake,/workspace/data/raw/ffpp/FaceForensics++_C23/Face2Face/602_397.mp4,ffpp_Face2Face
Face2Face_603_575,train,fake,/workspace/data/raw/ffpp/FaceForensics++_C23/Face2Face/603_575.mp4,ffpp_Face2Face
Face2Face_604_703,train,fake,/workspace/data/raw/ffpp/FaceForensics++_C23/Face2Face/604_703.mp4,ffpp_Face2Face
Face2Face_605_591,train,fake,/workspace/data/raw/ffpp/FaceForensics++_C23/Face2Face/605_591.mp4,ffpp_Face2Face
Face2Face_606_567,val,fake,/workspace/data/raw/ffpp/FaceForensics++_C23/Face2Face/606_567.mp4,ffpp_Face2Face
Face2Face_607_683,test,fake,/workspace/data/raw/ffpp/FaceForensics++_C23/Face2Face/607_683.mp4,ffpp_Face2Face
Face2Face_608_675,test,fake,/workspace/data/raw/ffpp/FaceForensics++_C23/Face2Face/608_675.mp4,ffpp_Face2Face
Face2Face_609_596,train,fake,/workspace/data/raw/ffpp/FaceForensics++_C23/Face2Face/609_596.mp4,ffpp_Face2Face
Face2Face_610_692,train,fake,/workspace/data/raw/ffpp/FaceForensics++_C23/Face2Face/610_692.mp4,ffpp_Face2Face
Face2Face_611_760,train,fake,/workspace/data/raw/ffpp/FaceForensics++_C23/Face2Face/611_760.mp4,ffpp_Face2Face
Face2Face_612_702,val,fake,/workspace/data/raw/ffpp/FaceForensics++_C23/Face2Face/612_702.mp4,ffpp_Face2Face
Face2Face_613_685,train,fake,/workspace/data/raw/ffpp/FaceForensics++_C23/Face2Face/613_685.mp4,ffpp_Face2Face
Face2Face_614_616,train,fake,/workspace/data/raw/ffpp/FaceForensics++_C23/Face2Face/614_616.mp4,ffpp_Face2Face
Face2Face_615_687,train,fake,/workspace/data/raw/ffpp/FaceForensics++_C23/Face2Face/615_687.mp4,ffpp_Face2Face
Face2Face_616_614,train,fake,/workspace/data/raw/ffpp/FaceForensics++_C23/Face2Face/616_614.mp4,ffpp_Face2Face
Face2Face_617_566,val,fake,/workspace/data/raw/ffpp/FaceForensics++_C23/Face2Face/617_566.mp4,ffpp_Face2Face
Face2Face_618_629,train,fake,/workspace/data/raw/ffpp/FaceForensics++_C23/Face2Face/618_629.mp4,ffpp_Face2Face
Face2Face_619_620,train,fake,/workspace/data/raw/ffpp/FaceForensics++_C23/Face2Face/619_620.mp4,ffpp_Face2Face
Face2Face_620_619,train,fake,/workspace/data/raw/ffpp/FaceForensics++_C23/Face2Face/620_619.mp4,ffpp_Face2Face
Face2Face_621_546,train,fake,/workspace/data/raw/ffpp/FaceForensics++_C23/Face2Face/621_546.mp4,ffpp_Face2Face
Face2Face_622_647,val,fake,/workspace/data/raw/ffpp/FaceForensics++_C23/Face2Face/622_647.mp4,ffpp_Face2Face
Face2Face_623_630,test,fake,/workspace/data/raw/ffpp/FaceForensics++_C23/Face2Face/623_630.mp4,ffpp_Face2Face
Face2Face_624_570,train,fake,/workspace/data/raw/ffpp/FaceForensics++_C23/Face2Face/624_570.mp4,ffpp_Face2Face
Face2Face_625_650,test,fake,/workspace/data/raw/ffpp/FaceForensics++_C23/Face2Face/625_650.mp4,ffpp_Face2Face
Face2Face_626_562,train,fake,/workspace/data/raw/ffpp/FaceForensics++_C23/Face2Face/626_562.mp4,ffpp_Face2Face
Face2Face_627_658,train,fake,/workspace/data/raw/ffpp/FaceForensics++_C23/Face2Face/627_658.mp4,ffpp_Face2Face
Face2Face_628_568,train,fake,/workspace/data/raw/ffpp/FaceForensics++_C23/Face2Face/628_568.mp4,ffpp_Face2Face
Face2Face_629_618,train,fake,/workspace/data/raw/ffpp/FaceForensics++_C23/Face2Face/629_618.mp4,ffpp_Face2Face
Face2Face_630_623,test,fake,/workspace/data/raw/ffpp/FaceForensics++_C23/Face2Face/630_623.mp4,ffpp_Face2Face
Face2Face_631_551,train,fake,/workspace/data/raw/ffpp/FaceForensics++_C23/Face2Face/631_551.mp4,ffpp_Face2Face
Face2Face_632_548,val,fake,/workspace/data/raw/ffpp/FaceForensics++_C23/Face2Face/632_548.mp4,ffpp_Face2Face
Face2Face_633_529,test,fake,/workspace/data/raw/ffpp/FaceForensics++_C23/Face2Face/633_529.mp4,ffpp_Face2Face
Face2Face_634_660,test,fake,/workspace/data/raw/ffpp/FaceForensics++_C23/Face2Face/634_660.mp4,ffpp_Face2Face
Face2Face_635_642,train,fake,/workspace/data/raw/ffpp/FaceForensics++_C23/Face2Face/635_642.mp4,ffpp_Face2Face
Face2Face_636_578,train,fake,/workspace/data/raw/ffpp/FaceForensics++_C23/Face2Face/636_578.mp4,ffpp_Face2Face
Face2Face_637_427,train,fake,/workspace/data/raw/ffpp/FaceForensics++_C23/Face2Face/637_427.mp4,ffpp_Face2Face
Face2Face_638_640,val,fake,/workspace/data/raw/ffpp/FaceForensics++_C23/Face2Face/638_640.mp4,ffpp_Face2Face
Face2Face_639_841,train,fake,/workspace/data/raw/ffpp/FaceForensics++_C23/Face2Face/639_841.mp4,ffpp_Face2Face
Face2Face_640_638,val,fake,/workspace/data/raw/ffpp/FaceForensics++_C23/Face2Face/640_638.mp4,ffpp_Face2Face
Face2Face_641_662,train,fake,/workspace/data/raw/ffpp/FaceForensics++_C23/Face2Face/641_662.mp4,ffpp_Face2Face
Face2Face_642_635,train,fake,/workspace/data/raw/ffpp/FaceForensics++_C23/Face2Face/642_635.mp4,ffpp_Face2Face
Face2Face_643_646,train,fake,/workspace/data/raw/ffpp/FaceForensics++_C23/Face2Face/643_646.mp4,ffpp_Face2Face
Face2Face_644_657,train,fake,/workspace/data/raw/ffpp/FaceForensics++_C23/Face2Face/644_657.mp4,ffpp_Face2Face
Face2Face_645_688,train,fake,/workspace/data/raw/ffpp/FaceForensics++_C23/Face2Face/645_688.mp4,ffpp_Face2Face
Face2Face_646_643,train,fake,/workspace/data/raw/ffpp/FaceForensics++_C23/Face2Face/646_643.mp4,ffpp_Face2Face
Face2Face_647_622,val,fake,/workspace/data/raw/ffpp/FaceForensics++_C23/Face2Face/647_622.mp4,ffpp_Face2Face
Face2Face_648_654,train,fake,/workspace/data/raw/ffpp/FaceForensics++_C23/Face2Face/648_654.mp4,ffpp_Face2Face
Face2Face_649_816,val,fake,/workspace/data/raw/ffpp/FaceForensics++_C23/Face2Face/649_816.mp4,ffpp_Face2Face
Face2Face_650_625,test,fake,/workspace/data/raw/ffpp/FaceForensics++_C23/Face2Face/650_625.mp4,ffpp_Face2Face
Face2Face_651_835,train,fake,/workspace/data/raw/ffpp/FaceForensics++_C23/Face2Face/651_835.mp4,ffpp_Face2Face
Face2Face_652_773,train,fake,/workspace/data/raw/ffpp/FaceForensics++_C23/Face2Face/652_773.mp4,ffpp_Face2Face
Face2Face_653_601,train,fake,/workspace/data/raw/ffpp/FaceForensics++_C23/Face2Face/653_601.mp4,ffpp_Face2Face
Face2Face_654_648,train,fake,/workspace/data/raw/ffpp/FaceForensics++_C23/Face2Face/654_648.mp4,ffpp_Face2Face
Face2Face_655_444,train,fake,/workspace/data/raw/ffpp/FaceForensics++_C23/Face2Face/655_444.mp4,ffpp_Face2Face
Face2Face_656_666,val,fake,/workspace/data/raw/ffpp/FaceForensics++_C23/Face2Face/656_666.mp4,ffpp_Face2Face
Face2Face_657_644,train,fake,/workspace/data/raw/ffpp/FaceForensics++_C23/Face2Face/657_644.mp4,ffpp_Face2Face
Face2Face_658_627,train,fake,/workspace/data/raw/ffpp/FaceForensics++_C23/Face2Face/658_627.mp4,ffpp_Face2Face
Face2Face_659_749,train,fake,/workspace/data/raw/ffpp/FaceForensics++_C23/Face2Face/659_749.mp4,ffpp_Face2Face
Face2Face_660_634,test,fake,/workspace/data/raw/ffpp/FaceForensics++_C23/Face2Face/660_634.mp4,ffpp_Face2Face
Face2Face_661_670,test,fake,/workspace/data/raw/ffpp/FaceForensics++_C23/Face2Face/661_670.mp4,ffpp_Face2Face
Face2Face_662_641,train,fake,/workspace/data/raw/ffpp/FaceForensics++_C23/Face2Face/662_641.mp4,ffpp_Face2Face
Face2Face_663_231,train,fake,/workspace/data/raw/ffpp/FaceForensics++_C23/Face2Face/663_231.mp4,ffpp_Face2Face
Face2Face_664_668,val,fake,/workspace/data/raw/ffpp/FaceForensics++_C23/Face2Face/664_668.mp4,ffpp_Face2Face
Face2Face_665_679,train,fake,/workspace/data/raw/ffpp/FaceForensics++_C23/Face2Face/665_679.mp4,ffpp_Face2Face
Face2Face_666_656,val,fake,/workspace/data/raw/ffpp/FaceForensics++_C23/Face2Face/666_656.mp4,ffpp_Face2Face
Face2Face_667_446,train,fake,/workspace/data/raw/ffpp/FaceForensics++_C23/Face2Face/667_446.mp4,ffpp_Face2Face
Face2Face_668_664,val,fake,/workspace/data/raw/ffpp/FaceForensics++_C23/Face2Face/668_664.mp4,ffpp_Face2Face
Face2Face_669_682,test,fake,/workspace/data/raw/ffpp/FaceForensics++_C23/Face2Face/669_682.mp4,ffpp_Face2Face
Face2Face_670_661,test,fake,/workspace/data/raw/ffpp/FaceForensics++_C23/Face2Face/670_661.mp4,ffpp_Face2Face
Face2Face_671_677,train,fake,/workspace/data/raw/ffpp/FaceForensics++_C23/Face2Face/671_677.mp4,ffpp_Face2Face
Face2Face_672_720,val,fake,/workspace/data/raw/ffpp/FaceForensics++_C23/Face2Face/672_720.mp4,ffpp_Face2Face
Face2Face_673_728,train,fake,/workspace/data/raw/ffpp/FaceForensics++_C23/Face2Face/673_728.mp4,ffpp_Face2Face
Face2Face_674_744,train,fake,/workspace/data/raw/ffpp/FaceForensics++_C23/Face2Face/674_744.mp4,ffpp_Face2Face
Face2Face_675_608,test,fake,/workspace/data/raw/ffpp/FaceForensics++_C23/Face2Face/675_608.mp4,ffpp_Face2Face
Face2Face_676_776,train,fake,/workspace/data/raw/ffpp/FaceForensics++_C23/Face2Face/676_776.mp4,ffpp_Face2Face
Face2Face_677_671,train,fake,/workspace/data/raw/ffpp/FaceForensics++_C23/Face2Face/677_671.mp4,ffpp_Face2Face
Face2Face_678_460,train,fake,/workspace/data/raw/ffpp/FaceForensics++_C23/Face2Face/678_460.mp4,ffpp_Face2Face
Face2Face_679_665,train,fake,/workspace/data/raw/ffpp/FaceForensics++_C23/Face2Face/679_665.mp4,ffpp_Face2Face
Face2Face_680_486,train,fake,/workspace/data/raw/ffpp/FaceForensics++_C23/Face2Face/680_486.mp4,ffpp_Face2Face
Face2Face_681_711,train,fake,/workspace/data/raw/ffpp/FaceForensics++_C23/Face2Face/681_711.mp4,ffpp_Face2Face
Face2Face_682_669,test,fake,/workspace/data/raw/ffpp/FaceForensics++_C23/Face2Face/682_669.mp4,ffpp_Face2Face
Face2Face_683_607,test,fake,/workspace/data/raw/ffpp/FaceForensics++_C23/Face2Face/683_607.mp4,ffpp_Face2Face
Face2Face_684_717,train,fake,/workspace/data/raw/ffpp/FaceForensics++_C23/Face2Face/684_717.mp4,ffpp_Face2Face
Face2Face_685_613,train,fake,/workspace/data/raw/ffpp/FaceForensics++_C23/Face2Face/685_613.mp4,ffpp_Face2Face
Face2Face_686_696,train,fake,/workspace/data/raw/ffpp/FaceForensics++_C23/Face2Face/686_696.mp4,ffpp_Face2Face
Face2Face_687_615,train,fake,/workspace/data/raw/ffpp/FaceForensics++_C23/Face2Face/687_615.mp4,ffpp_Face2Face
Face2Face_688_645,train,fake,/workspace/data/raw/ffpp/FaceForensics++_C23/Face2Face/688_645.mp4,ffpp_Face2Face
Face2Face_689_690,train,fake,/workspace/data/raw/ffpp/FaceForensics++_C23/Face2Face/689_690.mp4,ffpp_Face2Face
Face2Face_690_689,train,fake,/workspace/data/raw/ffpp/FaceForensics++_C23/Face2Face/690_689.mp4,ffpp_Face2Face
Face2Face_691_732,test,fake,/workspace/data/raw/ffpp/FaceForensics++_C23/Face2Face/691_732.mp4,ffpp_Face2Face
Face2Face_692_610,train,fake,/workspace/data/raw/ffpp/FaceForensics++_C23/Face2Face/692_610.mp4,ffpp_Face2Face
Face2Face_693_698,train,fake,/workspace/data/raw/ffpp/FaceForensics++_C23/Face2Face/693_698.mp4,ffpp_Face2Face
Face2Face_694_767,train,fake,/workspace/data/raw/ffpp/FaceForensics++_C23/Face2Face/694_767.mp4,ffpp_Face2Face
Face2Face_695_422,test,fake,/workspace/data/raw/ffpp/FaceForensics++_C23/Face2Face/695_422.mp4,ffpp_Face2Face
Face2Face_696_686,train,fake,/workspace/data/raw/ffpp/FaceForensics++_C23/Face2Face/696_686.mp4,ffpp_Face2Face
Face2Face_697_581,train,fake,/workspace/data/raw/ffpp/FaceForensics++_C23/Face2Face/697_581.mp4,ffpp_Face2Face
Face2Face_698_693,train,fake,/workspace/data/raw/ffpp/FaceForensics++_C23/Face2Face/698_693.mp4,ffpp_Face2Face
Face2Face_699_734,train,fake,/workspace/data/raw/ffpp/FaceForensics++_C23/Face2Face/699_734.mp4,ffpp_Face2Face
Face2Face_700_813,train,fake,/workspace/data/raw/ffpp/FaceForensics++_C23/Face2Face/700_813.mp4,ffpp_Face2Face
Face2Face_701_579,test,fake,/workspace/data/raw/ffpp/FaceForensics++_C23/Face2Face/701_579.mp4,ffpp_Face2Face
Face2Face_702_612,val,fake,/workspace/data/raw/ffpp/FaceForensics++_C23/Face2Face/702_612.mp4,ffpp_Face2Face
Face2Face_703_604,train,fake,/workspace/data/raw/ffpp/FaceForensics++_C23/Face2Face/703_604.mp4,ffpp_Face2Face
Face2Face_704_723,train,fake,/workspace/data/raw/ffpp/FaceForensics++_C23/Face2Face/704_723.mp4,ffpp_Face2Face
Face2Face_705_707,test,fake,/workspace/data/raw/ffpp/FaceForensics++_C23/Face2Face/705_707.mp4,ffpp_Face2Face
Face2Face_706_479,test,fake,/workspace/data/raw/ffpp/FaceForensics++_C23/Face2Face/706_479.mp4,ffpp_Face2Face
Face2Face_707_705,test,fake,/workspace/data/raw/ffpp/FaceForensics++_C23/Face2Face/707_705.mp4,ffpp_Face2Face
Face2Face_708_772,train,fake,/workspace/data/raw/ffpp/FaceForensics++_C23/Face2Face/708_772.mp4,ffpp_Face2Face
Face2Face_709_390,train,fake,/workspace/data/raw/ffpp/FaceForensics++_C23/Face2Face/709_390.mp4,ffpp_Face2Face
Face2Face_710_788,train,fake,/workspace/data/raw/ffpp/FaceForensics++_C23/Face2Face/710_788.mp4,ffpp_Face2Face
Face2Face_711_681,train,fake,/workspace/data/raw/ffpp/FaceForensics++_C23/Face2Face/711_681.mp4,ffpp_Face2Face
Face2Face_712_716,train,fake,/workspace/data/raw/ffpp/FaceForensics++_C23/Face2Face/712_716.mp4,ffpp_Face2Face
Face2Face_713_726,train,fake,/workspace/data/raw/ffpp/FaceForensics++_C23/Face2Face/713_726.mp4,ffpp_Face2Face
Face2Face_714_842,test,fake,/workspace/data/raw/ffpp/FaceForensics++_C23/Face2Face/714_842.mp4,ffpp_Face2Face
Face2Face_715_721,train,fake,/workspace/data/raw/ffpp/FaceForensics++_C23/Face2Face/715_721.mp4,ffpp_Face2Face
Face2Face_716_712,train,fake,/workspace/data/raw/ffpp/FaceForensics++_C23/Face2Face/716_712.mp4,ffpp_Face2Face
Face2Face_717_684,train,fake,/workspace/data/raw/ffpp/FaceForensics++_C23/Face2Face/717_684.mp4,ffpp_Face2Face
Face2Face_718_972,train,fake,/workspace/data/raw/ffpp/FaceForensics++_C23/Face2Face/718_972.mp4,ffpp_Face2Face
Face2Face_719_737,train,fake,/workspace/data/raw/ffpp/FaceForensics++_C23/Face2Face/719_737.mp4,ffpp_Face2Face
Face2Face_720_672,val,fake,/workspace/data/raw/ffpp/FaceForensics++_C23/Face2Face/720_672.mp4,ffpp_Face2Face
Face2Face_721_715,train,fake,/workspace/data/raw/ffpp/FaceForensics++_C23/Face2Face/721_715.mp4,ffpp_Face2Face
Face2Face_722_458,train,fake,/workspace/data/raw/ffpp/FaceForensics++_C23/Face2Face/722_458.mp4,ffpp_Face2Face
Face2Face_723_704,train,fake,/workspace/data/raw/ffpp/FaceForensics++_C23/Face2Face/723_704.mp4,ffpp_Face2Face
Face2Face_724_725,test,fake,/workspace/data/raw/ffpp/FaceForensics++_C23/Face2Face/724_725.mp4,ffpp_Face2Face
Face2Face_725_724,test,fake,/workspace/data/raw/ffpp/FaceForensics++_C23/Face2Face/725_724.mp4,ffpp_Face2Face
Face2Face_726_713,train,fake,/workspace/data/raw/ffpp/FaceForensics++_C23/Face2Face/726_713.mp4,ffpp_Face2Face
Face2Face_727_729,val,fake,/workspace/data/raw/ffpp/FaceForensics++_C23/Face2Face/727_729.mp4,ffpp_Face2Face
Face2Face_728_673,train,fake,/workspace/data/raw/ffpp/FaceForensics++_C23/Face2Face/728_673.mp4,ffpp_Face2Face
Face2Face_729_727,val,fake,/workspace/data/raw/ffpp/FaceForensics++_C23/Face2Face/729_727.mp4,ffpp_Face2Face
Face2Face_730_815,train,fake,/workspace/data/raw/ffpp/FaceForensics++_C23/Face2Face/730_815.mp4,ffpp_Face2Face
Face2Face_731_741,test,fake,/workspace/data/raw/ffpp/FaceForensics++_C23/Face2Face/731_741.mp4,ffpp_Face2Face
Face2Face_732_691,test,fake,/workspace/data/raw/ffpp/FaceForensics++_C23/Face2Face/732_691.mp4,ffpp_Face2Face
Face2Face_733_935,train,fake,/workspace/data/raw/ffpp/FaceForensics++_C23/Face2Face/733_935.mp4,ffpp_Face2Face
Face2Face_734_699,train,fake,/workspace/data/raw/ffpp/FaceForensics++_C23/Face2Face/734_699.mp4,ffpp_Face2Face
Face2Face_735_774,train,fake,/workspace/data/raw/ffpp/FaceForensics++_C23/Face2Face/735_774.mp4,ffpp_Face2Face
Face2Face_736_785,train,fake,/workspace/data/raw/ffpp/FaceForensics++_C23/Face2Face/736_785.mp4,ffpp_Face2Face
Face2Face_737_719,train,fake,/workspace/data/raw/ffpp/FaceForensics++_C23/Face2Face/737_719.mp4,ffpp_Face2Face
Face2Face_738_804,train,fake,/workspace/data/raw/ffpp/FaceForensics++_C23/Face2Face/738_804.mp4,ffpp_Face2Face
Face2Face_739_865,test,fake,/workspace/data/raw/ffpp/FaceForensics++_C23/Face2Face/739_865.mp4,ffpp_Face2Face
Face2Face_740_796,train,fake,/workspace/data/raw/ffpp/FaceForensics++_C23/Face2Face/740_796.mp4,ffpp_Face2Face
Face2Face_741_731,test,fake,/workspace/data/raw/ffpp/FaceForensics++_C23/Face2Face/741_731.mp4,ffpp_Face2Face
Face2Face_742_775,val,fake,/workspace/data/raw/ffpp/FaceForensics++_C23/Face2Face/742_775.mp4,ffpp_Face2Face
Face2Face_743_750,train,fake,/workspace/data/raw/ffpp/FaceForensics++_C23/Face2Face/743_750.mp4,ffpp_Face2Face
Face2Face_744_674,train,fake,/workspace/data/raw/ffpp/FaceForensics++_C23/Face2Face/744_674.mp4,ffpp_Face2Face
Face2Face_745_777,val,fake,/workspace/data/raw/ffpp/FaceForensics++_C23/Face2Face/745_777.mp4,ffpp_Face2Face
Face2Face_746_571,val,fake,/workspace/data/raw/ffpp/FaceForensics++_C23/Face2Face/746_571.mp4,ffpp_Face2Face
Face2Face_747_854,train,fake,/workspace/data/raw/ffpp/FaceForensics++_C23/Face2Face/747_854.mp4,ffpp_Face2Face
Face2Face_748_355,train,fake,/workspace/data/raw/ffpp/FaceForensics++_C23/Face2Face/748_355.mp4,ffpp_Face2Face
Face2Face_749_659,train,fake,/workspace/data/raw/ffpp/FaceForensics++_C23/Face2Face/749_659.mp4,ffpp_Face2Face
Face2Face_750_743,train,fake,/workspace/data/raw/ffpp/FaceForensics++_C23/Face2Face/750_743.mp4,ffpp_Face2Face
Face2Face_751_752,train,fake,/workspace/data/raw/ffpp/FaceForensics++_C23/Face2Face/751_752.mp4,ffpp_Face2Face
Face2Face_752_751,train,fake,/workspace/data/raw/ffpp/FaceForensics++_C23/Face2Face/752_751.mp4,ffpp_Face2Face
Face2Face_753_789,train,fake,/workspace/data/raw/ffpp/FaceForensics++_C23/Face2Face/753_789.mp4,ffpp_Face2Face
Face2Face_754_758,train,fake,/workspace/data/raw/ffpp/FaceForensics++_C23/Face2Face/754_758.mp4,ffpp_Face2Face
Face2Face_755_759,test,fake,/workspace/data/raw/ffpp/FaceForensics++_C23/Face2Face/755_759.mp4,ffpp_Face2Face
Face2Face_756_503,train,fake,/workspace/data/raw/ffpp/FaceForensics++_C23/Face2Face/756_503.mp4,ffpp_Face2Face
Face2Face_757_573,train,fake,/workspace/data/raw/ffpp/FaceForensics++_C23/Face2Face/757_573.mp4,ffpp_Face2Face
Face2Face_758_754,train,fake,/workspace/data/raw/ffpp/FaceForensics++_C23/Face2Face/758_754.mp4,ffpp_Face2Face
Face2Face_759_755,test,fake,/workspace/data/raw/ffpp/FaceForensics++_C23/Face2Face/759_755.mp4,ffpp_Face2Face
Face2Face_760_611,train,fake,/workspace/data/raw/ffpp/FaceForensics++_C23/Face2Face/760_611.mp4,ffpp_Face2Face
Face2Face_761_766,train,fake,/workspace/data/raw/ffpp/FaceForensics++_C23/Face2Face/761_766.mp4,ffpp_Face2Face
Face2Face_762_832,val,fake,/workspace/data/raw/ffpp/FaceForensics++_C23/Face2Face/762_832.mp4,ffpp_Face2Face
Face2Face_763_930,train,fake,/workspace/data/raw/ffpp/FaceForensics++_C23/Face2Face/763_930.mp4,ffpp_Face2Face
Face2Face_764_850,train,fake,/workspace/data/raw/ffpp/FaceForensics++_C23/Face2Face/764_850.mp4,ffpp_Face2Face
Face2Face_765_867,train,fake,/workspace/data/raw/ffpp/FaceForensics++_C23/Face2Face/765_867.mp4,ffpp_Face2Face
Face2Face_766_761,train,fake,/workspace/data/raw/ffpp/FaceForensics++_C23/Face2Face/766_761.mp4,ffpp_Face2Face
Face2Face_767_694,train,fake,/workspace/data/raw/ffpp/FaceForensics++_C23/Face2Face/767_694.mp4,ffpp_Face2Face
Face2Face_768_793,val,fake,/workspace/data/raw/ffpp/FaceForensics++_C23/Face2Face/768_793.mp4,ffpp_Face2Face
Face2Face_769_784,train,fake,/workspace/data/raw/ffpp/FaceForensics++_C23/Face2Face/769_784.mp4,ffpp_Face2Face
Face2Face_770_791,train,fake,/workspace/data/raw/ffpp/FaceForensics++_C23/Face2Face/770_791.mp4,ffpp_Face2Face
Face2Face_771_849,train,fake,/workspace/data/raw/ffpp/FaceForensics++_C23/Face2Face/771_849.mp4,ffpp_Face2Face
Face2Face_772_708,train,fake,/workspace/data/raw/ffpp/FaceForensics++_C23/Face2Face/772_708.mp4,ffpp_Face2Face
Face2Face_773_652,train,fake,/workspace/data/raw/ffpp/FaceForensics++_C23/Face2Face/773_652.mp4,ffpp_Face2Face
Face2Face_774_735,train,fake,/workspace/data/raw/ffpp/FaceForensics++_C23/Face2Face/774_735.mp4,ffpp_Face2Face
Face2Face_775_742,val,fake,/workspace/data/raw/ffpp/FaceForensics++_C23/Face2Face/775_742.mp4,ffpp_Face2Face
Face2Face_776_676,train,fake,/workspace/data/raw/ffpp/FaceForensics++_C23/Face2Face/776_676.mp4,ffpp_Face2Face
Face2Face_777_745,val,fake,/workspace/data/raw/ffpp/FaceForensics++_C23/Face2Face/777_745.mp4,ffpp_Face2Face
Face2Face_778_798,train,fake,/workspace/data/raw/ffpp/FaceForensics++_C23/Face2Face/778_798.mp4,ffpp_Face2Face
Face2Face_779_794,val,fake,/workspace/data/raw/ffpp/FaceForensics++_C23/Face2Face/779_794.mp4,ffpp_Face2Face
Face2Face_780_869,train,fake,/workspace/data/raw/ffpp/FaceForensics++_C23/Face2Face/780_869.mp4,ffpp_Face2Face
Face2Face_781_806,train,fake,/workspace/data/raw/ffpp/FaceForensics++_C23/Face2Face/781_806.mp4,ffpp_Face2Face
Face2Face_782_787,train,fake,/workspace/data/raw/ffpp/FaceForensics++_C23/Face2Face/782_787.mp4,ffpp_Face2Face
Face2Face_783_916,train,fake,/workspace/data/raw/ffpp/FaceForensics++_C23/Face2Face/783_916.mp4,ffpp_Face2Face
Face2Face_784_769,train,fake,/workspace/data/raw/ffpp/FaceForensics++_C23/Face2Face/784_769.mp4,ffpp_Face2Face
Face2Face_785_736,train,fake,/workspace/data/raw/ffpp/FaceForensics++_C23/Face2Face/785_736.mp4,ffpp_Face2Face
Face2Face_786_819,train,fake,/workspace/data/raw/ffpp/FaceForensics++_C23/Face2Face/786_819.mp4,ffpp_Face2Face
Face2Face_787_782,train,fake,/workspace/data/raw/ffpp/FaceForensics++_C23/Face2Face/787_782.mp4,ffpp_Face2Face
Face2Face_788_710,train,fake,/workspace/data/raw/ffpp/FaceForensics++_C23/Face2Face/788_710.mp4,ffpp_Face2Face
Face2Face_789_753,train,fake,/workspace/data/raw/ffpp/FaceForensics++_C23/Face2Face/789_753.mp4,ffpp_Face2Face
Face2Face_790_014,train,fake,/workspace/data/raw/ffpp/FaceForensics++_C23/Face2Face/790_014.mp4,ffpp_Face2Face
Face2Face_791_770,train,fake,/workspace/data/raw/ffpp/FaceForensics++_C23/Face2Face/791_770.mp4,ffpp_Face2Face
Face2Face_792_903,train,fake,/workspace/data/raw/ffpp/FaceForensics++_C23/Face2Face/792_903.mp4,ffpp_Face2Face
Face2Face_793_768,val,fake,/workspace/data/raw/ffpp/FaceForensics++_C23/Face2Face/793_768.mp4,ffpp_Face2Face
Face2Face_794_779,val,fake,/workspace/data/raw/ffpp/FaceForensics++_C23/Face2Face/794_779.mp4,ffpp_Face2Face
Face2Face_795_907,train,fake,/workspace/data/raw/ffpp/FaceForensics++_C23/Face2Face/795_907.mp4,ffpp_Face2Face
Face2Face_796_740,train,fake,/workspace/data/raw/ffpp/FaceForensics++_C23/Face2Face/796_740.mp4,ffpp_Face2Face
Face2Face_797_844,train,fake,/workspace/data/raw/ffpp/FaceForensics++_C23/Face2Face/797_844.mp4,ffpp_Face2Face
Face2Face_798_778,train,fake,/workspace/data/raw/ffpp/FaceForensics++_C23/Face2Face/798_778.mp4,ffpp_Face2Face
Face2Face_799_809,train,fake,/workspace/data/raw/ffpp/FaceForensics++_C23/Face2Face/799_809.mp4,ffpp_Face2Face
Face2Face_800_840,train,fake,/workspace/data/raw/ffpp/FaceForensics++_C23/Face2Face/800_840.mp4,ffpp_Face2Face
Face2Face_801_855,test,fake,/workspace/data/raw/ffpp/FaceForensics++_C23/Face2Face/801_855.mp4,ffpp_Face2Face
Face2Face_802_885,train,fake,/workspace/data/raw/ffpp/FaceForensics++_C23/Face2Face/802_885.mp4,ffpp_Face2Face
Face2Face_803_017,train,fake,/workspace/data/raw/ffpp/FaceForensics++_C23/Face2Face/803_017.mp4,ffpp_Face2Face
Face2Face_804_738,train,fake,/workspace/data/raw/ffpp/FaceForensics++_C23/Face2Face/804_738.mp4,ffpp_Face2Face
Face2Face_805_011,train,fake,/workspace/data/raw/ffpp/FaceForensics++_C23/Face2Face/805_011.mp4,ffpp_Face2Face
Face2Face_806_781,train,fake,/workspace/data/raw/ffpp/FaceForensics++_C23/Face2Face/806_781.mp4,ffpp_Face2Face
Face2Face_807_273,val,fake,/workspace/data/raw/ffpp/FaceForensics++_C23/Face2Face/807_273.mp4,ffpp_Face2Face
Face2Face_808_829,train,fake,/workspace/data/raw/ffpp/FaceForensics++_C23/Face2Face/808_829.mp4,ffpp_Face2Face
Face2Face_809_799,train,fake,/workspace/data/raw/ffpp/FaceForensics++_C23/Face2Face/809_799.mp4,ffpp_Face2Face
Face2Face_810_838,train,fake,/workspace/data/raw/ffpp/FaceForensics++_C23/Face2Face/810_838.mp4,ffpp_Face2Face
Face2Face_811_920,train,fake,/workspace/data/raw/ffpp/FaceForensics++_C23/Face2Face/811_920.mp4,ffpp_Face2Face
Face2Face_812_821,test,fake,/workspace/data/raw/ffpp/FaceForensics++_C23/Face2Face/812_821.mp4,ffpp_Face2Face
Face2Face_813_700,train,fake,/workspace/data/raw/ffpp/FaceForensics++_C23/Face2Face/813_700.mp4,ffpp_Face2Face
Face2Face_814_871,train,fake,/workspace/data/raw/ffpp/FaceForensics++_C23/Face2Face/814_871.mp4,ffpp_Face2Face
Face2Face_815_730,train,fake,/workspace/data/raw/ffpp/FaceForensics++_C23/Face2Face/815_730.mp4,ffpp_Face2Face
Face2Face_816_649,val,fake,/workspace/data/raw/ffpp/FaceForensics++_C23/Face2Face/816_649.mp4,ffpp_Face2Face
Face2Face_817_827,val,fake,/workspace/data/raw/ffpp/FaceForensics++_C23/Face2Face/817_827.mp4,ffpp_Face2Face
Face2Face_818_820,val,fake,/workspace/data/raw/ffpp/FaceForensics++_C23/Face2Face/818_820.mp4,ffpp_Face2Face
Face2Face_819_786,train,fake,/workspace/data/raw/ffpp/FaceForensics++_C23/Face2Face/819_786.mp4,ffpp_Face2Face
Face2Face_820_818,val,fake,/workspace/data/raw/ffpp/FaceForensics++_C23/Face2Face/820_818.mp4,ffpp_Face2Face
Face2Face_821_812,test,fake,/workspace/data/raw/ffpp/FaceForensics++_C23/Face2Face/821_812.mp4,ffpp_Face2Face
Face2Face_822_244,train,fake,/workspace/data/raw/ffpp/FaceForensics++_C23/Face2Face/822_244.mp4,ffpp_Face2Face
Face2Face_823_584,val,fake,/workspace/data/raw/ffpp/FaceForensics++_C23/Face2Face/823_584.mp4,ffpp_Face2Face
Face2Face_824_419,val,fake,/workspace/data/raw/ffpp/FaceForensics++_C23/Face2Face/824_419.mp4,ffpp_Face2Face
Face2Face_825_074,train,fake,/workspace/data/raw/ffpp/FaceForensics++_C23/Face2Face/825_074.mp4,ffpp_Face2Face
Face2Face_826_833,train,fake,/workspace/data/raw/ffpp/FaceForensics++_C23/Face2Face/826_833.mp4,ffpp_Face2Face
Face2Face_827_817,val,fake,/workspace/data/raw/ffpp/FaceForensics++_C23/Face2Face/827_817.mp4,ffpp_Face2Face
Face2Face_828_830,train,fake,/workspace/data/raw/ffpp/FaceForensics++_C23/Face2Face/828_830.mp4,ffpp_Face2Face
Face2Face_829_808,train,fake,/workspace/data/raw/ffpp/FaceForensics++_C23/Face2Face/829_808.mp4,ffpp_Face2Face
Face2Face_830_828,train,fake,/workspace/data/raw/ffpp/FaceForensics++_C23/Face2Face/830_828.mp4,ffpp_Face2Face
Face2Face_831_508,train,fake,/workspace/data/raw/ffpp/FaceForensics++_C23/Face2Face/831_508.mp4,ffpp_Face2Face
Face2Face_832_762,val,fake,/workspace/data/raw/ffpp/FaceForensics++_C23/Face2Face/832_762.mp4,ffpp_Face2Face
Face2Face_833_826,train,fake,/workspace/data/raw/ffpp/FaceForensics++_C23/Face2Face/833_826.mp4,ffpp_Face2Face
Face2Face_834_852,val,fake,/workspace/data/raw/ffpp/FaceForensics++_C23/Face2Face/834_852.mp4,ffpp_Face2Face
Face2Face_835_651,train,fake,/workspace/data/raw/ffpp/FaceForensics++_C23/Face2Face/835_651.mp4,ffpp_Face2Face
Face2Face_836_950,train,fake,/workspace/data/raw/ffpp/FaceForensics++_C23/Face2Face/836_950.mp4,ffpp_Face2Face
Face2Face_837_890,val,fake,/workspace/data/raw/ffpp/FaceForensics++_C23/Face2Face/837_890.mp4,ffpp_Face2Face
Face2Face_838_810,train,fake,/workspace/data/raw/ffpp/FaceForensics++_C23/Face2Face/838_810.mp4,ffpp_Face2Face
Face2Face_839_864,train,fake,/workspace/data/raw/ffpp/FaceForensics++_C23/Face2Face/839_864.mp4,ffpp_Face2Face
Face2Face_840_800,train,fake,/workspace/data/raw/ffpp/FaceForensics++_C23/Face2Face/840_800.mp4,ffpp_Face2Face
Face2Face_841_639,train,fake,/workspace/data/raw/ffpp/FaceForensics++_C23/Face2Face/841_639.mp4,ffpp_Face2Face
Face2Face_842_714,test,fake,/workspace/data/raw/ffpp/FaceForensics++_C23/Face2Face/842_714.mp4,ffpp_Face2Face
Face2Face_843_859,train,fake,/workspace/data/raw/ffpp/FaceForensics++_C23/Face2Face/843_859.mp4,ffpp_Face2Face
Face2Face_844_797,train,fake,/workspace/data/raw/ffpp/FaceForensics++_C23/Face2Face/844_797.mp4,ffpp_Face2Face
Face2Face_845_846,train,fake,/workspace/data/raw/ffpp/FaceForensics++_C23/Face2Face/845_846.mp4,ffpp_Face2Face
Face2Face_846_845,train,fake,/workspace/data/raw/ffpp/FaceForensics++_C23/Face2Face/846_845.mp4,ffpp_Face2Face
Face2Face_847_906,test,fake,/workspace/data/raw/ffpp/FaceForensics++_C23/Face2Face/847_906.mp4,ffpp_Face2Face
Face2Face_848_894,train,fake,/workspace/data/raw/ffpp/FaceForensics++_C23/Face2Face/848_894.mp4,ffpp_Face2Face
Face2Face_849_771,train,fake,/workspace/data/raw/ffpp/FaceForensics++_C23/Face2Face/849_771.mp4,ffpp_Face2Face
Face2Face_850_764,train,fake,/workspace/data/raw/ffpp/FaceForensics++_C23/Face2Face/850_764.mp4,ffpp_Face2Face
Face2Face_851_552,test,fake,/workspace/data/raw/ffpp/FaceForensics++_C23/Face2Face/851_552.mp4,ffpp_Face2Face
Face2Face_852_834,val,fake,/workspace/data/raw/ffpp/FaceForensics++_C23/Face2Face/852_834.mp4,ffpp_Face2Face
Face2Face_853_863,train,fake,/workspace/data/raw/ffpp/FaceForensics++_C23/Face2Face/853_863.mp4,ffpp_Face2Face
Face2Face_854_747,train,fake,/workspace/data/raw/ffpp/FaceForensics++_C23/Face2Face/854_747.mp4,ffpp_Face2Face
Face2Face_855_801,test,fake,/workspace/data/raw/ffpp/FaceForensics++_C23/Face2Face/855_801.mp4,ffpp_Face2Face
Face2Face_856_881,train,fake,/workspace/data/raw/ffpp/FaceForensics++_C23/Face2Face/856_881.mp4,ffpp_Face2Face
Face2Face_857_909,val,fake,/workspace/data/raw/ffpp/FaceForensics++_C23/Face2Face/857_909.mp4,ffpp_Face2Face
Face2Face_858_861,train,fake,/workspace/data/raw/ffpp/FaceForensics++_C23/Face2Face/858_861.mp4,ffpp_Face2Face
Face2Face_859_843,train,fake,/workspace/data/raw/ffpp/FaceForensics++_C23/Face2Face/859_843.mp4,ffpp_Face2Face
Face2Face_860_905,train,fake,/workspace/data/raw/ffpp/FaceForensics++_C23/Face2Face/860_905.mp4,ffpp_Face2Face
Face2Face_861_858,train,fake,/workspace/data/raw/ffpp/FaceForensics++_C23/Face2Face/861_858.mp4,ffpp_Face2Face
Face2Face_862_047,test,fake,/workspace/data/raw/ffpp/FaceForensics++_C23/Face2Face/862_047.mp4,ffpp_Face2Face
Face2Face_863_853,train,fake,/workspace/data/raw/ffpp/FaceForensics++_C23/Face2Face/863_853.mp4,ffpp_Face2Face
Face2Face_864_839,train,fake,/workspace/data/raw/ffpp/FaceForensics++_C23/Face2Face/864_839.mp4,ffpp_Face2Face
Face2Face_865_739,test,fake,/workspace/data/raw/ffpp/FaceForensics++_C23/Face2Face/865_739.mp4,ffpp_Face2Face
Face2Face_866_878,train,fake,/workspace/data/raw/ffpp/FaceForensics++_C23/Face2Face/866_878.mp4,ffpp_Face2Face
Face2Face_867_765,train,fake,/workspace/data/raw/ffpp/FaceForensics++_C23/Face2Face/867_765.mp4,ffpp_Face2Face
Face2Face_868_949,test,fake,/workspace/data/raw/ffpp/FaceForensics++_C23/Face2Face/868_949.mp4,ffpp_Face2Face
Face2Face_869_780,train,fake,/workspace/data/raw/ffpp/FaceForensics++_C23/Face2Face/869_780.mp4,ffpp_Face2Face
Face2Face_870_001,train,fake,/workspace/data/raw/ffpp/FaceForensics++_C23/Face2Face/870_001.mp4,ffpp_Face2Face
Face2Face_871_814,train,fake,/workspace/data/raw/ffpp/FaceForensics++_C23/Face2Face/871_814.mp4,ffpp_Face2Face
Face2Face_872_873,train,fake,/workspace/data/raw/ffpp/FaceForensics++_C23/Face2Face/872_873.mp4,ffpp_Face2Face
Face2Face_873_872,train,fake,/workspace/data/raw/ffpp/FaceForensics++_C23/Face2Face/873_872.mp4,ffpp_Face2Face
Face2Face_874_291,train,fake,/workspace/data/raw/ffpp/FaceForensics++_C23/Face2Face/874_291.mp4,ffpp_Face2Face
Face2Face_875_979,val,fake,/workspace/data/raw/ffpp/FaceForensics++_C23/Face2Face/875_979.mp4,ffpp_Face2Face
Face2Face_876_891,train,fake,/workspace/data/raw/ffpp/FaceForensics++_C23/Face2Face/876_891.mp4,ffpp_Face2Face
Face2Face_877_886,train,fake,/workspace/data/raw/ffpp/FaceForensics++_C23/Face2Face/877_886.mp4,ffpp_Face2Face
Face2Face_878_866,train,fake,/workspace/data/raw/ffpp/FaceForensics++_C23/Face2Face/878_866.mp4,ffpp_Face2Face
Face2Face_879_963,train,fake,/workspace/data/raw/ffpp/FaceForensics++_C23/Face2Face/879_963.mp4,ffpp_Face2Face
Face2Face_880_135,test,fake,/workspace/data/raw/ffpp/FaceForensics++_C23/Face2Face/880_135.mp4,ffpp_Face2Face
Face2Face_881_856,train,fake,/workspace/data/raw/ffpp/FaceForensics++_C23/Face2Face/881_856.mp4,ffpp_Face2Face
Face2Face_882_952,train,fake,/workspace/data/raw/ffpp/FaceForensics++_C23/Face2Face/882_952.mp4,ffpp_Face2Face
Face2Face_883_013,train,fake,/workspace/data/raw/ffpp/FaceForensics++_C23/Face2Face/883_013.mp4,ffpp_Face2Face
Face2Face_884_968,train,fake,/workspace/data/raw/ffpp/FaceForensics++_C23/Face2Face/884_968.mp4,ffpp_Face2Face
Face2Face_885_802,train,fake,/workspace/data/raw/ffpp/FaceForensics++_C23/Face2Face/885_802.mp4,ffpp_Face2Face
Face2Face_886_877,train,fake,/workspace/data/raw/ffpp/FaceForensics++_C23/Face2Face/886_877.mp4,ffpp_Face2Face
Face2Face_887_275,train,fake,/workspace/data/raw/ffpp/FaceForensics++_C23/Face2Face/887_275.mp4,ffpp_Face2Face
Face2Face_888_937,train,fake,/workspace/data/raw/ffpp/FaceForensics++_C23/Face2Face/888_937.mp4,ffpp_Face2Face
Face2Face_889_045,train,fake,/workspace/data/raw/ffpp/FaceForensics++_C23/Face2Face/889_045.mp4,ffpp_Face2Face
Face2Face_890_837,val,fake,/workspace/data/raw/ffpp/FaceForensics++_C23/Face2Face/890_837.mp4,ffpp_Face2Face
Face2Face_891_876,train,fake,/workspace/data/raw/ffpp/FaceForensics++_C23/Face2Face/891_876.mp4,ffpp_Face2Face
Face2Face_892_112,train,fake,/workspace/data/raw/ffpp/FaceForensics++_C23/Face2Face/892_112.mp4,ffpp_Face2Face
Face2Face_893_913,train,fake,/workspace/data/raw/ffpp/FaceForensics++_C23/Face2Face/893_913.mp4,ffpp_Face2Face
Face2Face_894_848,train,fake,/workspace/data/raw/ffpp/FaceForensics++_C23/Face2Face/894_848.mp4,ffpp_Face2Face
Face2Face_895_915,val,fake,/workspace/data/raw/ffpp/FaceForensics++_C23/Face2Face/895_915.mp4,ffpp_Face2Face
Face2Face_896_128,test,fake,/workspace/data/raw/ffpp/FaceForensics++_C23/Face2Face/896_128.mp4,ffpp_Face2Face
Face2Face_897_969,train,fake,/workspace/data/raw/ffpp/FaceForensics++_C23/Face2Face/897_969.mp4,ffpp_Face2Face
Face2Face_898_922,val,fake,/workspace/data/raw/ffpp/FaceForensics++_C23/Face2Face/898_922.mp4,ffpp_Face2Face
Face2Face_899_914,train,fake,/workspace/data/raw/ffpp/FaceForensics++_C23/Face2Face/899_914.mp4,ffpp_Face2Face
Face2Face_900_926,val,fake,/workspace/data/raw/ffpp/FaceForensics++_C23/Face2Face/900_926.mp4,ffpp_Face2Face
Face2Face_901_902,train,fake,/workspace/data/raw/ffpp/FaceForensics++_C23/Face2Face/901_902.mp4,ffpp_Face2Face
Face2Face_902_901,train,fake,/workspace/data/raw/ffpp/FaceForensics++_C23/Face2Face/902_901.mp4,ffpp_Face2Face
Face2Face_903_792,train,fake,/workspace/data/raw/ffpp/FaceForensics++_C23/Face2Face/903_792.mp4,ffpp_Face2Face
Face2Face_904_046,val,fake,/workspace/data/raw/ffpp/FaceForensics++_C23/Face2Face/904_046.mp4,ffpp_Face2Face
Face2Face_905_860,train,fake,/workspace/data/raw/ffpp/FaceForensics++_C23/Face2Face/905_860.mp4,ffpp_Face2Face
Face2Face_906_847,test,fake,/workspace/data/raw/ffpp/FaceForensics++_C23/Face2Face/906_847.mp4,ffpp_Face2Face
Face2Face_907_795,train,fake,/workspace/data/raw/ffpp/FaceForensics++_C23/Face2Face/907_795.mp4,ffpp_Face2Face
Face2Face_908_207,train,fake,/workspace/data/raw/ffpp/FaceForensics++_C23/Face2Face/908_207.mp4,ffpp_Face2Face
Face2Face_909_857,val,fake,/workspace/data/raw/ffpp/FaceForensics++_C23/Face2Face/909_857.mp4,ffpp_Face2Face
Face2Face_910_911,train,fake,/workspace/data/raw/ffpp/FaceForensics++_C23/Face2Face/910_911.mp4,ffpp_Face2Face
Face2Face_911_910,train,fake,/workspace/data/raw/ffpp/FaceForensics++_C23/Face2Face/911_910.mp4,ffpp_Face2Face
Face2Face_912_927,val,fake,/workspace/data/raw/ffpp/FaceForensics++_C23/Face2Face/912_927.mp4,ffpp_Face2Face
Face2Face_913_893,train,fake,/workspace/data/raw/ffpp/FaceForensics++_C23/Face2Face/913_893.mp4,ffpp_Face2Face
Face2Face_914_899,train,fake,/workspace/data/raw/ffpp/FaceForensics++_C23/Face2Face/914_899.mp4,ffpp_Face2Face
Face2Face_915_895,val,fake,/workspace/data/raw/ffpp/FaceForensics++_C23/Face2Face/915_895.mp4,ffpp_Face2Face
Face2Face_916_783,train,fake,/workspace/data/raw/ffpp/FaceForensics++_C23/Face2Face/916_783.mp4,ffpp_Face2Face
Face2Face_917_924,test,fake,/workspace/data/raw/ffpp/FaceForensics++_C23/Face2Face/917_924.mp4,ffpp_Face2Face
Face2Face_918_934,train,fake,/workspace/data/raw/ffpp/FaceForensics++_C23/Face2Face/918_934.mp4,ffpp_Face2Face
Face2Face_919_015,test,fake,/workspace/data/raw/ffpp/FaceForensics++_C23/Face2Face/919_015.mp4,ffpp_Face2Face
Face2Face_920_811,train,fake,/workspace/data/raw/ffpp/FaceForensics++_C23/Face2Face/920_811.mp4,ffpp_Face2Face
Face2Face_921_569,train,fake,/workspace/data/raw/ffpp/FaceForensics++_C23/Face2Face/921_569.mp4,ffpp_Face2Face
Face2Face_922_898,val,fake,/workspace/data/raw/ffpp/FaceForensics++_C23/Face2Face/922_898.mp4,ffpp_Face2Face
Face2Face_923_023,val,fake,/workspace/data/raw/ffpp/FaceForensics++_C23/Face2Face/923_023.mp4,ffpp_Face2Face
Face2Face_924_917,test,fake,/workspace/data/raw/ffpp/FaceForensics++_C23/Face2Face/924_917.mp4,ffpp_Face2Face
Face2Face_925_933,val,fake,/workspace/data/raw/ffpp/FaceForensics++_C23/Face2Face/925_933.mp4,ffpp_Face2Face
Face2Face_926_900,val,fake,/workspace/data/raw/ffpp/FaceForensics++_C23/Face2Face/926_900.mp4,ffpp_Face2Face
Face2Face_927_912,val,fake,/workspace/data/raw/ffpp/FaceForensics++_C23/Face2Face/927_912.mp4,ffpp_Face2Face
Face2Face_928_160,train,fake,/workspace/data/raw/ffpp/FaceForensics++_C23/Face2Face/928_160.mp4,ffpp_Face2Face
Face2Face_929_962,train,fake,/workspace/data/raw/ffpp/FaceForensics++_C23/Face2Face/929_962.mp4,ffpp_Face2Face
Face2Face_930_763,train,fake,/workspace/data/raw/ffpp/FaceForensics++_C23/Face2Face/930_763.mp4,ffpp_Face2Face
Face2Face_931_936,train,fake,/workspace/data/raw/ffpp/FaceForensics++_C23/Face2Face/931_936.mp4,ffpp_Face2Face
Face2Face_932_384,test,fake,/workspace/data/raw/ffpp/FaceForensics++_C23/Face2Face/932_384.mp4,ffpp_Face2Face
Face2Face_933_925,val,fake,/workspace/data/raw/ffpp/FaceForensics++_C23/Face2Face/933_925.mp4,ffpp_Face2Face
Face2Face_934_918,train,fake,/workspace/data/raw/ffpp/FaceForensics++_C23/Face2Face/934_918.mp4,ffpp_Face2Face
Face2Face_935_733,train,fake,/workspace/data/raw/ffpp/FaceForensics++_C23/Face2Face/935_733.mp4,ffpp_Face2Face
Face2Face_936_931,train,fake,/workspace/data/raw/ffpp/FaceForensics++_C23/Face2Face/936_931.mp4,ffpp_Face2Face
Face2Face_937_888,train,fake,/workspace/data/raw/ffpp/FaceForensics++_C23/Face2Face/937_888.mp4,ffpp_Face2Face
Face2Face_938_987,train,fake,/workspace/data/raw/ffpp/FaceForensics++_C23/Face2Face/938_987.mp4,ffpp_Face2Face
Face2Face_939_115,val,fake,/workspace/data/raw/ffpp/FaceForensics++_C23/Face2Face/939_115.mp4,ffpp_Face2Face
Face2Face_940_941,train,fake,/workspace/data/raw/ffpp/FaceForensics++_C23/Face2Face/940_941.mp4,ffpp_Face2Face
Face2Face_941_940,train,fake,/workspace/data/raw/ffpp/FaceForensics++_C23/Face2Face/941_940.mp4,ffpp_Face2Face
Face2Face_942_943,train,fake,/workspace/data/raw/ffpp/FaceForensics++_C23/Face2Face/942_943.mp4,ffpp_Face2Face
Face2Face_943_942,train,fake,/workspace/data/raw/ffpp/FaceForensics++_C23/Face2Face/943_942.mp4,ffpp_Face2Face
Face2Face_944_032,train,fake,/workspace/data/raw/ffpp/FaceForensics++_C23/Face2Face/944_032.mp4,ffpp_Face2Face
Face2Face_945_044,test,fake,/workspace/data/raw/ffpp/FaceForensics++_C23/Face2Face/945_044.mp4,ffpp_Face2Face
Face2Face_946_049,train,fake,/workspace/data/raw/ffpp/FaceForensics++_C23/Face2Face/946_049.mp4,ffpp_Face2Face
Face2Face_947_951,val,fake,/workspace/data/raw/ffpp/FaceForensics++_C23/Face2Face/947_951.mp4,ffpp_Face2Face
Face2Face_948_965,train,fake,/workspace/data/raw/ffpp/FaceForensics++_C23/Face2Face/948_965.mp4,ffpp_Face2Face
Face2Face_949_868,test,fake,/workspace/data/raw/ffpp/FaceForensics++_C23/Face2Face/949_868.mp4,ffpp_Face2Face
Face2Face_950_836,train,fake,/workspace/data/raw/ffpp/FaceForensics++_C23/Face2Face/950_836.mp4,ffpp_Face2Face
Face2Face_951_947,val,fake,/workspace/data/raw/ffpp/FaceForensics++_C23/Face2Face/951_947.mp4,ffpp_Face2Face
Face2Face_952_882,train,fake,/workspace/data/raw/ffpp/FaceForensics++_C23/Face2Face/952_882.mp4,ffpp_Face2Face
Face2Face_953_974,test,fake,/workspace/data/raw/ffpp/FaceForensics++_C23/Face2Face/953_974.mp4,ffpp_Face2Face
Face2Face_954_976,train,fake,/workspace/data/raw/ffpp/FaceForensics++_C23/Face2Face/954_976.mp4,ffpp_Face2Face
Face2Face_955_078,test,fake,/workspace/data/raw/ffpp/FaceForensics++_C23/Face2Face/955_078.mp4,ffpp_Face2Face
Face2Face_956_958,val,fake,/workspace/data/raw/ffpp/FaceForensics++_C23/Face2Face/956_958.mp4,ffpp_Face2Face
Face2Face_957_959,train,fake,/workspace/data/raw/ffpp/FaceForensics++_C23/Face2Face/957_959.mp4,ffpp_Face2Face
Face2Face_958_956,val,fake,/workspace/data/raw/ffpp/FaceForensics++_C23/Face2Face/958_956.mp4,ffpp_Face2Face
Face2Face_959_957,train,fake,/workspace/data/raw/ffpp/FaceForensics++_C23/Face2Face/959_957.mp4,ffpp_Face2Face
Face2Face_960_999,train,fake,/workspace/data/raw/ffpp/FaceForensics++_C23/Face2Face/960_999.mp4,ffpp_Face2Face
Face2Face_961_069,train,fake,/workspace/data/raw/ffpp/FaceForensics++_C23/Face2Face/961_069.mp4,ffpp_Face2Face
Face2Face_962_929,train,fake,/workspace/data/raw/ffpp/FaceForensics++_C23/Face2Face/962_929.mp4,ffpp_Face2Face
Face2Face_963_879,train,fake,/workspace/data/raw/ffpp/FaceForensics++_C23/Face2Face/963_879.mp4,ffpp_Face2Face
Face2Face_964_174,train,fake,/workspace/data/raw/ffpp/FaceForensics++_C23/Face2Face/964_174.mp4,ffpp_Face2Face
Face2Face_965_948,train,fake,/workspace/data/raw/ffpp/FaceForensics++_C23/Face2Face/965_948.mp4,ffpp_Face2Face
Face2Face_966_988,train,fake,/workspace/data/raw/ffpp/FaceForensics++_C23/Face2Face/966_988.mp4,ffpp_Face2Face
Face2Face_967_984,train,fake,/workspace/data/raw/ffpp/FaceForensics++_C23/Face2Face/967_984.mp4,ffpp_Face2Face
Face2Face_968_884,train,fake,/workspace/data/raw/ffpp/FaceForensics++_C23/Face2Face/968_884.mp4,ffpp_Face2Face
Face2Face_969_897,train,fake,/workspace/data/raw/ffpp/FaceForensics++_C23/Face2Face/969_897.mp4,ffpp_Face2Face
Face2Face_970_973,test,fake,/workspace/data/raw/ffpp/FaceForensics++_C23/Face2Face/970_973.mp4,ffpp_Face2Face
Face2Face_971_564,val,fake,/workspace/data/raw/ffpp/FaceForensics++_C23/Face2Face/971_564.mp4,ffpp_Face2Face
Face2Face_972_718,train,fake,/workspace/data/raw/ffpp/FaceForensics++_C23/Face2Face/972_718.mp4,ffpp_Face2Face
Face2Face_973_970,test,fake,/workspace/data/raw/ffpp/FaceForensics++_C23/Face2Face/973_970.mp4,ffpp_Face2Face
Face2Face_974_953,test,fake,/workspace/data/raw/ffpp/FaceForensics++_C23/Face2Face/974_953.mp4,ffpp_Face2Face
Face2Face_975_978,train,fake,/workspace/data/raw/ffpp/FaceForensics++_C23/Face2Face/975_978.mp4,ffpp_Face2Face
Face2Face_976_954,train,fake,/workspace/data/raw/ffpp/FaceForensics++_C23/Face2Face/976_954.mp4,ffpp_Face2Face
Face2Face_977_075,train,fake,/workspace/data/raw/ffpp/FaceForensics++_C23/Face2Face/977_075.mp4,ffpp_Face2Face
Face2Face_978_975,train,fake,/workspace/data/raw/ffpp/FaceForensics++_C23/Face2Face/978_975.mp4,ffpp_Face2Face
Face2Face_979_875,val,fake,/workspace/data/raw/ffpp/FaceForensics++_C23/Face2Face/979_875.mp4,ffpp_Face2Face
Face2Face_980_992,val,fake,/workspace/data/raw/ffpp/FaceForensics++_C23/Face2Face/980_992.mp4,ffpp_Face2Face
Face2Face_981_985,train,fake,/workspace/data/raw/ffpp/FaceForensics++_C23/Face2Face/981_985.mp4,ffpp_Face2Face
Face2Face_982_004,val,fake,/workspace/data/raw/ffpp/FaceForensics++_C23/Face2Face/982_004.mp4,ffpp_Face2Face
Face2Face_983_113,train,fake,/workspace/data/raw/ffpp/FaceForensics++_C23/Face2Face/983_113.mp4,ffpp_Face2Face
Face2Face_984_967,train,fake,/workspace/data/raw/ffpp/FaceForensics++_C23/Face2Face/984_967.mp4,ffpp_Face2Face
Face2Face_985_981,train,fake,/workspace/data/raw/ffpp/FaceForensics++_C23/Face2Face/985_981.mp4,ffpp_Face2Face
Face2Face_986_994,train,fake,/workspace/data/raw/ffpp/FaceForensics++_C23/Face2Face/986_994.mp4,ffpp_Face2Face
Face2Face_987_938,train,fake,/workspace/data/raw/ffpp/FaceForensics++_C23/Face2Face/987_938.mp4,ffpp_Face2Face
Face2Face_988_966,train,fake,/workspace/data/raw/ffpp/FaceForensics++_C23/Face2Face/988_966.mp4,ffpp_Face2Face
Face2Face_989_993,train,fake,/workspace/data/raw/ffpp/FaceForensics++_C23/Face2Face/989_993.mp4,ffpp_Face2Face
Face2Face_990_008,train,fake,/workspace/data/raw/ffpp/FaceForensics++_C23/Face2Face/990_008.mp4,ffpp_Face2Face
Face2Face_991_064,val,fake,/workspace/data/raw/ffpp/FaceForensics++_C23/Face2Face/991_064.mp4,ffpp_Face2Face
Face2Face_992_980,val,fake,/workspace/data/raw/ffpp/FaceForensics++_C23/Face2Face/992_980.mp4,ffpp_Face2Face
Face2Face_993_989,train,fake,/workspace/data/raw/ffpp/FaceForensics++_C23/Face2Face/993_989.mp4,ffpp_Face2Face
Face2Face_994_986,train,fake,/workspace/data/raw/ffpp/FaceForensics++_C23/Face2Face/994_986.mp4,ffpp_Face2Face
Face2Face_995_233,test,fake,/workspace/data/raw/ffpp/FaceForensics++_C23/Face2Face/995_233.mp4,ffpp_Face2Face
Face2Face_996_056,train,fake,/workspace/data/raw/ffpp/FaceForensics++_C23/Face2Face/996_056.mp4,ffpp_Face2Face
Face2Face_997_040,train,fake,/workspace/data/raw/ffpp/FaceForensics++_C23/Face2Face/997_040.mp4,ffpp_Face2Face
Face2Face_998_561,train,fake,/workspace/data/raw/ffpp/FaceForensics++_C23/Face2Face/998_561.mp4,ffpp_Face2Face
Face2Face_999_960,train,fake,/workspace/data/raw/ffpp/FaceForensics++_C23/Face2Face/999_960.mp4,ffpp_Face2Face
FaceSwap_000_003,test,fake,/workspace/data/raw/ffpp/FaceForensics++_C23/FaceSwap/000_003.mp4,ffpp_FaceSwap
FaceSwap_001_870,train,fake,/workspace/data/raw/ffpp/FaceForensics++_C23/FaceSwap/001_870.mp4,ffpp_FaceSwap
FaceSwap_002_006,train,fake,/workspace/data/raw/ffpp/FaceForensics++_C23/FaceSwap/002_006.mp4,ffpp_FaceSwap
FaceSwap_003_000,test,fake,/workspace/data/raw/ffpp/FaceForensics++_C23/FaceSwap/003_000.mp4,ffpp_FaceSwap
FaceSwap_004_982,val,fake,/workspace/data/raw/ffpp/FaceForensics++_C23/FaceSwap/004_982.mp4,ffpp_FaceSwap
FaceSwap_005_010,train,fake,/workspace/data/raw/ffpp/FaceForensics++_C23/FaceSwap/005_010.mp4,ffpp_FaceSwap
FaceSwap_006_002,train,fake,/workspace/data/raw/ffpp/FaceForensics++_C23/FaceSwap/006_002.mp4,ffpp_FaceSwap
FaceSwap_007_132,train,fake,/workspace/data/raw/ffpp/FaceForensics++_C23/FaceSwap/007_132.mp4,ffpp_FaceSwap
FaceSwap_008_990,train,fake,/workspace/data/raw/ffpp/FaceForensics++_C23/FaceSwap/008_990.mp4,ffpp_FaceSwap
FaceSwap_009_027,train,fake,/workspace/data/raw/ffpp/FaceForensics++_C23/FaceSwap/009_027.mp4,ffpp_FaceSwap
FaceSwap_010_005,train,fake,/workspace/data/raw/ffpp/FaceForensics++_C23/FaceSwap/010_005.mp4,ffpp_FaceSwap
FaceSwap_011_805,train,fake,/workspace/data/raw/ffpp/FaceForensics++_C23/FaceSwap/011_805.mp4,ffpp_FaceSwap
FaceSwap_012_026,test,fake,/workspace/data/raw/ffpp/FaceForensics++_C23/FaceSwap/012_026.mp4,ffpp_FaceSwap
FaceSwap_013_883,train,fake,/workspace/data/raw/ffpp/FaceForensics++_C23/FaceSwap/013_883.mp4,ffpp_FaceSwap
FaceSwap_014_790,train,fake,/workspace/data/raw/ffpp/FaceForensics++_C23/FaceSwap/014_790.mp4,ffpp_FaceSwap
FaceSwap_015_919,test,fake,/workspace/data/raw/ffpp/FaceForensics++_C23/FaceSwap/015_919.mp4,ffpp_FaceSwap
FaceSwap_016_209,train,fake,/workspace/data/raw/ffpp/FaceForensics++_C23/FaceSwap/016_209.mp4,ffpp_FaceSwap
FaceSwap_017_803,train,fake,/workspace/data/raw/ffpp/FaceForensics++_C23/FaceSwap/017_803.mp4,ffpp_FaceSwap
FaceSwap_018_019,train,fake,/workspace/data/raw/ffpp/FaceForensics++_C23/FaceSwap/018_019.mp4,ffpp_FaceSwap
FaceSwap_019_018,train,fake,/workspace/data/raw/ffpp/FaceForensics++_C23/FaceSwap/019_018.mp4,ffpp_FaceSwap
FaceSwap_020_344,train,fake,/workspace/data/raw/ffpp/FaceForensics++_C23/FaceSwap/020_344.mp4,ffpp_FaceSwap
FaceSwap_021_312,train,fake,/workspace/data/raw/ffpp/FaceForensics++_C23/FaceSwap/021_312.mp4,ffpp_FaceSwap
FaceSwap_022_489,train,fake,/workspace/data/raw/ffpp/FaceForensics++_C23/FaceSwap/022_489.mp4,ffpp_FaceSwap
FaceSwap_023_923,val,fake,/workspace/data/raw/ffpp/FaceForensics++_C23/FaceSwap/023_923.mp4,ffpp_FaceSwap
FaceSwap_024_073,test,fake,/workspace/data/raw/ffpp/FaceForensics++_C23/FaceSwap/024_073.mp4,ffpp_FaceSwap
FaceSwap_025_067,train,fake,/workspace/data/raw/ffpp/FaceForensics++_C23/FaceSwap/025_067.mp4,ffpp_FaceSwap
FaceSwap_026_012,test,fake,/workspace/data/raw/ffpp/FaceForensics++_C23/FaceSwap/026_012.mp4,ffpp_FaceSwap
FaceSwap_027_009,train,fake,/workspace/data/raw/ffpp/FaceForensics++_C23/FaceSwap/027_009.mp4,ffpp_FaceSwap
FaceSwap_028_068,train,fake,/workspace/data/raw/ffpp/FaceForensics++_C23/FaceSwap/028_068.mp4,ffpp_FaceSwap
FaceSwap_029_048,test,fake,/workspace/data/raw/ffpp/FaceForensics++_C23/FaceSwap/029_048.mp4,ffpp_FaceSwap
FaceSwap_030_193,train,fake,/workspace/data/raw/ffpp/FaceForensics++_C23/FaceSwap/030_193.mp4,ffpp_FaceSwap
FaceSwap_031_163,train,fake,/workspace/data/raw/ffpp/FaceForensics++_C23/FaceSwap/031_163.mp4,ffpp_FaceSwap
FaceSwap_032_944,train,fake,/workspace/data/raw/ffpp/FaceForensics++_C23/FaceSwap/032_944.mp4,ffpp_FaceSwap
FaceSwap_033_097,train,fake,/workspace/data/raw/ffpp/FaceForensics++_C23/FaceSwap/033_097.mp4,ffpp_FaceSwap
FaceSwap_034_590,train,fake,/workspace/data/raw/ffpp/FaceForensics++_C23/FaceSwap/034_590.mp4,ffpp_FaceSwap
FaceSwap_035_036,test,fake,/workspace/data/raw/ffpp/FaceForensics++_C23/FaceSwap/035_036.mp4,ffpp_FaceSwap
FaceSwap_036_035,test,fake,/workspace/data/raw/ffpp/FaceForensics++_C23/FaceSwap/036_035.mp4,ffpp_FaceSwap
FaceSwap_037_072,train,fake,/workspace/data/raw/ffpp/FaceForensics++_C23/FaceSwap/037_072.mp4,ffpp_FaceSwap
FaceSwap_038_125,train,fake,/workspace/data/raw/ffpp/FaceForensics++_C23/FaceSwap/038_125.mp4,ffpp_FaceSwap
FaceSwap_039_058,train,fake,/workspace/data/raw/ffpp/FaceForensics++_C23/FaceSwap/039_058.mp4,ffpp_FaceSwap
FaceSwap_040_997,train,fake,/workspace/data/raw/ffpp/FaceForensics++_C23/FaceSwap/040_997.mp4,ffpp_FaceSwap
FaceSwap_041_063,train,fake,/workspace/data/raw/ffpp/FaceForensics++_C23/FaceSwap/041_063.mp4,ffpp_FaceSwap
FaceSwap_042_084,val,fake,/workspace/data/raw/ffpp/FaceForensics++_C23/FaceSwap/042_084.mp4,ffpp_FaceSwap
FaceSwap_043_110,train,fake,/workspace/data/raw/ffpp/FaceForensics++_C23/FaceSwap/043_110.mp4,ffpp_FaceSwap
FaceSwap_044_945,test,fake,/workspace/data/raw/ffpp/FaceForensics++_C23/FaceSwap/044_945.mp4,ffpp_FaceSwap
FaceSwap_045_889,train,fake,/workspace/data/raw/ffpp/FaceForensics++_C23/FaceSwap/045_889.mp4,ffpp_FaceSwap
FaceSwap_046_904,val,fake,/workspace/data/raw/ffpp/FaceForensics++_C23/FaceSwap/046_904.mp4,ffpp_FaceSwap
FaceSwap_047_862,test,fake,/workspace/data/raw/ffpp/FaceForensics++_C23/FaceSwap/047_862.mp4,ffpp_FaceSwap
FaceSwap_048_029,test,fake,/workspace/data/raw/ffpp/FaceForensics++_C23/FaceSwap/048_029.mp4,ffpp_FaceSwap
FaceSwap_049_946,train,fake,/workspace/data/raw/ffpp/FaceForensics++_C23/FaceSwap/049_946.mp4,ffpp_FaceSwap
FaceSwap_050_059,train,fake,/workspace/data/raw/ffpp/FaceForensics++_C23/FaceSwap/050_059.mp4,ffpp_FaceSwap
FaceSwap_051_332,train,fake,/workspace/data/raw/ffpp/FaceForensics++_C23/FaceSwap/051_332.mp4,ffpp_FaceSwap
FaceSwap_052_108,train,fake,/workspace/data/raw/ffpp/FaceForensics++_C23/FaceSwap/052_108.mp4,ffpp_FaceSwap
FaceSwap_053_095,train,fake,/workspace/data/raw/ffpp/FaceForensics++_C23/FaceSwap/053_095.mp4,ffpp_FaceSwap
FaceSwap_054_071,train,fake,/workspace/data/raw/ffpp/FaceForensics++_C23/FaceSwap/054_071.mp4,ffpp_FaceSwap
FaceSwap_055_147,train,fake,/workspace/data/raw/ffpp/FaceForensics++_C23/FaceSwap/055_147.mp4,ffpp_FaceSwap
FaceSwap_056_996,train,fake,/workspace/data/raw/ffpp/FaceForensics++_C23/FaceSwap/056_996.mp4,ffpp_FaceSwap
FaceSwap_057_070,train,fake,/workspace/data/raw/ffpp/FaceForensics++_C23/FaceSwap/057_070.mp4,ffpp_FaceSwap
FaceSwap_058_039,train,fake,/workspace/data/raw/ffpp/FaceForensics++_C23/FaceSwap/058_039.mp4,ffpp_FaceSwap
FaceSwap_059_050,train,fake,/workspace/data/raw/ffpp/FaceForensics++_C23/FaceSwap/059_050.mp4,ffpp_FaceSwap
FaceSwap_060_088,train,fake,/workspace/data/raw/ffpp/FaceForensics++_C23/FaceSwap/060_088.mp4,ffpp_FaceSwap
FaceSwap_061_080,train,fake,/workspace/data/raw/ffpp/FaceForensics++_C23/FaceSwap/061_080.mp4,ffpp_FaceSwap
FaceSwap_062_066,train,fake,/workspace/data/raw/ffpp/FaceForensics++_C23/FaceSwap/062_066.mp4,ffpp_FaceSwap
FaceSwap_063_041,train,fake,/workspace/data/raw/ffpp/FaceForensics++_C23/FaceSwap/063_041.mp4,ffpp_FaceSwap
FaceSwap_064_991,val,fake,/workspace/data/raw/ffpp/FaceForensics++_C23/FaceSwap/064_991.mp4,ffpp_FaceSwap
FaceSwap_065_089,train,fake,/workspace/data/raw/ffpp/FaceForensics++_C23/FaceSwap/065_089.mp4,ffpp_FaceSwap
FaceSwap_066_062,train,fake,/workspace/data/raw/ffpp/FaceForensics++_C23/FaceSwap/066_062.mp4,ffpp_FaceSwap
FaceSwap_067_025,train,fake,/workspace/data/raw/ffpp/FaceForensics++_C23/FaceSwap/067_025.mp4,ffpp_FaceSwap
FaceSwap_068_028,train,fake,/workspace/data/raw/ffpp/FaceForensics++_C23/FaceSwap/068_028.mp4,ffpp_FaceSwap
FaceSwap_069_961,train,fake,/workspace/data/raw/ffpp/FaceForensics++_C23/FaceSwap/069_961.mp4,ffpp_FaceSwap
FaceSwap_070_057,train,fake,/workspace/data/raw/ffpp/FaceForensics++_C23/FaceSwap/070_057.mp4,ffpp_FaceSwap
FaceSwap_071_054,train,fake,/workspace/data/raw/ffpp/FaceForensics++_C23/FaceSwap/071_054.mp4,ffpp_FaceSwap
FaceSwap_072_037,train,fake,/workspace/data/raw/ffpp/FaceForensics++_C23/FaceSwap/072_037.mp4,ffpp_FaceSwap
FaceSwap_073_024,test,fake,/workspace/data/raw/ffpp/FaceForensics++_C23/FaceSwap/073_024.mp4,ffpp_FaceSwap
FaceSwap_074_825,train,fake,/workspace/data/raw/ffpp/FaceForensics++_C23/FaceSwap/074_825.mp4,ffpp_FaceSwap
FaceSwap_075_977,train,fake,/workspace/data/raw/ffpp/FaceForensics++_C23/FaceSwap/075_977.mp4,ffpp_FaceSwap
FaceSwap_076_079,train,fake,/workspace/data/raw/ffpp/FaceForensics++_C23/FaceSwap/076_079.mp4,ffpp_FaceSwap
FaceSwap_077_100,train,fake,/workspace/data/raw/ffpp/FaceForensics++_C23/FaceSwap/077_100.mp4,ffpp_FaceSwap
FaceSwap_078_955,test,fake,/workspace/data/raw/ffpp/FaceForensics++_C23/FaceSwap/078_955.mp4,ffpp_FaceSwap
FaceSwap_079_076,train,fake,/workspace/data/raw/ffpp/FaceForensics++_C23/FaceSwap/079_076.mp4,ffpp_FaceSwap
FaceSwap_080_061,train,fake,/workspace/data/raw/ffpp/FaceForensics++_C23/FaceSwap/080_061.mp4,ffpp_FaceSwap
FaceSwap_081_087,train,fake,/workspace/data/raw/ffpp/FaceForensics++_C23/FaceSwap/081_087.mp4,ffpp_FaceSwap
FaceSwap_082_103,train,fake,/workspace/data/raw/ffpp/FaceForensics++_C23/FaceSwap/082_103.mp4,ffpp_FaceSwap
FaceSwap_083_213,train,fake,/workspace/data/raw/ffpp/FaceForensics++_C23/FaceSwap/083_213.mp4,ffpp_FaceSwap
FaceSwap_084_042,val,fake,/workspace/data/raw/ffpp/FaceForensics++_C23/FaceSwap/084_042.mp4,ffpp_FaceSwap
FaceSwap_085_124,train,fake,/workspace/data/raw/ffpp/FaceForensics++_C23/FaceSwap/085_124.mp4,ffpp_FaceSwap
FaceSwap_086_090,train,fake,/workspace/data/raw/ffpp/FaceForensics++_C23/FaceSwap/086_090.mp4,ffpp_FaceSwap
FaceSwap_087_081,train,fake,/workspace/data/raw/ffpp/FaceForensics++_C23/FaceSwap/087_081.mp4,ffpp_FaceSwap
FaceSwap_088_060,train,fake,/workspace/data/raw/ffpp/FaceForensics++_C23/FaceSwap/088_060.mp4,ffpp_FaceSwap
FaceSwap_089_065,train,fake,/workspace/data/raw/ffpp/FaceForensics++_C23/FaceSwap/089_065.mp4,ffpp_FaceSwap
FaceSwap_090_086,train,fake,/workspace/data/raw/ffpp/FaceForensics++_C23/FaceSwap/090_086.mp4,ffpp_FaceSwap
FaceSwap_091_116,val,fake,/workspace/data/raw/ffpp/FaceForensics++_C23/FaceSwap/091_116.mp4,ffpp_FaceSwap
FaceSwap_092_098,train,fake,/workspace/data/raw/ffpp/FaceForensics++_C23/FaceSwap/092_098.mp4,ffpp_FaceSwap
FaceSwap_093_121,train,fake,/workspace/data/raw/ffpp/FaceForensics++_C23/FaceSwap/093_121.mp4,ffpp_FaceSwap
FaceSwap_094_111,train,fake,/workspace/data/raw/ffpp/FaceForensics++_C23/FaceSwap/094_111.mp4,ffpp_FaceSwap
FaceSwap_095_053,train,fake,/workspace/data/raw/ffpp/FaceForensics++_C23/FaceSwap/095_053.mp4,ffpp_FaceSwap
FaceSwap_096_101,train,fake,/workspace/data/raw/ffpp/FaceForensics++_C23/FaceSwap/096_101.mp4,ffpp_FaceSwap
FaceSwap_097_033,train,fake,/workspace/data/raw/ffpp/FaceForensics++_C23/FaceSwap/097_033.mp4,ffpp_FaceSwap
FaceSwap_098_092,train,fake,/workspace/data/raw/ffpp/FaceForensics++_C23/FaceSwap/098_092.mp4,ffpp_FaceSwap
FaceSwap_099_295,train,fake,/workspace/data/raw/ffpp/FaceForensics++_C23/FaceSwap/099_295.mp4,ffpp_FaceSwap
FaceSwap_100_077,train,fake,/workspace/data/raw/ffpp/FaceForensics++_C23/FaceSwap/100_077.mp4,ffpp_FaceSwap
FaceSwap_101_096,train,fake,/workspace/data/raw/ffpp/FaceForensics++_C23/FaceSwap/101_096.mp4,ffpp_FaceSwap
FaceSwap_102_114,test,fake,/workspace/data/raw/ffpp/FaceForensics++_C23/FaceSwap/102_114.mp4,ffpp_FaceSwap
FaceSwap_103_082,train,fake,/workspace/data/raw/ffpp/FaceForensics++_C23/FaceSwap/103_082.mp4,ffpp_FaceSwap
FaceSwap_104_126,val,fake,/workspace/data/raw/ffpp/FaceForensics++_C23/FaceSwap/104_126.mp4,ffpp_FaceSwap
FaceSwap_105_180,train,fake,/workspace/data/raw/ffpp/FaceForensics++_C23/FaceSwap/105_180.mp4,ffpp_FaceSwap
FaceSwap_106_198,val,fake,/workspace/data/raw/ffpp/FaceForensics++_C23/FaceSwap/106_198.mp4,ffpp_FaceSwap
FaceSwap_107_109,train,fake,/workspace/data/raw/ffpp/FaceForensics++_C23/FaceSwap/107_109.mp4,ffpp_FaceSwap
FaceSwap_108_052,train,fake,/workspace/data/raw/ffpp/FaceForensics++_C23/FaceSwap/108_052.mp4,ffpp_FaceSwap
FaceSwap_109_107,train,fake,/workspace/data/raw/ffpp/FaceForensics++_C23/FaceSwap/109_107.mp4,ffpp_FaceSwap
FaceSwap_110_043,train,fake,/workspace/data/raw/ffpp/FaceForensics++_C23/FaceSwap/110_043.mp4,ffpp_FaceSwap
FaceSwap_111_094,train,fake,/workspace/data/raw/ffpp/FaceForensics++_C23/FaceSwap/111_094.mp4,ffpp_FaceSwap
FaceSwap_112_892,train,fake,/workspace/data/raw/ffpp/FaceForensics++_C23/FaceSwap/112_892.mp4,ffpp_FaceSwap
FaceSwap_113_983,train,fake,/workspace/data/raw/ffpp/FaceForensics++_C23/FaceSwap/113_983.mp4,ffpp_FaceSwap
FaceSwap_114_102,test,fake,/workspace/data/raw/ffpp/FaceForensics++_C23/FaceSwap/114_102.mp4,ffpp_FaceSwap
FaceSwap_115_939,val,fake,/workspace/data/raw/ffpp/FaceForensics++_C23/FaceSwap/115_939.mp4,ffpp_FaceSwap
FaceSwap_116_091,val,fake,/workspace/data/raw/ffpp/FaceForensics++_C23/FaceSwap/116_091.mp4,ffpp_FaceSwap
FaceSwap_117_217,train,fake,/workspace/data/raw/ffpp/FaceForensics++_C23/FaceSwap/117_217.mp4,ffpp_FaceSwap
FaceSwap_118_120,train,fake,/workspace/data/raw/ffpp/FaceForensics++_C23/FaceSwap/118_120.mp4,ffpp_FaceSwap
FaceSwap_119_123,train,fake,/workspace/data/raw/ffpp/FaceForensics++_C23/FaceSwap/119_123.mp4,ffpp_FaceSwap
FaceSwap_120_118,train,fake,/workspace/data/raw/ffpp/FaceForensics++_C23/FaceSwap/120_118.mp4,ffpp_FaceSwap
FaceSwap_121_093,train,fake,/workspace/data/raw/ffpp/FaceForensics++_C23/FaceSwap/121_093.mp4,ffpp_FaceSwap
FaceSwap_122_144,train,fake,/workspace/data/raw/ffpp/FaceForensics++_C23/FaceSwap/122_144.mp4,ffpp_FaceSwap
FaceSwap_123_119,train,fake,/workspace/data/raw/ffpp/FaceForensics++_C23/FaceSwap/123_119.mp4,ffpp_FaceSwap
FaceSwap_124_085,train,fake,/workspace/data/raw/ffpp/FaceForensics++_C23/FaceSwap/124_085.mp4,ffpp_FaceSwap
FaceSwap_125_038,train,fake,/workspace/data/raw/ffpp/FaceForensics++_C23/FaceSwap/125_038.mp4,ffpp_FaceSwap
FaceSwap_126_104,val,fake,/workspace/data/raw/ffpp/FaceForensics++_C23/FaceSwap/126_104.mp4,ffpp_FaceSwap
FaceSwap_127_129,train,fake,/workspace/data/raw/ffpp/FaceForensics++_C23/FaceSwap/127_129.mp4,ffpp_FaceSwap
FaceSwap_128_896,test,fake,/workspace/data/raw/ffpp/FaceForensics++_C23/FaceSwap/128_896.mp4,ffpp_FaceSwap
FaceSwap_129_127,train,fake,/workspace/data/raw/ffpp/FaceForensics++_C23/FaceSwap/129_127.mp4,ffpp_FaceSwap
FaceSwap_130_139,train,fake,/workspace/data/raw/ffpp/FaceForensics++_C23/FaceSwap/130_139.mp4,ffpp_FaceSwap
FaceSwap_131_518,train,fake,/workspace/data/raw/ffpp/FaceForensics++_C23/FaceSwap/131_518.mp4,ffpp_FaceSwap
FaceSwap_132_007,train,fake,/workspace/data/raw/ffpp/FaceForensics++_C23/FaceSwap/132_007.mp4,ffpp_FaceSwap
FaceSwap_133_148,train,fake,/workspace/data/raw/ffpp/FaceForensics++_C23/FaceSwap/133_148.mp4,ffpp_FaceSwap
FaceSwap_134_192,val,fake,/workspace/data/raw/ffpp/FaceForensics++_C23/FaceSwap/134_192.mp4,ffpp_FaceSwap
FaceSwap_135_880,test,fake,/workspace/data/raw/ffpp/FaceForensics++_C23/FaceSwap/135_880.mp4,ffpp_FaceSwap
FaceSwap_136_285,train,fake,/workspace/data/raw/ffpp/FaceForensics++_C23/FaceSwap/136_285.mp4,ffpp_FaceSwap
FaceSwap_137_165,train,fake,/workspace/data/raw/ffpp/FaceForensics++_C23/FaceSwap/137_165.mp4,ffpp_FaceSwap
FaceSwap_138_142,test,fake,/workspace/data/raw/ffpp/FaceForensics++_C23/FaceSwap/138_142.mp4,ffpp_FaceSwap
FaceSwap_139_130,train,fake,/workspace/data/raw/ffpp/FaceForensics++_C23/FaceSwap/139_130.mp4,ffpp_FaceSwap
FaceSwap_140_143,train,fake,/workspace/data/raw/ffpp/FaceForensics++_C23/FaceSwap/140_143.mp4,ffpp_FaceSwap
FaceSwap_141_161,test,fake,/workspace/data/raw/ffpp/FaceForensics++_C23/FaceSwap/141_161.mp4,ffpp_FaceSwap
FaceSwap_142_138,test,fake,/workspace/data/raw/ffpp/FaceForensics++_C23/FaceSwap/142_138.mp4,ffpp_FaceSwap
FaceSwap_143_140,train,fake,/workspace/data/raw/ffpp/FaceForensics++_C23/FaceSwap/143_140.mp4,ffpp_FaceSwap
FaceSwap_144_122,train,fake,/workspace/data/raw/ffpp/FaceForensics++_C23/FaceSwap/144_122.mp4,ffpp_FaceSwap
FaceSwap_145_299,val,fake,/workspace/data/raw/ffpp/FaceForensics++_C23/FaceSwap/145_299.mp4,ffpp_FaceSwap
FaceSwap_146_256,train,fake,/workspace/data/raw/ffpp/FaceForensics++_C23/FaceSwap/146_256.mp4,ffpp_FaceSwap
FaceSwap_147_055,train,fake,/workspace/data/raw/ffpp/FaceForensics++_C23/FaceSwap/147_055.mp4,ffpp_FaceSwap
FaceSwap_148_133,train,fake,/workspace/data/raw/ffpp/FaceForensics++_C23/FaceSwap/148_133.mp4,ffpp_FaceSwap
FaceSwap_149_152,train,fake,/workspace/data/raw/ffpp/FaceForensics++_C23/FaceSwap/149_152.mp4,ffpp_FaceSwap
FaceSwap_150_153,train,fake,/workspace/data/raw/ffpp/FaceForensics++_C23/FaceSwap/150_153.mp4,ffpp_FaceSwap
FaceSwap_151_225,train,fake,/workspace/data/raw/ffpp/FaceForensics++_C23/FaceSwap/151_225.mp4,ffpp_FaceSwap
FaceSwap_152_149,train,fake,/workspace/data/raw/ffpp/FaceForensics++_C23/FaceSwap/152_149.mp4,ffpp_FaceSwap
FaceSwap_153_150,train,fake,/workspace/data/raw/ffpp/FaceForensics++_C23/FaceSwap/153_150.mp4,ffpp_FaceSwap
FaceSwap_154_386,test,fake,/workspace/data/raw/ffpp/FaceForensics++_C23/FaceSwap/154_386.mp4,ffpp_FaceSwap
FaceSwap_155_576,train,fake,/workspace/data/raw/ffpp/FaceForensics++_C23/FaceSwap/155_576.mp4,ffpp_FaceSwap
FaceSwap_156_243,train,fake,/workspace/data/raw/ffpp/FaceForensics++_C23/FaceSwap/156_243.mp4,ffpp_FaceSwap
FaceSwap_157_245,val,fake,/workspace/data/raw/ffpp/FaceForensics++_C23/FaceSwap/157_245.mp4,ffpp_FaceSwap
FaceSwap_158_379,test,fake,/workspace/data/raw/ffpp/FaceForensics++_C23/FaceSwap/158_379.mp4,ffpp_FaceSwap
FaceSwap_159_175,val,fake,/workspace/data/raw/ffpp/FaceForensics++_C23/FaceSwap/159_175.mp4,ffpp_FaceSwap
FaceSwap_160_928,train,fake,/workspace/data/raw/ffpp/FaceForensics++_C23/FaceSwap/160_928.mp4,ffpp_FaceSwap
FaceSwap_161_141,test,fake,/workspace/data/raw/ffpp/FaceForensics++_C23/FaceSwap/161_141.mp4,ffpp_FaceSwap
FaceSwap_162_330,train,fake,/workspace/data/raw/ffpp/FaceForensics++_C23/FaceSwap/162_330.mp4,ffpp_FaceSwap
FaceSwap_163_031,train,fake,/workspace/data/raw/ffpp/FaceForensics++_C23/FaceSwap/163_031.mp4,ffpp_FaceSwap
FaceSwap_164_216,train,fake,/workspace/data/raw/ffpp/FaceForensics++_C23/FaceSwap/164_216.mp4,ffpp_FaceSwap
FaceSwap_165_137,train,fake,/workspace/data/raw/ffpp/FaceForensics++_C23/FaceSwap/165_137.mp4,ffpp_FaceSwap
FaceSwap_166_167,train,fake,/workspace/data/raw/ffpp/FaceForensics++_C23/FaceSwap/166_167.mp4,ffpp_FaceSwap
FaceSwap_167_166,train,fake,/workspace/data/raw/ffpp/FaceForensics++_C23/FaceSwap/167_166.mp4,ffpp_FaceSwap
FaceSwap_168_222,train,fake,/workspace/data/raw/ffpp/FaceForensics++_C23/FaceSwap/168_222.mp4,ffpp_FaceSwap
FaceSwap_169_227,test,fake,/workspace/data/raw/ffpp/FaceForensics++_C23/FaceSwap/169_227.mp4,ffpp_FaceSwap
FaceSwap_170_186,test,fake,/workspace/data/raw/ffpp/FaceForensics++_C23/FaceSwap/170_186.mp4,ffpp_FaceSwap
FaceSwap_171_173,train,fake,/workspace/data/raw/ffpp/FaceForensics++_C23/FaceSwap/171_173.mp4,ffpp_FaceSwap
FaceSwap_172_582,train,fake,/workspace/data/raw/ffpp/FaceForensics++_C23/FaceSwap/172_582.mp4,ffpp_FaceSwap
FaceSwap_173_171,train,fake,/workspace/data/raw/ffpp/FaceForensics++_C23/FaceSwap/173_171.mp4,ffpp_FaceSwap
FaceSwap_174_964,train,fake,/workspace/data/raw/ffpp/FaceForensics++_C23/FaceSwap/174_964.mp4,ffpp_FaceSwap
FaceSwap_175_159,val,fake,/workspace/data/raw/ffpp/FaceForensics++_C23/FaceSwap/175_159.mp4,ffpp_FaceSwap
FaceSwap_176_190,test,fake,/workspace/data/raw/ffpp/FaceForensics++_C23/FaceSwap/176_190.mp4,ffpp_FaceSwap
FaceSwap_177_211,train,fake,/workspace/data/raw/ffpp/FaceForensics++_C23/FaceSwap/177_211.mp4,ffpp_FaceSwap
FaceSwap_178_598,train,fake,/workspace/data/raw/ffpp/FaceForensics++_C23/FaceSwap/178_598.mp4,ffpp_FaceSwap
FaceSwap_179_212,train,fake,/workspace/data/raw/ffpp/FaceForensics++_C23/FaceSwap/179_212.mp4,ffpp_FaceSwap
FaceSwap_180_105,train,fake,/workspace/data/raw/ffpp/FaceForensics++_C23/FaceSwap/180_105.mp4,ffpp_FaceSwap
FaceSwap_181_199,train,fake,/workspace/data/raw/ffpp/FaceForensics++_C23/FaceSwap/181_199.mp4,ffpp_FaceSwap
FaceSwap_182_242,train,fake,/workspace/data/raw/ffpp/FaceForensics++_C23/FaceSwap/182_242.mp4,ffpp_FaceSwap
FaceSwap_183_253,train,fake,/workspace/data/raw/ffpp/FaceForensics++_C23/FaceSwap/183_253.mp4,ffpp_FaceSwap
FaceSwap_184_205,train,fake,/workspace/data/raw/ffpp/FaceForensics++_C23/FaceSwap/184_205.mp4,ffpp_FaceSwap
FaceSwap_185_276,train,fake,/workspace/data/raw/ffpp/FaceForensics++_C23/FaceSwap/185_276.mp4,ffpp_FaceSwap
FaceSwap_186_170,test,fake,/workspace/data/raw/ffpp/FaceForensics++_C23/FaceSwap/186_170.mp4,ffpp_FaceSwap
FaceSwap_187_234,train,fake,/workspace/data/raw/ffpp/FaceForensics++_C23/FaceSwap/187_234.mp4,ffpp_FaceSwap
FaceSwap_188_191,train,fake,/workspace/data/raw/ffpp/FaceForensics++_C23/FaceSwap/188_191.mp4,ffpp_FaceSwap
FaceSwap_189_200,train,fake,/workspace/data/raw/ffpp/FaceForensics++_C23/FaceSwap/189_200.mp4,ffpp_FaceSwap
FaceSwap_190_176,test,fake,/workspace/data/raw/ffpp/FaceForensics++_C23/FaceSwap/190_176.mp4,ffpp_FaceSwap
FaceSwap_191_188,train,fake,/workspace/data/raw/ffpp/FaceForensics++_C23/FaceSwap/191_188.mp4,ffpp_FaceSwap
FaceSwap_192_134,val,fake,/workspace/data/raw/ffpp/FaceForensics++_C23/FaceSwap/192_134.mp4,ffpp_FaceSwap
FaceSwap_193_030,train,fake,/workspace/data/raw/ffpp/FaceForensics++_C23/FaceSwap/193_030.mp4,ffpp_FaceSwap
FaceSwap_194_235,train,fake,/workspace/data/raw/ffpp/FaceForensics++_C23/FaceSwap/194_235.mp4,ffpp_FaceSwap
FaceSwap_195_442,train,fake,/workspace/data/raw/ffpp/FaceForensics++_C23/FaceSwap/195_442.mp4,ffpp_FaceSwap
FaceSwap_196_310,train,fake,/workspace/data/raw/ffpp/FaceForensics++_C23/FaceSwap/196_310.mp4,ffpp_FaceSwap
FaceSwap_197_224,train,fake,/workspace/data/raw/ffpp/FaceForensics++_C23/FaceSwap/197_224.mp4,ffpp_FaceSwap
FaceSwap_198_106,val,fake,/workspace/data/raw/ffpp/FaceForensics++_C23/FaceSwap/198_106.mp4,ffpp_FaceSwap
FaceSwap_199_181,train,fake,/workspace/data/raw/ffpp/FaceForensics++_C23/FaceSwap/199_181.mp4,ffpp_FaceSwap
FaceSwap_200_189,train,fake,/workspace/data/raw/ffpp/FaceForensics++_C23/FaceSwap/200_189.mp4,ffpp_FaceSwap
FaceSwap_201_203,train,fake,/workspace/data/raw/ffpp/FaceForensics++_C23/FaceSwap/201_203.mp4,ffpp_FaceSwap
FaceSwap_202_348,train,fake,/workspace/data/raw/ffpp/FaceForensics++_C23/FaceSwap/202_348.mp4,ffpp_FaceSwap
FaceSwap_203_201,train,fake,/workspace/data/raw/ffpp/FaceForensics++_C23/FaceSwap/203_201.mp4,ffpp_FaceSwap
FaceSwap_204_230,train,fake,/workspace/data/raw/ffpp/FaceForensics++_C23/FaceSwap/204_230.mp4,ffpp_FaceSwap
FaceSwap_205_184,train,fake,/workspace/data/raw/ffpp/FaceForensics++_C23/FaceSwap/205_184.mp4,ffpp_FaceSwap
FaceSwap_206_221,train,fake,/workspace/data/raw/ffpp/FaceForensics++_C23/FaceSwap/206_221.mp4,ffpp_FaceSwap
FaceSwap_207_908,train,fake,/workspace/data/raw/ffpp/FaceForensics++_C23/FaceSwap/207_908.mp4,ffpp_FaceSwap
FaceSwap_208_215,train,fake,/workspace/data/raw/ffpp/FaceForensics++_C23/FaceSwap/208_215.mp4,ffpp_FaceSwap
FaceSwap_209_016,train,fake,/workspace/data/raw/ffpp/FaceForensics++_C23/FaceSwap/209_016.mp4,ffpp_FaceSwap
FaceSwap_210_241,train,fake,/workspace/data/raw/ffpp/FaceForensics++_C23/FaceSwap/210_241.mp4,ffpp_FaceSwap
FaceSwap_211_177,train,fake,/workspace/data/raw/ffpp/FaceForensics++_C23/FaceSwap/211_177.mp4,ffpp_FaceSwap
FaceSwap_212_179,train,fake,/workspace/data/raw/ffpp/FaceForensics++_C23/FaceSwap/212_179.mp4,ffpp_FaceSwap
FaceSwap_213_083,train,fake,/workspace/data/raw/ffpp/FaceForensics++_C23/FaceSwap/213_083.mp4,ffpp_FaceSwap
FaceSwap_214_255,test,fake,/workspace/data/raw/ffpp/FaceForensics++_C23/FaceSwap/214_255.mp4,ffpp_FaceSwap
FaceSwap_215_208,train,fake,/workspace/data/raw/ffpp/FaceForensics++_C23/FaceSwap/215_208.mp4,ffpp_FaceSwap
FaceSwap_216_164,train,fake,/workspace/data/raw/ffpp/FaceForensics++_C23/FaceSwap/216_164.mp4,ffpp_FaceSwap
FaceSwap_217_117,train,fake,/workspace/data/raw/ffpp/FaceForensics++_C23/FaceSwap/217_117.mp4,ffpp_FaceSwap
FaceSwap_218_239,train,fake,/workspace/data/raw/ffpp/FaceForensics++_C23/FaceSwap/218_239.mp4,ffpp_FaceSwap
FaceSwap_219_220,test,fake,/workspace/data/raw/ffpp/FaceForensics++_C23/FaceSwap/219_220.mp4,ffpp_FaceSwap
FaceSwap_220_219,test,fake,/workspace/data/raw/ffpp/FaceForensics++_C23/FaceSwap/220_219.mp4,ffpp_FaceSwap
FaceSwap_221_206,train,fake,/workspace/data/raw/ffpp/FaceForensics++_C23/FaceSwap/221_206.mp4,ffpp_FaceSwap
FaceSwap_222_168,train,fake,/workspace/data/raw/ffpp/FaceForensics++_C23/FaceSwap/222_168.mp4,ffpp_FaceSwap
FaceSwap_223_586,val,fake,/workspace/data/raw/ffpp/FaceForensics++_C23/FaceSwap/223_586.mp4,ffpp_FaceSwap
FaceSwap_224_197,train,fake,/workspace/data/raw/ffpp/FaceForensics++_C23/FaceSwap/224_197.mp4,ffpp_FaceSwap
FaceSwap_225_151,train,fake,/workspace/data/raw/ffpp/FaceForensics++_C23/FaceSwap/225_151.mp4,ffpp_FaceSwap
FaceSwap_226_491,train,fake,/workspace/data/raw/ffpp/FaceForensics++_C23/FaceSwap/226_491.mp4,ffpp_FaceSwap
FaceSwap_227_169,test,fake,/workspace/data/raw/ffpp/FaceForensics++_C23/FaceSwap/227_169.mp4,ffpp_FaceSwap
FaceSwap_228_289,train,fake,/workspace/data/raw/ffpp/FaceForensics++_C23/FaceSwap/228_289.mp4,ffpp_FaceSwap
FaceSwap_229_247,train,fake,/workspace/data/raw/ffpp/FaceForensics++_C23/FaceSwap/229_247.mp4,ffpp_FaceSwap
FaceSwap_230_204,train,fake,/workspace/data/raw/ffpp/FaceForensics++_C23/FaceSwap/230_204.mp4,ffpp_FaceSwap
FaceSwap_231_663,train,fake,/workspace/data/raw/ffpp/FaceForensics++_C23/FaceSwap/231_663.mp4,ffpp_FaceSwap
FaceSwap_232_248,train,fake,/workspace/data/raw/ffpp/FaceForensics++_C23/FaceSwap/232_248.mp4,ffpp_FaceSwap
FaceSwap_233_995,test,fake,/workspace/data/raw/ffpp/FaceForensics++_C23/FaceSwap/233_995.mp4,ffpp_FaceSwap
FaceSwap_234_187,train,fake,/workspace/data/raw/ffpp/FaceForensics++_C23/FaceSwap/234_187.mp4,ffpp_FaceSwap
FaceSwap_235_194,train,fake,/workspace/data/raw/ffpp/FaceForensics++_C23/FaceSwap/235_194.mp4,ffpp_FaceSwap
FaceSwap_236_237,train,fake,/workspace/data/raw/ffpp/FaceForensics++_C23/FaceSwap/236_237.mp4,ffpp_FaceSwap
FaceSwap_237_236,train,fake,/workspace/data/raw/ffpp/FaceForensics++_C23/FaceSwap/237_236.mp4,ffpp_FaceSwap
FaceSwap_238_282,train,fake,/workspace/data/raw/ffpp/FaceForensics++_C23/FaceSwap/238_282.mp4,ffpp_FaceSwap
FaceSwap_239_218,train,fake,/workspace/data/raw/ffpp/FaceForensics++_C23/FaceSwap/239_218.mp4,ffpp_FaceSwap
FaceSwap_240_290,train,fake,/workspace/data/raw/ffpp/FaceForensics++_C23/FaceSwap/240_290.mp4,ffpp_FaceSwap
FaceSwap_241_210,train,fake,/workspace/data/raw/ffpp/FaceForensics++_C23/FaceSwap/241_210.mp4,ffpp_FaceSwap
FaceSwap_242_182,train,fake,/workspace/data/raw/ffpp/FaceForensics++_C23/FaceSwap/242_182.mp4,ffpp_FaceSwap
FaceSwap_243_156,train,fake,/workspace/data/raw/ffpp/FaceForensics++_C23/FaceSwap/243_156.mp4,ffpp_FaceSwap
FaceSwap_244_822,train,fake,/workspace/data/raw/ffpp/FaceForensics++_C23/FaceSwap/244_822.mp4,ffpp_FaceSwap
FaceSwap_245_157,val,fake,/workspace/data/raw/ffpp/FaceForensics++_C23/FaceSwap/245_157.mp4,ffpp_FaceSwap
FaceSwap_246_258,train,fake,/workspace/data/raw/ffpp/FaceForensics++_C23/FaceSwap/246_258.mp4,ffpp_FaceSwap
FaceSwap_247_229,train,fake,/workspace/data/raw/ffpp/FaceForensics++_C23/FaceSwap/247_229.mp4,ffpp_FaceSwap
FaceSwap_248_232,train,fake,/workspace/data/raw/ffpp/FaceForensics++_C23/FaceSwap/248_232.mp4,ffpp_FaceSwap
FaceSwap_249_280,test,fake,/workspace/data/raw/ffpp/FaceForensics++_C23/FaceSwap/249_280.mp4,ffpp_FaceSwap
FaceSwap_250_461,train,fake,/workspace/data/raw/ffpp/FaceForensics++_C23/FaceSwap/250_461.mp4,ffpp_FaceSwap
FaceSwap_251_375,train,fake,/workspace/data/raw/ffpp/FaceForensics++_C23/FaceSwap/251_375.mp4,ffpp_FaceSwap
FaceSwap_252_266,train,fake,/workspace/data/raw/ffpp/FaceForensics++_C23/FaceSwap/252_266.mp4,ffpp_FaceSwap
FaceSwap_253_183,train,fake,/workspace/data/raw/ffpp/FaceForensics++_C23/FaceSwap/253_183.mp4,ffpp_FaceSwap
FaceSwap_254_261,val,fake,/workspace/data/raw/ffpp/FaceForensics++_C23/FaceSwap/254_261.mp4,ffpp_FaceSwap
FaceSwap_255_214,test,fake,/workspace/data/raw/ffpp/FaceForensics++_C23/FaceSwap/255_214.mp4,ffpp_FaceSwap
FaceSwap_256_146,train,fake,/workspace/data/raw/ffpp/FaceForensics++_C23/FaceSwap/256_146.mp4,ffpp_FaceSwap
FaceSwap_257_420,test,fake,/workspace/data/raw/ffpp/FaceForensics++_C23/FaceSwap/257_420.mp4,ffpp_FaceSwap
FaceSwap_258_246,train,fake,/workspace/data/raw/ffpp/FaceForensics++_C23/FaceSwap/258_246.mp4,ffpp_FaceSwap
FaceSwap_259_345,train,fake,/workspace/data/raw/ffpp/FaceForensics++_C23/FaceSwap/259_345.mp4,ffpp_FaceSwap
FaceSwap_260_331,train,fake,/workspace/data/raw/ffpp/FaceForensics++_C23/FaceSwap/260_331.mp4,ffpp_FaceSwap
FaceSwap_261_254,val,fake,/workspace/data/raw/ffpp/FaceForensics++_C23/FaceSwap/261_254.mp4,ffpp_FaceSwap
FaceSwap_262_301,train,fake,/workspace/data/raw/ffpp/FaceForensics++_C23/FaceSwap/262_301.mp4,ffpp_FaceSwap
FaceSwap_263_284,val,fake,/workspace/data/raw/ffpp/FaceForensics++_C23/FaceSwap/263_284.mp4,ffpp_FaceSwap
FaceSwap_264_271,train,fake,/workspace/data/raw/ffpp/FaceForensics++_C23/FaceSwap/264_271.mp4,ffpp_FaceSwap
FaceSwap_265_475,train,fake,/workspace/data/raw/ffpp/FaceForensics++_C23/FaceSwap/265_475.mp4,ffpp_FaceSwap
FaceSwap_266_252,train,fake,/workspace/data/raw/ffpp/FaceForensics++_C23/FaceSwap/266_252.mp4,ffpp_FaceSwap
FaceSwap_267_286,train,fake,/workspace/data/raw/ffpp/FaceForensics++_C23/FaceSwap/267_286.mp4,ffpp_FaceSwap
FaceSwap_268_269,train,fake,/workspace/data/raw/ffpp/FaceForensics++_C23/FaceSwap/268_269.mp4,ffpp_FaceSwap
FaceSwap_269_268,train,fake,/workspace/data/raw/ffpp/FaceForensics++_C23/FaceSwap/269_268.mp4,ffpp_FaceSwap
FaceSwap_270_297,train,fake,/workspace/data/raw/ffpp/FaceForensics++_C23/FaceSwap/270_297.mp4,ffpp_FaceSwap
FaceSwap_271_264,train,fake,/workspace/data/raw/ffpp/FaceForensics++_C23/FaceSwap/271_264.mp4,ffpp_FaceSwap
FaceSwap_272_396,train,fake,/workspace/data/raw/ffpp/FaceForensics++_C23/FaceSwap/272_396.mp4,ffpp_FaceSwap
FaceSwap_273_807,val,fake,/workspace/data/raw/ffpp/FaceForensics++_C23/FaceSwap/273_807.mp4,ffpp_FaceSwap
FaceSwap_274_412,train,fake,/workspace/data/raw/ffpp/FaceForensics++_C23/FaceSwap/274_412.mp4,ffpp_FaceSwap
FaceSwap_275_887,train,fake,/workspace/data/raw/ffpp/FaceForensics++_C23/FaceSwap/275_887.mp4,ffpp_FaceSwap
FaceSwap_276_185,train,fake,/workspace/data/raw/ffpp/FaceForensics++_C23/FaceSwap/276_185.mp4,ffpp_FaceSwap
FaceSwap_277_335,train,fake,/workspace/data/raw/ffpp/FaceForensics++_C23/FaceSwap/277_335.mp4,ffpp_FaceSwap
FaceSwap_278_306,test,fake,/workspace/data/raw/ffpp/FaceForensics++_C23/FaceSwap/278_306.mp4,ffpp_FaceSwap
FaceSwap_279_298,train,fake,/workspace/data/raw/ffpp/FaceForensics++_C23/FaceSwap/279_298.mp4,ffpp_FaceSwap
FaceSwap_280_249,test,fake,/workspace/data/raw/ffpp/FaceForensics++_C23/FaceSwap/280_249.mp4,ffpp_FaceSwap
FaceSwap_281_474,train,fake,/workspace/data/raw/ffpp/FaceForensics++_C23/FaceSwap/281_474.mp4,ffpp_FaceSwap
FaceSwap_282_238,train,fake,/workspace/data/raw/ffpp/FaceForensics++_C23/FaceSwap/282_238.mp4,ffpp_FaceSwap
FaceSwap_283_313,train,fake,/workspace/data/raw/ffpp/FaceForensics++_C23/FaceSwap/283_313.mp4,ffpp_FaceSwap
FaceSwap_284_263,val,fake,/workspace/data/raw/ffpp/FaceForensics++_C23/FaceSwap/284_263.mp4,ffpp_FaceSwap
FaceSwap_285_136,train,fake,/workspace/data/raw/ffpp/FaceForensics++_C23/FaceSwap/285_136.mp4,ffpp_FaceSwap
FaceSwap_286_267,train,fake,/workspace/data/raw/ffpp/FaceForensics++_C23/FaceSwap/286_267.mp4,ffpp_FaceSwap
FaceSwap_287_426,train,fake,/workspace/data/raw/ffpp/FaceForensics++_C23/FaceSwap/287_426.mp4,ffpp_FaceSwap
FaceSwap_288_321,test,fake,/workspace/data/raw/ffpp/FaceForensics++_C23/FaceSwap/288_321.mp4,ffpp_FaceSwap
FaceSwap_289_228,train,fake,/workspace/data/raw/ffpp/FaceForensics++_C23/FaceSwap/289_228.mp4,ffpp_FaceSwap
FaceSwap_290_240,train,fake,/workspace/data/raw/ffpp/FaceForensics++_C23/FaceSwap/290_240.mp4,ffpp_FaceSwap
FaceSwap_291_874,train,fake,/workspace/data/raw/ffpp/FaceForensics++_C23/FaceSwap/291_874.mp4,ffpp_FaceSwap
FaceSwap_292_294,train,fake,/workspace/data/raw/ffpp/FaceForensics++_C23/FaceSwap/292_294.mp4,ffpp_FaceSwap
FaceSwap_293_296,train,fake,/workspace/data/raw/ffpp/FaceForensics++_C23/FaceSwap/293_296.mp4,ffpp_FaceSwap
FaceSwap_294_292,train,fake,/workspace/data/raw/ffpp/FaceForensics++_C23/FaceSwap/294_292.mp4,ffpp_FaceSwap
FaceSwap_295_099,train,fake,/workspace/data/raw/ffpp/FaceForensics++_C23/FaceSwap/295_099.mp4,ffpp_FaceSwap
FaceSwap_296_293,train,fake,/workspace/data/raw/ffpp/FaceForensics++_C23/FaceSwap/296_293.mp4,ffpp_FaceSwap
FaceSwap_297_270,train,fake,/workspace/data/raw/ffpp/FaceForensics++_C23/FaceSwap/297_270.mp4,ffpp_FaceSwap
FaceSwap_298_279,train,fake,/workspace/data/raw/ffpp/FaceForensics++_C23/FaceSwap/298_279.mp4,ffpp_FaceSwap
FaceSwap_299_145,val,fake,/workspace/data/raw/ffpp/FaceForensics++_C23/FaceSwap/299_145.mp4,ffpp_FaceSwap
FaceSwap_300_304,train,fake,/workspace/data/raw/ffpp/FaceForensics++_C23/FaceSwap/300_304.mp4,ffpp_FaceSwap
FaceSwap_301_262,train,fake,/workspace/data/raw/ffpp/FaceForensics++_C23/FaceSwap/301_262.mp4,ffpp_FaceSwap
FaceSwap_302_323,train,fake,/workspace/data/raw/ffpp/FaceForensics++_C23/FaceSwap/302_323.mp4,ffpp_FaceSwap
FaceSwap_303_309,train,fake,/workspace/data/raw/ffpp/FaceForensics++_C23/FaceSwap/303_309.mp4,ffpp_FaceSwap
FaceSwap_304_300,train,fake,/workspace/data/raw/ffpp/FaceForensics++_C23/FaceSwap/304_300.mp4,ffpp_FaceSwap
FaceSwap_305_513,train,fake,/workspace/data/raw/ffpp/FaceForensics++_C23/FaceSwap/305_513.mp4,ffpp_FaceSwap
FaceSwap_306_278,test,fake,/workspace/data/raw/ffpp/FaceForensics++_C23/FaceSwap/306_278.mp4,ffpp_FaceSwap
FaceSwap_307_365,train,fake,/workspace/data/raw/ffpp/FaceForensics++_C23/FaceSwap/307_365.mp4,ffpp_FaceSwap
FaceSwap_308_388,test,fake,/workspace/data/raw/ffpp/FaceForensics++_C23/FaceSwap/308_388.mp4,ffpp_FaceSwap
FaceSwap_309_303,train,fake,/workspace/data/raw/ffpp/FaceForensics++_C23/FaceSwap/309_303.mp4,ffpp_FaceSwap
FaceSwap_310_196,train,fake,/workspace/data/raw/ffpp/FaceForensics++_C23/FaceSwap/310_196.mp4,ffpp_FaceSwap
FaceSwap_311_387,train,fake,/workspace/data/raw/ffpp/FaceForensics++_C23/FaceSwap/311_387.mp4,ffpp_FaceSwap
FaceSwap_312_021,train,fake,/workspace/data/raw/ffpp/FaceForensics++_C23/FaceSwap/312_021.mp4,ffpp_FaceSwap
FaceSwap_313_283,train,fake,/workspace/data/raw/ffpp/FaceForensics++_C23/FaceSwap/313_283.mp4,ffpp_FaceSwap
FaceSwap_314_347,test,fake,/workspace/data/raw/ffpp/FaceForensics++_C23/FaceSwap/314_347.mp4,ffpp_FaceSwap
FaceSwap_315_322,train,fake,/workspace/data/raw/ffpp/FaceForensics++_C23/FaceSwap/315_322.mp4,ffpp_FaceSwap
FaceSwap_316_369,val,fake,/workspace/data/raw/ffpp/FaceForensics++_C23/FaceSwap/316_369.mp4,ffpp_FaceSwap
FaceSwap_317_359,train,fake,/workspace/data/raw/ffpp/FaceForensics++_C23/FaceSwap/317_359.mp4,ffpp_FaceSwap
FaceSwap_318_334,train,fake,/workspace/data/raw/ffpp/FaceForensics++_C23/FaceSwap/318_334.mp4,ffpp_FaceSwap
FaceSwap_319_352,test,fake,/workspace/data/raw/ffpp/FaceForensics++_C23/FaceSwap/319_352.mp4,ffpp_FaceSwap
FaceSwap_320_328,train,fake,/workspace/data/raw/ffpp/FaceForensics++_C23/FaceSwap/320_328.mp4,ffpp_FaceSwap
FaceSwap_321_288,test,fake,/workspace/data/raw/ffpp/FaceForensics++_C23/FaceSwap/321_288.mp4,ffpp_FaceSwap
FaceSwap_322_315,train,fake,/workspace/data/raw/ffpp/FaceForensics++_C23/FaceSwap/322_315.mp4,ffpp_FaceSwap
FaceSwap_323_302,train,fake,/workspace/data/raw/ffpp/FaceForensics++_C23/FaceSwap/323_302.mp4,ffpp_FaceSwap
FaceSwap_324_356,train,fake,/workspace/data/raw/ffpp/FaceForensics++_C23/FaceSwap/324_356.mp4,ffpp_FaceSwap
FaceSwap_325_492,val,fake,/workspace/data/raw/ffpp/FaceForensics++_C23/FaceSwap/325_492.mp4,ffpp_FaceSwap
FaceSwap_326_501,train,fake,/workspace/data/raw/ffpp/FaceForensics++_C23/FaceSwap/326_501.mp4,ffpp_FaceSwap
FaceSwap_327_329,train,fake,/workspace/data/raw/ffpp/FaceForensics++_C23/FaceSwap/327_329.mp4,ffpp_FaceSwap
FaceSwap_328_320,train,fake,/workspace/data/raw/ffpp/FaceForensics++_C23/FaceSwap/328_320.mp4,ffpp_FaceSwap
FaceSwap_329_327,train,fake,/workspace/data/raw/ffpp/FaceForensics++_C23/FaceSwap/329_327.mp4,ffpp_FaceSwap
FaceSwap_330_162,train,fake,/workspace/data/raw/ffpp/FaceForensics++_C23/FaceSwap/330_162.mp4,ffpp_FaceSwap
FaceSwap_331_260,train,fake,/workspace/data/raw/ffpp/FaceForensics++_C23/FaceSwap/331_260.mp4,ffpp_FaceSwap
FaceSwap_332_051,train,fake,/workspace/data/raw/ffpp/FaceForensics++_C23/FaceSwap/332_051.mp4,ffpp_FaceSwap
FaceSwap_333_377,train,fake,/workspace/data/raw/ffpp/FaceForensics++_C23/FaceSwap/333_377.mp4,ffpp_FaceSwap
FaceSwap_334_318,train,fake,/workspace/data/raw/ffpp/FaceForensics++_C23/FaceSwap/334_318.mp4,ffpp_FaceSwap
FaceSwap_335_277,train,fake,/workspace/data/raw/ffpp/FaceForensics++_C23/FaceSwap/335_277.mp4,ffpp_FaceSwap
FaceSwap_336_338,train,fake,/workspace/data/raw/ffpp/FaceForensics++_C23/FaceSwap/336_338.mp4,ffpp_FaceSwap
FaceSwap_337_522,train,fake,/workspace/data/raw/ffpp/FaceForensics++_C23/FaceSwap/337_522.mp4,ffpp_FaceSwap
FaceSwap_338_336,train,fake,/workspace/data/raw/ffpp/FaceForensics++_C23/FaceSwap/338_336.mp4,ffpp_FaceSwap
FaceSwap_339_392,train,fake,/workspace/data/raw/ffpp/FaceForensics++_C23/FaceSwap/339_392.mp4,ffpp_FaceSwap
FaceSwap_340_341,train,fake,/workspace/data/raw/ffpp/FaceForensics++_C23/FaceSwap/340_341.mp4,ffpp_FaceSwap
FaceSwap_341_340,train,fake,/workspace/data/raw/ffpp/FaceForensics++_C23/FaceSwap/341_340.mp4,ffpp_FaceSwap
FaceSwap_342_416,val,fake,/workspace/data/raw/ffpp/FaceForensics++_C23/FaceSwap/342_416.mp4,ffpp_FaceSwap
FaceSwap_343_363,train,fake,/workspace/data/raw/ffpp/FaceForensics++_C23/FaceSwap/343_363.mp4,ffpp_FaceSwap
FaceSwap_344_020,train,fake,/workspace/data/raw/ffpp/FaceForensics++_C23/FaceSwap/344_020.mp4,ffpp_FaceSwap
FaceSwap_345_259,train,fake,/workspace/data/raw/ffpp/FaceForensics++_C23/FaceSwap/345_259.mp4,ffpp_FaceSwap
FaceSwap_346_351,train,fake,/workspace/data/raw/ffpp/FaceForensics++_C23/FaceSwap/346_351.mp4,ffpp_FaceSwap
FaceSwap_347_314,test,fake,/workspace/data/raw/ffpp/FaceForensics++_C23/FaceSwap/347_314.mp4,ffpp_FaceSwap
FaceSwap_348_202,train,fake,/workspace/data/raw/ffpp/FaceForensics++_C23/FaceSwap/348_202.mp4,ffpp_FaceSwap
FaceSwap_349_350,val,fake,/workspace/data/raw/ffpp/FaceForensics++_C23/FaceSwap/349_350.mp4,ffpp_FaceSwap
FaceSwap_350_349,val,fake,/workspace/data/raw/ffpp/FaceForensics++_C23/FaceSwap/350_349.mp4,ffpp_FaceSwap
FaceSwap_351_346,train,fake,/workspace/data/raw/ffpp/FaceForensics++_C23/FaceSwap/351_346.mp4,ffpp_FaceSwap
FaceSwap_352_319,test,fake,/workspace/data/raw/ffpp/FaceForensics++_C23/FaceSwap/352_319.mp4,ffpp_FaceSwap
FaceSwap_353_383,train,fake,/workspace/data/raw/ffpp/FaceForensics++_C23/FaceSwap/353_383.mp4,ffpp_FaceSwap
FaceSwap_354_362,val,fake,/workspace/data/raw/ffpp/FaceForensics++_C23/FaceSwap/354_362.mp4,ffpp_FaceSwap
FaceSwap_355_748,train,fake,/workspace/data/raw/ffpp/FaceForensics++_C23/FaceSwap/355_748.mp4,ffpp_FaceSwap
FaceSwap_356_324,train,fake,/workspace/data/raw/ffpp/FaceForensics++_C23/FaceSwap/356_324.mp4,ffpp_FaceSwap
FaceSwap_357_432,train,fake,/workspace/data/raw/ffpp/FaceForensics++_C23/FaceSwap/357_432.mp4,ffpp_FaceSwap
FaceSwap_358_380,test,fake,/workspace/data/raw/ffpp/FaceForensics++_C23/FaceSwap/358_380.mp4,ffpp_FaceSwap
FaceSwap_359_317,train,fake,/workspace/data/raw/ffpp/FaceForensics++_C23/FaceSwap/359_317.mp4,ffpp_FaceSwap
FaceSwap_360_437,train,fake,/workspace/data/raw/ffpp/FaceForensics++_C23/FaceSwap/360_437.mp4,ffpp_FaceSwap
FaceSwap_361_448,train,fake,/workspace/data/raw/ffpp/FaceForensics++_C23/FaceSwap/361_448.mp4,ffpp_FaceSwap
FaceSwap_362_354,val,fake,/workspace/data/raw/ffpp/FaceForensics++_C23/FaceSwap/362_354.mp4,ffpp_FaceSwap
FaceSwap_363_343,train,fake,/workspace/data/raw/ffpp/FaceForensics++_C23/FaceSwap/363_343.mp4,ffpp_FaceSwap
FaceSwap_364_440,val,fake,/workspace/data/raw/ffpp/FaceForensics++_C23/FaceSwap/364_440.mp4,ffpp_FaceSwap
FaceSwap_365_307,train,fake,/workspace/data/raw/ffpp/FaceForensics++_C23/FaceSwap/365_307.mp4,ffpp_FaceSwap
FaceSwap_366_473,train,fake,/workspace/data/raw/ffpp/FaceForensics++_C23/FaceSwap/366_473.mp4,ffpp_FaceSwap
FaceSwap_367_371,test,fake,/workspace/data/raw/ffpp/FaceForensics++_C23/FaceSwap/367_371.mp4,ffpp_FaceSwap
FaceSwap_368_378,train,fake,/workspace/data/raw/ffpp/FaceForensics++_C23/FaceSwap/368_378.mp4,ffpp_FaceSwap
FaceSwap_369_316,val,fake,/workspace/data/raw/ffpp/FaceForensics++_C23/FaceSwap/369_316.mp4,ffpp_FaceSwap
FaceSwap_370_483,val,fake,/workspace/data/raw/ffpp/FaceForensics++_C23/FaceSwap/370_483.mp4,ffpp_FaceSwap
FaceSwap_371_367,test,fake,/workspace/data/raw/ffpp/FaceForensics++_C23/FaceSwap/371_367.mp4,ffpp_FaceSwap
FaceSwap_372_413,train,fake,/workspace/data/raw/ffpp/FaceForensics++_C23/FaceSwap/372_413.mp4,ffpp_FaceSwap
FaceSwap_373_394,train,fake,/workspace/data/raw/ffpp/FaceForensics++_C23/FaceSwap/373_394.mp4,ffpp_FaceSwap
FaceSwap_374_407,train,fake,/workspace/data/raw/ffpp/FaceForensics++_C23/FaceSwap/374_407.mp4,ffpp_FaceSwap
FaceSwap_375_251,train,fake,/workspace/data/raw/ffpp/FaceForensics++_C23/FaceSwap/375_251.mp4,ffpp_FaceSwap
FaceSwap_376_381,test,fake,/workspace/data/raw/ffpp/FaceForensics++_C23/FaceSwap/376_381.mp4,ffpp_FaceSwap
FaceSwap_377_333,train,fake,/workspace/data/raw/ffpp/FaceForensics++_C23/FaceSwap/377_333.mp4,ffpp_FaceSwap
FaceSwap_378_368,train,fake,/workspace/data/raw/ffpp/FaceForensics++_C23/FaceSwap/378_368.mp4,ffpp_FaceSwap
FaceSwap_379_158,test,fake,/workspace/data/raw/ffpp/FaceForensics++_C23/FaceSwap/379_158.mp4,ffpp_FaceSwap
FaceSwap_380_358,test,fake,/workspace/data/raw/ffpp/FaceForensics++_C23/FaceSwap/380_358.mp4,ffpp_FaceSwap
FaceSwap_381_376,test,fake,/workspace/data/raw/ffpp/FaceForensics++_C23/FaceSwap/381_376.mp4,ffpp_FaceSwap
FaceSwap_382_409,train,fake,/workspace/data/raw/ffpp/FaceForensics++_C23/FaceSwap/382_409.mp4,ffpp_FaceSwap
FaceSwap_383_353,train,fake,/workspace/data/raw/ffpp/FaceForensics++_C23/FaceSwap/383_353.mp4,ffpp_FaceSwap
FaceSwap_384_932,test,fake,/workspace/data/raw/ffpp/FaceForensics++_C23/FaceSwap/384_932.mp4,ffpp_FaceSwap
FaceSwap_385_414,train,fake,/workspace/data/raw/ffpp/FaceForensics++_C23/FaceSwap/385_414.mp4,ffpp_FaceSwap
FaceSwap_386_154,test,fake,/workspace/data/raw/ffpp/FaceForensics++_C23/FaceSwap/386_154.mp4,ffpp_FaceSwap
FaceSwap_387_311,train,fake,/workspace/data/raw/ffpp/FaceForensics++_C23/FaceSwap/387_311.mp4,ffpp_FaceSwap
FaceSwap_388_308,test,fake,/workspace/data/raw/ffpp/FaceForensics++_C23/FaceSwap/388_308.mp4,ffpp_FaceSwap
FaceSwap_389_480,test,fake,/workspace/data/raw/ffpp/FaceForensics++_C23/FaceSwap/389_480.mp4,ffpp_FaceSwap
FaceSwap_390_709,train,fake,/workspace/data/raw/ffpp/FaceForensics++_C23/FaceSwap/390_709.mp4,ffpp_FaceSwap
FaceSwap_391_406,train,fake,/workspace/data/raw/ffpp/FaceForensics++_C23/FaceSwap/391_406.mp4,ffpp_FaceSwap
FaceSwap_392_339,train,fake,/workspace/data/raw/ffpp/FaceForensics++_C23/FaceSwap/392_339.mp4,ffpp_FaceSwap
FaceSwap_393_405,train,fake,/workspace/data/raw/ffpp/FaceForensics++_C23/FaceSwap/393_405.mp4,ffpp_FaceSwap
FaceSwap_394_373,train,fake,/workspace/data/raw/ffpp/FaceForensics++_C23/FaceSwap/394_373.mp4,ffpp_FaceSwap
FaceSwap_395_401,train,fake,/workspace/data/raw/ffpp/FaceForensics++_C23/FaceSwap/395_401.mp4,ffpp_FaceSwap
FaceSwap_396_272,train,fake,/workspace/data/raw/ffpp/FaceForensics++_C23/FaceSwap/396_272.mp4,ffpp_FaceSwap
FaceSwap_397_602,train,fake,/workspace/data/raw/ffpp/FaceForensics++_C23/FaceSwap/397_602.mp4,ffpp_FaceSwap
FaceSwap_398_457,train,fake,/workspace/data/raw/ffpp/FaceForensics++_C23/FaceSwap/398_457.mp4,ffpp_FaceSwap
FaceSwap_399_488,test,fake,/workspace/data/raw/ffpp/FaceForensics++_C23/FaceSwap/399_488.mp4,ffpp_FaceSwap
FaceSwap_400_476,train,fake,/workspace/data/raw/ffpp/FaceForensics++_C23/FaceSwap/400_476.mp4,ffpp_FaceSwap
FaceSwap_401_395,train,fake,/workspace/data/raw/ffpp/FaceForensics++_C23/FaceSwap/401_395.mp4,ffpp_FaceSwap
FaceSwap_402_453,val,fake,/workspace/data/raw/ffpp/FaceForensics++_C23/FaceSwap/402_453.mp4,ffpp_FaceSwap
FaceSwap_403_497,train,fake,/workspace/data/raw/ffpp/FaceForensics++_C23/FaceSwap/403_497.mp4,ffpp_FaceSwap
FaceSwap_404_429,test,fake,/workspace/data/raw/ffpp/FaceForensics++_C23/FaceSwap/404_429.mp4,ffpp_FaceSwap
FaceSwap_405_393,train,fake,/workspace/data/raw/ffpp/FaceForensics++_C23/FaceSwap/405_393.mp4,ffpp_FaceSwap
FaceSwap_406_391,train,fake,/workspace/data/raw/ffpp/FaceForensics++_C23/FaceSwap/406_391.mp4,ffpp_FaceSwap
FaceSwap_407_374,train,fake,/workspace/data/raw/ffpp/FaceForensics++_C23/FaceSwap/407_374.mp4,ffpp_FaceSwap
FaceSwap_408_424,train,fake,/workspace/data/raw/ffpp/FaceForensics++_C23/FaceSwap/408_424.mp4,ffpp_FaceSwap
FaceSwap_409_382,train,fake,/workspace/data/raw/ffpp/FaceForensics++_C23/FaceSwap/409_382.mp4,ffpp_FaceSwap
FaceSwap_410_411,train,fake,/workspace/data/raw/ffpp/FaceForensics++_C23/FaceSwap/410_411.mp4,ffpp_FaceSwap
FaceSwap_411_410,train,fake,/workspace/data/raw/ffpp/FaceForensics++_C23/FaceSwap/411_410.mp4,ffpp_FaceSwap
FaceSwap_412_274,train,fake,/workspace/data/raw/ffpp/FaceForensics++_C23/FaceSwap/412_274.mp4,ffpp_FaceSwap
FaceSwap_413_372,train,fake,/workspace/data/raw/ffpp/FaceForensics++_C23/FaceSwap/413_372.mp4,ffpp_FaceSwap
FaceSwap_414_385,train,fake,/workspace/data/raw/ffpp/FaceForensics++_C23/FaceSwap/414_385.mp4,ffpp_FaceSwap
FaceSwap_415_484,train,fake,/workspace/data/raw/ffpp/FaceForensics++_C23/FaceSwap/415_484.mp4,ffpp_FaceSwap
FaceSwap_416_342,val,fake,/workspace/data/raw/ffpp/FaceForensics++_C23/FaceSwap/416_342.mp4,ffpp_FaceSwap
FaceSwap_417_496,train,fake,/workspace/data/raw/ffpp/FaceForensics++_C23/FaceSwap/417_496.mp4,ffpp_FaceSwap
FaceSwap_418_507,test,fake,/workspace/data/raw/ffpp/FaceForensics++_C23/FaceSwap/418_507.mp4,ffpp_FaceSwap
FaceSwap_419_824,val,fake,/workspace/data/raw/ffpp/FaceForensics++_C23/FaceSwap/419_824.mp4,ffpp_FaceSwap
FaceSwap_420_257,test,fake,/workspace/data/raw/ffpp/FaceForensics++_C23/FaceSwap/420_257.mp4,ffpp_FaceSwap
FaceSwap_421_423,test,fake,/workspace/data/raw/ffpp/FaceForensics++_C23/FaceSwap/421_423.mp4,ffpp_FaceSwap
FaceSwap_422_695,test,fake,/workspace/data/raw/ffpp/FaceForensics++_C23/FaceSwap/422_695.mp4,ffpp_FaceSwap
FaceSwap_423_421,test,fake,/workspace/data/raw/ffpp/FaceForensics++_C23/FaceSwap/423_421.mp4,ffpp_FaceSwap
FaceSwap_424_408,train,fake,/workspace/data/raw/ffpp/FaceForensics++_C23/FaceSwap/424_408.mp4,ffpp_FaceSwap
FaceSwap_425_485,test,fake,/workspace/data/raw/ffpp/FaceForensics++_C23/FaceSwap/425_485.mp4,ffpp_FaceSwap
FaceSwap_426_287,train,fake,/workspace/data/raw/ffpp/FaceForensics++_C23/FaceSwap/426_287.mp4,ffpp_FaceSwap
FaceSwap_427_637,train,fake,/workspace/data/raw/ffpp/FaceForensics++_C23/FaceSwap/427_637.mp4,ffpp_FaceSwap
FaceSwap_428_466,train,fake,/workspace/data/raw/ffpp/FaceForensics++_C23/FaceSwap/428_466.mp4,ffpp_FaceSwap
FaceSwap_429_404,test,fake,/workspace/data/raw/ffpp/FaceForensics++_C23/FaceSwap/429_404.mp4,ffpp_FaceSwap
FaceSwap_430_459,train,fake,/workspace/data/raw/ffpp/FaceForensics++_C23/FaceSwap/430_459.mp4,ffpp_FaceSwap
FaceSwap_431_447,train,fake,/workspace/data/raw/ffpp/FaceForensics++_C23/FaceSwap/431_447.mp4,ffpp_FaceSwap
FaceSwap_432_357,train,fake,/workspace/data/raw/ffpp/FaceForensics++_C23/FaceSwap/432_357.mp4,ffpp_FaceSwap
FaceSwap_433_498,train,fake,/workspace/data/raw/ffpp/FaceForensics++_C23/FaceSwap/433_498.mp4,ffpp_FaceSwap
FaceSwap_434_438,train,fake,/workspace/data/raw/ffpp/FaceForensics++_C23/FaceSwap/434_438.mp4,ffpp_FaceSwap
FaceSwap_435_456,train,fake,/workspace/data/raw/ffpp/FaceForensics++_C23/FaceSwap/435_456.mp4,ffpp_FaceSwap
FaceSwap_436_526,train,fake,/workspace/data/raw/ffpp/FaceForensics++_C23/FaceSwap/436_526.mp4,ffpp_FaceSwap
FaceSwap_437_360,train,fake,/workspace/data/raw/ffpp/FaceForensics++_C23/FaceSwap/437_360.mp4,ffpp_FaceSwap
FaceSwap_438_434,train,fake,/workspace/data/raw/ffpp/FaceForensics++_C23/FaceSwap/438_434.mp4,ffpp_FaceSwap
FaceSwap_439_441,train,fake,/workspace/data/raw/ffpp/FaceForensics++_C23/FaceSwap/439_441.mp4,ffpp_FaceSwap
FaceSwap_440_364,val,fake,/workspace/data/raw/ffpp/FaceForensics++_C23/FaceSwap/440_364.mp4,ffpp_FaceSwap
FaceSwap_441_439,train,fake,/workspace/data/raw/ffpp/FaceForensics++_C23/FaceSwap/441_439.mp4,ffpp_FaceSwap
FaceSwap_442_195,train,fake,/workspace/data/raw/ffpp/FaceForensics++_C23/FaceSwap/442_195.mp4,ffpp_FaceSwap
FaceSwap_443_514,val,fake,/workspace/data/raw/ffpp/FaceForensics++_C23/FaceSwap/443_514.mp4,ffpp_FaceSwap
FaceSwap_444_655,train,fake,/workspace/data/raw/ffpp/FaceForensics++_C23/FaceSwap/444_655.mp4,ffpp_FaceSwap
FaceSwap_445_494,test,fake,/workspace/data/raw/ffpp/FaceForensics++_C23/FaceSwap/445_494.mp4,ffpp_FaceSwap
FaceSwap_446_667,train,fake,/workspace/data/raw/ffpp/FaceForensics++_C23/FaceSwap/446_667.mp4,ffpp_FaceSwap
FaceSwap_447_431,train,fake,/workspace/data/raw/ffpp/FaceForensics++_C23/FaceSwap/447_431.mp4,ffpp_FaceSwap
FaceSwap_448_361,train,fake,/workspace/data/raw/ffpp/FaceForensics++_C23/FaceSwap/448_361.mp4,ffpp_FaceSwap
FaceSwap_449_451,train,fake,/workspace/data/raw/ffpp/FaceForensics++_C23/FaceSwap/449_451.mp4,ffpp_FaceSwap
FaceSwap_450_533,train,fake,/workspace/data/raw/ffpp/FaceForensics++_C23/FaceSwap/450_533.mp4,ffpp_FaceSwap
FaceSwap_451_449,train,fake,/workspace/data/raw/ffpp/FaceForensics++_C23/FaceSwap/451_449.mp4,ffpp_FaceSwap
FaceSwap_452_550,test,fake,/workspace/data/raw/ffpp/FaceForensics++_C23/FaceSwap/452_550.mp4,ffpp_FaceSwap
FaceSwap_453_402,val,fake,/workspace/data/raw/ffpp/FaceForensics++_C23/FaceSwap/453_402.mp4,ffpp_FaceSwap
FaceSwap_454_527,test,fake,/workspace/data/raw/ffpp/FaceForensics++_C23/FaceSwap/454_527.mp4,ffpp_FaceSwap
FaceSwap_455_471,val,fake,/workspace/data/raw/ffpp/FaceForensics++_C23/FaceSwap/455_471.mp4,ffpp_FaceSwap
FaceSwap_456_435,train,fake,/workspace/data/raw/ffpp/FaceForensics++_C23/FaceSwap/456_435.mp4,ffpp_FaceSwap
FaceSwap_457_398,train,fake,/workspace/data/raw/ffpp/FaceForensics++_C23/FaceSwap/457_398.mp4,ffpp_FaceSwap
FaceSwap_458_722,train,fake,/workspace/data/raw/ffpp/FaceForensics++_C23/FaceSwap/458_722.mp4,ffpp_FaceSwap
FaceSwap_459_430,train,fake,/workspace/data/raw/ffpp/FaceForensics++_C23/FaceSwap/459_430.mp4,ffpp_FaceSwap
FaceSwap_460_678,train,fake,/workspace/data/raw/ffpp/FaceForensics++_C23/FaceSwap/460_678.mp4,ffpp_FaceSwap
FaceSwap_461_250,train,fake,/workspace/data/raw/ffpp/FaceForensics++_C23/FaceSwap/461_250.mp4,ffpp_FaceSwap
FaceSwap_462_467,test,fake,/workspace/data/raw/ffpp/FaceForensics++_C23/FaceSwap/462_467.mp4,ffpp_FaceSwap
FaceSwap_463_464,train,fake,/workspace/data/raw/ffpp/FaceForensics++_C23/FaceSwap/463_464.mp4,ffpp_FaceSwap
FaceSwap_464_463,train,fake,/workspace/data/raw/ffpp/FaceForensics++_C23/FaceSwap/464_463.mp4,ffpp_FaceSwap
FaceSwap_465_482,val,fake,/workspace/data/raw/ffpp/FaceForensics++_C23/FaceSwap/465_482.mp4,ffpp_FaceSwap
FaceSwap_466_428,train,fake,/workspace/data/raw/ffpp/FaceForensics++_C23/FaceSwap/466_428.mp4,ffpp_FaceSwap
FaceSwap_467_462,test,fake,/workspace/data/raw/ffpp/FaceForensics++_C23/FaceSwap/467_462.mp4,ffpp_FaceSwap
FaceSwap_468_470,val,fake,/workspace/data/raw/ffpp/FaceForensics++_C23/FaceSwap/468_470.mp4,ffpp_FaceSwap
FaceSwap_469_481,train,fake,/workspace/data/raw/ffpp/FaceForensics++_C23/FaceSwap/469_481.mp4,ffpp_FaceSwap
FaceSwap_470_468,val,fake,/workspace/data/raw/ffpp/FaceForensics++_C23/FaceSwap/470_468.mp4,ffpp_FaceSwap
FaceSwap_471_455,val,fake,/workspace/data/raw/ffpp/FaceForensics++_C23/FaceSwap/471_455.mp4,ffpp_FaceSwap
FaceSwap_472_511,val,fake,/workspace/data/raw/ffpp/FaceForensics++_C23/FaceSwap/472_511.mp4,ffpp_FaceSwap
FaceSwap_473_366,train,fake,/workspace/data/raw/ffpp/FaceForensics++_C23/FaceSwap/473_366.mp4,ffpp_FaceSwap
FaceSwap_474_281,train,fake,/workspace/data/raw/ffpp/FaceForensics++_C23/FaceSwap/474_281.mp4,ffpp_FaceSwap
FaceSwap_475_265,train,fake,/workspace/data/raw/ffpp/FaceForensics++_C23/FaceSwap/475_265.mp4,ffpp_FaceSwap
FaceSwap_476_400,train,fake,/workspace/data/raw/ffpp/FaceForensics++_C23/FaceSwap/476_400.mp4,ffpp_FaceSwap
FaceSwap_477_487,train,fake,/workspace/data/raw/ffpp/FaceForensics++_C23/FaceSwap/477_487.mp4,ffpp_FaceSwap
FaceSwap_478_506,train,fake,/workspace/data/raw/ffpp/FaceForensics++_C23/FaceSwap/478_506.mp4,ffpp_FaceSwap
FaceSwap_479_706,test,fake,/workspace/data/raw/ffpp/FaceForensics++_C23/FaceSwap/479_706.mp4,ffpp_FaceSwap
FaceSwap_480_389,test,fake,/workspace/data/raw/ffpp/FaceForensics++_C23/FaceSwap/480_389.mp4,ffpp_FaceSwap
FaceSwap_481_469,train,fake,/workspace/data/raw/ffpp/FaceForensics++_C23/FaceSwap/481_469.mp4,ffpp_FaceSwap
FaceSwap_482_465,val,fake,/workspace/data/raw/ffpp/FaceForensics++_C23/FaceSwap/482_465.mp4,ffpp_FaceSwap
FaceSwap_483_370,val,fake,/workspace/data/raw/ffpp/FaceForensics++_C23/FaceSwap/483_370.mp4,ffpp_FaceSwap
FaceSwap_484_415,train,fake,/workspace/data/raw/ffpp/FaceForensics++_C23/FaceSwap/484_415.mp4,ffpp_FaceSwap
FaceSwap_485_425,test,fake,/workspace/data/raw/ffpp/FaceForensics++_C23/FaceSwap/485_425.mp4,ffpp_FaceSwap
FaceSwap_486_680,train,fake,/workspace/data/raw/ffpp/FaceForensics++_C23/FaceSwap/486_680.mp4,ffpp_FaceSwap
FaceSwap_487_477,train,fake,/workspace/data/raw/ffpp/FaceForensics++_C23/FaceSwap/487_477.mp4,ffpp_FaceSwap
FaceSwap_488_399,test,fake,/workspace/data/raw/ffpp/FaceForensics++_C23/FaceSwap/488_399.mp4,ffpp_FaceSwap
FaceSwap_489_022,train,fake,/workspace/data/raw/ffpp/FaceForensics++_C23/FaceSwap/489_022.mp4,ffpp_FaceSwap
FaceSwap_490_534,train,fake,/workspace/data/raw/ffpp/FaceForensics++_C23/FaceSwap/490_534.mp4,ffpp_FaceSwap
FaceSwap_491_226,train,fake,/workspace/data/raw/ffpp/FaceForensics++_C23/FaceSwap/491_226.mp4,ffpp_FaceSwap
FaceSwap_492_325,val,fake,/workspace/data/raw/ffpp/FaceForensics++_C23/FaceSwap/492_325.mp4,ffpp_FaceSwap
FaceSwap_493_538,val,fake,/workspace/data/raw/ffpp/FaceForensics++_C23/FaceSwap/493_538.mp4,ffpp_FaceSwap
FaceSwap_494_445,test,fake,/workspace/data/raw/ffpp/FaceForensics++_C23/FaceSwap/494_445.mp4,ffpp_FaceSwap
FaceSwap_495_512,train,fake,/workspace/data/raw/ffpp/FaceForensics++_C23/FaceSwap/495_512.mp4,ffpp_FaceSwap
FaceSwap_496_417,train,fake,/workspace/data/raw/ffpp/FaceForensics++_C23/FaceSwap/496_417.mp4,ffpp_FaceSwap
FaceSwap_497_403,train,fake,/workspace/data/raw/ffpp/FaceForensics++_C23/FaceSwap/497_403.mp4,ffpp_FaceSwap
FaceSwap_498_433,train,fake,/workspace/data/raw/ffpp/FaceForensics++_C23/FaceSwap/498_433.mp4,ffpp_FaceSwap
FaceSwap_499_539,train,fake,/workspace/data/raw/ffpp/FaceForensics++_C23/FaceSwap/499_539.mp4,ffpp_FaceSwap
FaceSwap_500_592,train,fake,/workspace/data/raw/ffpp/FaceForensics++_C23/FaceSwap/500_592.mp4,ffpp_FaceSwap
FaceSwap_501_326,train,fake,/workspace/data/raw/ffpp/FaceForensics++_C23/FaceSwap/501_326.mp4,ffpp_FaceSwap
FaceSwap_502_504,train,fake,/workspace/data/raw/ffpp/FaceForensics++_C23/FaceSwap/502_504.mp4,ffpp_FaceSwap
FaceSwap_503_756,train,fake,/workspace/data/raw/ffpp/FaceForensics++_C23/FaceSwap/503_756.mp4,ffpp_FaceSwap
FaceSwap_504_502,train,fake,/workspace/data/raw/ffpp/FaceForensics++_C23/FaceSwap/504_502.mp4,ffpp_FaceSwap
FaceSwap_505_600,train,fake,/workspace/data/raw/ffpp/FaceForensics++_C23/FaceSwap/505_600.mp4,ffpp_FaceSwap
FaceSwap_506_478,train,fake,/workspace/data/raw/ffpp/FaceForensics++_C23/FaceSwap/506_478.mp4,ffpp_FaceSwap
FaceSwap_507_418,test,fake,/workspace/data/raw/ffpp/FaceForensics++_C23/FaceSwap/507_418.mp4,ffpp_FaceSwap
FaceSwap_508_831,train,fake,/workspace/data/raw/ffpp/FaceForensics++_C23/FaceSwap/508_831.mp4,ffpp_FaceSwap
FaceSwap_509_525,train,fake,/workspace/data/raw/ffpp/FaceForensics++_C23/FaceSwap/509_525.mp4,ffpp_FaceSwap
FaceSwap_510_528,train,fake,/workspace/data/raw/ffpp/FaceForensics++_C23/FaceSwap/510_528.mp4,ffpp_FaceSwap
FaceSwap_511_472,val,fake,/workspace/data/raw/ffpp/FaceForensics++_C23/FaceSwap/511_472.mp4,ffpp_FaceSwap
FaceSwap_512_495,train,fake,/workspace/data/raw/ffpp/FaceForensics++_C23/FaceSwap/512_495.mp4,ffpp_FaceSwap
FaceSwap_513_305,train,fake,/workspace/data/raw/ffpp/FaceForensics++_C23/FaceSwap/513_305.mp4,ffpp_FaceSwap
FaceSwap_514_443,val,fake,/workspace/data/raw/ffpp/FaceForensics++_C23/FaceSwap/514_443.mp4,ffpp_FaceSwap
FaceSwap_515_519,train,fake,/workspace/data/raw/ffpp/FaceForensics++_C23/FaceSwap/515_519.mp4,ffpp_FaceSwap
FaceSwap_516_555,train,fake,/workspace/data/raw/ffpp/FaceForensics++_C23/FaceSwap/516_555.mp4,ffpp_FaceSwap
FaceSwap_517_521,test,fake,/workspace/data/raw/ffpp/FaceForensics++_C23/FaceSwap/517_521.mp4,ffpp_FaceSwap
FaceSwap_518_131,train,fake,/workspace/data/raw/ffpp/FaceForensics++_C23/FaceSwap/518_131.mp4,ffpp_FaceSwap
FaceSwap_519_515,train,fake,/workspace/data/raw/ffpp/FaceForensics++_C23/FaceSwap/519_515.mp4,ffpp_FaceSwap
FaceSwap_520_542,train,fake,/workspace/data/raw/ffpp/FaceForensics++_C23/FaceSwap/520_542.mp4,ffpp_FaceSwap
FaceSwap_521_517,test,fake,/workspace/data/raw/ffpp/FaceForensics++_C23/FaceSwap/521_517.mp4,ffpp_FaceSwap
FaceSwap_522_337,train,fake,/workspace/data/raw/ffpp/FaceForensics++_C23/FaceSwap/522_337.mp4,ffpp_FaceSwap
FaceSwap_523_541,train,fake,/workspace/data/raw/ffpp/FaceForensics++_C23/FaceSwap/523_541.mp4,ffpp_FaceSwap
FaceSwap_524_580,train,fake,/workspace/data/raw/ffpp/FaceForensics++_C23/FaceSwap/524_580.mp4,ffpp_FaceSwap
FaceSwap_525_509,train,fake,/workspace/data/raw/ffpp/FaceForensics++_C23/FaceSwap/525_509.mp4,ffpp_FaceSwap
FaceSwap_526_436,train,fake,/workspace/data/raw/ffpp/FaceForensics++_C23/FaceSwap/526_436.mp4,ffpp_FaceSwap
FaceSwap_527_454,test,fake,/workspace/data/raw/ffpp/FaceForensics++_C23/FaceSwap/527_454.mp4,ffpp_FaceSwap
FaceSwap_528_510,train,fake,/workspace/data/raw/ffpp/FaceForensics++_C23/FaceSwap/528_510.mp4,ffpp_FaceSwap
FaceSwap_529_633,test,fake,/workspace/data/raw/ffpp/FaceForensics++_C23/FaceSwap/529_633.mp4,ffpp_FaceSwap
FaceSwap_530_594,train,fake,/workspace/data/raw/ffpp/FaceForensics++_C23/FaceSwap/530_594.mp4,ffpp_FaceSwap
FaceSwap_531_549,train,fake,/workspace/data/raw/ffpp/FaceForensics++_C23/FaceSwap/531_549.mp4,ffpp_FaceSwap
FaceSwap_532_544,train,fake,/workspace/data/raw/ffpp/FaceForensics++_C23/FaceSwap/532_544.mp4,ffpp_FaceSwap
FaceSwap_533_450,train,fake,/workspace/data/raw/ffpp/FaceForensics++_C23/FaceSwap/533_450.mp4,ffpp_FaceSwap
FaceSwap_534_490,train,fake,/workspace/data/raw/ffpp/FaceForensics++_C23/FaceSwap/534_490.mp4,ffpp_FaceSwap
FaceSwap_535_587,train,fake,/workspace/data/raw/ffpp/FaceForensics++_C23/FaceSwap/535_587.mp4,ffpp_FaceSwap
FaceSwap_536_540,train,fake,/workspace/data/raw/ffpp/FaceForensics++_C23/FaceSwap/536_540.mp4,ffpp_FaceSwap
FaceSwap_537_563,train,fake,/workspace/data/raw/ffpp/FaceForensics++_C23/FaceSwap/537_563.mp4,ffpp_FaceSwap
FaceSwap_538_493,val,fake,/workspace/data/raw/ffpp/FaceForensics++_C23/FaceSwap/538_493.mp4,ffpp_FaceSwap
FaceSwap_539_499,train,fake,/workspace/data/raw/ffpp/FaceForensics++_C23/FaceSwap/539_499.mp4,ffpp_FaceSwap
FaceSwap_540_536,train,fake,/workspace/data/raw/ffpp/FaceForensics++_C23/FaceSwap/540_536.mp4,ffpp_FaceSwap
FaceSwap_541_523,train,fake,/workspace/data/raw/ffpp/FaceForensics++_C23/FaceSwap/541_523.mp4,ffpp_FaceSwap
FaceSwap_542_520,train,fake,/workspace/data/raw/ffpp/FaceForensics++_C23/FaceSwap/542_520.mp4,ffpp_FaceSwap
FaceSwap_543_559,train,fake,/workspace/data/raw/ffpp/FaceForensics++_C23/FaceSwap/543_559.mp4,ffpp_FaceSwap
FaceSwap_544_532,train,fake,/workspace/data/raw/ffpp/FaceForensics++_C23/FaceSwap/544_532.mp4,ffpp_FaceSwap
FaceSwap_545_553,train,fake,/workspace/data/raw/ffpp/FaceForensics++_C23/FaceSwap/545_553.mp4,ffpp_FaceSwap
FaceSwap_546_621,train,fake,/workspace/data/raw/ffpp/FaceForensics++_C23/FaceSwap/546_621.mp4,ffpp_FaceSwap
FaceSwap_547_574,train,fake,/workspace/data/raw/ffpp/FaceForensics++_C23/FaceSwap/547_574.mp4,ffpp_FaceSwap
FaceSwap_548_632,val,fake,/workspace/data/raw/ffpp/FaceForensics++_C23/FaceSwap/548_632.mp4,ffpp_FaceSwap
FaceSwap_549_531,train,fake,/workspace/data/raw/ffpp/FaceForensics++_C23/FaceSwap/549_531.mp4,ffpp_FaceSwap
FaceSwap_550_452,test,fake,/workspace/data/raw/ffpp/FaceForensics++_C23/FaceSwap/550_452.mp4,ffpp_FaceSwap
FaceSwap_551_631,train,fake,/workspace/data/raw/ffpp/FaceForensics++_C23/FaceSwap/551_631.mp4,ffpp_FaceSwap
FaceSwap_552_851,test,fake,/workspace/data/raw/ffpp/FaceForensics++_C23/FaceSwap/552_851.mp4,ffpp_FaceSwap
FaceSwap_553_545,train,fake,/workspace/data/raw/ffpp/FaceForensics++_C23/FaceSwap/553_545.mp4,ffpp_FaceSwap
FaceSwap_554_572,train,fake,/workspace/data/raw/ffpp/FaceForensics++_C23/FaceSwap/554_572.mp4,ffpp_FaceSwap
FaceSwap_555_516,train,fake,/workspace/data/raw/ffpp/FaceForensics++_C23/FaceSwap/555_516.mp4,ffpp_FaceSwap
FaceSwap_556_588,train,fake,/workspace/data/raw/ffpp/FaceForensics++_C23/FaceSwap/556_588.mp4,ffpp_FaceSwap
FaceSwap_557_560,val,fake,/workspace/data/raw/ffpp/FaceForensics++_C23/FaceSwap/557_560.mp4,ffpp_FaceSwap
FaceSwap_558_583,val,fake,/workspace/data/raw/ffpp/FaceForensics++_C23/FaceSwap/558_583.mp4,ffpp_FaceSwap
FaceSwap_559_543,train,fake,/workspace/data/raw/ffpp/FaceForensics++_C23/FaceSwap/559_543.mp4,ffpp_FaceSwap
FaceSwap_560_557,val,fake,/workspace/data/raw/ffpp/FaceForensics++_C23/FaceSwap/560_557.mp4,ffpp_FaceSwap
FaceSwap_561_998,train,fake,/workspace/data/raw/ffpp/FaceForensics++_C23/FaceSwap/561_998.mp4,ffpp_FaceSwap
FaceSwap_562_626,train,fake,/workspace/data/raw/ffpp/FaceForensics++_C23/FaceSwap/562_626.mp4,ffpp_FaceSwap
FaceSwap_563_537,train,fake,/workspace/data/raw/ffpp/FaceForensics++_C23/FaceSwap/563_537.mp4,ffpp_FaceSwap
FaceSwap_564_971,val,fake,/workspace/data/raw/ffpp/FaceForensics++_C23/FaceSwap/564_971.mp4,ffpp_FaceSwap
FaceSwap_565_589,val,fake,/workspace/data/raw/ffpp/FaceForensics++_C23/FaceSwap/565_589.mp4,ffpp_FaceSwap
FaceSwap_566_617,val,fake,/workspace/data/raw/ffpp/FaceForensics++_C23/FaceSwap/566_617.mp4,ffpp_FaceSwap
FaceSwap_567_606,val,fake,/workspace/data/raw/ffpp/FaceForensics++_C23/FaceSwap/567_606.mp4,ffpp_FaceSwap
FaceSwap_568_628,train,fake,/workspace/data/raw/ffpp/FaceForensics++_C23/FaceSwap/568_628.mp4,ffpp_FaceSwap
FaceSwap_569_921,train,fake,/workspace/data/raw/ffpp/FaceForensics++_C23/FaceSwap/569_921.mp4,ffpp_FaceSwap
FaceSwap_570_624,train,fake,/workspace/data/raw/ffpp/FaceForensics++_C23/FaceSwap/570_624.mp4,ffpp_FaceSwap
FaceSwap_571_746,val,fake,/workspace/data/raw/ffpp/FaceForensics++_C23/FaceSwap/571_746.mp4,ffpp_FaceSwap
FaceSwap_572_554,train,fake,/workspace/data/raw/ffpp/FaceForensics++_C23/FaceSwap/572_554.mp4,ffpp_FaceSwap
FaceSwap_573_757,train,fake,/workspace/data/raw/ffpp/FaceForensics++_C23/FaceSwap/573_757.mp4,ffpp_FaceSwap
FaceSwap_574_547,train,fake,/workspace/data/raw/ffpp/FaceForensics++_C23/FaceSwap/574_547.mp4,ffpp_FaceSwap
FaceSwap_575_603,train,fake,/workspace/data/raw/ffpp/FaceForensics++_C23/FaceSwap/575_603.mp4,ffpp_FaceSwap
FaceSwap_576_155,train,fake,/workspace/data/raw/ffpp/FaceForensics++_C23/FaceSwap/576_155.mp4,ffpp_FaceSwap
FaceSwap_577_593,train,fake,/workspace/data/raw/ffpp/FaceForensics++_C23/FaceSwap/577_593.mp4,ffpp_FaceSwap
FaceSwap_578_636,train,fake,/workspace/data/raw/ffpp/FaceForensics++_C23/FaceSwap/578_636.mp4,ffpp_FaceSwap
FaceSwap_579_701,test,fake,/workspace/data/raw/ffpp/FaceForensics++_C23/FaceSwap/579_701.mp4,ffpp_FaceSwap
FaceSwap_580_524,train,fake,/workspace/data/raw/ffpp/FaceForensics++_C23/FaceSwap/580_524.mp4,ffpp_FaceSwap
FaceSwap_581_697,train,fake,/workspace/data/raw/ffpp/FaceForensics++_C23/FaceSwap/581_697.mp4,ffpp_FaceSwap
FaceSwap_582_172,train,fake,/workspace/data/raw/ffpp/FaceForensics++_C23/FaceSwap/582_172.mp4,ffpp_FaceSwap
FaceSwap_583_558,val,fake,/workspace/data/raw/ffpp/FaceForensics++_C23/FaceSwap/583_558.mp4,ffpp_FaceSwap
FaceSwap_584_823,val,fake,/workspace/data/raw/ffpp/FaceForensics++_C23/FaceSwap/584_823.mp4,ffpp_FaceSwap
FaceSwap_585_599,val,fake,/workspace/data/raw/ffpp/FaceForensics++_C23/FaceSwap/585_599.mp4,ffpp_FaceSwap
FaceSwap_586_223,val,fake,/workspace/data/raw/ffpp/FaceForensics++_C23/FaceSwap/586_223.mp4,ffpp_FaceSwap
FaceSwap_587_535,train,fake,/workspace/data/raw/ffpp/FaceForensics++_C23/FaceSwap/587_535.mp4,ffpp_FaceSwap
FaceSwap_588_556,train,fake,/workspace/data/raw/ffpp/FaceForensics++_C23/FaceSwap/588_556.mp4,ffpp_FaceSwap
FaceSwap_589_565,val,fake,/workspace/data/raw/ffpp/FaceForensics++_C23/FaceSwap/589_565.mp4,ffpp_FaceSwap
FaceSwap_590_034,train,fake,/workspace/data/raw/ffpp/FaceForensics++_C23/FaceSwap/590_034.mp4,ffpp_FaceSwap
FaceSwap_591_605,train,fake,/workspace/data/raw/ffpp/FaceForensics++_C23/FaceSwap/591_605.mp4,ffpp_FaceSwap
FaceSwap_592_500,train,fake,/workspace/data/raw/ffpp/FaceForensics++_C23/FaceSwap/592_500.mp4,ffpp_FaceSwap
FaceSwap_593_577,train,fake,/workspace/data/raw/ffpp/FaceForensics++_C23/FaceSwap/593_577.mp4,ffpp_FaceSwap
FaceSwap_594_530,train,fake,/workspace/data/raw/ffpp/FaceForensics++_C23/FaceSwap/594_530.mp4,ffpp_FaceSwap
FaceSwap_595_597,val,fake,/workspace/data/raw/ffpp/FaceForensics++_C23/FaceSwap/595_597.mp4,ffpp_FaceSwap
FaceSwap_596_609,train,fake,/workspace/data/raw/ffpp/FaceForensics++_C23/FaceSwap/596_609.mp4,ffpp_FaceSwap
FaceSwap_597_595,val,fake,/workspace/data/raw/ffpp/FaceForensics++_C23/FaceSwap/597_595.mp4,ffpp_FaceSwap
FaceSwap_598_178,train,fake,/workspace/data/raw/ffpp/FaceForensics++_C23/FaceSwap/598_178.mp4,ffpp_FaceSwap
FaceSwap_599_585,val,fake,/workspace/data/raw/ffpp/FaceForensics++_C23/FaceSwap/599_585.mp4,ffpp_FaceSwap
FaceSwap_600_505,train,fake,/workspace/data/raw/ffpp/FaceForensics++_C23/FaceSwap/600_505.mp4,ffpp_FaceSwap
FaceSwap_601_653,train,fake,/workspace/data/raw/ffpp/FaceForensics++_C23/FaceSwap/601_653.mp4,ffpp_FaceSwap
FaceSwap_602_397,train,fake,/workspace/data/raw/ffpp/FaceForensics++_C23/FaceSwap/602_397.mp4,ffpp_FaceSwap
FaceSwap_603_575,train,fake,/workspace/data/raw/ffpp/FaceForensics++_C23/FaceSwap/603_575.mp4,ffpp_FaceSwap
FaceSwap_604_703,train,fake,/workspace/data/raw/ffpp/FaceForensics++_C23/FaceSwap/604_703.mp4,ffpp_FaceSwap
FaceSwap_605_591,train,fake,/workspace/data/raw/ffpp/FaceForensics++_C23/FaceSwap/605_591.mp4,ffpp_FaceSwap
FaceSwap_606_567,val,fake,/workspace/data/raw/ffpp/FaceForensics++_C23/FaceSwap/606_567.mp4,ffpp_FaceSwap
FaceSwap_607_683,test,fake,/workspace/data/raw/ffpp/FaceForensics++_C23/FaceSwap/607_683.mp4,ffpp_FaceSwap
FaceSwap_608_675,test,fake,/workspace/data/raw/ffpp/FaceForensics++_C23/FaceSwap/608_675.mp4,ffpp_FaceSwap
FaceSwap_609_596,train,fake,/workspace/data/raw/ffpp/FaceForensics++_C23/FaceSwap/609_596.mp4,ffpp_FaceSwap
FaceSwap_610_692,train,fake,/workspace/data/raw/ffpp/FaceForensics++_C23/FaceSwap/610_692.mp4,ffpp_FaceSwap
FaceSwap_611_760,train,fake,/workspace/data/raw/ffpp/FaceForensics++_C23/FaceSwap/611_760.mp4,ffpp_FaceSwap
FaceSwap_612_702,val,fake,/workspace/data/raw/ffpp/FaceForensics++_C23/FaceSwap/612_702.mp4,ffpp_FaceSwap
FaceSwap_613_685,train,fake,/workspace/data/raw/ffpp/FaceForensics++_C23/FaceSwap/613_685.mp4,ffpp_FaceSwap
FaceSwap_614_616,train,fake,/workspace/data/raw/ffpp/FaceForensics++_C23/FaceSwap/614_616.mp4,ffpp_FaceSwap
FaceSwap_615_687,train,fake,/workspace/data/raw/ffpp/FaceForensics++_C23/FaceSwap/615_687.mp4,ffpp_FaceSwap
FaceSwap_616_614,train,fake,/workspace/data/raw/ffpp/FaceForensics++_C23/FaceSwap/616_614.mp4,ffpp_FaceSwap
FaceSwap_617_566,val,fake,/workspace/data/raw/ffpp/FaceForensics++_C23/FaceSwap/617_566.mp4,ffpp_FaceSwap
FaceSwap_618_629,train,fake,/workspace/data/raw/ffpp/FaceForensics++_C23/FaceSwap/618_629.mp4,ffpp_FaceSwap
FaceSwap_619_620,train,fake,/workspace/data/raw/ffpp/FaceForensics++_C23/FaceSwap/619_620.mp4,ffpp_FaceSwap
FaceSwap_620_619,train,fake,/workspace/data/raw/ffpp/FaceForensics++_C23/FaceSwap/620_619.mp4,ffpp_FaceSwap
FaceSwap_621_546,train,fake,/workspace/data/raw/ffpp/FaceForensics++_C23/FaceSwap/621_546.mp4,ffpp_FaceSwap
FaceSwap_622_647,val,fake,/workspace/data/raw/ffpp/FaceForensics++_C23/FaceSwap/622_647.mp4,ffpp_FaceSwap
FaceSwap_623_630,test,fake,/workspace/data/raw/ffpp/FaceForensics++_C23/FaceSwap/623_630.mp4,ffpp_FaceSwap
FaceSwap_624_570,train,fake,/workspace/data/raw/ffpp/FaceForensics++_C23/FaceSwap/624_570.mp4,ffpp_FaceSwap
FaceSwap_625_650,test,fake,/workspace/data/raw/ffpp/FaceForensics++_C23/FaceSwap/625_650.mp4,ffpp_FaceSwap
FaceSwap_626_562,train,fake,/workspace/data/raw/ffpp/FaceForensics++_C23/FaceSwap/626_562.mp4,ffpp_FaceSwap
FaceSwap_627_658,train,fake,/workspace/data/raw/ffpp/FaceForensics++_C23/FaceSwap/627_658.mp4,ffpp_FaceSwap
FaceSwap_628_568,train,fake,/workspace/data/raw/ffpp/FaceForensics++_C23/FaceSwap/628_568.mp4,ffpp_FaceSwap
FaceSwap_629_618,train,fake,/workspace/data/raw/ffpp/FaceForensics++_C23/FaceSwap/629_618.mp4,ffpp_FaceSwap
FaceSwap_630_623,test,fake,/workspace/data/raw/ffpp/FaceForensics++_C23/FaceSwap/630_623.mp4,ffpp_FaceSwap
FaceSwap_631_551,train,fake,/workspace/data/raw/ffpp/FaceForensics++_C23/FaceSwap/631_551.mp4,ffpp_FaceSwap
FaceSwap_632_548,val,fake,/workspace/data/raw/ffpp/FaceForensics++_C23/FaceSwap/632_548.mp4,ffpp_FaceSwap
FaceSwap_633_529,test,fake,/workspace/data/raw/ffpp/FaceForensics++_C23/FaceSwap/633_529.mp4,ffpp_FaceSwap
FaceSwap_634_660,test,fake,/workspace/data/raw/ffpp/FaceForensics++_C23/FaceSwap/634_660.mp4,ffpp_FaceSwap
FaceSwap_635_642,train,fake,/workspace/data/raw/ffpp/FaceForensics++_C23/FaceSwap/635_642.mp4,ffpp_FaceSwap
FaceSwap_636_578,train,fake,/workspace/data/raw/ffpp/FaceForensics++_C23/FaceSwap/636_578.mp4,ffpp_FaceSwap
FaceSwap_637_427,train,fake,/workspace/data/raw/ffpp/FaceForensics++_C23/FaceSwap/637_427.mp4,ffpp_FaceSwap
FaceSwap_638_640,val,fake,/workspace/data/raw/ffpp/FaceForensics++_C23/FaceSwap/638_640.mp4,ffpp_FaceSwap
FaceSwap_639_841,train,fake,/workspace/data/raw/ffpp/FaceForensics++_C23/FaceSwap/639_841.mp4,ffpp_FaceSwap
FaceSwap_640_638,val,fake,/workspace/data/raw/ffpp/FaceForensics++_C23/FaceSwap/640_638.mp4,ffpp_FaceSwap
FaceSwap_641_662,train,fake,/workspace/data/raw/ffpp/FaceForensics++_C23/FaceSwap/641_662.mp4,ffpp_FaceSwap
FaceSwap_642_635,train,fake,/workspace/data/raw/ffpp/FaceForensics++_C23/FaceSwap/642_635.mp4,ffpp_FaceSwap
FaceSwap_643_646,train,fake,/workspace/data/raw/ffpp/FaceForensics++_C23/FaceSwap/643_646.mp4,ffpp_FaceSwap
FaceSwap_644_657,train,fake,/workspace/data/raw/ffpp/FaceForensics++_C23/FaceSwap/644_657.mp4,ffpp_FaceSwap
FaceSwap_645_688,train,fake,/workspace/data/raw/ffpp/FaceForensics++_C23/FaceSwap/645_688.mp4,ffpp_FaceSwap
FaceSwap_646_643,train,fake,/workspace/data/raw/ffpp/FaceForensics++_C23/FaceSwap/646_643.mp4,ffpp_FaceSwap
FaceSwap_647_622,val,fake,/workspace/data/raw/ffpp/FaceForensics++_C23/FaceSwap/647_622.mp4,ffpp_FaceSwap
FaceSwap_648_654,train,fake,/workspace/data/raw/ffpp/FaceForensics++_C23/FaceSwap/648_654.mp4,ffpp_FaceSwap
FaceSwap_649_816,val,fake,/workspace/data/raw/ffpp/FaceForensics++_C23/FaceSwap/649_816.mp4,ffpp_FaceSwap
FaceSwap_650_625,test,fake,/workspace/data/raw/ffpp/FaceForensics++_C23/FaceSwap/650_625.mp4,ffpp_FaceSwap
FaceSwap_651_835,train,fake,/workspace/data/raw/ffpp/FaceForensics++_C23/FaceSwap/651_835.mp4,ffpp_FaceSwap
FaceSwap_652_773,train,fake,/workspace/data/raw/ffpp/FaceForensics++_C23/FaceSwap/652_773.mp4,ffpp_FaceSwap
FaceSwap_653_601,train,fake,/workspace/data/raw/ffpp/FaceForensics++_C23/FaceSwap/653_601.mp4,ffpp_FaceSwap
FaceSwap_654_648,train,fake,/workspace/data/raw/ffpp/FaceForensics++_C23/FaceSwap/654_648.mp4,ffpp_FaceSwap
FaceSwap_655_444,train,fake,/workspace/data/raw/ffpp/FaceForensics++_C23/FaceSwap/655_444.mp4,ffpp_FaceSwap
FaceSwap_656_666,val,fake,/workspace/data/raw/ffpp/FaceForensics++_C23/FaceSwap/656_666.mp4,ffpp_FaceSwap
FaceSwap_657_644,train,fake,/workspace/data/raw/ffpp/FaceForensics++_C23/FaceSwap/657_644.mp4,ffpp_FaceSwap
FaceSwap_658_627,train,fake,/workspace/data/raw/ffpp/FaceForensics++_C23/FaceSwap/658_627.mp4,ffpp_FaceSwap
FaceSwap_659_749,train,fake,/workspace/data/raw/ffpp/FaceForensics++_C23/FaceSwap/659_749.mp4,ffpp_FaceSwap
FaceSwap_660_634,test,fake,/workspace/data/raw/ffpp/FaceForensics++_C23/FaceSwap/660_634.mp4,ffpp_FaceSwap
FaceSwap_661_670,test,fake,/workspace/data/raw/ffpp/FaceForensics++_C23/FaceSwap/661_670.mp4,ffpp_FaceSwap
FaceSwap_662_641,train,fake,/workspace/data/raw/ffpp/FaceForensics++_C23/FaceSwap/662_641.mp4,ffpp_FaceSwap
FaceSwap_663_231,train,fake,/workspace/data/raw/ffpp/FaceForensics++_C23/FaceSwap/663_231.mp4,ffpp_FaceSwap
FaceSwap_664_668,val,fake,/workspace/data/raw/ffpp/FaceForensics++_C23/FaceSwap/664_668.mp4,ffpp_FaceSwap
FaceSwap_665_679,train,fake,/workspace/data/raw/ffpp/FaceForensics++_C23/FaceSwap/665_679.mp4,ffpp_FaceSwap
FaceSwap_666_656,val,fake,/workspace/data/raw/ffpp/FaceForensics++_C23/FaceSwap/666_656.mp4,ffpp_FaceSwap
FaceSwap_667_446,train,fake,/workspace/data/raw/ffpp/FaceForensics++_C23/FaceSwap/667_446.mp4,ffpp_FaceSwap
FaceSwap_668_664,val,fake,/workspace/data/raw/ffpp/FaceForensics++_C23/FaceSwap/668_664.mp4,ffpp_FaceSwap
FaceSwap_669_682,test,fake,/workspace/data/raw/ffpp/FaceForensics++_C23/FaceSwap/669_682.mp4,ffpp_FaceSwap
FaceSwap_670_661,test,fake,/workspace/data/raw/ffpp/FaceForensics++_C23/FaceSwap/670_661.mp4,ffpp_FaceSwap
FaceSwap_671_677,train,fake,/workspace/data/raw/ffpp/FaceForensics++_C23/FaceSwap/671_677.mp4,ffpp_FaceSwap
FaceSwap_672_720,val,fake,/workspace/data/raw/ffpp/FaceForensics++_C23/FaceSwap/672_720.mp4,ffpp_FaceSwap
FaceSwap_673_728,train,fake,/workspace/data/raw/ffpp/FaceForensics++_C23/FaceSwap/673_728.mp4,ffpp_FaceSwap
FaceSwap_674_744,train,fake,/workspace/data/raw/ffpp/FaceForensics++_C23/FaceSwap/674_744.mp4,ffpp_FaceSwap
FaceSwap_675_608,test,fake,/workspace/data/raw/ffpp/FaceForensics++_C23/FaceSwap/675_608.mp4,ffpp_FaceSwap
FaceSwap_676_776,train,fake,/workspace/data/raw/ffpp/FaceForensics++_C23/FaceSwap/676_776.mp4,ffpp_FaceSwap
FaceSwap_677_671,train,fake,/workspace/data/raw/ffpp/FaceForensics++_C23/FaceSwap/677_671.mp4,ffpp_FaceSwap
FaceSwap_678_460,train,fake,/workspace/data/raw/ffpp/FaceForensics++_C23/FaceSwap/678_460.mp4,ffpp_FaceSwap
FaceSwap_679_665,train,fake,/workspace/data/raw/ffpp/FaceForensics++_C23/FaceSwap/679_665.mp4,ffpp_FaceSwap
FaceSwap_680_486,train,fake,/workspace/data/raw/ffpp/FaceForensics++_C23/FaceSwap/680_486.mp4,ffpp_FaceSwap
FaceSwap_681_711,train,fake,/workspace/data/raw/ffpp/FaceForensics++_C23/FaceSwap/681_711.mp4,ffpp_FaceSwap
FaceSwap_682_669,test,fake,/workspace/data/raw/ffpp/FaceForensics++_C23/FaceSwap/682_669.mp4,ffpp_FaceSwap
FaceSwap_683_607,test,fake,/workspace/data/raw/ffpp/FaceForensics++_C23/FaceSwap/683_607.mp4,ffpp_FaceSwap
FaceSwap_684_717,train,fake,/workspace/data/raw/ffpp/FaceForensics++_C23/FaceSwap/684_717.mp4,ffpp_FaceSwap
FaceSwap_685_613,train,fake,/workspace/data/raw/ffpp/FaceForensics++_C23/FaceSwap/685_613.mp4,ffpp_FaceSwap
FaceSwap_686_696,train,fake,/workspace/data/raw/ffpp/FaceForensics++_C23/FaceSwap/686_696.mp4,ffpp_FaceSwap
FaceSwap_687_615,train,fake,/workspace/data/raw/ffpp/FaceForensics++_C23/FaceSwap/687_615.mp4,ffpp_FaceSwap
FaceSwap_688_645,train,fake,/workspace/data/raw/ffpp/FaceForensics++_C23/FaceSwap/688_645.mp4,ffpp_FaceSwap
FaceSwap_689_690,train,fake,/workspace/data/raw/ffpp/FaceForensics++_C23/FaceSwap/689_690.mp4,ffpp_FaceSwap
FaceSwap_690_689,train,fake,/workspace/data/raw/ffpp/FaceForensics++_C23/FaceSwap/690_689.mp4,ffpp_FaceSwap
FaceSwap_691_732,test,fake,/workspace/data/raw/ffpp/FaceForensics++_C23/FaceSwap/691_732.mp4,ffpp_FaceSwap
FaceSwap_692_610,train,fake,/workspace/data/raw/ffpp/FaceForensics++_C23/FaceSwap/692_610.mp4,ffpp_FaceSwap
FaceSwap_693_698,train,fake,/workspace/data/raw/ffpp/FaceForensics++_C23/FaceSwap/693_698.mp4,ffpp_FaceSwap
FaceSwap_694_767,train,fake,/workspace/data/raw/ffpp/FaceForensics++_C23/FaceSwap/694_767.mp4,ffpp_FaceSwap
FaceSwap_695_422,test,fake,/workspace/data/raw/ffpp/FaceForensics++_C23/FaceSwap/695_422.mp4,ffpp_FaceSwap
FaceSwap_696_686,train,fake,/workspace/data/raw/ffpp/FaceForensics++_C23/FaceSwap/696_686.mp4,ffpp_FaceSwap
FaceSwap_697_581,train,fake,/workspace/data/raw/ffpp/FaceForensics++_C23/FaceSwap/697_581.mp4,ffpp_FaceSwap
FaceSwap_698_693,train,fake,/workspace/data/raw/ffpp/FaceForensics++_C23/FaceSwap/698_693.mp4,ffpp_FaceSwap
FaceSwap_699_734,train,fake,/workspace/data/raw/ffpp/FaceForensics++_C23/FaceSwap/699_734.mp4,ffpp_FaceSwap
FaceSwap_700_813,train,fake,/workspace/data/raw/ffpp/FaceForensics++_C23/FaceSwap/700_813.mp4,ffpp_FaceSwap
FaceSwap_701_579,test,fake,/workspace/data/raw/ffpp/FaceForensics++_C23/FaceSwap/701_579.mp4,ffpp_FaceSwap
FaceSwap_702_612,val,fake,/workspace/data/raw/ffpp/FaceForensics++_C23/FaceSwap/702_612.mp4,ffpp_FaceSwap
FaceSwap_703_604,train,fake,/workspace/data/raw/ffpp/FaceForensics++_C23/FaceSwap/703_604.mp4,ffpp_FaceSwap
FaceSwap_704_723,train,fake,/workspace/data/raw/ffpp/FaceForensics++_C23/FaceSwap/704_723.mp4,ffpp_FaceSwap
FaceSwap_705_707,test,fake,/workspace/data/raw/ffpp/FaceForensics++_C23/FaceSwap/705_707.mp4,ffpp_FaceSwap
FaceSwap_706_479,test,fake,/workspace/data/raw/ffpp/FaceForensics++_C23/FaceSwap/706_479.mp4,ffpp_FaceSwap
FaceSwap_707_705,test,fake,/workspace/data/raw/ffpp/FaceForensics++_C23/FaceSwap/707_705.mp4,ffpp_FaceSwap
FaceSwap_708_772,train,fake,/workspace/data/raw/ffpp/FaceForensics++_C23/FaceSwap/708_772.mp4,ffpp_FaceSwap
FaceSwap_709_390,train,fake,/workspace/data/raw/ffpp/FaceForensics++_C23/FaceSwap/709_390.mp4,ffpp_FaceSwap
FaceSwap_710_788,train,fake,/workspace/data/raw/ffpp/FaceForensics++_C23/FaceSwap/710_788.mp4,ffpp_FaceSwap
FaceSwap_711_681,train,fake,/workspace/data/raw/ffpp/FaceForensics++_C23/FaceSwap/711_681.mp4,ffpp_FaceSwap
FaceSwap_712_716,train,fake,/workspace/data/raw/ffpp/FaceForensics++_C23/FaceSwap/712_716.mp4,ffpp_FaceSwap
FaceSwap_713_726,train,fake,/workspace/data/raw/ffpp/FaceForensics++_C23/FaceSwap/713_726.mp4,ffpp_FaceSwap
FaceSwap_714_842,test,fake,/workspace/data/raw/ffpp/FaceForensics++_C23/FaceSwap/714_842.mp4,ffpp_FaceSwap
FaceSwap_715_721,train,fake,/workspace/data/raw/ffpp/FaceForensics++_C23/FaceSwap/715_721.mp4,ffpp_FaceSwap
FaceSwap_716_712,train,fake,/workspace/data/raw/ffpp/FaceForensics++_C23/FaceSwap/716_712.mp4,ffpp_FaceSwap
FaceSwap_717_684,train,fake,/workspace/data/raw/ffpp/FaceForensics++_C23/FaceSwap/717_684.mp4,ffpp_FaceSwap
FaceSwap_718_972,train,fake,/workspace/data/raw/ffpp/FaceForensics++_C23/FaceSwap/718_972.mp4,ffpp_FaceSwap
FaceSwap_719_737,train,fake,/workspace/data/raw/ffpp/FaceForensics++_C23/FaceSwap/719_737.mp4,ffpp_FaceSwap
FaceSwap_720_672,val,fake,/workspace/data/raw/ffpp/FaceForensics++_C23/FaceSwap/720_672.mp4,ffpp_FaceSwap
FaceSwap_721_715,train,fake,/workspace/data/raw/ffpp/FaceForensics++_C23/FaceSwap/721_715.mp4,ffpp_FaceSwap
FaceSwap_722_458,train,fake,/workspace/data/raw/ffpp/FaceForensics++_C23/FaceSwap/722_458.mp4,ffpp_FaceSwap
FaceSwap_723_704,train,fake,/workspace/data/raw/ffpp/FaceForensics++_C23/FaceSwap/723_704.mp4,ffpp_FaceSwap
FaceSwap_724_725,test,fake,/workspace/data/raw/ffpp/FaceForensics++_C23/FaceSwap/724_725.mp4,ffpp_FaceSwap
FaceSwap_725_724,test,fake,/workspace/data/raw/ffpp/FaceForensics++_C23/FaceSwap/725_724.mp4,ffpp_FaceSwap
FaceSwap_726_713,train,fake,/workspace/data/raw/ffpp/FaceForensics++_C23/FaceSwap/726_713.mp4,ffpp_FaceSwap
FaceSwap_727_729,val,fake,/workspace/data/raw/ffpp/FaceForensics++_C23/FaceSwap/727_729.mp4,ffpp_FaceSwap
FaceSwap_728_673,train,fake,/workspace/data/raw/ffpp/FaceForensics++_C23/FaceSwap/728_673.mp4,ffpp_FaceSwap
FaceSwap_729_727,val,fake,/workspace/data/raw/ffpp/FaceForensics++_C23/FaceSwap/729_727.mp4,ffpp_FaceSwap
FaceSwap_730_815,train,fake,/workspace/data/raw/ffpp/FaceForensics++_C23/FaceSwap/730_815.mp4,ffpp_FaceSwap
FaceSwap_731_741,test,fake,/workspace/data/raw/ffpp/FaceForensics++_C23/FaceSwap/731_741.mp4,ffpp_FaceSwap
FaceSwap_732_691,test,fake,/workspace/data/raw/ffpp/FaceForensics++_C23/FaceSwap/732_691.mp4,ffpp_FaceSwap
FaceSwap_733_935,train,fake,/workspace/data/raw/ffpp/FaceForensics++_C23/FaceSwap/733_935.mp4,ffpp_FaceSwap
FaceSwap_734_699,train,fake,/workspace/data/raw/ffpp/FaceForensics++_C23/FaceSwap/734_699.mp4,ffpp_FaceSwap
FaceSwap_735_774,train,fake,/workspace/data/raw/ffpp/FaceForensics++_C23/FaceSwap/735_774.mp4,ffpp_FaceSwap
FaceSwap_736_785,train,fake,/workspace/data/raw/ffpp/FaceForensics++_C23/FaceSwap/736_785.mp4,ffpp_FaceSwap
FaceSwap_737_719,train,fake,/workspace/data/raw/ffpp/FaceForensics++_C23/FaceSwap/737_719.mp4,ffpp_FaceSwap
FaceSwap_738_804,train,fake,/workspace/data/raw/ffpp/FaceForensics++_C23/FaceSwap/738_804.mp4,ffpp_FaceSwap
FaceSwap_739_865,test,fake,/workspace/data/raw/ffpp/FaceForensics++_C23/FaceSwap/739_865.mp4,ffpp_FaceSwap
FaceSwap_740_796,train,fake,/workspace/data/raw/ffpp/FaceForensics++_C23/FaceSwap/740_796.mp4,ffpp_FaceSwap
FaceSwap_741_731,test,fake,/workspace/data/raw/ffpp/FaceForensics++_C23/FaceSwap/741_731.mp4,ffpp_FaceSwap
FaceSwap_742_775,val,fake,/workspace/data/raw/ffpp/FaceForensics++_C23/FaceSwap/742_775.mp4,ffpp_FaceSwap
FaceSwap_743_750,train,fake,/workspace/data/raw/ffpp/FaceForensics++_C23/FaceSwap/743_750.mp4,ffpp_FaceSwap
FaceSwap_744_674,train,fake,/workspace/data/raw/ffpp/FaceForensics++_C23/FaceSwap/744_674.mp4,ffpp_FaceSwap
FaceSwap_745_777,val,fake,/workspace/data/raw/ffpp/FaceForensics++_C23/FaceSwap/745_777.mp4,ffpp_FaceSwap
FaceSwap_746_571,val,fake,/workspace/data/raw/ffpp/FaceForensics++_C23/FaceSwap/746_571.mp4,ffpp_FaceSwap
FaceSwap_747_854,train,fake,/workspace/data/raw/ffpp/FaceForensics++_C23/FaceSwap/747_854.mp4,ffpp_FaceSwap
FaceSwap_748_355,train,fake,/workspace/data/raw/ffpp/FaceForensics++_C23/FaceSwap/748_355.mp4,ffpp_FaceSwap
FaceSwap_749_659,train,fake,/workspace/data/raw/ffpp/FaceForensics++_C23/FaceSwap/749_659.mp4,ffpp_FaceSwap
FaceSwap_750_743,train,fake,/workspace/data/raw/ffpp/FaceForensics++_C23/FaceSwap/750_743.mp4,ffpp_FaceSwap
FaceSwap_751_752,train,fake,/workspace/data/raw/ffpp/FaceForensics++_C23/FaceSwap/751_752.mp4,ffpp_FaceSwap
FaceSwap_752_751,train,fake,/workspace/data/raw/ffpp/FaceForensics++_C23/FaceSwap/752_751.mp4,ffpp_FaceSwap
FaceSwap_753_789,train,fake,/workspace/data/raw/ffpp/FaceForensics++_C23/FaceSwap/753_789.mp4,ffpp_FaceSwap
FaceSwap_754_758,train,fake,/workspace/data/raw/ffpp/FaceForensics++_C23/FaceSwap/754_758.mp4,ffpp_FaceSwap
FaceSwap_755_759,test,fake,/workspace/data/raw/ffpp/FaceForensics++_C23/FaceSwap/755_759.mp4,ffpp_FaceSwap
FaceSwap_756_503,train,fake,/workspace/data/raw/ffpp/FaceForensics++_C23/FaceSwap/756_503.mp4,ffpp_FaceSwap
FaceSwap_757_573,train,fake,/workspace/data/raw/ffpp/FaceForensics++_C23/FaceSwap/757_573.mp4,ffpp_FaceSwap
FaceSwap_758_754,train,fake,/workspace/data/raw/ffpp/FaceForensics++_C23/FaceSwap/758_754.mp4,ffpp_FaceSwap
FaceSwap_759_755,test,fake,/workspace/data/raw/ffpp/FaceForensics++_C23/FaceSwap/759_755.mp4,ffpp_FaceSwap
FaceSwap_760_611,train,fake,/workspace/data/raw/ffpp/FaceForensics++_C23/FaceSwap/760_611.mp4,ffpp_FaceSwap
FaceSwap_761_766,train,fake,/workspace/data/raw/ffpp/FaceForensics++_C23/FaceSwap/761_766.mp4,ffpp_FaceSwap
FaceSwap_762_832,val,fake,/workspace/data/raw/ffpp/FaceForensics++_C23/FaceSwap/762_832.mp4,ffpp_FaceSwap
FaceSwap_763_930,train,fake,/workspace/data/raw/ffpp/FaceForensics++_C23/FaceSwap/763_930.mp4,ffpp_FaceSwap
FaceSwap_764_850,train,fake,/workspace/data/raw/ffpp/FaceForensics++_C23/FaceSwap/764_850.mp4,ffpp_FaceSwap
FaceSwap_765_867,train,fake,/workspace/data/raw/ffpp/FaceForensics++_C23/FaceSwap/765_867.mp4,ffpp_FaceSwap
FaceSwap_766_761,train,fake,/workspace/data/raw/ffpp/FaceForensics++_C23/FaceSwap/766_761.mp4,ffpp_FaceSwap
FaceSwap_767_694,train,fake,/workspace/data/raw/ffpp/FaceForensics++_C23/FaceSwap/767_694.mp4,ffpp_FaceSwap
FaceSwap_768_793,val,fake,/workspace/data/raw/ffpp/FaceForensics++_C23/FaceSwap/768_793.mp4,ffpp_FaceSwap
FaceSwap_769_784,train,fake,/workspace/data/raw/ffpp/FaceForensics++_C23/FaceSwap/769_784.mp4,ffpp_FaceSwap
FaceSwap_770_791,train,fake,/workspace/data/raw/ffpp/FaceForensics++_C23/FaceSwap/770_791.mp4,ffpp_FaceSwap
FaceSwap_771_849,train,fake,/workspace/data/raw/ffpp/FaceForensics++_C23/FaceSwap/771_849.mp4,ffpp_FaceSwap
FaceSwap_772_708,train,fake,/workspace/data/raw/ffpp/FaceForensics++_C23/FaceSwap/772_708.mp4,ffpp_FaceSwap
FaceSwap_773_652,train,fake,/workspace/data/raw/ffpp/FaceForensics++_C23/FaceSwap/773_652.mp4,ffpp_FaceSwap
FaceSwap_774_735,train,fake,/workspace/data/raw/ffpp/FaceForensics++_C23/FaceSwap/774_735.mp4,ffpp_FaceSwap
FaceSwap_775_742,val,fake,/workspace/data/raw/ffpp/FaceForensics++_C23/FaceSwap/775_742.mp4,ffpp_FaceSwap
FaceSwap_776_676,train,fake,/workspace/data/raw/ffpp/FaceForensics++_C23/FaceSwap/776_676.mp4,ffpp_FaceSwap
FaceSwap_777_745,val,fake,/workspace/data/raw/ffpp/FaceForensics++_C23/FaceSwap/777_745.mp4,ffpp_FaceSwap
FaceSwap_778_798,train,fake,/workspace/data/raw/ffpp/FaceForensics++_C23/FaceSwap/778_798.mp4,ffpp_FaceSwap
FaceSwap_779_794,val,fake,/workspace/data/raw/ffpp/FaceForensics++_C23/FaceSwap/779_794.mp4,ffpp_FaceSwap
FaceSwap_780_869,train,fake,/workspace/data/raw/ffpp/FaceForensics++_C23/FaceSwap/780_869.mp4,ffpp_FaceSwap
FaceSwap_781_806,train,fake,/workspace/data/raw/ffpp/FaceForensics++_C23/FaceSwap/781_806.mp4,ffpp_FaceSwap
FaceSwap_782_787,train,fake,/workspace/data/raw/ffpp/FaceForensics++_C23/FaceSwap/782_787.mp4,ffpp_FaceSwap
FaceSwap_783_916,train,fake,/workspace/data/raw/ffpp/FaceForensics++_C23/FaceSwap/783_916.mp4,ffpp_FaceSwap
FaceSwap_784_769,train,fake,/workspace/data/raw/ffpp/FaceForensics++_C23/FaceSwap/784_769.mp4,ffpp_FaceSwap
FaceSwap_785_736,train,fake,/workspace/data/raw/ffpp/FaceForensics++_C23/FaceSwap/785_736.mp4,ffpp_FaceSwap
FaceSwap_786_819,train,fake,/workspace/data/raw/ffpp/FaceForensics++_C23/FaceSwap/786_819.mp4,ffpp_FaceSwap
FaceSwap_787_782,train,fake,/workspace/data/raw/ffpp/FaceForensics++_C23/FaceSwap/787_782.mp4,ffpp_FaceSwap
FaceSwap_788_710,train,fake,/workspace/data/raw/ffpp/FaceForensics++_C23/FaceSwap/788_710.mp4,ffpp_FaceSwap
FaceSwap_789_753,train,fake,/workspace/data/raw/ffpp/FaceForensics++_C23/FaceSwap/789_753.mp4,ffpp_FaceSwap
FaceSwap_790_014,train,fake,/workspace/data/raw/ffpp/FaceForensics++_C23/FaceSwap/790_014.mp4,ffpp_FaceSwap
FaceSwap_791_770,train,fake,/workspace/data/raw/ffpp/FaceForensics++_C23/FaceSwap/791_770.mp4,ffpp_FaceSwap
FaceSwap_792_903,train,fake,/workspace/data/raw/ffpp/FaceForensics++_C23/FaceSwap/792_903.mp4,ffpp_FaceSwap
FaceSwap_793_768,val,fake,/workspace/data/raw/ffpp/FaceForensics++_C23/FaceSwap/793_768.mp4,ffpp_FaceSwap
FaceSwap_794_779,val,fake,/workspace/data/raw/ffpp/FaceForensics++_C23/FaceSwap/794_779.mp4,ffpp_FaceSwap
FaceSwap_795_907,train,fake,/workspace/data/raw/ffpp/FaceForensics++_C23/FaceSwap/795_907.mp4,ffpp_FaceSwap
FaceSwap_796_740,train,fake,/workspace/data/raw/ffpp/FaceForensics++_C23/FaceSwap/796_740.mp4,ffpp_FaceSwap
FaceSwap_797_844,train,fake,/workspace/data/raw/ffpp/FaceForensics++_C23/FaceSwap/797_844.mp4,ffpp_FaceSwap
FaceSwap_798_778,train,fake,/workspace/data/raw/ffpp/FaceForensics++_C23/FaceSwap/798_778.mp4,ffpp_FaceSwap
FaceSwap_799_809,train,fake,/workspace/data/raw/ffpp/FaceForensics++_C23/FaceSwap/799_809.mp4,ffpp_FaceSwap
FaceSwap_800_840,train,fake,/workspace/data/raw/ffpp/FaceForensics++_C23/FaceSwap/800_840.mp4,ffpp_FaceSwap
FaceSwap_801_855,test,fake,/workspace/data/raw/ffpp/FaceForensics++_C23/FaceSwap/801_855.mp4,ffpp_FaceSwap
FaceSwap_802_885,train,fake,/workspace/data/raw/ffpp/FaceForensics++_C23/FaceSwap/802_885.mp4,ffpp_FaceSwap
FaceSwap_803_017,train,fake,/workspace/data/raw/ffpp/FaceForensics++_C23/FaceSwap/803_017.mp4,ffpp_FaceSwap
FaceSwap_804_738,train,fake,/workspace/data/raw/ffpp/FaceForensics++_C23/FaceSwap/804_738.mp4,ffpp_FaceSwap
FaceSwap_805_011,train,fake,/workspace/data/raw/ffpp/FaceForensics++_C23/FaceSwap/805_011.mp4,ffpp_FaceSwap
FaceSwap_806_781,train,fake,/workspace/data/raw/ffpp/FaceForensics++_C23/FaceSwap/806_781.mp4,ffpp_FaceSwap
FaceSwap_807_273,val,fake,/workspace/data/raw/ffpp/FaceForensics++_C23/FaceSwap/807_273.mp4,ffpp_FaceSwap
FaceSwap_808_829,train,fake,/workspace/data/raw/ffpp/FaceForensics++_C23/FaceSwap/808_829.mp4,ffpp_FaceSwap
FaceSwap_809_799,train,fake,/workspace/data/raw/ffpp/FaceForensics++_C23/FaceSwap/809_799.mp4,ffpp_FaceSwap
FaceSwap_810_838,train,fake,/workspace/data/raw/ffpp/FaceForensics++_C23/FaceSwap/810_838.mp4,ffpp_FaceSwap
FaceSwap_811_920,train,fake,/workspace/data/raw/ffpp/FaceForensics++_C23/FaceSwap/811_920.mp4,ffpp_FaceSwap
FaceSwap_812_821,test,fake,/workspace/data/raw/ffpp/FaceForensics++_C23/FaceSwap/812_821.mp4,ffpp_FaceSwap
FaceSwap_813_700,train,fake,/workspace/data/raw/ffpp/FaceForensics++_C23/FaceSwap/813_700.mp4,ffpp_FaceSwap
FaceSwap_814_871,train,fake,/workspace/data/raw/ffpp/FaceForensics++_C23/FaceSwap/814_871.mp4,ffpp_FaceSwap
FaceSwap_815_730,train,fake,/workspace/data/raw/ffpp/FaceForensics++_C23/FaceSwap/815_730.mp4,ffpp_FaceSwap
FaceSwap_816_649,val,fake,/workspace/data/raw/ffpp/FaceForensics++_C23/FaceSwap/816_649.mp4,ffpp_FaceSwap
FaceSwap_817_827,val,fake,/workspace/data/raw/ffpp/FaceForensics++_C23/FaceSwap/817_827.mp4,ffpp_FaceSwap
FaceSwap_818_820,val,fake,/workspace/data/raw/ffpp/FaceForensics++_C23/FaceSwap/818_820.mp4,ffpp_FaceSwap
FaceSwap_819_786,train,fake,/workspace/data/raw/ffpp/FaceForensics++_C23/FaceSwap/819_786.mp4,ffpp_FaceSwap
FaceSwap_820_818,val,fake,/workspace/data/raw/ffpp/FaceForensics++_C23/FaceSwap/820_818.mp4,ffpp_FaceSwap
FaceSwap_821_812,test,fake,/workspace/data/raw/ffpp/FaceForensics++_C23/FaceSwap/821_812.mp4,ffpp_FaceSwap
FaceSwap_822_244,train,fake,/workspace/data/raw/ffpp/FaceForensics++_C23/FaceSwap/822_244.mp4,ffpp_FaceSwap
FaceSwap_823_584,val,fake,/workspace/data/raw/ffpp/FaceForensics++_C23/FaceSwap/823_584.mp4,ffpp_FaceSwap
FaceSwap_824_419,val,fake,/workspace/data/raw/ffpp/FaceForensics++_C23/FaceSwap/824_419.mp4,ffpp_FaceSwap
FaceSwap_825_074,train,fake,/workspace/data/raw/ffpp/FaceForensics++_C23/FaceSwap/825_074.mp4,ffpp_FaceSwap
FaceSwap_826_833,train,fake,/workspace/data/raw/ffpp/FaceForensics++_C23/FaceSwap/826_833.mp4,ffpp_FaceSwap
FaceSwap_827_817,val,fake,/workspace/data/raw/ffpp/FaceForensics++_C23/FaceSwap/827_817.mp4,ffpp_FaceSwap
FaceSwap_828_830,train,fake,/workspace/data/raw/ffpp/FaceForensics++_C23/FaceSwap/828_830.mp4,ffpp_FaceSwap
FaceSwap_829_808,train,fake,/workspace/data/raw/ffpp/FaceForensics++_C23/FaceSwap/829_808.mp4,ffpp_FaceSwap
FaceSwap_830_828,train,fake,/workspace/data/raw/ffpp/FaceForensics++_C23/FaceSwap/830_828.mp4,ffpp_FaceSwap
FaceSwap_831_508,train,fake,/workspace/data/raw/ffpp/FaceForensics++_C23/FaceSwap/831_508.mp4,ffpp_FaceSwap
FaceSwap_832_762,val,fake,/workspace/data/raw/ffpp/FaceForensics++_C23/FaceSwap/832_762.mp4,ffpp_FaceSwap
FaceSwap_833_826,train,fake,/workspace/data/raw/ffpp/FaceForensics++_C23/FaceSwap/833_826.mp4,ffpp_FaceSwap
FaceSwap_834_852,val,fake,/workspace/data/raw/ffpp/FaceForensics++_C23/FaceSwap/834_852.mp4,ffpp_FaceSwap
FaceSwap_835_651,train,fake,/workspace/data/raw/ffpp/FaceForensics++_C23/FaceSwap/835_651.mp4,ffpp_FaceSwap
FaceSwap_836_950,train,fake,/workspace/data/raw/ffpp/FaceForensics++_C23/FaceSwap/836_950.mp4,ffpp_FaceSwap
FaceSwap_837_890,val,fake,/workspace/data/raw/ffpp/FaceForensics++_C23/FaceSwap/837_890.mp4,ffpp_FaceSwap
FaceSwap_838_810,train,fake,/workspace/data/raw/ffpp/FaceForensics++_C23/FaceSwap/838_810.mp4,ffpp_FaceSwap
FaceSwap_839_864,train,fake,/workspace/data/raw/ffpp/FaceForensics++_C23/FaceSwap/839_864.mp4,ffpp_FaceSwap
FaceSwap_840_800,train,fake,/workspace/data/raw/ffpp/FaceForensics++_C23/FaceSwap/840_800.mp4,ffpp_FaceSwap
FaceSwap_841_639,train,fake,/workspace/data/raw/ffpp/FaceForensics++_C23/FaceSwap/841_639.mp4,ffpp_FaceSwap
FaceSwap_842_714,test,fake,/workspace/data/raw/ffpp/FaceForensics++_C23/FaceSwap/842_714.mp4,ffpp_FaceSwap
FaceSwap_843_859,train,fake,/workspace/data/raw/ffpp/FaceForensics++_C23/FaceSwap/843_859.mp4,ffpp_FaceSwap
FaceSwap_844_797,train,fake,/workspace/data/raw/ffpp/FaceForensics++_C23/FaceSwap/844_797.mp4,ffpp_FaceSwap
FaceSwap_845_846,train,fake,/workspace/data/raw/ffpp/FaceForensics++_C23/FaceSwap/845_846.mp4,ffpp_FaceSwap
FaceSwap_846_845,train,fake,/workspace/data/raw/ffpp/FaceForensics++_C23/FaceSwap/846_845.mp4,ffpp_FaceSwap
FaceSwap_847_906,test,fake,/workspace/data/raw/ffpp/FaceForensics++_C23/FaceSwap/847_906.mp4,ffpp_FaceSwap
FaceSwap_848_894,train,fake,/workspace/data/raw/ffpp/FaceForensics++_C23/FaceSwap/848_894.mp4,ffpp_FaceSwap
FaceSwap_849_771,train,fake,/workspace/data/raw/ffpp/FaceForensics++_C23/FaceSwap/849_771.mp4,ffpp_FaceSwap
FaceSwap_850_764,train,fake,/workspace/data/raw/ffpp/FaceForensics++_C23/FaceSwap/850_764.mp4,ffpp_FaceSwap
FaceSwap_851_552,test,fake,/workspace/data/raw/ffpp/FaceForensics++_C23/FaceSwap/851_552.mp4,ffpp_FaceSwap
FaceSwap_852_834,val,fake,/workspace/data/raw/ffpp/FaceForensics++_C23/FaceSwap/852_834.mp4,ffpp_FaceSwap
FaceSwap_853_863,train,fake,/workspace/data/raw/ffpp/FaceForensics++_C23/FaceSwap/853_863.mp4,ffpp_FaceSwap
FaceSwap_854_747,train,fake,/workspace/data/raw/ffpp/FaceForensics++_C23/FaceSwap/854_747.mp4,ffpp_FaceSwap
FaceSwap_855_801,test,fake,/workspace/data/raw/ffpp/FaceForensics++_C23/FaceSwap/855_801.mp4,ffpp_FaceSwap
FaceSwap_856_881,train,fake,/workspace/data/raw/ffpp/FaceForensics++_C23/FaceSwap/856_881.mp4,ffpp_FaceSwap
FaceSwap_857_909,val,fake,/workspace/data/raw/ffpp/FaceForensics++_C23/FaceSwap/857_909.mp4,ffpp_FaceSwap
FaceSwap_858_861,train,fake,/workspace/data/raw/ffpp/FaceForensics++_C23/FaceSwap/858_861.mp4,ffpp_FaceSwap
FaceSwap_859_843,train,fake,/workspace/data/raw/ffpp/FaceForensics++_C23/FaceSwap/859_843.mp4,ffpp_FaceSwap
FaceSwap_860_905,train,fake,/workspace/data/raw/ffpp/FaceForensics++_C23/FaceSwap/860_905.mp4,ffpp_FaceSwap
FaceSwap_861_858,train,fake,/workspace/data/raw/ffpp/FaceForensics++_C23/FaceSwap/861_858.mp4,ffpp_FaceSwap
FaceSwap_862_047,test,fake,/workspace/data/raw/ffpp/FaceForensics++_C23/FaceSwap/862_047.mp4,ffpp_FaceSwap
FaceSwap_863_853,train,fake,/workspace/data/raw/ffpp/FaceForensics++_C23/FaceSwap/863_853.mp4,ffpp_FaceSwap
FaceSwap_864_839,train,fake,/workspace/data/raw/ffpp/FaceForensics++_C23/FaceSwap/864_839.mp4,ffpp_FaceSwap
FaceSwap_865_739,test,fake,/workspace/data/raw/ffpp/FaceForensics++_C23/FaceSwap/865_739.mp4,ffpp_FaceSwap
FaceSwap_866_878,train,fake,/workspace/data/raw/ffpp/FaceForensics++_C23/FaceSwap/866_878.mp4,ffpp_FaceSwap
FaceSwap_867_765,train,fake,/workspace/data/raw/ffpp/FaceForensics++_C23/FaceSwap/867_765.mp4,ffpp_FaceSwap
FaceSwap_868_949,test,fake,/workspace/data/raw/ffpp/FaceForensics++_C23/FaceSwap/868_949.mp4,ffpp_FaceSwap
FaceSwap_869_780,train,fake,/workspace/data/raw/ffpp/FaceForensics++_C23/FaceSwap/869_780.mp4,ffpp_FaceSwap
FaceSwap_870_001,train,fake,/workspace/data/raw/ffpp/FaceForensics++_C23/FaceSwap/870_001.mp4,ffpp_FaceSwap
FaceSwap_871_814,train,fake,/workspace/data/raw/ffpp/FaceForensics++_C23/FaceSwap/871_814.mp4,ffpp_FaceSwap
FaceSwap_872_873,train,fake,/workspace/data/raw/ffpp/FaceForensics++_C23/FaceSwap/872_873.mp4,ffpp_FaceSwap
FaceSwap_873_872,train,fake,/workspace/data/raw/ffpp/FaceForensics++_C23/FaceSwap/873_872.mp4,ffpp_FaceSwap
FaceSwap_874_291,train,fake,/workspace/data/raw/ffpp/FaceForensics++_C23/FaceSwap/874_291.mp4,ffpp_FaceSwap
FaceSwap_875_979,val,fake,/workspace/data/raw/ffpp/FaceForensics++_C23/FaceSwap/875_979.mp4,ffpp_FaceSwap
FaceSwap_876_891,train,fake,/workspace/data/raw/ffpp/FaceForensics++_C23/FaceSwap/876_891.mp4,ffpp_FaceSwap
FaceSwap_877_886,train,fake,/workspace/data/raw/ffpp/FaceForensics++_C23/FaceSwap/877_886.mp4,ffpp_FaceSwap
FaceSwap_878_866,train,fake,/workspace/data/raw/ffpp/FaceForensics++_C23/FaceSwap/878_866.mp4,ffpp_FaceSwap
FaceSwap_879_963,train,fake,/workspace/data/raw/ffpp/FaceForensics++_C23/FaceSwap/879_963.mp4,ffpp_FaceSwap
FaceSwap_880_135,test,fake,/workspace/data/raw/ffpp/FaceForensics++_C23/FaceSwap/880_135.mp4,ffpp_FaceSwap
FaceSwap_881_856,train,fake,/workspace/data/raw/ffpp/FaceForensics++_C23/FaceSwap/881_856.mp4,ffpp_FaceSwap
FaceSwap_882_952,train,fake,/workspace/data/raw/ffpp/FaceForensics++_C23/FaceSwap/882_952.mp4,ffpp_FaceSwap
FaceSwap_883_013,train,fake,/workspace/data/raw/ffpp/FaceForensics++_C23/FaceSwap/883_013.mp4,ffpp_FaceSwap
FaceSwap_884_968,train,fake,/workspace/data/raw/ffpp/FaceForensics++_C23/FaceSwap/884_968.mp4,ffpp_FaceSwap
FaceSwap_885_802,train,fake,/workspace/data/raw/ffpp/FaceForensics++_C23/FaceSwap/885_802.mp4,ffpp_FaceSwap
FaceSwap_886_877,train,fake,/workspace/data/raw/ffpp/FaceForensics++_C23/FaceSwap/886_877.mp4,ffpp_FaceSwap
FaceSwap_887_275,train,fake,/workspace/data/raw/ffpp/FaceForensics++_C23/FaceSwap/887_275.mp4,ffpp_FaceSwap
FaceSwap_888_937,train,fake,/workspace/data/raw/ffpp/FaceForensics++_C23/FaceSwap/888_937.mp4,ffpp_FaceSwap
FaceSwap_889_045,train,fake,/workspace/data/raw/ffpp/FaceForensics++_C23/FaceSwap/889_045.mp4,ffpp_FaceSwap
FaceSwap_890_837,val,fake,/workspace/data/raw/ffpp/FaceForensics++_C23/FaceSwap/890_837.mp4,ffpp_FaceSwap
FaceSwap_891_876,train,fake,/workspace/data/raw/ffpp/FaceForensics++_C23/FaceSwap/891_876.mp4,ffpp_FaceSwap
FaceSwap_892_112,train,fake,/workspace/data/raw/ffpp/FaceForensics++_C23/FaceSwap/892_112.mp4,ffpp_FaceSwap
FaceSwap_893_913,train,fake,/workspace/data/raw/ffpp/FaceForensics++_C23/FaceSwap/893_913.mp4,ffpp_FaceSwap
FaceSwap_894_848,train,fake,/workspace/data/raw/ffpp/FaceForensics++_C23/FaceSwap/894_848.mp4,ffpp_FaceSwap
FaceSwap_895_915,val,fake,/workspace/data/raw/ffpp/FaceForensics++_C23/FaceSwap/895_915.mp4,ffpp_FaceSwap
FaceSwap_896_128,test,fake,/workspace/data/raw/ffpp/FaceForensics++_C23/FaceSwap/896_128.mp4,ffpp_FaceSwap
FaceSwap_897_969,train,fake,/workspace/data/raw/ffpp/FaceForensics++_C23/FaceSwap/897_969.mp4,ffpp_FaceSwap
FaceSwap_898_922,val,fake,/workspace/data/raw/ffpp/FaceForensics++_C23/FaceSwap/898_922.mp4,ffpp_FaceSwap
FaceSwap_899_914,train,fake,/workspace/data/raw/ffpp/FaceForensics++_C23/FaceSwap/899_914.mp4,ffpp_FaceSwap
FaceSwap_900_926,val,fake,/workspace/data/raw/ffpp/FaceForensics++_C23/FaceSwap/900_926.mp4,ffpp_FaceSwap
FaceSwap_901_902,train,fake,/workspace/data/raw/ffpp/FaceForensics++_C23/FaceSwap/901_902.mp4,ffpp_FaceSwap
FaceSwap_902_901,train,fake,/workspace/data/raw/ffpp/FaceForensics++_C23/FaceSwap/902_901.mp4,ffpp_FaceSwap
FaceSwap_903_792,train,fake,/workspace/data/raw/ffpp/FaceForensics++_C23/FaceSwap/903_792.mp4,ffpp_FaceSwap
FaceSwap_904_046,val,fake,/workspace/data/raw/ffpp/FaceForensics++_C23/FaceSwap/904_046.mp4,ffpp_FaceSwap
FaceSwap_905_860,train,fake,/workspace/data/raw/ffpp/FaceForensics++_C23/FaceSwap/905_860.mp4,ffpp_FaceSwap
FaceSwap_906_847,test,fake,/workspace/data/raw/ffpp/FaceForensics++_C23/FaceSwap/906_847.mp4,ffpp_FaceSwap
FaceSwap_907_795,train,fake,/workspace/data/raw/ffpp/FaceForensics++_C23/FaceSwap/907_795.mp4,ffpp_FaceSwap
FaceSwap_908_207,train,fake,/workspace/data/raw/ffpp/FaceForensics++_C23/FaceSwap/908_207.mp4,ffpp_FaceSwap
FaceSwap_909_857,val,fake,/workspace/data/raw/ffpp/FaceForensics++_C23/FaceSwap/909_857.mp4,ffpp_FaceSwap
FaceSwap_910_911,train,fake,/workspace/data/raw/ffpp/FaceForensics++_C23/FaceSwap/910_911.mp4,ffpp_FaceSwap
FaceSwap_911_910,train,fake,/workspace/data/raw/ffpp/FaceForensics++_C23/FaceSwap/911_910.mp4,ffpp_FaceSwap
FaceSwap_912_927,val,fake,/workspace/data/raw/ffpp/FaceForensics++_C23/FaceSwap/912_927.mp4,ffpp_FaceSwap
FaceSwap_913_893,train,fake,/workspace/data/raw/ffpp/FaceForensics++_C23/FaceSwap/913_893.mp4,ffpp_FaceSwap
FaceSwap_914_899,train,fake,/workspace/data/raw/ffpp/FaceForensics++_C23/FaceSwap/914_899.mp4,ffpp_FaceSwap
FaceSwap_915_895,val,fake,/workspace/data/raw/ffpp/FaceForensics++_C23/FaceSwap/915_895.mp4,ffpp_FaceSwap
FaceSwap_916_783,train,fake,/workspace/data/raw/ffpp/FaceForensics++_C23/FaceSwap/916_783.mp4,ffpp_FaceSwap
FaceSwap_917_924,test,fake,/workspace/data/raw/ffpp/FaceForensics++_C23/FaceSwap/917_924.mp4,ffpp_FaceSwap
FaceSwap_918_934,train,fake,/workspace/data/raw/ffpp/FaceForensics++_C23/FaceSwap/918_934.mp4,ffpp_FaceSwap
FaceSwap_919_015,test,fake,/workspace/data/raw/ffpp/FaceForensics++_C23/FaceSwap/919_015.mp4,ffpp_FaceSwap
FaceSwap_920_811,train,fake,/workspace/data/raw/ffpp/FaceForensics++_C23/FaceSwap/920_811.mp4,ffpp_FaceSwap
FaceSwap_921_569,train,fake,/workspace/data/raw/ffpp/FaceForensics++_C23/FaceSwap/921_569.mp4,ffpp_FaceSwap
FaceSwap_922_898,val,fake,/workspace/data/raw/ffpp/FaceForensics++_C23/FaceSwap/922_898.mp4,ffpp_FaceSwap
FaceSwap_923_023,val,fake,/workspace/data/raw/ffpp/FaceForensics++_C23/FaceSwap/923_023.mp4,ffpp_FaceSwap
FaceSwap_924_917,test,fake,/workspace/data/raw/ffpp/FaceForensics++_C23/FaceSwap/924_917.mp4,ffpp_FaceSwap
FaceSwap_925_933,val,fake,/workspace/data/raw/ffpp/FaceForensics++_C23/FaceSwap/925_933.mp4,ffpp_FaceSwap
FaceSwap_926_900,val,fake,/workspace/data/raw/ffpp/FaceForensics++_C23/FaceSwap/926_900.mp4,ffpp_FaceSwap
FaceSwap_927_912,val,fake,/workspace/data/raw/ffpp/FaceForensics++_C23/FaceSwap/927_912.mp4,ffpp_FaceSwap
FaceSwap_928_160,train,fake,/workspace/data/raw/ffpp/FaceForensics++_C23/FaceSwap/928_160.mp4,ffpp_FaceSwap
FaceSwap_929_962,train,fake,/workspace/data/raw/ffpp/FaceForensics++_C23/FaceSwap/929_962.mp4,ffpp_FaceSwap
FaceSwap_930_763,train,fake,/workspace/data/raw/ffpp/FaceForensics++_C23/FaceSwap/930_763.mp4,ffpp_FaceSwap
FaceSwap_931_936,train,fake,/workspace/data/raw/ffpp/FaceForensics++_C23/FaceSwap/931_936.mp4,ffpp_FaceSwap
FaceSwap_932_384,test,fake,/workspace/data/raw/ffpp/FaceForensics++_C23/FaceSwap/932_384.mp4,ffpp_FaceSwap
FaceSwap_933_925,val,fake,/workspace/data/raw/ffpp/FaceForensics++_C23/FaceSwap/933_925.mp4,ffpp_FaceSwap
FaceSwap_934_918,train,fake,/workspace/data/raw/ffpp/FaceForensics++_C23/FaceSwap/934_918.mp4,ffpp_FaceSwap
FaceSwap_935_733,train,fake,/workspace/data/raw/ffpp/FaceForensics++_C23/FaceSwap/935_733.mp4,ffpp_FaceSwap
FaceSwap_936_931,train,fake,/workspace/data/raw/ffpp/FaceForensics++_C23/FaceSwap/936_931.mp4,ffpp_FaceSwap
FaceSwap_937_888,train,fake,/workspace/data/raw/ffpp/FaceForensics++_C23/FaceSwap/937_888.mp4,ffpp_FaceSwap
FaceSwap_938_987,train,fake,/workspace/data/raw/ffpp/FaceForensics++_C23/FaceSwap/938_987.mp4,ffpp_FaceSwap
FaceSwap_939_115,val,fake,/workspace/data/raw/ffpp/FaceForensics++_C23/FaceSwap/939_115.mp4,ffpp_FaceSwap
FaceSwap_940_941,train,fake,/workspace/data/raw/ffpp/FaceForensics++_C23/FaceSwap/940_941.mp4,ffpp_FaceSwap
FaceSwap_941_940,train,fake,/workspace/data/raw/ffpp/FaceForensics++_C23/FaceSwap/941_940.mp4,ffpp_FaceSwap
FaceSwap_942_943,train,fake,/workspace/data/raw/ffpp/FaceForensics++_C23/FaceSwap/942_943.mp4,ffpp_FaceSwap
FaceSwap_943_942,train,fake,/workspace/data/raw/ffpp/FaceForensics++_C23/FaceSwap/943_942.mp4,ffpp_FaceSwap
FaceSwap_944_032,train,fake,/workspace/data/raw/ffpp/FaceForensics++_C23/FaceSwap/944_032.mp4,ffpp_FaceSwap
FaceSwap_945_044,test,fake,/workspace/data/raw/ffpp/FaceForensics++_C23/FaceSwap/945_044.mp4,ffpp_FaceSwap
FaceSwap_946_049,train,fake,/workspace/data/raw/ffpp/FaceForensics++_C23/FaceSwap/946_049.mp4,ffpp_FaceSwap
FaceSwap_947_951,val,fake,/workspace/data/raw/ffpp/FaceForensics++_C23/FaceSwap/947_951.mp4,ffpp_FaceSwap
FaceSwap_948_965,train,fake,/workspace/data/raw/ffpp/FaceForensics++_C23/FaceSwap/948_965.mp4,ffpp_FaceSwap
FaceSwap_949_868,test,fake,/workspace/data/raw/ffpp/FaceForensics++_C23/FaceSwap/949_868.mp4,ffpp_FaceSwap
FaceSwap_950_836,train,fake,/workspace/data/raw/ffpp/FaceForensics++_C23/FaceSwap/950_836.mp4,ffpp_FaceSwap
FaceSwap_951_947,val,fake,/workspace/data/raw/ffpp/FaceForensics++_C23/FaceSwap/951_947.mp4,ffpp_FaceSwap
FaceSwap_952_882,train,fake,/workspace/data/raw/ffpp/FaceForensics++_C23/FaceSwap/952_882.mp4,ffpp_FaceSwap
FaceSwap_953_974,test,fake,/workspace/data/raw/ffpp/FaceForensics++_C23/FaceSwap/953_974.mp4,ffpp_FaceSwap
FaceSwap_954_976,train,fake,/workspace/data/raw/ffpp/FaceForensics++_C23/FaceSwap/954_976.mp4,ffpp_FaceSwap
FaceSwap_955_078,test,fake,/workspace/data/raw/ffpp/FaceForensics++_C23/FaceSwap/955_078.mp4,ffpp_FaceSwap
FaceSwap_956_958,val,fake,/workspace/data/raw/ffpp/FaceForensics++_C23/FaceSwap/956_958.mp4,ffpp_FaceSwap
FaceSwap_957_959,train,fake,/workspace/data/raw/ffpp/FaceForensics++_C23/FaceSwap/957_959.mp4,ffpp_FaceSwap
FaceSwap_958_956,val,fake,/workspace/data/raw/ffpp/FaceForensics++_C23/FaceSwap/958_956.mp4,ffpp_FaceSwap
FaceSwap_959_957,train,fake,/workspace/data/raw/ffpp/FaceForensics++_C23/FaceSwap/959_957.mp4,ffpp_FaceSwap
FaceSwap_960_999,train,fake,/workspace/data/raw/ffpp/FaceForensics++_C23/FaceSwap/960_999.mp4,ffpp_FaceSwap
FaceSwap_961_069,train,fake,/workspace/data/raw/ffpp/FaceForensics++_C23/FaceSwap/961_069.mp4,ffpp_FaceSwap
FaceSwap_962_929,train,fake,/workspace/data/raw/ffpp/FaceForensics++_C23/FaceSwap/962_929.mp4,ffpp_FaceSwap
FaceSwap_963_879,train,fake,/workspace/data/raw/ffpp/FaceForensics++_C23/FaceSwap/963_879.mp4,ffpp_FaceSwap
FaceSwap_964_174,train,fake,/workspace/data/raw/ffpp/FaceForensics++_C23/FaceSwap/964_174.mp4,ffpp_FaceSwap
FaceSwap_965_948,train,fake,/workspace/data/raw/ffpp/FaceForensics++_C23/FaceSwap/965_948.mp4,ffpp_FaceSwap
FaceSwap_966_988,train,fake,/workspace/data/raw/ffpp/FaceForensics++_C23/FaceSwap/966_988.mp4,ffpp_FaceSwap
FaceSwap_967_984,train,fake,/workspace/data/raw/ffpp/FaceForensics++_C23/FaceSwap/967_984.mp4,ffpp_FaceSwap
FaceSwap_968_884,train,fake,/workspace/data/raw/ffpp/FaceForensics++_C23/FaceSwap/968_884.mp4,ffpp_FaceSwap
FaceSwap_969_897,train,fake,/workspace/data/raw/ffpp/FaceForensics++_C23/FaceSwap/969_897.mp4,ffpp_FaceSwap
FaceSwap_970_973,test,fake,/workspace/data/raw/ffpp/FaceForensics++_C23/FaceSwap/970_973.mp4,ffpp_FaceSwap
FaceSwap_971_564,val,fake,/workspace/data/raw/ffpp/FaceForensics++_C23/FaceSwap/971_564.mp4,ffpp_FaceSwap
FaceSwap_972_718,train,fake,/workspace/data/raw/ffpp/FaceForensics++_C23/FaceSwap/972_718.mp4,ffpp_FaceSwap
FaceSwap_973_970,test,fake,/workspace/data/raw/ffpp/FaceForensics++_C23/FaceSwap/973_970.mp4,ffpp_FaceSwap
FaceSwap_974_953,test,fake,/workspace/data/raw/ffpp/FaceForensics++_C23/FaceSwap/974_953.mp4,ffpp_FaceSwap
FaceSwap_975_978,train,fake,/workspace/data/raw/ffpp/FaceForensics++_C23/FaceSwap/975_978.mp4,ffpp_FaceSwap
FaceSwap_976_954,train,fake,/workspace/data/raw/ffpp/FaceForensics++_C23/FaceSwap/976_954.mp4,ffpp_FaceSwap
FaceSwap_977_075,train,fake,/workspace/data/raw/ffpp/FaceForensics++_C23/FaceSwap/977_075.mp4,ffpp_FaceSwap
FaceSwap_978_975,train,fake,/workspace/data/raw/ffpp/FaceForensics++_C23/FaceSwap/978_975.mp4,ffpp_FaceSwap
FaceSwap_979_875,val,fake,/workspace/data/raw/ffpp/FaceForensics++_C23/FaceSwap/979_875.mp4,ffpp_FaceSwap
FaceSwap_980_992,val,fake,/workspace/data/raw/ffpp/FaceForensics++_C23/FaceSwap/980_992.mp4,ffpp_FaceSwap
FaceSwap_981_985,train,fake,/workspace/data/raw/ffpp/FaceForensics++_C23/FaceSwap/981_985.mp4,ffpp_FaceSwap
FaceSwap_982_004,val,fake,/workspace/data/raw/ffpp/FaceForensics++_C23/FaceSwap/982_004.mp4,ffpp_FaceSwap
FaceSwap_983_113,train,fake,/workspace/data/raw/ffpp/FaceForensics++_C23/FaceSwap/983_113.mp4,ffpp_FaceSwap
FaceSwap_984_967,train,fake,/workspace/data/raw/ffpp/FaceForensics++_C23/FaceSwap/984_967.mp4,ffpp_FaceSwap
FaceSwap_985_981,train,fake,/workspace/data/raw/ffpp/FaceForensics++_C23/FaceSwap/985_981.mp4,ffpp_FaceSwap
FaceSwap_986_994,train,fake,/workspace/data/raw/ffpp/FaceForensics++_C23/FaceSwap/986_994.mp4,ffpp_FaceSwap
FaceSwap_987_938,train,fake,/workspace/data/raw/ffpp/FaceForensics++_C23/FaceSwap/987_938.mp4,ffpp_FaceSwap
FaceSwap_988_966,train,fake,/workspace/data/raw/ffpp/FaceForensics++_C23/FaceSwap/988_966.mp4,ffpp_FaceSwap
FaceSwap_989_993,train,fake,/workspace/data/raw/ffpp/FaceForensics++_C23/FaceSwap/989_993.mp4,ffpp_FaceSwap
FaceSwap_990_008,train,fake,/workspace/data/raw/ffpp/FaceForensics++_C23/FaceSwap/990_008.mp4,ffpp_FaceSwap
FaceSwap_991_064,val,fake,/workspace/data/raw/ffpp/FaceForensics++_C23/FaceSwap/991_064.mp4,ffpp_FaceSwap
FaceSwap_992_980,val,fake,/workspace/data/raw/ffpp/FaceForensics++_C23/FaceSwap/992_980.mp4,ffpp_FaceSwap
FaceSwap_993_989,train,fake,/workspace/data/raw/ffpp/FaceForensics++_C23/FaceSwap/993_989.mp4,ffpp_FaceSwap
FaceSwap_994_986,train,fake,/workspace/data/raw/ffpp/FaceForensics++_C23/FaceSwap/994_986.mp4,ffpp_FaceSwap
FaceSwap_995_233,test,fake,/workspace/data/raw/ffpp/FaceForensics++_C23/FaceSwap/995_233.mp4,ffpp_FaceSwap
FaceSwap_996_056,train,fake,/workspace/data/raw/ffpp/FaceForensics++_C23/FaceSwap/996_056.mp4,ffpp_FaceSwap
FaceSwap_997_040,train,fake,/workspace/data/raw/ffpp/FaceForensics++_C23/FaceSwap/997_040.mp4,ffpp_FaceSwap
FaceSwap_998_561,train,fake,/workspace/data/raw/ffpp/FaceForensics++_C23/FaceSwap/998_561.mp4,ffpp_FaceSwap
FaceSwap_999_960,train,fake,/workspace/data/raw/ffpp/FaceForensics++_C23/FaceSwap/999_960.mp4,ffpp_FaceSwap
NeuralTextures_000_003,test,fake,/workspace/data/raw/ffpp/FaceForensics++_C23/NeuralTextures/000_003.mp4,ffpp_NeuralTextures
NeuralTextures_001_870,train,fake,/workspace/data/raw/ffpp/FaceForensics++_C23/NeuralTextures/001_870.mp4,ffpp_NeuralTextures
NeuralTextures_002_006,train,fake,/workspace/data/raw/ffpp/FaceForensics++_C23/NeuralTextures/002_006.mp4,ffpp_NeuralTextures
NeuralTextures_003_000,test,fake,/workspace/data/raw/ffpp/FaceForensics++_C23/NeuralTextures/003_000.mp4,ffpp_NeuralTextures
NeuralTextures_004_982,val,fake,/workspace/data/raw/ffpp/FaceForensics++_C23/NeuralTextures/004_982.mp4,ffpp_NeuralTextures
NeuralTextures_005_010,train,fake,/workspace/data/raw/ffpp/FaceForensics++_C23/NeuralTextures/005_010.mp4,ffpp_NeuralTextures
NeuralTextures_006_002,train,fake,/workspace/data/raw/ffpp/FaceForensics++_C23/NeuralTextures/006_002.mp4,ffpp_NeuralTextures
NeuralTextures_007_132,train,fake,/workspace/data/raw/ffpp/FaceForensics++_C23/NeuralTextures/007_132.mp4,ffpp_NeuralTextures
NeuralTextures_008_990,train,fake,/workspace/data/raw/ffpp/FaceForensics++_C23/NeuralTextures/008_990.mp4,ffpp_NeuralTextures
NeuralTextures_009_027,train,fake,/workspace/data/raw/ffpp/FaceForensics++_C23/NeuralTextures/009_027.mp4,ffpp_NeuralTextures
NeuralTextures_010_005,train,fake,/workspace/data/raw/ffpp/FaceForensics++_C23/NeuralTextures/010_005.mp4,ffpp_NeuralTextures
NeuralTextures_011_805,train,fake,/workspace/data/raw/ffpp/FaceForensics++_C23/NeuralTextures/011_805.mp4,ffpp_NeuralTextures
NeuralTextures_012_026,test,fake,/workspace/data/raw/ffpp/FaceForensics++_C23/NeuralTextures/012_026.mp4,ffpp_NeuralTextures
NeuralTextures_013_883,train,fake,/workspace/data/raw/ffpp/FaceForensics++_C23/NeuralTextures/013_883.mp4,ffpp_NeuralTextures
NeuralTextures_014_790,train,fake,/workspace/data/raw/ffpp/FaceForensics++_C23/NeuralTextures/014_790.mp4,ffpp_NeuralTextures
NeuralTextures_015_919,test,fake,/workspace/data/raw/ffpp/FaceForensics++_C23/NeuralTextures/015_919.mp4,ffpp_NeuralTextures
NeuralTextures_016_209,train,fake,/workspace/data/raw/ffpp/FaceForensics++_C23/NeuralTextures/016_209.mp4,ffpp_NeuralTextures
NeuralTextures_017_803,train,fake,/workspace/data/raw/ffpp/FaceForensics++_C23/NeuralTextures/017_803.mp4,ffpp_NeuralTextures
NeuralTextures_018_019,train,fake,/workspace/data/raw/ffpp/FaceForensics++_C23/NeuralTextures/018_019.mp4,ffpp_NeuralTextures
NeuralTextures_019_018,train,fake,/workspace/data/raw/ffpp/FaceForensics++_C23/NeuralTextures/019_018.mp4,ffpp_NeuralTextures
NeuralTextures_020_344,train,fake,/workspace/data/raw/ffpp/FaceForensics++_C23/NeuralTextures/020_344.mp4,ffpp_NeuralTextures
NeuralTextures_021_312,train,fake,/workspace/data/raw/ffpp/FaceForensics++_C23/NeuralTextures/021_312.mp4,ffpp_NeuralTextures
NeuralTextures_022_489,train,fake,/workspace/data/raw/ffpp/FaceForensics++_C23/NeuralTextures/022_489.mp4,ffpp_NeuralTextures
NeuralTextures_023_923,val,fake,/workspace/data/raw/ffpp/FaceForensics++_C23/NeuralTextures/023_923.mp4,ffpp_NeuralTextures
NeuralTextures_024_073,test,fake,/workspace/data/raw/ffpp/FaceForensics++_C23/NeuralTextures/024_073.mp4,ffpp_NeuralTextures
NeuralTextures_025_067,train,fake,/workspace/data/raw/ffpp/FaceForensics++_C23/NeuralTextures/025_067.mp4,ffpp_NeuralTextures
NeuralTextures_026_012,test,fake,/workspace/data/raw/ffpp/FaceForensics++_C23/NeuralTextures/026_012.mp4,ffpp_NeuralTextures
NeuralTextures_027_009,train,fake,/workspace/data/raw/ffpp/FaceForensics++_C23/NeuralTextures/027_009.mp4,ffpp_NeuralTextures
NeuralTextures_028_068,train,fake,/workspace/data/raw/ffpp/FaceForensics++_C23/NeuralTextures/028_068.mp4,ffpp_NeuralTextures
NeuralTextures_029_048,test,fake,/workspace/data/raw/ffpp/FaceForensics++_C23/NeuralTextures/029_048.mp4,ffpp_NeuralTextures
NeuralTextures_030_193,train,fake,/workspace/data/raw/ffpp/FaceForensics++_C23/NeuralTextures/030_193.mp4,ffpp_NeuralTextures
NeuralTextures_031_163,train,fake,/workspace/data/raw/ffpp/FaceForensics++_C23/NeuralTextures/031_163.mp4,ffpp_NeuralTextures
NeuralTextures_032_944,train,fake,/workspace/data/raw/ffpp/FaceForensics++_C23/NeuralTextures/032_944.mp4,ffpp_NeuralTextures
NeuralTextures_033_097,train,fake,/workspace/data/raw/ffpp/FaceForensics++_C23/NeuralTextures/033_097.mp4,ffpp_NeuralTextures
NeuralTextures_034_590,train,fake,/workspace/data/raw/ffpp/FaceForensics++_C23/NeuralTextures/034_590.mp4,ffpp_NeuralTextures
NeuralTextures_035_036,test,fake,/workspace/data/raw/ffpp/FaceForensics++_C23/NeuralTextures/035_036.mp4,ffpp_NeuralTextures
NeuralTextures_036_035,test,fake,/workspace/data/raw/ffpp/FaceForensics++_C23/NeuralTextures/036_035.mp4,ffpp_NeuralTextures
NeuralTextures_037_072,train,fake,/workspace/data/raw/ffpp/FaceForensics++_C23/NeuralTextures/037_072.mp4,ffpp_NeuralTextures
NeuralTextures_038_125,train,fake,/workspace/data/raw/ffpp/FaceForensics++_C23/NeuralTextures/038_125.mp4,ffpp_NeuralTextures
NeuralTextures_039_058,train,fake,/workspace/data/raw/ffpp/FaceForensics++_C23/NeuralTextures/039_058.mp4,ffpp_NeuralTextures
NeuralTextures_040_997,train,fake,/workspace/data/raw/ffpp/FaceForensics++_C23/NeuralTextures/040_997.mp4,ffpp_NeuralTextures
NeuralTextures_041_063,train,fake,/workspace/data/raw/ffpp/FaceForensics++_C23/NeuralTextures/041_063.mp4,ffpp_NeuralTextures
NeuralTextures_042_084,val,fake,/workspace/data/raw/ffpp/FaceForensics++_C23/NeuralTextures/042_084.mp4,ffpp_NeuralTextures
NeuralTextures_043_110,train,fake,/workspace/data/raw/ffpp/FaceForensics++_C23/NeuralTextures/043_110.mp4,ffpp_NeuralTextures
NeuralTextures_044_945,test,fake,/workspace/data/raw/ffpp/FaceForensics++_C23/NeuralTextures/044_945.mp4,ffpp_NeuralTextures
NeuralTextures_045_889,train,fake,/workspace/data/raw/ffpp/FaceForensics++_C23/NeuralTextures/045_889.mp4,ffpp_NeuralTextures
NeuralTextures_046_904,val,fake,/workspace/data/raw/ffpp/FaceForensics++_C23/NeuralTextures/046_904.mp4,ffpp_NeuralTextures
NeuralTextures_047_862,test,fake,/workspace/data/raw/ffpp/FaceForensics++_C23/NeuralTextures/047_862.mp4,ffpp_NeuralTextures
NeuralTextures_048_029,test,fake,/workspace/data/raw/ffpp/FaceForensics++_C23/NeuralTextures/048_029.mp4,ffpp_NeuralTextures
NeuralTextures_049_946,train,fake,/workspace/data/raw/ffpp/FaceForensics++_C23/NeuralTextures/049_946.mp4,ffpp_NeuralTextures
NeuralTextures_050_059,train,fake,/workspace/data/raw/ffpp/FaceForensics++_C23/NeuralTextures/050_059.mp4,ffpp_NeuralTextures
NeuralTextures_051_332,train,fake,/workspace/data/raw/ffpp/FaceForensics++_C23/NeuralTextures/051_332.mp4,ffpp_NeuralTextures
NeuralTextures_052_108,train,fake,/workspace/data/raw/ffpp/FaceForensics++_C23/NeuralTextures/052_108.mp4,ffpp_NeuralTextures
NeuralTextures_053_095,train,fake,/workspace/data/raw/ffpp/FaceForensics++_C23/NeuralTextures/053_095.mp4,ffpp_NeuralTextures
NeuralTextures_054_071,train,fake,/workspace/data/raw/ffpp/FaceForensics++_C23/NeuralTextures/054_071.mp4,ffpp_NeuralTextures
NeuralTextures_055_147,train,fake,/workspace/data/raw/ffpp/FaceForensics++_C23/NeuralTextures/055_147.mp4,ffpp_NeuralTextures
NeuralTextures_056_996,train,fake,/workspace/data/raw/ffpp/FaceForensics++_C23/NeuralTextures/056_996.mp4,ffpp_NeuralTextures
NeuralTextures_057_070,train,fake,/workspace/data/raw/ffpp/FaceForensics++_C23/NeuralTextures/057_070.mp4,ffpp_NeuralTextures
NeuralTextures_058_039,train,fake,/workspace/data/raw/ffpp/FaceForensics++_C23/NeuralTextures/058_039.mp4,ffpp_NeuralTextures
NeuralTextures_059_050,train,fake,/workspace/data/raw/ffpp/FaceForensics++_C23/NeuralTextures/059_050.mp4,ffpp_NeuralTextures
NeuralTextures_060_088,train,fake,/workspace/data/raw/ffpp/FaceForensics++_C23/NeuralTextures/060_088.mp4,ffpp_NeuralTextures
NeuralTextures_061_080,train,fake,/workspace/data/raw/ffpp/FaceForensics++_C23/NeuralTextures/061_080.mp4,ffpp_NeuralTextures
NeuralTextures_062_066,train,fake,/workspace/data/raw/ffpp/FaceForensics++_C23/NeuralTextures/062_066.mp4,ffpp_NeuralTextures
NeuralTextures_063_041,train,fake,/workspace/data/raw/ffpp/FaceForensics++_C23/NeuralTextures/063_041.mp4,ffpp_NeuralTextures
NeuralTextures_064_991,val,fake,/workspace/data/raw/ffpp/FaceForensics++_C23/NeuralTextures/064_991.mp4,ffpp_NeuralTextures
NeuralTextures_065_089,train,fake,/workspace/data/raw/ffpp/FaceForensics++_C23/NeuralTextures/065_089.mp4,ffpp_NeuralTextures
NeuralTextures_066_062,train,fake,/workspace/data/raw/ffpp/FaceForensics++_C23/NeuralTextures/066_062.mp4,ffpp_NeuralTextures
NeuralTextures_067_025,train,fake,/workspace/data/raw/ffpp/FaceForensics++_C23/NeuralTextures/067_025.mp4,ffpp_NeuralTextures
NeuralTextures_068_028,train,fake,/workspace/data/raw/ffpp/FaceForensics++_C23/NeuralTextures/068_028.mp4,ffpp_NeuralTextures
NeuralTextures_069_961,train,fake,/workspace/data/raw/ffpp/FaceForensics++_C23/NeuralTextures/069_961.mp4,ffpp_NeuralTextures
NeuralTextures_070_057,train,fake,/workspace/data/raw/ffpp/FaceForensics++_C23/NeuralTextures/070_057.mp4,ffpp_NeuralTextures
NeuralTextures_071_054,train,fake,/workspace/data/raw/ffpp/FaceForensics++_C23/NeuralTextures/071_054.mp4,ffpp_NeuralTextures
NeuralTextures_072_037,train,fake,/workspace/data/raw/ffpp/FaceForensics++_C23/NeuralTextures/072_037.mp4,ffpp_NeuralTextures
NeuralTextures_073_024,test,fake,/workspace/data/raw/ffpp/FaceForensics++_C23/NeuralTextures/073_024.mp4,ffpp_NeuralTextures
NeuralTextures_074_825,train,fake,/workspace/data/raw/ffpp/FaceForensics++_C23/NeuralTextures/074_825.mp4,ffpp_NeuralTextures
NeuralTextures_075_977,train,fake,/workspace/data/raw/ffpp/FaceForensics++_C23/NeuralTextures/075_977.mp4,ffpp_NeuralTextures
NeuralTextures_076_079,train,fake,/workspace/data/raw/ffpp/FaceForensics++_C23/NeuralTextures/076_079.mp4,ffpp_NeuralTextures
NeuralTextures_077_100,train,fake,/workspace/data/raw/ffpp/FaceForensics++_C23/NeuralTextures/077_100.mp4,ffpp_NeuralTextures
NeuralTextures_078_955,test,fake,/workspace/data/raw/ffpp/FaceForensics++_C23/NeuralTextures/078_955.mp4,ffpp_NeuralTextures
NeuralTextures_079_076,train,fake,/workspace/data/raw/ffpp/FaceForensics++_C23/NeuralTextures/079_076.mp4,ffpp_NeuralTextures
NeuralTextures_080_061,train,fake,/workspace/data/raw/ffpp/FaceForensics++_C23/NeuralTextures/080_061.mp4,ffpp_NeuralTextures
NeuralTextures_081_087,train,fake,/workspace/data/raw/ffpp/FaceForensics++_C23/NeuralTextures/081_087.mp4,ffpp_NeuralTextures
NeuralTextures_082_103,train,fake,/workspace/data/raw/ffpp/FaceForensics++_C23/NeuralTextures/082_103.mp4,ffpp_NeuralTextures
NeuralTextures_083_213,train,fake,/workspace/data/raw/ffpp/FaceForensics++_C23/NeuralTextures/083_213.mp4,ffpp_NeuralTextures
NeuralTextures_084_042,val,fake,/workspace/data/raw/ffpp/FaceForensics++_C23/NeuralTextures/084_042.mp4,ffpp_NeuralTextures
NeuralTextures_085_124,train,fake,/workspace/data/raw/ffpp/FaceForensics++_C23/NeuralTextures/085_124.mp4,ffpp_NeuralTextures
NeuralTextures_086_090,train,fake,/workspace/data/raw/ffpp/FaceForensics++_C23/NeuralTextures/086_090.mp4,ffpp_NeuralTextures
NeuralTextures_087_081,train,fake,/workspace/data/raw/ffpp/FaceForensics++_C23/NeuralTextures/087_081.mp4,ffpp_NeuralTextures
NeuralTextures_088_060,train,fake,/workspace/data/raw/ffpp/FaceForensics++_C23/NeuralTextures/088_060.mp4,ffpp_NeuralTextures
NeuralTextures_089_065,train,fake,/workspace/data/raw/ffpp/FaceForensics++_C23/NeuralTextures/089_065.mp4,ffpp_NeuralTextures
NeuralTextures_090_086,train,fake,/workspace/data/raw/ffpp/FaceForensics++_C23/NeuralTextures/090_086.mp4,ffpp_NeuralTextures
NeuralTextures_091_116,val,fake,/workspace/data/raw/ffpp/FaceForensics++_C23/NeuralTextures/091_116.mp4,ffpp_NeuralTextures
NeuralTextures_092_098,train,fake,/workspace/data/raw/ffpp/FaceForensics++_C23/NeuralTextures/092_098.mp4,ffpp_NeuralTextures
NeuralTextures_093_121,train,fake,/workspace/data/raw/ffpp/FaceForensics++_C23/NeuralTextures/093_121.mp4,ffpp_NeuralTextures
NeuralTextures_094_111,train,fake,/workspace/data/raw/ffpp/FaceForensics++_C23/NeuralTextures/094_111.mp4,ffpp_NeuralTextures
NeuralTextures_095_053,train,fake,/workspace/data/raw/ffpp/FaceForensics++_C23/NeuralTextures/095_053.mp4,ffpp_NeuralTextures
NeuralTextures_096_101,train,fake,/workspace/data/raw/ffpp/FaceForensics++_C23/NeuralTextures/096_101.mp4,ffpp_NeuralTextures
NeuralTextures_097_033,train,fake,/workspace/data/raw/ffpp/FaceForensics++_C23/NeuralTextures/097_033.mp4,ffpp_NeuralTextures
NeuralTextures_098_092,train,fake,/workspace/data/raw/ffpp/FaceForensics++_C23/NeuralTextures/098_092.mp4,ffpp_NeuralTextures
NeuralTextures_099_295,train,fake,/workspace/data/raw/ffpp/FaceForensics++_C23/NeuralTextures/099_295.mp4,ffpp_NeuralTextures
NeuralTextures_100_077,train,fake,/workspace/data/raw/ffpp/FaceForensics++_C23/NeuralTextures/100_077.mp4,ffpp_NeuralTextures
NeuralTextures_101_096,train,fake,/workspace/data/raw/ffpp/FaceForensics++_C23/NeuralTextures/101_096.mp4,ffpp_NeuralTextures
NeuralTextures_102_114,test,fake,/workspace/data/raw/ffpp/FaceForensics++_C23/NeuralTextures/102_114.mp4,ffpp_NeuralTextures
NeuralTextures_103_082,train,fake,/workspace/data/raw/ffpp/FaceForensics++_C23/NeuralTextures/103_082.mp4,ffpp_NeuralTextures
NeuralTextures_104_126,val,fake,/workspace/data/raw/ffpp/FaceForensics++_C23/NeuralTextures/104_126.mp4,ffpp_NeuralTextures
NeuralTextures_105_180,train,fake,/workspace/data/raw/ffpp/FaceForensics++_C23/NeuralTextures/105_180.mp4,ffpp_NeuralTextures
NeuralTextures_106_198,val,fake,/workspace/data/raw/ffpp/FaceForensics++_C23/NeuralTextures/106_198.mp4,ffpp_NeuralTextures
NeuralTextures_107_109,train,fake,/workspace/data/raw/ffpp/FaceForensics++_C23/NeuralTextures/107_109.mp4,ffpp_NeuralTextures
NeuralTextures_108_052,train,fake,/workspace/data/raw/ffpp/FaceForensics++_C23/NeuralTextures/108_052.mp4,ffpp_NeuralTextures
NeuralTextures_109_107,train,fake,/workspace/data/raw/ffpp/FaceForensics++_C23/NeuralTextures/109_107.mp4,ffpp_NeuralTextures
NeuralTextures_110_043,train,fake,/workspace/data/raw/ffpp/FaceForensics++_C23/NeuralTextures/110_043.mp4,ffpp_NeuralTextures
NeuralTextures_111_094,train,fake,/workspace/data/raw/ffpp/FaceForensics++_C23/NeuralTextures/111_094.mp4,ffpp_NeuralTextures
NeuralTextures_112_892,train,fake,/workspace/data/raw/ffpp/FaceForensics++_C23/NeuralTextures/112_892.mp4,ffpp_NeuralTextures
NeuralTextures_113_983,train,fake,/workspace/data/raw/ffpp/FaceForensics++_C23/NeuralTextures/113_983.mp4,ffpp_NeuralTextures
NeuralTextures_114_102,test,fake,/workspace/data/raw/ffpp/FaceForensics++_C23/NeuralTextures/114_102.mp4,ffpp_NeuralTextures
NeuralTextures_115_939,val,fake,/workspace/data/raw/ffpp/FaceForensics++_C23/NeuralTextures/115_939.mp4,ffpp_NeuralTextures
NeuralTextures_116_091,val,fake,/workspace/data/raw/ffpp/FaceForensics++_C23/NeuralTextures/116_091.mp4,ffpp_NeuralTextures
NeuralTextures_117_217,train,fake,/workspace/data/raw/ffpp/FaceForensics++_C23/NeuralTextures/117_217.mp4,ffpp_NeuralTextures
NeuralTextures_118_120,train,fake,/workspace/data/raw/ffpp/FaceForensics++_C23/NeuralTextures/118_120.mp4,ffpp_NeuralTextures
NeuralTextures_119_123,train,fake,/workspace/data/raw/ffpp/FaceForensics++_C23/NeuralTextures/119_123.mp4,ffpp_NeuralTextures
NeuralTextures_120_118,train,fake,/workspace/data/raw/ffpp/FaceForensics++_C23/NeuralTextures/120_118.mp4,ffpp_NeuralTextures
NeuralTextures_121_093,train,fake,/workspace/data/raw/ffpp/FaceForensics++_C23/NeuralTextures/121_093.mp4,ffpp_NeuralTextures
NeuralTextures_122_144,train,fake,/workspace/data/raw/ffpp/FaceForensics++_C23/NeuralTextures/122_144.mp4,ffpp_NeuralTextures
NeuralTextures_123_119,train,fake,/workspace/data/raw/ffpp/FaceForensics++_C23/NeuralTextures/123_119.mp4,ffpp_NeuralTextures
NeuralTextures_124_085,train,fake,/workspace/data/raw/ffpp/FaceForensics++_C23/NeuralTextures/124_085.mp4,ffpp_NeuralTextures
NeuralTextures_125_038,train,fake,/workspace/data/raw/ffpp/FaceForensics++_C23/NeuralTextures/125_038.mp4,ffpp_NeuralTextures
NeuralTextures_126_104,val,fake,/workspace/data/raw/ffpp/FaceForensics++_C23/NeuralTextures/126_104.mp4,ffpp_NeuralTextures
NeuralTextures_127_129,train,fake,/workspace/data/raw/ffpp/FaceForensics++_C23/NeuralTextures/127_129.mp4,ffpp_NeuralTextures
NeuralTextures_128_896,test,fake,/workspace/data/raw/ffpp/FaceForensics++_C23/NeuralTextures/128_896.mp4,ffpp_NeuralTextures
NeuralTextures_129_127,train,fake,/workspace/data/raw/ffpp/FaceForensics++_C23/NeuralTextures/129_127.mp4,ffpp_NeuralTextures
NeuralTextures_130_139,train,fake,/workspace/data/raw/ffpp/FaceForensics++_C23/NeuralTextures/130_139.mp4,ffpp_NeuralTextures
NeuralTextures_131_518,train,fake,/workspace/data/raw/ffpp/FaceForensics++_C23/NeuralTextures/131_518.mp4,ffpp_NeuralTextures
NeuralTextures_132_007,train,fake,/workspace/data/raw/ffpp/FaceForensics++_C23/NeuralTextures/132_007.mp4,ffpp_NeuralTextures
NeuralTextures_133_148,train,fake,/workspace/data/raw/ffpp/FaceForensics++_C23/NeuralTextures/133_148.mp4,ffpp_NeuralTextures
NeuralTextures_134_192,val,fake,/workspace/data/raw/ffpp/FaceForensics++_C23/NeuralTextures/134_192.mp4,ffpp_NeuralTextures
NeuralTextures_135_880,test,fake,/workspace/data/raw/ffpp/FaceForensics++_C23/NeuralTextures/135_880.mp4,ffpp_NeuralTextures
NeuralTextures_136_285,train,fake,/workspace/data/raw/ffpp/FaceForensics++_C23/NeuralTextures/136_285.mp4,ffpp_NeuralTextures
NeuralTextures_137_165,train,fake,/workspace/data/raw/ffpp/FaceForensics++_C23/NeuralTextures/137_165.mp4,ffpp_NeuralTextures
NeuralTextures_138_142,test,fake,/workspace/data/raw/ffpp/FaceForensics++_C23/NeuralTextures/138_142.mp4,ffpp_NeuralTextures
NeuralTextures_139_130,train,fake,/workspace/data/raw/ffpp/FaceForensics++_C23/NeuralTextures/139_130.mp4,ffpp_NeuralTextures
NeuralTextures_140_143,train,fake,/workspace/data/raw/ffpp/FaceForensics++_C23/NeuralTextures/140_143.mp4,ffpp_NeuralTextures
NeuralTextures_141_161,test,fake,/workspace/data/raw/ffpp/FaceForensics++_C23/NeuralTextures/141_161.mp4,ffpp_NeuralTextures
NeuralTextures_142_138,test,fake,/workspace/data/raw/ffpp/FaceForensics++_C23/NeuralTextures/142_138.mp4,ffpp_NeuralTextures
NeuralTextures_143_140,train,fake,/workspace/data/raw/ffpp/FaceForensics++_C23/NeuralTextures/143_140.mp4,ffpp_NeuralTextures
NeuralTextures_144_122,train,fake,/workspace/data/raw/ffpp/FaceForensics++_C23/NeuralTextures/144_122.mp4,ffpp_NeuralTextures
NeuralTextures_145_299,val,fake,/workspace/data/raw/ffpp/FaceForensics++_C23/NeuralTextures/145_299.mp4,ffpp_NeuralTextures
NeuralTextures_146_256,train,fake,/workspace/data/raw/ffpp/FaceForensics++_C23/NeuralTextures/146_256.mp4,ffpp_NeuralTextures
NeuralTextures_147_055,train,fake,/workspace/data/raw/ffpp/FaceForensics++_C23/NeuralTextures/147_055.mp4,ffpp_NeuralTextures
NeuralTextures_148_133,train,fake,/workspace/data/raw/ffpp/FaceForensics++_C23/NeuralTextures/148_133.mp4,ffpp_NeuralTextures
NeuralTextures_149_152,train,fake,/workspace/data/raw/ffpp/FaceForensics++_C23/NeuralTextures/149_152.mp4,ffpp_NeuralTextures
NeuralTextures_150_153,train,fake,/workspace/data/raw/ffpp/FaceForensics++_C23/NeuralTextures/150_153.mp4,ffpp_NeuralTextures
NeuralTextures_151_225,train,fake,/workspace/data/raw/ffpp/FaceForensics++_C23/NeuralTextures/151_225.mp4,ffpp_NeuralTextures
NeuralTextures_152_149,train,fake,/workspace/data/raw/ffpp/FaceForensics++_C23/NeuralTextures/152_149.mp4,ffpp_NeuralTextures
NeuralTextures_153_150,train,fake,/workspace/data/raw/ffpp/FaceForensics++_C23/NeuralTextures/153_150.mp4,ffpp_NeuralTextures
NeuralTextures_154_386,test,fake,/workspace/data/raw/ffpp/FaceForensics++_C23/NeuralTextures/154_386.mp4,ffpp_NeuralTextures
NeuralTextures_155_576,train,fake,/workspace/data/raw/ffpp/FaceForensics++_C23/NeuralTextures/155_576.mp4,ffpp_NeuralTextures
NeuralTextures_156_243,train,fake,/workspace/data/raw/ffpp/FaceForensics++_C23/NeuralTextures/156_243.mp4,ffpp_NeuralTextures
NeuralTextures_157_245,val,fake,/workspace/data/raw/ffpp/FaceForensics++_C23/NeuralTextures/157_245.mp4,ffpp_NeuralTextures
NeuralTextures_158_379,test,fake,/workspace/data/raw/ffpp/FaceForensics++_C23/NeuralTextures/158_379.mp4,ffpp_NeuralTextures
NeuralTextures_159_175,val,fake,/workspace/data/raw/ffpp/FaceForensics++_C23/NeuralTextures/159_175.mp4,ffpp_NeuralTextures
NeuralTextures_160_928,train,fake,/workspace/data/raw/ffpp/FaceForensics++_C23/NeuralTextures/160_928.mp4,ffpp_NeuralTextures
NeuralTextures_161_141,test,fake,/workspace/data/raw/ffpp/FaceForensics++_C23/NeuralTextures/161_141.mp4,ffpp_NeuralTextures
NeuralTextures_162_330,train,fake,/workspace/data/raw/ffpp/FaceForensics++_C23/NeuralTextures/162_330.mp4,ffpp_NeuralTextures
NeuralTextures_163_031,train,fake,/workspace/data/raw/ffpp/FaceForensics++_C23/NeuralTextures/163_031.mp4,ffpp_NeuralTextures
NeuralTextures_164_216,train,fake,/workspace/data/raw/ffpp/FaceForensics++_C23/NeuralTextures/164_216.mp4,ffpp_NeuralTextures
NeuralTextures_165_137,train,fake,/workspace/data/raw/ffpp/FaceForensics++_C23/NeuralTextures/165_137.mp4,ffpp_NeuralTextures
NeuralTextures_166_167,train,fake,/workspace/data/raw/ffpp/FaceForensics++_C23/NeuralTextures/166_167.mp4,ffpp_NeuralTextures
NeuralTextures_167_166,train,fake,/workspace/data/raw/ffpp/FaceForensics++_C23/NeuralTextures/167_166.mp4,ffpp_NeuralTextures
NeuralTextures_168_222,train,fake,/workspace/data/raw/ffpp/FaceForensics++_C23/NeuralTextures/168_222.mp4,ffpp_NeuralTextures
NeuralTextures_169_227,test,fake,/workspace/data/raw/ffpp/FaceForensics++_C23/NeuralTextures/169_227.mp4,ffpp_NeuralTextures
NeuralTextures_170_186,test,fake,/workspace/data/raw/ffpp/FaceForensics++_C23/NeuralTextures/170_186.mp4,ffpp_NeuralTextures
NeuralTextures_171_173,train,fake,/workspace/data/raw/ffpp/FaceForensics++_C23/NeuralTextures/171_173.mp4,ffpp_NeuralTextures
NeuralTextures_172_582,train,fake,/workspace/data/raw/ffpp/FaceForensics++_C23/NeuralTextures/172_582.mp4,ffpp_NeuralTextures
NeuralTextures_173_171,train,fake,/workspace/data/raw/ffpp/FaceForensics++_C23/NeuralTextures/173_171.mp4,ffpp_NeuralTextures
NeuralTextures_174_964,train,fake,/workspace/data/raw/ffpp/FaceForensics++_C23/NeuralTextures/174_964.mp4,ffpp_NeuralTextures
NeuralTextures_175_159,val,fake,/workspace/data/raw/ffpp/FaceForensics++_C23/NeuralTextures/175_159.mp4,ffpp_NeuralTextures
NeuralTextures_176_190,test,fake,/workspace/data/raw/ffpp/FaceForensics++_C23/NeuralTextures/176_190.mp4,ffpp_NeuralTextures
NeuralTextures_177_211,train,fake,/workspace/data/raw/ffpp/FaceForensics++_C23/NeuralTextures/177_211.mp4,ffpp_NeuralTextures
NeuralTextures_178_598,train,fake,/workspace/data/raw/ffpp/FaceForensics++_C23/NeuralTextures/178_598.mp4,ffpp_NeuralTextures
NeuralTextures_179_212,train,fake,/workspace/data/raw/ffpp/FaceForensics++_C23/NeuralTextures/179_212.mp4,ffpp_NeuralTextures
NeuralTextures_180_105,train,fake,/workspace/data/raw/ffpp/FaceForensics++_C23/NeuralTextures/180_105.mp4,ffpp_NeuralTextures
NeuralTextures_181_199,train,fake,/workspace/data/raw/ffpp/FaceForensics++_C23/NeuralTextures/181_199.mp4,ffpp_NeuralTextures
NeuralTextures_182_242,train,fake,/workspace/data/raw/ffpp/FaceForensics++_C23/NeuralTextures/182_242.mp4,ffpp_NeuralTextures
NeuralTextures_183_253,train,fake,/workspace/data/raw/ffpp/FaceForensics++_C23/NeuralTextures/183_253.mp4,ffpp_NeuralTextures
NeuralTextures_184_205,train,fake,/workspace/data/raw/ffpp/FaceForensics++_C23/NeuralTextures/184_205.mp4,ffpp_NeuralTextures
NeuralTextures_185_276,train,fake,/workspace/data/raw/ffpp/FaceForensics++_C23/NeuralTextures/185_276.mp4,ffpp_NeuralTextures
NeuralTextures_186_170,test,fake,/workspace/data/raw/ffpp/FaceForensics++_C23/NeuralTextures/186_170.mp4,ffpp_NeuralTextures
NeuralTextures_187_234,train,fake,/workspace/data/raw/ffpp/FaceForensics++_C23/NeuralTextures/187_234.mp4,ffpp_NeuralTextures
NeuralTextures_188_191,train,fake,/workspace/data/raw/ffpp/FaceForensics++_C23/NeuralTextures/188_191.mp4,ffpp_NeuralTextures
NeuralTextures_189_200,train,fake,/workspace/data/raw/ffpp/FaceForensics++_C23/NeuralTextures/189_200.mp4,ffpp_NeuralTextures
NeuralTextures_190_176,test,fake,/workspace/data/raw/ffpp/FaceForensics++_C23/NeuralTextures/190_176.mp4,ffpp_NeuralTextures
NeuralTextures_191_188,train,fake,/workspace/data/raw/ffpp/FaceForensics++_C23/NeuralTextures/191_188.mp4,ffpp_NeuralTextures
NeuralTextures_192_134,val,fake,/workspace/data/raw/ffpp/FaceForensics++_C23/NeuralTextures/192_134.mp4,ffpp_NeuralTextures
NeuralTextures_193_030,train,fake,/workspace/data/raw/ffpp/FaceForensics++_C23/NeuralTextures/193_030.mp4,ffpp_NeuralTextures
NeuralTextures_194_235,train,fake,/workspace/data/raw/ffpp/FaceForensics++_C23/NeuralTextures/194_235.mp4,ffpp_NeuralTextures
NeuralTextures_195_442,train,fake,/workspace/data/raw/ffpp/FaceForensics++_C23/NeuralTextures/195_442.mp4,ffpp_NeuralTextures
NeuralTextures_196_310,train,fake,/workspace/data/raw/ffpp/FaceForensics++_C23/NeuralTextures/196_310.mp4,ffpp_NeuralTextures
NeuralTextures_197_224,train,fake,/workspace/data/raw/ffpp/FaceForensics++_C23/NeuralTextures/197_224.mp4,ffpp_NeuralTextures
NeuralTextures_198_106,val,fake,/workspace/data/raw/ffpp/FaceForensics++_C23/NeuralTextures/198_106.mp4,ffpp_NeuralTextures
NeuralTextures_199_181,train,fake,/workspace/data/raw/ffpp/FaceForensics++_C23/NeuralTextures/199_181.mp4,ffpp_NeuralTextures
NeuralTextures_200_189,train,fake,/workspace/data/raw/ffpp/FaceForensics++_C23/NeuralTextures/200_189.mp4,ffpp_NeuralTextures
NeuralTextures_201_203,train,fake,/workspace/data/raw/ffpp/FaceForensics++_C23/NeuralTextures/201_203.mp4,ffpp_NeuralTextures
NeuralTextures_202_348,train,fake,/workspace/data/raw/ffpp/FaceForensics++_C23/NeuralTextures/202_348.mp4,ffpp_NeuralTextures
NeuralTextures_203_201,train,fake,/workspace/data/raw/ffpp/FaceForensics++_C23/NeuralTextures/203_201.mp4,ffpp_NeuralTextures
NeuralTextures_204_230,train,fake,/workspace/data/raw/ffpp/FaceForensics++_C23/NeuralTextures/204_230.mp4,ffpp_NeuralTextures
NeuralTextures_205_184,train,fake,/workspace/data/raw/ffpp/FaceForensics++_C23/NeuralTextures/205_184.mp4,ffpp_NeuralTextures
NeuralTextures_206_221,train,fake,/workspace/data/raw/ffpp/FaceForensics++_C23/NeuralTextures/206_221.mp4,ffpp_NeuralTextures
NeuralTextures_207_908,train,fake,/workspace/data/raw/ffpp/FaceForensics++_C23/NeuralTextures/207_908.mp4,ffpp_NeuralTextures
NeuralTextures_208_215,train,fake,/workspace/data/raw/ffpp/FaceForensics++_C23/NeuralTextures/208_215.mp4,ffpp_NeuralTextures
NeuralTextures_209_016,train,fake,/workspace/data/raw/ffpp/FaceForensics++_C23/NeuralTextures/209_016.mp4,ffpp_NeuralTextures
NeuralTextures_210_241,train,fake,/workspace/data/raw/ffpp/FaceForensics++_C23/NeuralTextures/210_241.mp4,ffpp_NeuralTextures
NeuralTextures_211_177,train,fake,/workspace/data/raw/ffpp/FaceForensics++_C23/NeuralTextures/211_177.mp4,ffpp_NeuralTextures
NeuralTextures_212_179,train,fake,/workspace/data/raw/ffpp/FaceForensics++_C23/NeuralTextures/212_179.mp4,ffpp_NeuralTextures
NeuralTextures_213_083,train,fake,/workspace/data/raw/ffpp/FaceForensics++_C23/NeuralTextures/213_083.mp4,ffpp_NeuralTextures
NeuralTextures_214_255,test,fake,/workspace/data/raw/ffpp/FaceForensics++_C23/NeuralTextures/214_255.mp4,ffpp_NeuralTextures
NeuralTextures_215_208,train,fake,/workspace/data/raw/ffpp/FaceForensics++_C23/NeuralTextures/215_208.mp4,ffpp_NeuralTextures
NeuralTextures_216_164,train,fake,/workspace/data/raw/ffpp/FaceForensics++_C23/NeuralTextures/216_164.mp4,ffpp_NeuralTextures
NeuralTextures_217_117,train,fake,/workspace/data/raw/ffpp/FaceForensics++_C23/NeuralTextures/217_117.mp4,ffpp_NeuralTextures
NeuralTextures_218_239,train,fake,/workspace/data/raw/ffpp/FaceForensics++_C23/NeuralTextures/218_239.mp4,ffpp_NeuralTextures
NeuralTextures_219_220,test,fake,/workspace/data/raw/ffpp/FaceForensics++_C23/NeuralTextures/219_220.mp4,ffpp_NeuralTextures
NeuralTextures_220_219,test,fake,/workspace/data/raw/ffpp/FaceForensics++_C23/NeuralTextures/220_219.mp4,ffpp_NeuralTextures
NeuralTextures_221_206,train,fake,/workspace/data/raw/ffpp/FaceForensics++_C23/NeuralTextures/221_206.mp4,ffpp_NeuralTextures
NeuralTextures_222_168,train,fake,/workspace/data/raw/ffpp/FaceForensics++_C23/NeuralTextures/222_168.mp4,ffpp_NeuralTextures
NeuralTextures_223_586,val,fake,/workspace/data/raw/ffpp/FaceForensics++_C23/NeuralTextures/223_586.mp4,ffpp_NeuralTextures
NeuralTextures_224_197,train,fake,/workspace/data/raw/ffpp/FaceForensics++_C23/NeuralTextures/224_197.mp4,ffpp_NeuralTextures
NeuralTextures_225_151,train,fake,/workspace/data/raw/ffpp/FaceForensics++_C23/NeuralTextures/225_151.mp4,ffpp_NeuralTextures
NeuralTextures_226_491,train,fake,/workspace/data/raw/ffpp/FaceForensics++_C23/NeuralTextures/226_491.mp4,ffpp_NeuralTextures
NeuralTextures_227_169,test,fake,/workspace/data/raw/ffpp/FaceForensics++_C23/NeuralTextures/227_169.mp4,ffpp_NeuralTextures
NeuralTextures_228_289,train,fake,/workspace/data/raw/ffpp/FaceForensics++_C23/NeuralTextures/228_289.mp4,ffpp_NeuralTextures
NeuralTextures_229_247,train,fake,/workspace/data/raw/ffpp/FaceForensics++_C23/NeuralTextures/229_247.mp4,ffpp_NeuralTextures
NeuralTextures_230_204,train,fake,/workspace/data/raw/ffpp/FaceForensics++_C23/NeuralTextures/230_204.mp4,ffpp_NeuralTextures
NeuralTextures_231_663,train,fake,/workspace/data/raw/ffpp/FaceForensics++_C23/NeuralTextures/231_663.mp4,ffpp_NeuralTextures
NeuralTextures_232_248,train,fake,/workspace/data/raw/ffpp/FaceForensics++_C23/NeuralTextures/232_248.mp4,ffpp_NeuralTextures
NeuralTextures_233_995,test,fake,/workspace/data/raw/ffpp/FaceForensics++_C23/NeuralTextures/233_995.mp4,ffpp_NeuralTextures
NeuralTextures_234_187,train,fake,/workspace/data/raw/ffpp/FaceForensics++_C23/NeuralTextures/234_187.mp4,ffpp_NeuralTextures
NeuralTextures_235_194,train,fake,/workspace/data/raw/ffpp/FaceForensics++_C23/NeuralTextures/235_194.mp4,ffpp_NeuralTextures
NeuralTextures_236_237,train,fake,/workspace/data/raw/ffpp/FaceForensics++_C23/NeuralTextures/236_237.mp4,ffpp_NeuralTextures
NeuralTextures_237_236,train,fake,/workspace/data/raw/ffpp/FaceForensics++_C23/NeuralTextures/237_236.mp4,ffpp_NeuralTextures
NeuralTextures_238_282,train,fake,/workspace/data/raw/ffpp/FaceForensics++_C23/NeuralTextures/238_282.mp4,ffpp_NeuralTextures
NeuralTextures_239_218,train,fake,/workspace/data/raw/ffpp/FaceForensics++_C23/NeuralTextures/239_218.mp4,ffpp_NeuralTextures
NeuralTextures_240_290,train,fake,/workspace/data/raw/ffpp/FaceForensics++_C23/NeuralTextures/240_290.mp4,ffpp_NeuralTextures
NeuralTextures_241_210,train,fake,/workspace/data/raw/ffpp/FaceForensics++_C23/NeuralTextures/241_210.mp4,ffpp_NeuralTextures
NeuralTextures_242_182,train,fake,/workspace/data/raw/ffpp/FaceForensics++_C23/NeuralTextures/242_182.mp4,ffpp_NeuralTextures
NeuralTextures_243_156,train,fake,/workspace/data/raw/ffpp/FaceForensics++_C23/NeuralTextures/243_156.mp4,ffpp_NeuralTextures
NeuralTextures_244_822,train,fake,/workspace/data/raw/ffpp/FaceForensics++_C23/NeuralTextures/244_822.mp4,ffpp_NeuralTextures
NeuralTextures_245_157,val,fake,/workspace/data/raw/ffpp/FaceForensics++_C23/NeuralTextures/245_157.mp4,ffpp_NeuralTextures
NeuralTextures_246_258,train,fake,/workspace/data/raw/ffpp/FaceForensics++_C23/NeuralTextures/246_258.mp4,ffpp_NeuralTextures
NeuralTextures_247_229,train,fake,/workspace/data/raw/ffpp/FaceForensics++_C23/NeuralTextures/247_229.mp4,ffpp_NeuralTextures
NeuralTextures_248_232,train,fake,/workspace/data/raw/ffpp/FaceForensics++_C23/NeuralTextures/248_232.mp4,ffpp_NeuralTextures
NeuralTextures_249_280,test,fake,/workspace/data/raw/ffpp/FaceForensics++_C23/NeuralTextures/249_280.mp4,ffpp_NeuralTextures
NeuralTextures_250_461,train,fake,/workspace/data/raw/ffpp/FaceForensics++_C23/NeuralTextures/250_461.mp4,ffpp_NeuralTextures
NeuralTextures_251_375,train,fake,/workspace/data/raw/ffpp/FaceForensics++_C23/NeuralTextures/251_375.mp4,ffpp_NeuralTextures
NeuralTextures_252_266,train,fake,/workspace/data/raw/ffpp/FaceForensics++_C23/NeuralTextures/252_266.mp4,ffpp_NeuralTextures
NeuralTextures_253_183,train,fake,/workspace/data/raw/ffpp/FaceForensics++_C23/NeuralTextures/253_183.mp4,ffpp_NeuralTextures
NeuralTextures_254_261,val,fake,/workspace/data/raw/ffpp/FaceForensics++_C23/NeuralTextures/254_261.mp4,ffpp_NeuralTextures
NeuralTextures_255_214,test,fake,/workspace/data/raw/ffpp/FaceForensics++_C23/NeuralTextures/255_214.mp4,ffpp_NeuralTextures
NeuralTextures_256_146,train,fake,/workspace/data/raw/ffpp/FaceForensics++_C23/NeuralTextures/256_146.mp4,ffpp_NeuralTextures
NeuralTextures_257_420,test,fake,/workspace/data/raw/ffpp/FaceForensics++_C23/NeuralTextures/257_420.mp4,ffpp_NeuralTextures
NeuralTextures_258_246,train,fake,/workspace/data/raw/ffpp/FaceForensics++_C23/NeuralTextures/258_246.mp4,ffpp_NeuralTextures
NeuralTextures_259_345,train,fake,/workspace/data/raw/ffpp/FaceForensics++_C23/NeuralTextures/259_345.mp4,ffpp_NeuralTextures
NeuralTextures_260_331,train,fake,/workspace/data/raw/ffpp/FaceForensics++_C23/NeuralTextures/260_331.mp4,ffpp_NeuralTextures
NeuralTextures_261_254,val,fake,/workspace/data/raw/ffpp/FaceForensics++_C23/NeuralTextures/261_254.mp4,ffpp_NeuralTextures
NeuralTextures_262_301,train,fake,/workspace/data/raw/ffpp/FaceForensics++_C23/NeuralTextures/262_301.mp4,ffpp_NeuralTextures
NeuralTextures_263_284,val,fake,/workspace/data/raw/ffpp/FaceForensics++_C23/NeuralTextures/263_284.mp4,ffpp_NeuralTextures
NeuralTextures_264_271,train,fake,/workspace/data/raw/ffpp/FaceForensics++_C23/NeuralTextures/264_271.mp4,ffpp_NeuralTextures
NeuralTextures_265_475,train,fake,/workspace/data/raw/ffpp/FaceForensics++_C23/NeuralTextures/265_475.mp4,ffpp_NeuralTextures
NeuralTextures_266_252,train,fake,/workspace/data/raw/ffpp/FaceForensics++_C23/NeuralTextures/266_252.mp4,ffpp_NeuralTextures
NeuralTextures_267_286,train,fake,/workspace/data/raw/ffpp/FaceForensics++_C23/NeuralTextures/267_286.mp4,ffpp_NeuralTextures
NeuralTextures_268_269,train,fake,/workspace/data/raw/ffpp/FaceForensics++_C23/NeuralTextures/268_269.mp4,ffpp_NeuralTextures
NeuralTextures_269_268,train,fake,/workspace/data/raw/ffpp/FaceForensics++_C23/NeuralTextures/269_268.mp4,ffpp_NeuralTextures
NeuralTextures_270_297,train,fake,/workspace/data/raw/ffpp/FaceForensics++_C23/NeuralTextures/270_297.mp4,ffpp_NeuralTextures
NeuralTextures_271_264,train,fake,/workspace/data/raw/ffpp/FaceForensics++_C23/NeuralTextures/271_264.mp4,ffpp_NeuralTextures
NeuralTextures_272_396,train,fake,/workspace/data/raw/ffpp/FaceForensics++_C23/NeuralTextures/272_396.mp4,ffpp_NeuralTextures
NeuralTextures_273_807,val,fake,/workspace/data/raw/ffpp/FaceForensics++_C23/NeuralTextures/273_807.mp4,ffpp_NeuralTextures
NeuralTextures_274_412,train,fake,/workspace/data/raw/ffpp/FaceForensics++_C23/NeuralTextures/274_412.mp4,ffpp_NeuralTextures
NeuralTextures_275_887,train,fake,/workspace/data/raw/ffpp/FaceForensics++_C23/NeuralTextures/275_887.mp4,ffpp_NeuralTextures
NeuralTextures_276_185,train,fake,/workspace/data/raw/ffpp/FaceForensics++_C23/NeuralTextures/276_185.mp4,ffpp_NeuralTextures
NeuralTextures_277_335,train,fake,/workspace/data/raw/ffpp/FaceForensics++_C23/NeuralTextures/277_335.mp4,ffpp_NeuralTextures
NeuralTextures_278_306,test,fake,/workspace/data/raw/ffpp/FaceForensics++_C23/NeuralTextures/278_306.mp4,ffpp_NeuralTextures
NeuralTextures_279_298,train,fake,/workspace/data/raw/ffpp/FaceForensics++_C23/NeuralTextures/279_298.mp4,ffpp_NeuralTextures
NeuralTextures_280_249,test,fake,/workspace/data/raw/ffpp/FaceForensics++_C23/NeuralTextures/280_249.mp4,ffpp_NeuralTextures
NeuralTextures_281_474,train,fake,/workspace/data/raw/ffpp/FaceForensics++_C23/NeuralTextures/281_474.mp4,ffpp_NeuralTextures
NeuralTextures_282_238,train,fake,/workspace/data/raw/ffpp/FaceForensics++_C23/NeuralTextures/282_238.mp4,ffpp_NeuralTextures
NeuralTextures_283_313,train,fake,/workspace/data/raw/ffpp/FaceForensics++_C23/NeuralTextures/283_313.mp4,ffpp_NeuralTextures
NeuralTextures_284_263,val,fake,/workspace/data/raw/ffpp/FaceForensics++_C23/NeuralTextures/284_263.mp4,ffpp_NeuralTextures
NeuralTextures_285_136,train,fake,/workspace/data/raw/ffpp/FaceForensics++_C23/NeuralTextures/285_136.mp4,ffpp_NeuralTextures
NeuralTextures_286_267,train,fake,/workspace/data/raw/ffpp/FaceForensics++_C23/NeuralTextures/286_267.mp4,ffpp_NeuralTextures
NeuralTextures_287_426,train,fake,/workspace/data/raw/ffpp/FaceForensics++_C23/NeuralTextures/287_426.mp4,ffpp_NeuralTextures
NeuralTextures_288_321,test,fake,/workspace/data/raw/ffpp/FaceForensics++_C23/NeuralTextures/288_321.mp4,ffpp_NeuralTextures
NeuralTextures_289_228,train,fake,/workspace/data/raw/ffpp/FaceForensics++_C23/NeuralTextures/289_228.mp4,ffpp_NeuralTextures
NeuralTextures_290_240,train,fake,/workspace/data/raw/ffpp/FaceForensics++_C23/NeuralTextures/290_240.mp4,ffpp_NeuralTextures
NeuralTextures_291_874,train,fake,/workspace/data/raw/ffpp/FaceForensics++_C23/NeuralTextures/291_874.mp4,ffpp_NeuralTextures
NeuralTextures_292_294,train,fake,/workspace/data/raw/ffpp/FaceForensics++_C23/NeuralTextures/292_294.mp4,ffpp_NeuralTextures
NeuralTextures_293_296,train,fake,/workspace/data/raw/ffpp/FaceForensics++_C23/NeuralTextures/293_296.mp4,ffpp_NeuralTextures
NeuralTextures_294_292,train,fake,/workspace/data/raw/ffpp/FaceForensics++_C23/NeuralTextures/294_292.mp4,ffpp_NeuralTextures
NeuralTextures_295_099,train,fake,/workspace/data/raw/ffpp/FaceForensics++_C23/NeuralTextures/295_099.mp4,ffpp_NeuralTextures
NeuralTextures_296_293,train,fake,/workspace/data/raw/ffpp/FaceForensics++_C23/NeuralTextures/296_293.mp4,ffpp_NeuralTextures
NeuralTextures_297_270,train,fake,/workspace/data/raw/ffpp/FaceForensics++_C23/NeuralTextures/297_270.mp4,ffpp_NeuralTextures
NeuralTextures_298_279,train,fake,/workspace/data/raw/ffpp/FaceForensics++_C23/NeuralTextures/298_279.mp4,ffpp_NeuralTextures
NeuralTextures_299_145,val,fake,/workspace/data/raw/ffpp/FaceForensics++_C23/NeuralTextures/299_145.mp4,ffpp_NeuralTextures
NeuralTextures_300_304,train,fake,/workspace/data/raw/ffpp/FaceForensics++_C23/NeuralTextures/300_304.mp4,ffpp_NeuralTextures
NeuralTextures_301_262,train,fake,/workspace/data/raw/ffpp/FaceForensics++_C23/NeuralTextures/301_262.mp4,ffpp_NeuralTextures
NeuralTextures_302_323,train,fake,/workspace/data/raw/ffpp/FaceForensics++_C23/NeuralTextures/302_323.mp4,ffpp_NeuralTextures
NeuralTextures_303_309,train,fake,/workspace/data/raw/ffpp/FaceForensics++_C23/NeuralTextures/303_309.mp4,ffpp_NeuralTextures
NeuralTextures_304_300,train,fake,/workspace/data/raw/ffpp/FaceForensics++_C23/NeuralTextures/304_300.mp4,ffpp_NeuralTextures
NeuralTextures_305_513,train,fake,/workspace/data/raw/ffpp/FaceForensics++_C23/NeuralTextures/305_513.mp4,ffpp_NeuralTextures
NeuralTextures_306_278,test,fake,/workspace/data/raw/ffpp/FaceForensics++_C23/NeuralTextures/306_278.mp4,ffpp_NeuralTextures
NeuralTextures_307_365,train,fake,/workspace/data/raw/ffpp/FaceForensics++_C23/NeuralTextures/307_365.mp4,ffpp_NeuralTextures
NeuralTextures_308_388,test,fake,/workspace/data/raw/ffpp/FaceForensics++_C23/NeuralTextures/308_388.mp4,ffpp_NeuralTextures
NeuralTextures_309_303,train,fake,/workspace/data/raw/ffpp/FaceForensics++_C23/NeuralTextures/309_303.mp4,ffpp_NeuralTextures
NeuralTextures_310_196,train,fake,/workspace/data/raw/ffpp/FaceForensics++_C23/NeuralTextures/310_196.mp4,ffpp_NeuralTextures
NeuralTextures_311_387,train,fake,/workspace/data/raw/ffpp/FaceForensics++_C23/NeuralTextures/311_387.mp4,ffpp_NeuralTextures
NeuralTextures_312_021,train,fake,/workspace/data/raw/ffpp/FaceForensics++_C23/NeuralTextures/312_021.mp4,ffpp_NeuralTextures
NeuralTextures_313_283,train,fake,/workspace/data/raw/ffpp/FaceForensics++_C23/NeuralTextures/313_283.mp4,ffpp_NeuralTextures
NeuralTextures_314_347,test,fake,/workspace/data/raw/ffpp/FaceForensics++_C23/NeuralTextures/314_347.mp4,ffpp_NeuralTextures
NeuralTextures_315_322,train,fake,/workspace/data/raw/ffpp/FaceForensics++_C23/NeuralTextures/315_322.mp4,ffpp_NeuralTextures
NeuralTextures_316_369,val,fake,/workspace/data/raw/ffpp/FaceForensics++_C23/NeuralTextures/316_369.mp4,ffpp_NeuralTextures
NeuralTextures_317_359,train,fake,/workspace/data/raw/ffpp/FaceForensics++_C23/NeuralTextures/317_359.mp4,ffpp_NeuralTextures
NeuralTextures_318_334,train,fake,/workspace/data/raw/ffpp/FaceForensics++_C23/NeuralTextures/318_334.mp4,ffpp_NeuralTextures
NeuralTextures_319_352,test,fake,/workspace/data/raw/ffpp/FaceForensics++_C23/NeuralTextures/319_352.mp4,ffpp_NeuralTextures
NeuralTextures_320_328,train,fake,/workspace/data/raw/ffpp/FaceForensics++_C23/NeuralTextures/320_328.mp4,ffpp_NeuralTextures
NeuralTextures_321_288,test,fake,/workspace/data/raw/ffpp/FaceForensics++_C23/NeuralTextures/321_288.mp4,ffpp_NeuralTextures
NeuralTextures_322_315,train,fake,/workspace/data/raw/ffpp/FaceForensics++_C23/NeuralTextures/322_315.mp4,ffpp_NeuralTextures
NeuralTextures_323_302,train,fake,/workspace/data/raw/ffpp/FaceForensics++_C23/NeuralTextures/323_302.mp4,ffpp_NeuralTextures
NeuralTextures_324_356,train,fake,/workspace/data/raw/ffpp/FaceForensics++_C23/NeuralTextures/324_356.mp4,ffpp_NeuralTextures
NeuralTextures_325_492,val,fake,/workspace/data/raw/ffpp/FaceForensics++_C23/NeuralTextures/325_492.mp4,ffpp_NeuralTextures
NeuralTextures_326_501,train,fake,/workspace/data/raw/ffpp/FaceForensics++_C23/NeuralTextures/326_501.mp4,ffpp_NeuralTextures
NeuralTextures_327_329,train,fake,/workspace/data/raw/ffpp/FaceForensics++_C23/NeuralTextures/327_329.mp4,ffpp_NeuralTextures
NeuralTextures_328_320,train,fake,/workspace/data/raw/ffpp/FaceForensics++_C23/NeuralTextures/328_320.mp4,ffpp_NeuralTextures
NeuralTextures_329_327,train,fake,/workspace/data/raw/ffpp/FaceForensics++_C23/NeuralTextures/329_327.mp4,ffpp_NeuralTextures
NeuralTextures_330_162,train,fake,/workspace/data/raw/ffpp/FaceForensics++_C23/NeuralTextures/330_162.mp4,ffpp_NeuralTextures
NeuralTextures_331_260,train,fake,/workspace/data/raw/ffpp/FaceForensics++_C23/NeuralTextures/331_260.mp4,ffpp_NeuralTextures
NeuralTextures_332_051,train,fake,/workspace/data/raw/ffpp/FaceForensics++_C23/NeuralTextures/332_051.mp4,ffpp_NeuralTextures
NeuralTextures_333_377,train,fake,/workspace/data/raw/ffpp/FaceForensics++_C23/NeuralTextures/333_377.mp4,ffpp_NeuralTextures
NeuralTextures_334_318,train,fake,/workspace/data/raw/ffpp/FaceForensics++_C23/NeuralTextures/334_318.mp4,ffpp_NeuralTextures
NeuralTextures_335_277,train,fake,/workspace/data/raw/ffpp/FaceForensics++_C23/NeuralTextures/335_277.mp4,ffpp_NeuralTextures
NeuralTextures_336_338,train,fake,/workspace/data/raw/ffpp/FaceForensics++_C23/NeuralTextures/336_338.mp4,ffpp_NeuralTextures
NeuralTextures_337_522,train,fake,/workspace/data/raw/ffpp/FaceForensics++_C23/NeuralTextures/337_522.mp4,ffpp_NeuralTextures
NeuralTextures_338_336,train,fake,/workspace/data/raw/ffpp/FaceForensics++_C23/NeuralTextures/338_336.mp4,ffpp_NeuralTextures
NeuralTextures_339_392,train,fake,/workspace/data/raw/ffpp/FaceForensics++_C23/NeuralTextures/339_392.mp4,ffpp_NeuralTextures
NeuralTextures_340_341,train,fake,/workspace/data/raw/ffpp/FaceForensics++_C23/NeuralTextures/340_341.mp4,ffpp_NeuralTextures
NeuralTextures_341_340,train,fake,/workspace/data/raw/ffpp/FaceForensics++_C23/NeuralTextures/341_340.mp4,ffpp_NeuralTextures
NeuralTextures_342_416,val,fake,/workspace/data/raw/ffpp/FaceForensics++_C23/NeuralTextures/342_416.mp4,ffpp_NeuralTextures
NeuralTextures_343_363,train,fake,/workspace/data/raw/ffpp/FaceForensics++_C23/NeuralTextures/343_363.mp4,ffpp_NeuralTextures
NeuralTextures_344_020,train,fake,/workspace/data/raw/ffpp/FaceForensics++_C23/NeuralTextures/344_020.mp4,ffpp_NeuralTextures
NeuralTextures_345_259,train,fake,/workspace/data/raw/ffpp/FaceForensics++_C23/NeuralTextures/345_259.mp4,ffpp_NeuralTextures
NeuralTextures_346_351,train,fake,/workspace/data/raw/ffpp/FaceForensics++_C23/NeuralTextures/346_351.mp4,ffpp_NeuralTextures
NeuralTextures_347_314,test,fake,/workspace/data/raw/ffpp/FaceForensics++_C23/NeuralTextures/347_314.mp4,ffpp_NeuralTextures
NeuralTextures_348_202,train,fake,/workspace/data/raw/ffpp/FaceForensics++_C23/NeuralTextures/348_202.mp4,ffpp_NeuralTextures
NeuralTextures_349_350,val,fake,/workspace/data/raw/ffpp/FaceForensics++_C23/NeuralTextures/349_350.mp4,ffpp_NeuralTextures
NeuralTextures_350_349,val,fake,/workspace/data/raw/ffpp/FaceForensics++_C23/NeuralTextures/350_349.mp4,ffpp_NeuralTextures
NeuralTextures_351_346,train,fake,/workspace/data/raw/ffpp/FaceForensics++_C23/NeuralTextures/351_346.mp4,ffpp_NeuralTextures
NeuralTextures_352_319,test,fake,/workspace/data/raw/ffpp/FaceForensics++_C23/NeuralTextures/352_319.mp4,ffpp_NeuralTextures
NeuralTextures_353_383,train,fake,/workspace/data/raw/ffpp/FaceForensics++_C23/NeuralTextures/353_383.mp4,ffpp_NeuralTextures
NeuralTextures_354_362,val,fake,/workspace/data/raw/ffpp/FaceForensics++_C23/NeuralTextures/354_362.mp4,ffpp_NeuralTextures
NeuralTextures_355_748,train,fake,/workspace/data/raw/ffpp/FaceForensics++_C23/NeuralTextures/355_748.mp4,ffpp_NeuralTextures
NeuralTextures_356_324,train,fake,/workspace/data/raw/ffpp/FaceForensics++_C23/NeuralTextures/356_324.mp4,ffpp_NeuralTextures
NeuralTextures_357_432,train,fake,/workspace/data/raw/ffpp/FaceForensics++_C23/NeuralTextures/357_432.mp4,ffpp_NeuralTextures
NeuralTextures_358_380,test,fake,/workspace/data/raw/ffpp/FaceForensics++_C23/NeuralTextures/358_380.mp4,ffpp_NeuralTextures
NeuralTextures_359_317,train,fake,/workspace/data/raw/ffpp/FaceForensics++_C23/NeuralTextures/359_317.mp4,ffpp_NeuralTextures
NeuralTextures_360_437,train,fake,/workspace/data/raw/ffpp/FaceForensics++_C23/NeuralTextures/360_437.mp4,ffpp_NeuralTextures
NeuralTextures_361_448,train,fake,/workspace/data/raw/ffpp/FaceForensics++_C23/NeuralTextures/361_448.mp4,ffpp_NeuralTextures
NeuralTextures_362_354,val,fake,/workspace/data/raw/ffpp/FaceForensics++_C23/NeuralTextures/362_354.mp4,ffpp_NeuralTextures
NeuralTextures_363_343,train,fake,/workspace/data/raw/ffpp/FaceForensics++_C23/NeuralTextures/363_343.mp4,ffpp_NeuralTextures
NeuralTextures_364_440,val,fake,/workspace/data/raw/ffpp/FaceForensics++_C23/NeuralTextures/364_440.mp4,ffpp_NeuralTextures
NeuralTextures_365_307,train,fake,/workspace/data/raw/ffpp/FaceForensics++_C23/NeuralTextures/365_307.mp4,ffpp_NeuralTextures
NeuralTextures_366_473,train,fake,/workspace/data/raw/ffpp/FaceForensics++_C23/NeuralTextures/366_473.mp4,ffpp_NeuralTextures
NeuralTextures_367_371,test,fake,/workspace/data/raw/ffpp/FaceForensics++_C23/NeuralTextures/367_371.mp4,ffpp_NeuralTextures
NeuralTextures_368_378,train,fake,/workspace/data/raw/ffpp/FaceForensics++_C23/NeuralTextures/368_378.mp4,ffpp_NeuralTextures
NeuralTextures_369_316,val,fake,/workspace/data/raw/ffpp/FaceForensics++_C23/NeuralTextures/369_316.mp4,ffpp_NeuralTextures
NeuralTextures_370_483,val,fake,/workspace/data/raw/ffpp/FaceForensics++_C23/NeuralTextures/370_483.mp4,ffpp_NeuralTextures
NeuralTextures_371_367,test,fake,/workspace/data/raw/ffpp/FaceForensics++_C23/NeuralTextures/371_367.mp4,ffpp_NeuralTextures
NeuralTextures_372_413,train,fake,/workspace/data/raw/ffpp/FaceForensics++_C23/NeuralTextures/372_413.mp4,ffpp_NeuralTextures
NeuralTextures_373_394,train,fake,/workspace/data/raw/ffpp/FaceForensics++_C23/NeuralTextures/373_394.mp4,ffpp_NeuralTextures
NeuralTextures_374_407,train,fake,/workspace/data/raw/ffpp/FaceForensics++_C23/NeuralTextures/374_407.mp4,ffpp_NeuralTextures
NeuralTextures_375_251,train,fake,/workspace/data/raw/ffpp/FaceForensics++_C23/NeuralTextures/375_251.mp4,ffpp_NeuralTextures
NeuralTextures_376_381,test,fake,/workspace/data/raw/ffpp/FaceForensics++_C23/NeuralTextures/376_381.mp4,ffpp_NeuralTextures
NeuralTextures_377_333,train,fake,/workspace/data/raw/ffpp/FaceForensics++_C23/NeuralTextures/377_333.mp4,ffpp_NeuralTextures
NeuralTextures_378_368,train,fake,/workspace/data/raw/ffpp/FaceForensics++_C23/NeuralTextures/378_368.mp4,ffpp_NeuralTextures
NeuralTextures_379_158,test,fake,/workspace/data/raw/ffpp/FaceForensics++_C23/NeuralTextures/379_158.mp4,ffpp_NeuralTextures
NeuralTextures_380_358,test,fake,/workspace/data/raw/ffpp/FaceForensics++_C23/NeuralTextures/380_358.mp4,ffpp_NeuralTextures
NeuralTextures_381_376,test,fake,/workspace/data/raw/ffpp/FaceForensics++_C23/NeuralTextures/381_376.mp4,ffpp_NeuralTextures
NeuralTextures_382_409,train,fake,/workspace/data/raw/ffpp/FaceForensics++_C23/NeuralTextures/382_409.mp4,ffpp_NeuralTextures
NeuralTextures_383_353,train,fake,/workspace/data/raw/ffpp/FaceForensics++_C23/NeuralTextures/383_353.mp4,ffpp_NeuralTextures
NeuralTextures_384_932,test,fake,/workspace/data/raw/ffpp/FaceForensics++_C23/NeuralTextures/384_932.mp4,ffpp_NeuralTextures
NeuralTextures_385_414,train,fake,/workspace/data/raw/ffpp/FaceForensics++_C23/NeuralTextures/385_414.mp4,ffpp_NeuralTextures
NeuralTextures_386_154,test,fake,/workspace/data/raw/ffpp/FaceForensics++_C23/NeuralTextures/386_154.mp4,ffpp_NeuralTextures
NeuralTextures_387_311,train,fake,/workspace/data/raw/ffpp/FaceForensics++_C23/NeuralTextures/387_311.mp4,ffpp_NeuralTextures
NeuralTextures_388_308,test,fake,/workspace/data/raw/ffpp/FaceForensics++_C23/NeuralTextures/388_308.mp4,ffpp_NeuralTextures
NeuralTextures_389_480,test,fake,/workspace/data/raw/ffpp/FaceForensics++_C23/NeuralTextures/389_480.mp4,ffpp_NeuralTextures
NeuralTextures_390_709,train,fake,/workspace/data/raw/ffpp/FaceForensics++_C23/NeuralTextures/390_709.mp4,ffpp_NeuralTextures
NeuralTextures_391_406,train,fake,/workspace/data/raw/ffpp/FaceForensics++_C23/NeuralTextures/391_406.mp4,ffpp_NeuralTextures
NeuralTextures_392_339,train,fake,/workspace/data/raw/ffpp/FaceForensics++_C23/NeuralTextures/392_339.mp4,ffpp_NeuralTextures
NeuralTextures_393_405,train,fake,/workspace/data/raw/ffpp/FaceForensics++_C23/NeuralTextures/393_405.mp4,ffpp_NeuralTextures
NeuralTextures_394_373,train,fake,/workspace/data/raw/ffpp/FaceForensics++_C23/NeuralTextures/394_373.mp4,ffpp_NeuralTextures
NeuralTextures_395_401,train,fake,/workspace/data/raw/ffpp/FaceForensics++_C23/NeuralTextures/395_401.mp4,ffpp_NeuralTextures
NeuralTextures_396_272,train,fake,/workspace/data/raw/ffpp/FaceForensics++_C23/NeuralTextures/396_272.mp4,ffpp_NeuralTextures
NeuralTextures_397_602,train,fake,/workspace/data/raw/ffpp/FaceForensics++_C23/NeuralTextures/397_602.mp4,ffpp_NeuralTextures
NeuralTextures_398_457,train,fake,/workspace/data/raw/ffpp/FaceForensics++_C23/NeuralTextures/398_457.mp4,ffpp_NeuralTextures
NeuralTextures_399_488,test,fake,/workspace/data/raw/ffpp/FaceForensics++_C23/NeuralTextures/399_488.mp4,ffpp_NeuralTextures
NeuralTextures_400_476,train,fake,/workspace/data/raw/ffpp/FaceForensics++_C23/NeuralTextures/400_476.mp4,ffpp_NeuralTextures
NeuralTextures_401_395,train,fake,/workspace/data/raw/ffpp/FaceForensics++_C23/NeuralTextures/401_395.mp4,ffpp_NeuralTextures
NeuralTextures_402_453,val,fake,/workspace/data/raw/ffpp/FaceForensics++_C23/NeuralTextures/402_453.mp4,ffpp_NeuralTextures
NeuralTextures_403_497,train,fake,/workspace/data/raw/ffpp/FaceForensics++_C23/NeuralTextures/403_497.mp4,ffpp_NeuralTextures
NeuralTextures_404_429,test,fake,/workspace/data/raw/ffpp/FaceForensics++_C23/NeuralTextures/404_429.mp4,ffpp_NeuralTextures
NeuralTextures_405_393,train,fake,/workspace/data/raw/ffpp/FaceForensics++_C23/NeuralTextures/405_393.mp4,ffpp_NeuralTextures
NeuralTextures_406_391,train,fake,/workspace/data/raw/ffpp/FaceForensics++_C23/NeuralTextures/406_391.mp4,ffpp_NeuralTextures
NeuralTextures_407_374,train,fake,/workspace/data/raw/ffpp/FaceForensics++_C23/NeuralTextures/407_374.mp4,ffpp_NeuralTextures
NeuralTextures_408_424,train,fake,/workspace/data/raw/ffpp/FaceForensics++_C23/NeuralTextures/408_424.mp4,ffpp_NeuralTextures
NeuralTextures_409_382,train,fake,/workspace/data/raw/ffpp/FaceForensics++_C23/NeuralTextures/409_382.mp4,ffpp_NeuralTextures
NeuralTextures_410_411,train,fake,/workspace/data/raw/ffpp/FaceForensics++_C23/NeuralTextures/410_411.mp4,ffpp_NeuralTextures
NeuralTextures_411_410,train,fake,/workspace/data/raw/ffpp/FaceForensics++_C23/NeuralTextures/411_410.mp4,ffpp_NeuralTextures
NeuralTextures_412_274,train,fake,/workspace/data/raw/ffpp/FaceForensics++_C23/NeuralTextures/412_274.mp4,ffpp_NeuralTextures
NeuralTextures_413_372,train,fake,/workspace/data/raw/ffpp/FaceForensics++_C23/NeuralTextures/413_372.mp4,ffpp_NeuralTextures
NeuralTextures_414_385,train,fake,/workspace/data/raw/ffpp/FaceForensics++_C23/NeuralTextures/414_385.mp4,ffpp_NeuralTextures
NeuralTextures_415_484,train,fake,/workspace/data/raw/ffpp/FaceForensics++_C23/NeuralTextures/415_484.mp4,ffpp_NeuralTextures
NeuralTextures_416_342,val,fake,/workspace/data/raw/ffpp/FaceForensics++_C23/NeuralTextures/416_342.mp4,ffpp_NeuralTextures
NeuralTextures_417_496,train,fake,/workspace/data/raw/ffpp/FaceForensics++_C23/NeuralTextures/417_496.mp4,ffpp_NeuralTextures
NeuralTextures_418_507,test,fake,/workspace/data/raw/ffpp/FaceForensics++_C23/NeuralTextures/418_507.mp4,ffpp_NeuralTextures
NeuralTextures_419_824,val,fake,/workspace/data/raw/ffpp/FaceForensics++_C23/NeuralTextures/419_824.mp4,ffpp_NeuralTextures
NeuralTextures_420_257,test,fake,/workspace/data/raw/ffpp/FaceForensics++_C23/NeuralTextures/420_257.mp4,ffpp_NeuralTextures
NeuralTextures_421_423,test,fake,/workspace/data/raw/ffpp/FaceForensics++_C23/NeuralTextures/421_423.mp4,ffpp_NeuralTextures
NeuralTextures_422_695,test,fake,/workspace/data/raw/ffpp/FaceForensics++_C23/NeuralTextures/422_695.mp4,ffpp_NeuralTextures
NeuralTextures_423_421,test,fake,/workspace/data/raw/ffpp/FaceForensics++_C23/NeuralTextures/423_421.mp4,ffpp_NeuralTextures
NeuralTextures_424_408,train,fake,/workspace/data/raw/ffpp/FaceForensics++_C23/NeuralTextures/424_408.mp4,ffpp_NeuralTextures
NeuralTextures_425_485,test,fake,/workspace/data/raw/ffpp/FaceForensics++_C23/NeuralTextures/425_485.mp4,ffpp_NeuralTextures
NeuralTextures_426_287,train,fake,/workspace/data/raw/ffpp/FaceForensics++_C23/NeuralTextures/426_287.mp4,ffpp_NeuralTextures
NeuralTextures_427_637,train,fake,/workspace/data/raw/ffpp/FaceForensics++_C23/NeuralTextures/427_637.mp4,ffpp_NeuralTextures
NeuralTextures_428_466,train,fake,/workspace/data/raw/ffpp/FaceForensics++_C23/NeuralTextures/428_466.mp4,ffpp_NeuralTextures
NeuralTextures_429_404,test,fake,/workspace/data/raw/ffpp/FaceForensics++_C23/NeuralTextures/429_404.mp4,ffpp_NeuralTextures
NeuralTextures_430_459,train,fake,/workspace/data/raw/ffpp/FaceForensics++_C23/NeuralTextures/430_459.mp4,ffpp_NeuralTextures
NeuralTextures_431_447,train,fake,/workspace/data/raw/ffpp/FaceForensics++_C23/NeuralTextures/431_447.mp4,ffpp_NeuralTextures
NeuralTextures_432_357,train,fake,/workspace/data/raw/ffpp/FaceForensics++_C23/NeuralTextures/432_357.mp4,ffpp_NeuralTextures
NeuralTextures_433_498,train,fake,/workspace/data/raw/ffpp/FaceForensics++_C23/NeuralTextures/433_498.mp4,ffpp_NeuralTextures
NeuralTextures_434_438,train,fake,/workspace/data/raw/ffpp/FaceForensics++_C23/NeuralTextures/434_438.mp4,ffpp_NeuralTextures
NeuralTextures_435_456,train,fake,/workspace/data/raw/ffpp/FaceForensics++_C23/NeuralTextures/435_456.mp4,ffpp_NeuralTextures
NeuralTextures_436_526,train,fake,/workspace/data/raw/ffpp/FaceForensics++_C23/NeuralTextures/436_526.mp4,ffpp_NeuralTextures
NeuralTextures_437_360,train,fake,/workspace/data/raw/ffpp/FaceForensics++_C23/NeuralTextures/437_360.mp4,ffpp_NeuralTextures
NeuralTextures_438_434,train,fake,/workspace/data/raw/ffpp/FaceForensics++_C23/NeuralTextures/438_434.mp4,ffpp_NeuralTextures
NeuralTextures_439_441,train,fake,/workspace/data/raw/ffpp/FaceForensics++_C23/NeuralTextures/439_441.mp4,ffpp_NeuralTextures
NeuralTextures_440_364,val,fake,/workspace/data/raw/ffpp/FaceForensics++_C23/NeuralTextures/440_364.mp4,ffpp_NeuralTextures
NeuralTextures_441_439,train,fake,/workspace/data/raw/ffpp/FaceForensics++_C23/NeuralTextures/441_439.mp4,ffpp_NeuralTextures
NeuralTextures_442_195,train,fake,/workspace/data/raw/ffpp/FaceForensics++_C23/NeuralTextures/442_195.mp4,ffpp_NeuralTextures
NeuralTextures_443_514,val,fake,/workspace/data/raw/ffpp/FaceForensics++_C23/NeuralTextures/443_514.mp4,ffpp_NeuralTextures
NeuralTextures_444_655,train,fake,/workspace/data/raw/ffpp/FaceForensics++_C23/NeuralTextures/444_655.mp4,ffpp_NeuralTextures
NeuralTextures_445_494,test,fake,/workspace/data/raw/ffpp/FaceForensics++_C23/NeuralTextures/445_494.mp4,ffpp_NeuralTextures
NeuralTextures_446_667,train,fake,/workspace/data/raw/ffpp/FaceForensics++_C23/NeuralTextures/446_667.mp4,ffpp_NeuralTextures
NeuralTextures_447_431,train,fake,/workspace/data/raw/ffpp/FaceForensics++_C23/NeuralTextures/447_431.mp4,ffpp_NeuralTextures
NeuralTextures_448_361,train,fake,/workspace/data/raw/ffpp/FaceForensics++_C23/NeuralTextures/448_361.mp4,ffpp_NeuralTextures
NeuralTextures_449_451,train,fake,/workspace/data/raw/ffpp/FaceForensics++_C23/NeuralTextures/449_451.mp4,ffpp_NeuralTextures
NeuralTextures_450_533,train,fake,/workspace/data/raw/ffpp/FaceForensics++_C23/NeuralTextures/450_533.mp4,ffpp_NeuralTextures
NeuralTextures_451_449,train,fake,/workspace/data/raw/ffpp/FaceForensics++_C23/NeuralTextures/451_449.mp4,ffpp_NeuralTextures
NeuralTextures_452_550,test,fake,/workspace/data/raw/ffpp/FaceForensics++_C23/NeuralTextures/452_550.mp4,ffpp_NeuralTextures
NeuralTextures_453_402,val,fake,/workspace/data/raw/ffpp/FaceForensics++_C23/NeuralTextures/453_402.mp4,ffpp_NeuralTextures
NeuralTextures_454_527,test,fake,/workspace/data/raw/ffpp/FaceForensics++_C23/NeuralTextures/454_527.mp4,ffpp_NeuralTextures
NeuralTextures_455_471,val,fake,/workspace/data/raw/ffpp/FaceForensics++_C23/NeuralTextures/455_471.mp4,ffpp_NeuralTextures
NeuralTextures_456_435,train,fake,/workspace/data/raw/ffpp/FaceForensics++_C23/NeuralTextures/456_435.mp4,ffpp_NeuralTextures
NeuralTextures_457_398,train,fake,/workspace/data/raw/ffpp/FaceForensics++_C23/NeuralTextures/457_398.mp4,ffpp_NeuralTextures
NeuralTextures_458_722,train,fake,/workspace/data/raw/ffpp/FaceForensics++_C23/NeuralTextures/458_722.mp4,ffpp_NeuralTextures
NeuralTextures_459_430,train,fake,/workspace/data/raw/ffpp/FaceForensics++_C23/NeuralTextures/459_430.mp4,ffpp_NeuralTextures
NeuralTextures_460_678,train,fake,/workspace/data/raw/ffpp/FaceForensics++_C23/NeuralTextures/460_678.mp4,ffpp_NeuralTextures
NeuralTextures_461_250,train,fake,/workspace/data/raw/ffpp/FaceForensics++_C23/NeuralTextures/461_250.mp4,ffpp_NeuralTextures
NeuralTextures_462_467,test,fake,/workspace/data/raw/ffpp/FaceForensics++_C23/NeuralTextures/462_467.mp4,ffpp_NeuralTextures
NeuralTextures_463_464,train,fake,/workspace/data/raw/ffpp/FaceForensics++_C23/NeuralTextures/463_464.mp4,ffpp_NeuralTextures
NeuralTextures_464_463,train,fake,/workspace/data/raw/ffpp/FaceForensics++_C23/NeuralTextures/464_463.mp4,ffpp_NeuralTextures
NeuralTextures_465_482,val,fake,/workspace/data/raw/ffpp/FaceForensics++_C23/NeuralTextures/465_482.mp4,ffpp_NeuralTextures
NeuralTextures_466_428,train,fake,/workspace/data/raw/ffpp/FaceForensics++_C23/NeuralTextures/466_428.mp4,ffpp_NeuralTextures
NeuralTextures_467_462,test,fake,/workspace/data/raw/ffpp/FaceForensics++_C23/NeuralTextures/467_462.mp4,ffpp_NeuralTextures
NeuralTextures_468_470,val,fake,/workspace/data/raw/ffpp/FaceForensics++_C23/NeuralTextures/468_470.mp4,ffpp_NeuralTextures
NeuralTextures_469_481,train,fake,/workspace/data/raw/ffpp/FaceForensics++_C23/NeuralTextures/469_481.mp4,ffpp_NeuralTextures
NeuralTextures_470_468,val,fake,/workspace/data/raw/ffpp/FaceForensics++_C23/NeuralTextures/470_468.mp4,ffpp_NeuralTextures
NeuralTextures_471_455,val,fake,/workspace/data/raw/ffpp/FaceForensics++_C23/NeuralTextures/471_455.mp4,ffpp_NeuralTextures
NeuralTextures_472_511,val,fake,/workspace/data/raw/ffpp/FaceForensics++_C23/NeuralTextures/472_511.mp4,ffpp_NeuralTextures
NeuralTextures_473_366,train,fake,/workspace/data/raw/ffpp/FaceForensics++_C23/NeuralTextures/473_366.mp4,ffpp_NeuralTextures
NeuralTextures_474_281,train,fake,/workspace/data/raw/ffpp/FaceForensics++_C23/NeuralTextures/474_281.mp4,ffpp_NeuralTextures
NeuralTextures_475_265,train,fake,/workspace/data/raw/ffpp/FaceForensics++_C23/NeuralTextures/475_265.mp4,ffpp_NeuralTextures
NeuralTextures_476_400,train,fake,/workspace/data/raw/ffpp/FaceForensics++_C23/NeuralTextures/476_400.mp4,ffpp_NeuralTextures
NeuralTextures_477_487,train,fake,/workspace/data/raw/ffpp/FaceForensics++_C23/NeuralTextures/477_487.mp4,ffpp_NeuralTextures
NeuralTextures_478_506,train,fake,/workspace/data/raw/ffpp/FaceForensics++_C23/NeuralTextures/478_506.mp4,ffpp_NeuralTextures
NeuralTextures_479_706,test,fake,/workspace/data/raw/ffpp/FaceForensics++_C23/NeuralTextures/479_706.mp4,ffpp_NeuralTextures
NeuralTextures_480_389,test,fake,/workspace/data/raw/ffpp/FaceForensics++_C23/NeuralTextures/480_389.mp4,ffpp_NeuralTextures
NeuralTextures_481_469,train,fake,/workspace/data/raw/ffpp/FaceForensics++_C23/NeuralTextures/481_469.mp4,ffpp_NeuralTextures
NeuralTextures_482_465,val,fake,/workspace/data/raw/ffpp/FaceForensics++_C23/NeuralTextures/482_465.mp4,ffpp_NeuralTextures
NeuralTextures_483_370,val,fake,/workspace/data/raw/ffpp/FaceForensics++_C23/NeuralTextures/483_370.mp4,ffpp_NeuralTextures
NeuralTextures_484_415,train,fake,/workspace/data/raw/ffpp/FaceForensics++_C23/NeuralTextures/484_415.mp4,ffpp_NeuralTextures
NeuralTextures_485_425,test,fake,/workspace/data/raw/ffpp/FaceForensics++_C23/NeuralTextures/485_425.mp4,ffpp_NeuralTextures
NeuralTextures_486_680,train,fake,/workspace/data/raw/ffpp/FaceForensics++_C23/NeuralTextures/486_680.mp4,ffpp_NeuralTextures
NeuralTextures_487_477,train,fake,/workspace/data/raw/ffpp/FaceForensics++_C23/NeuralTextures/487_477.mp4,ffpp_NeuralTextures
NeuralTextures_488_399,test,fake,/workspace/data/raw/ffpp/FaceForensics++_C23/NeuralTextures/488_399.mp4,ffpp_NeuralTextures
NeuralTextures_489_022,train,fake,/workspace/data/raw/ffpp/FaceForensics++_C23/NeuralTextures/489_022.mp4,ffpp_NeuralTextures
NeuralTextures_490_534,train,fake,/workspace/data/raw/ffpp/FaceForensics++_C23/NeuralTextures/490_534.mp4,ffpp_NeuralTextures
NeuralTextures_491_226,train,fake,/workspace/data/raw/ffpp/FaceForensics++_C23/NeuralTextures/491_226.mp4,ffpp_NeuralTextures
NeuralTextures_492_325,val,fake,/workspace/data/raw/ffpp/FaceForensics++_C23/NeuralTextures/492_325.mp4,ffpp_NeuralTextures
NeuralTextures_493_538,val,fake,/workspace/data/raw/ffpp/FaceForensics++_C23/NeuralTextures/493_538.mp4,ffpp_NeuralTextures
NeuralTextures_494_445,test,fake,/workspace/data/raw/ffpp/FaceForensics++_C23/NeuralTextures/494_445.mp4,ffpp_NeuralTextures
NeuralTextures_495_512,train,fake,/workspace/data/raw/ffpp/FaceForensics++_C23/NeuralTextures/495_512.mp4,ffpp_NeuralTextures
NeuralTextures_496_417,train,fake,/workspace/data/raw/ffpp/FaceForensics++_C23/NeuralTextures/496_417.mp4,ffpp_NeuralTextures
NeuralTextures_497_403,train,fake,/workspace/data/raw/ffpp/FaceForensics++_C23/NeuralTextures/497_403.mp4,ffpp_NeuralTextures
NeuralTextures_498_433,train,fake,/workspace/data/raw/ffpp/FaceForensics++_C23/NeuralTextures/498_433.mp4,ffpp_NeuralTextures
NeuralTextures_499_539,train,fake,/workspace/data/raw/ffpp/FaceForensics++_C23/NeuralTextures/499_539.mp4,ffpp_NeuralTextures
NeuralTextures_500_592,train,fake,/workspace/data/raw/ffpp/FaceForensics++_C23/NeuralTextures/500_592.mp4,ffpp_NeuralTextures
NeuralTextures_501_326,train,fake,/workspace/data/raw/ffpp/FaceForensics++_C23/NeuralTextures/501_326.mp4,ffpp_NeuralTextures
NeuralTextures_502_504,train,fake,/workspace/data/raw/ffpp/FaceForensics++_C23/NeuralTextures/502_504.mp4,ffpp_NeuralTextures
NeuralTextures_503_756,train,fake,/workspace/data/raw/ffpp/FaceForensics++_C23/NeuralTextures/503_756.mp4,ffpp_NeuralTextures
NeuralTextures_504_502,train,fake,/workspace/data/raw/ffpp/FaceForensics++_C23/NeuralTextures/504_502.mp4,ffpp_NeuralTextures
NeuralTextures_505_600,train,fake,/workspace/data/raw/ffpp/FaceForensics++_C23/NeuralTextures/505_600.mp4,ffpp_NeuralTextures
NeuralTextures_506_478,train,fake,/workspace/data/raw/ffpp/FaceForensics++_C23/NeuralTextures/506_478.mp4,ffpp_NeuralTextures
NeuralTextures_507_418,test,fake,/workspace/data/raw/ffpp/FaceForensics++_C23/NeuralTextures/507_418.mp4,ffpp_NeuralTextures
NeuralTextures_508_831,train,fake,/workspace/data/raw/ffpp/FaceForensics++_C23/NeuralTextures/508_831.mp4,ffpp_NeuralTextures
NeuralTextures_509_525,train,fake,/workspace/data/raw/ffpp/FaceForensics++_C23/NeuralTextures/509_525.mp4,ffpp_NeuralTextures
NeuralTextures_510_528,train,fake,/workspace/data/raw/ffpp/FaceForensics++_C23/NeuralTextures/510_528.mp4,ffpp_NeuralTextures
NeuralTextures_511_472,val,fake,/workspace/data/raw/ffpp/FaceForensics++_C23/NeuralTextures/511_472.mp4,ffpp_NeuralTextures
NeuralTextures_512_495,train,fake,/workspace/data/raw/ffpp/FaceForensics++_C23/NeuralTextures/512_495.mp4,ffpp_NeuralTextures
NeuralTextures_513_305,train,fake,/workspace/data/raw/ffpp/FaceForensics++_C23/NeuralTextures/513_305.mp4,ffpp_NeuralTextures
NeuralTextures_514_443,val,fake,/workspace/data/raw/ffpp/FaceForensics++_C23/NeuralTextures/514_443.mp4,ffpp_NeuralTextures
NeuralTextures_515_519,train,fake,/workspace/data/raw/ffpp/FaceForensics++_C23/NeuralTextures/515_519.mp4,ffpp_NeuralTextures
NeuralTextures_516_555,train,fake,/workspace/data/raw/ffpp/FaceForensics++_C23/NeuralTextures/516_555.mp4,ffpp_NeuralTextures
NeuralTextures_517_521,test,fake,/workspace/data/raw/ffpp/FaceForensics++_C23/NeuralTextures/517_521.mp4,ffpp_NeuralTextures
NeuralTextures_518_131,train,fake,/workspace/data/raw/ffpp/FaceForensics++_C23/NeuralTextures/518_131.mp4,ffpp_NeuralTextures
NeuralTextures_519_515,train,fake,/workspace/data/raw/ffpp/FaceForensics++_C23/NeuralTextures/519_515.mp4,ffpp_NeuralTextures
NeuralTextures_520_542,train,fake,/workspace/data/raw/ffpp/FaceForensics++_C23/NeuralTextures/520_542.mp4,ffpp_NeuralTextures
NeuralTextures_521_517,test,fake,/workspace/data/raw/ffpp/FaceForensics++_C23/NeuralTextures/521_517.mp4,ffpp_NeuralTextures
NeuralTextures_522_337,train,fake,/workspace/data/raw/ffpp/FaceForensics++_C23/NeuralTextures/522_337.mp4,ffpp_NeuralTextures
NeuralTextures_523_541,train,fake,/workspace/data/raw/ffpp/FaceForensics++_C23/NeuralTextures/523_541.mp4,ffpp_NeuralTextures
NeuralTextures_524_580,train,fake,/workspace/data/raw/ffpp/FaceForensics++_C23/NeuralTextures/524_580.mp4,ffpp_NeuralTextures
NeuralTextures_525_509,train,fake,/workspace/data/raw/ffpp/FaceForensics++_C23/NeuralTextures/525_509.mp4,ffpp_NeuralTextures
NeuralTextures_526_436,train,fake,/workspace/data/raw/ffpp/FaceForensics++_C23/NeuralTextures/526_436.mp4,ffpp_NeuralTextures
NeuralTextures_527_454,test,fake,/workspace/data/raw/ffpp/FaceForensics++_C23/NeuralTextures/527_454.mp4,ffpp_NeuralTextures
NeuralTextures_528_510,train,fake,/workspace/data/raw/ffpp/FaceForensics++_C23/NeuralTextures/528_510.mp4,ffpp_NeuralTextures
NeuralTextures_529_633,test,fake,/workspace/data/raw/ffpp/FaceForensics++_C23/NeuralTextures/529_633.mp4,ffpp_NeuralTextures
NeuralTextures_530_594,train,fake,/workspace/data/raw/ffpp/FaceForensics++_C23/NeuralTextures/530_594.mp4,ffpp_NeuralTextures
NeuralTextures_531_549,train,fake,/workspace/data/raw/ffpp/FaceForensics++_C23/NeuralTextures/531_549.mp4,ffpp_NeuralTextures
NeuralTextures_532_544,train,fake,/workspace/data/raw/ffpp/FaceForensics++_C23/NeuralTextures/532_544.mp4,ffpp_NeuralTextures
NeuralTextures_533_450,train,fake,/workspace/data/raw/ffpp/FaceForensics++_C23/NeuralTextures/533_450.mp4,ffpp_NeuralTextures
NeuralTextures_534_490,train,fake,/workspace/data/raw/ffpp/FaceForensics++_C23/NeuralTextures/534_490.mp4,ffpp_NeuralTextures
NeuralTextures_535_587,train,fake,/workspace/data/raw/ffpp/FaceForensics++_C23/NeuralTextures/535_587.mp4,ffpp_NeuralTextures
NeuralTextures_536_540,train,fake,/workspace/data/raw/ffpp/FaceForensics++_C23/NeuralTextures/536_540.mp4,ffpp_NeuralTextures
NeuralTextures_537_563,train,fake,/workspace/data/raw/ffpp/FaceForensics++_C23/NeuralTextures/537_563.mp4,ffpp_NeuralTextures
NeuralTextures_538_493,val,fake,/workspace/data/raw/ffpp/FaceForensics++_C23/NeuralTextures/538_493.mp4,ffpp_NeuralTextures
NeuralTextures_539_499,train,fake,/workspace/data/raw/ffpp/FaceForensics++_C23/NeuralTextures/539_499.mp4,ffpp_NeuralTextures
NeuralTextures_540_536,train,fake,/workspace/data/raw/ffpp/FaceForensics++_C23/NeuralTextures/540_536.mp4,ffpp_NeuralTextures
NeuralTextures_541_523,train,fake,/workspace/data/raw/ffpp/FaceForensics++_C23/NeuralTextures/541_523.mp4,ffpp_NeuralTextures
NeuralTextures_542_520,train,fake,/workspace/data/raw/ffpp/FaceForensics++_C23/NeuralTextures/542_520.mp4,ffpp_NeuralTextures
NeuralTextures_543_559,train,fake,/workspace/data/raw/ffpp/FaceForensics++_C23/NeuralTextures/543_559.mp4,ffpp_NeuralTextures
NeuralTextures_544_532,train,fake,/workspace/data/raw/ffpp/FaceForensics++_C23/NeuralTextures/544_532.mp4,ffpp_NeuralTextures
NeuralTextures_545_553,train,fake,/workspace/data/raw/ffpp/FaceForensics++_C23/NeuralTextures/545_553.mp4,ffpp_NeuralTextures
NeuralTextures_546_621,train,fake,/workspace/data/raw/ffpp/FaceForensics++_C23/NeuralTextures/546_621.mp4,ffpp_NeuralTextures
NeuralTextures_547_574,train,fake,/workspace/data/raw/ffpp/FaceForensics++_C23/NeuralTextures/547_574.mp4,ffpp_NeuralTextures
NeuralTextures_548_632,val,fake,/workspace/data/raw/ffpp/FaceForensics++_C23/NeuralTextures/548_632.mp4,ffpp_NeuralTextures
NeuralTextures_549_531,train,fake,/workspace/data/raw/ffpp/FaceForensics++_C23/NeuralTextures/549_531.mp4,ffpp_NeuralTextures
NeuralTextures_550_452,test,fake,/workspace/data/raw/ffpp/FaceForensics++_C23/NeuralTextures/550_452.mp4,ffpp_NeuralTextures
NeuralTextures_551_631,train,fake,/workspace/data/raw/ffpp/FaceForensics++_C23/NeuralTextures/551_631.mp4,ffpp_NeuralTextures
NeuralTextures_552_851,test,fake,/workspace/data/raw/ffpp/FaceForensics++_C23/NeuralTextures/552_851.mp4,ffpp_NeuralTextures
NeuralTextures_553_545,train,fake,/workspace/data/raw/ffpp/FaceForensics++_C23/NeuralTextures/553_545.mp4,ffpp_NeuralTextures
NeuralTextures_554_572,train,fake,/workspace/data/raw/ffpp/FaceForensics++_C23/NeuralTextures/554_572.mp4,ffpp_NeuralTextures
NeuralTextures_555_516,train,fake,/workspace/data/raw/ffpp/FaceForensics++_C23/NeuralTextures/555_516.mp4,ffpp_NeuralTextures
NeuralTextures_556_588,train,fake,/workspace/data/raw/ffpp/FaceForensics++_C23/NeuralTextures/556_588.mp4,ffpp_NeuralTextures
NeuralTextures_557_560,val,fake,/workspace/data/raw/ffpp/FaceForensics++_C23/NeuralTextures/557_560.mp4,ffpp_NeuralTextures
NeuralTextures_558_583,val,fake,/workspace/data/raw/ffpp/FaceForensics++_C23/NeuralTextures/558_583.mp4,ffpp_NeuralTextures
NeuralTextures_559_543,train,fake,/workspace/data/raw/ffpp/FaceForensics++_C23/NeuralTextures/559_543.mp4,ffpp_NeuralTextures
NeuralTextures_560_557,val,fake,/workspace/data/raw/ffpp/FaceForensics++_C23/NeuralTextures/560_557.mp4,ffpp_NeuralTextures
NeuralTextures_561_998,train,fake,/workspace/data/raw/ffpp/FaceForensics++_C23/NeuralTextures/561_998.mp4,ffpp_NeuralTextures
NeuralTextures_562_626,train,fake,/workspace/data/raw/ffpp/FaceForensics++_C23/NeuralTextures/562_626.mp4,ffpp_NeuralTextures
NeuralTextures_563_537,train,fake,/workspace/data/raw/ffpp/FaceForensics++_C23/NeuralTextures/563_537.mp4,ffpp_NeuralTextures
NeuralTextures_564_971,val,fake,/workspace/data/raw/ffpp/FaceForensics++_C23/NeuralTextures/564_971.mp4,ffpp_NeuralTextures
NeuralTextures_565_589,val,fake,/workspace/data/raw/ffpp/FaceForensics++_C23/NeuralTextures/565_589.mp4,ffpp_NeuralTextures
NeuralTextures_566_617,val,fake,/workspace/data/raw/ffpp/FaceForensics++_C23/NeuralTextures/566_617.mp4,ffpp_NeuralTextures
NeuralTextures_567_606,val,fake,/workspace/data/raw/ffpp/FaceForensics++_C23/NeuralTextures/567_606.mp4,ffpp_NeuralTextures
NeuralTextures_568_628,train,fake,/workspace/data/raw/ffpp/FaceForensics++_C23/NeuralTextures/568_628.mp4,ffpp_NeuralTextures
NeuralTextures_569_921,train,fake,/workspace/data/raw/ffpp/FaceForensics++_C23/NeuralTextures/569_921.mp4,ffpp_NeuralTextures
NeuralTextures_570_624,train,fake,/workspace/data/raw/ffpp/FaceForensics++_C23/NeuralTextures/570_624.mp4,ffpp_NeuralTextures
NeuralTextures_571_746,val,fake,/workspace/data/raw/ffpp/FaceForensics++_C23/NeuralTextures/571_746.mp4,ffpp_NeuralTextures
NeuralTextures_572_554,train,fake,/workspace/data/raw/ffpp/FaceForensics++_C23/NeuralTextures/572_554.mp4,ffpp_NeuralTextures
NeuralTextures_573_757,train,fake,/workspace/data/raw/ffpp/FaceForensics++_C23/NeuralTextures/573_757.mp4,ffpp_NeuralTextures
NeuralTextures_574_547,train,fake,/workspace/data/raw/ffpp/FaceForensics++_C23/NeuralTextures/574_547.mp4,ffpp_NeuralTextures
NeuralTextures_575_603,train,fake,/workspace/data/raw/ffpp/FaceForensics++_C23/NeuralTextures/575_603.mp4,ffpp_NeuralTextures
NeuralTextures_576_155,train,fake,/workspace/data/raw/ffpp/FaceForensics++_C23/NeuralTextures/576_155.mp4,ffpp_NeuralTextures
NeuralTextures_577_593,train,fake,/workspace/data/raw/ffpp/FaceForensics++_C23/NeuralTextures/577_593.mp4,ffpp_NeuralTextures
NeuralTextures_578_636,train,fake,/workspace/data/raw/ffpp/FaceForensics++_C23/NeuralTextures/578_636.mp4,ffpp_NeuralTextures
NeuralTextures_579_701,test,fake,/workspace/data/raw/ffpp/FaceForensics++_C23/NeuralTextures/579_701.mp4,ffpp_NeuralTextures
NeuralTextures_580_524,train,fake,/workspace/data/raw/ffpp/FaceForensics++_C23/NeuralTextures/580_524.mp4,ffpp_NeuralTextures
NeuralTextures_581_697,train,fake,/workspace/data/raw/ffpp/FaceForensics++_C23/NeuralTextures/581_697.mp4,ffpp_NeuralTextures
NeuralTextures_582_172,train,fake,/workspace/data/raw/ffpp/FaceForensics++_C23/NeuralTextures/582_172.mp4,ffpp_NeuralTextures
NeuralTextures_583_558,val,fake,/workspace/data/raw/ffpp/FaceForensics++_C23/NeuralTextures/583_558.mp4,ffpp_NeuralTextures
NeuralTextures_584_823,val,fake,/workspace/data/raw/ffpp/FaceForensics++_C23/NeuralTextures/584_823.mp4,ffpp_NeuralTextures
NeuralTextures_585_599,val,fake,/workspace/data/raw/ffpp/FaceForensics++_C23/NeuralTextures/585_599.mp4,ffpp_NeuralTextures
NeuralTextures_586_223,val,fake,/workspace/data/raw/ffpp/FaceForensics++_C23/NeuralTextures/586_223.mp4,ffpp_NeuralTextures
NeuralTextures_587_535,train,fake,/workspace/data/raw/ffpp/FaceForensics++_C23/NeuralTextures/587_535.mp4,ffpp_NeuralTextures
NeuralTextures_588_556,train,fake,/workspace/data/raw/ffpp/FaceForensics++_C23/NeuralTextures/588_556.mp4,ffpp_NeuralTextures
NeuralTextures_589_565,val,fake,/workspace/data/raw/ffpp/FaceForensics++_C23/NeuralTextures/589_565.mp4,ffpp_NeuralTextures
NeuralTextures_590_034,train,fake,/workspace/data/raw/ffpp/FaceForensics++_C23/NeuralTextures/590_034.mp4,ffpp_NeuralTextures
NeuralTextures_591_605,train,fake,/workspace/data/raw/ffpp/FaceForensics++_C23/NeuralTextures/591_605.mp4,ffpp_NeuralTextures
NeuralTextures_592_500,train,fake,/workspace/data/raw/ffpp/FaceForensics++_C23/NeuralTextures/592_500.mp4,ffpp_NeuralTextures
NeuralTextures_593_577,train,fake,/workspace/data/raw/ffpp/FaceForensics++_C23/NeuralTextures/593_577.mp4,ffpp_NeuralTextures
NeuralTextures_594_530,train,fake,/workspace/data/raw/ffpp/FaceForensics++_C23/NeuralTextures/594_530.mp4,ffpp_NeuralTextures
NeuralTextures_595_597,val,fake,/workspace/data/raw/ffpp/FaceForensics++_C23/NeuralTextures/595_597.mp4,ffpp_NeuralTextures
NeuralTextures_596_609,train,fake,/workspace/data/raw/ffpp/FaceForensics++_C23/NeuralTextures/596_609.mp4,ffpp_NeuralTextures
NeuralTextures_597_595,val,fake,/workspace/data/raw/ffpp/FaceForensics++_C23/NeuralTextures/597_595.mp4,ffpp_NeuralTextures
NeuralTextures_598_178,train,fake,/workspace/data/raw/ffpp/FaceForensics++_C23/NeuralTextures/598_178.mp4,ffpp_NeuralTextures
NeuralTextures_599_585,val,fake,/workspace/data/raw/ffpp/FaceForensics++_C23/NeuralTextures/599_585.mp4,ffpp_NeuralTextures
NeuralTextures_600_505,train,fake,/workspace/data/raw/ffpp/FaceForensics++_C23/NeuralTextures/600_505.mp4,ffpp_NeuralTextures
NeuralTextures_601_653,train,fake,/workspace/data/raw/ffpp/FaceForensics++_C23/NeuralTextures/601_653.mp4,ffpp_NeuralTextures
NeuralTextures_602_397,train,fake,/workspace/data/raw/ffpp/FaceForensics++_C23/NeuralTextures/602_397.mp4,ffpp_NeuralTextures
NeuralTextures_603_575,train,fake,/workspace/data/raw/ffpp/FaceForensics++_C23/NeuralTextures/603_575.mp4,ffpp_NeuralTextures
NeuralTextures_604_703,train,fake,/workspace/data/raw/ffpp/FaceForensics++_C23/NeuralTextures/604_703.mp4,ffpp_NeuralTextures
NeuralTextures_605_591,train,fake,/workspace/data/raw/ffpp/FaceForensics++_C23/NeuralTextures/605_591.mp4,ffpp_NeuralTextures
NeuralTextures_606_567,val,fake,/workspace/data/raw/ffpp/FaceForensics++_C23/NeuralTextures/606_567.mp4,ffpp_NeuralTextures
NeuralTextures_607_683,test,fake,/workspace/data/raw/ffpp/FaceForensics++_C23/NeuralTextures/607_683.mp4,ffpp_NeuralTextures
NeuralTextures_608_675,test,fake,/workspace/data/raw/ffpp/FaceForensics++_C23/NeuralTextures/608_675.mp4,ffpp_NeuralTextures
NeuralTextures_609_596,train,fake,/workspace/data/raw/ffpp/FaceForensics++_C23/NeuralTextures/609_596.mp4,ffpp_NeuralTextures
NeuralTextures_610_692,train,fake,/workspace/data/raw/ffpp/FaceForensics++_C23/NeuralTextures/610_692.mp4,ffpp_NeuralTextures
NeuralTextures_611_760,train,fake,/workspace/data/raw/ffpp/FaceForensics++_C23/NeuralTextures/611_760.mp4,ffpp_NeuralTextures
NeuralTextures_612_702,val,fake,/workspace/data/raw/ffpp/FaceForensics++_C23/NeuralTextures/612_702.mp4,ffpp_NeuralTextures
NeuralTextures_613_685,train,fake,/workspace/data/raw/ffpp/FaceForensics++_C23/NeuralTextures/613_685.mp4,ffpp_NeuralTextures
NeuralTextures_614_616,train,fake,/workspace/data/raw/ffpp/FaceForensics++_C23/NeuralTextures/614_616.mp4,ffpp_NeuralTextures
NeuralTextures_615_687,train,fake,/workspace/data/raw/ffpp/FaceForensics++_C23/NeuralTextures/615_687.mp4,ffpp_NeuralTextures
NeuralTextures_616_614,train,fake,/workspace/data/raw/ffpp/FaceForensics++_C23/NeuralTextures/616_614.mp4,ffpp_NeuralTextures
NeuralTextures_617_566,val,fake,/workspace/data/raw/ffpp/FaceForensics++_C23/NeuralTextures/617_566.mp4,ffpp_NeuralTextures
NeuralTextures_618_629,train,fake,/workspace/data/raw/ffpp/FaceForensics++_C23/NeuralTextures/618_629.mp4,ffpp_NeuralTextures
NeuralTextures_619_620,train,fake,/workspace/data/raw/ffpp/FaceForensics++_C23/NeuralTextures/619_620.mp4,ffpp_NeuralTextures
NeuralTextures_620_619,train,fake,/workspace/data/raw/ffpp/FaceForensics++_C23/NeuralTextures/620_619.mp4,ffpp_NeuralTextures
NeuralTextures_621_546,train,fake,/workspace/data/raw/ffpp/FaceForensics++_C23/NeuralTextures/621_546.mp4,ffpp_NeuralTextures
NeuralTextures_622_647,val,fake,/workspace/data/raw/ffpp/FaceForensics++_C23/NeuralTextures/622_647.mp4,ffpp_NeuralTextures
NeuralTextures_623_630,test,fake,/workspace/data/raw/ffpp/FaceForensics++_C23/NeuralTextures/623_630.mp4,ffpp_NeuralTextures
NeuralTextures_624_570,train,fake,/workspace/data/raw/ffpp/FaceForensics++_C23/NeuralTextures/624_570.mp4,ffpp_NeuralTextures
NeuralTextures_625_650,test,fake,/workspace/data/raw/ffpp/FaceForensics++_C23/NeuralTextures/625_650.mp4,ffpp_NeuralTextures
NeuralTextures_626_562,train,fake,/workspace/data/raw/ffpp/FaceForensics++_C23/NeuralTextures/626_562.mp4,ffpp_NeuralTextures
NeuralTextures_627_658,train,fake,/workspace/data/raw/ffpp/FaceForensics++_C23/NeuralTextures/627_658.mp4,ffpp_NeuralTextures
NeuralTextures_628_568,train,fake,/workspace/data/raw/ffpp/FaceForensics++_C23/NeuralTextures/628_568.mp4,ffpp_NeuralTextures
NeuralTextures_629_618,train,fake,/workspace/data/raw/ffpp/FaceForensics++_C23/NeuralTextures/629_618.mp4,ffpp_NeuralTextures
NeuralTextures_630_623,test,fake,/workspace/data/raw/ffpp/FaceForensics++_C23/NeuralTextures/630_623.mp4,ffpp_NeuralTextures
NeuralTextures_631_551,train,fake,/workspace/data/raw/ffpp/FaceForensics++_C23/NeuralTextures/631_551.mp4,ffpp_NeuralTextures
NeuralTextures_632_548,val,fake,/workspace/data/raw/ffpp/FaceForensics++_C23/NeuralTextures/632_548.mp4,ffpp_NeuralTextures
NeuralTextures_633_529,test,fake,/workspace/data/raw/ffpp/FaceForensics++_C23/NeuralTextures/633_529.mp4,ffpp_NeuralTextures
NeuralTextures_634_660,test,fake,/workspace/data/raw/ffpp/FaceForensics++_C23/NeuralTextures/634_660.mp4,ffpp_NeuralTextures
NeuralTextures_635_642,train,fake,/workspace/data/raw/ffpp/FaceForensics++_C23/NeuralTextures/635_642.mp4,ffpp_NeuralTextures
NeuralTextures_636_578,train,fake,/workspace/data/raw/ffpp/FaceForensics++_C23/NeuralTextures/636_578.mp4,ffpp_NeuralTextures
NeuralTextures_637_427,train,fake,/workspace/data/raw/ffpp/FaceForensics++_C23/NeuralTextures/637_427.mp4,ffpp_NeuralTextures
NeuralTextures_638_640,val,fake,/workspace/data/raw/ffpp/FaceForensics++_C23/NeuralTextures/638_640.mp4,ffpp_NeuralTextures
NeuralTextures_639_841,train,fake,/workspace/data/raw/ffpp/FaceForensics++_C23/NeuralTextures/639_841.mp4,ffpp_NeuralTextures
NeuralTextures_640_638,val,fake,/workspace/data/raw/ffpp/FaceForensics++_C23/NeuralTextures/640_638.mp4,ffpp_NeuralTextures
NeuralTextures_641_662,train,fake,/workspace/data/raw/ffpp/FaceForensics++_C23/NeuralTextures/641_662.mp4,ffpp_NeuralTextures
NeuralTextures_642_635,train,fake,/workspace/data/raw/ffpp/FaceForensics++_C23/NeuralTextures/642_635.mp4,ffpp_NeuralTextures
NeuralTextures_643_646,train,fake,/workspace/data/raw/ffpp/FaceForensics++_C23/NeuralTextures/643_646.mp4,ffpp_NeuralTextures
NeuralTextures_644_657,train,fake,/workspace/data/raw/ffpp/FaceForensics++_C23/NeuralTextures/644_657.mp4,ffpp_NeuralTextures
NeuralTextures_645_688,train,fake,/workspace/data/raw/ffpp/FaceForensics++_C23/NeuralTextures/645_688.mp4,ffpp_NeuralTextures
NeuralTextures_646_643,train,fake,/workspace/data/raw/ffpp/FaceForensics++_C23/NeuralTextures/646_643.mp4,ffpp_NeuralTextures
NeuralTextures_647_622,val,fake,/workspace/data/raw/ffpp/FaceForensics++_C23/NeuralTextures/647_622.mp4,ffpp_NeuralTextures
NeuralTextures_648_654,train,fake,/workspace/data/raw/ffpp/FaceForensics++_C23/NeuralTextures/648_654.mp4,ffpp_NeuralTextures
NeuralTextures_649_816,val,fake,/workspace/data/raw/ffpp/FaceForensics++_C23/NeuralTextures/649_816.mp4,ffpp_NeuralTextures
NeuralTextures_650_625,test,fake,/workspace/data/raw/ffpp/FaceForensics++_C23/NeuralTextures/650_625.mp4,ffpp_NeuralTextures
NeuralTextures_651_835,train,fake,/workspace/data/raw/ffpp/FaceForensics++_C23/NeuralTextures/651_835.mp4,ffpp_NeuralTextures
NeuralTextures_652_773,train,fake,/workspace/data/raw/ffpp/FaceForensics++_C23/NeuralTextures/652_773.mp4,ffpp_NeuralTextures
NeuralTextures_653_601,train,fake,/workspace/data/raw/ffpp/FaceForensics++_C23/NeuralTextures/653_601.mp4,ffpp_NeuralTextures
NeuralTextures_654_648,train,fake,/workspace/data/raw/ffpp/FaceForensics++_C23/NeuralTextures/654_648.mp4,ffpp_NeuralTextures
NeuralTextures_655_444,train,fake,/workspace/data/raw/ffpp/FaceForensics++_C23/NeuralTextures/655_444.mp4,ffpp_NeuralTextures
NeuralTextures_656_666,val,fake,/workspace/data/raw/ffpp/FaceForensics++_C23/NeuralTextures/656_666.mp4,ffpp_NeuralTextures
NeuralTextures_657_644,train,fake,/workspace/data/raw/ffpp/FaceForensics++_C23/NeuralTextures/657_644.mp4,ffpp_NeuralTextures
NeuralTextures_658_627,train,fake,/workspace/data/raw/ffpp/FaceForensics++_C23/NeuralTextures/658_627.mp4,ffpp_NeuralTextures
NeuralTextures_659_749,train,fake,/workspace/data/raw/ffpp/FaceForensics++_C23/NeuralTextures/659_749.mp4,ffpp_NeuralTextures
NeuralTextures_660_634,test,fake,/workspace/data/raw/ffpp/FaceForensics++_C23/NeuralTextures/660_634.mp4,ffpp_NeuralTextures
NeuralTextures_661_670,test,fake,/workspace/data/raw/ffpp/FaceForensics++_C23/NeuralTextures/661_670.mp4,ffpp_NeuralTextures
NeuralTextures_662_641,train,fake,/workspace/data/raw/ffpp/FaceForensics++_C23/NeuralTextures/662_641.mp4,ffpp_NeuralTextures
NeuralTextures_663_231,train,fake,/workspace/data/raw/ffpp/FaceForensics++_C23/NeuralTextures/663_231.mp4,ffpp_NeuralTextures
NeuralTextures_664_668,val,fake,/workspace/data/raw/ffpp/FaceForensics++_C23/NeuralTextures/664_668.mp4,ffpp_NeuralTextures
NeuralTextures_665_679,train,fake,/workspace/data/raw/ffpp/FaceForensics++_C23/NeuralTextures/665_679.mp4,ffpp_NeuralTextures
NeuralTextures_666_656,val,fake,/workspace/data/raw/ffpp/FaceForensics++_C23/NeuralTextures/666_656.mp4,ffpp_NeuralTextures
NeuralTextures_667_446,train,fake,/workspace/data/raw/ffpp/FaceForensics++_C23/NeuralTextures/667_446.mp4,ffpp_NeuralTextures
NeuralTextures_668_664,val,fake,/workspace/data/raw/ffpp/FaceForensics++_C23/NeuralTextures/668_664.mp4,ffpp_NeuralTextures
NeuralTextures_669_682,test,fake,/workspace/data/raw/ffpp/FaceForensics++_C23/NeuralTextures/669_682.mp4,ffpp_NeuralTextures
NeuralTextures_670_661,test,fake,/workspace/data/raw/ffpp/FaceForensics++_C23/NeuralTextures/670_661.mp4,ffpp_NeuralTextures
NeuralTextures_671_677,train,fake,/workspace/data/raw/ffpp/FaceForensics++_C23/NeuralTextures/671_677.mp4,ffpp_NeuralTextures
NeuralTextures_672_720,val,fake,/workspace/data/raw/ffpp/FaceForensics++_C23/NeuralTextures/672_720.mp4,ffpp_NeuralTextures
NeuralTextures_673_728,train,fake,/workspace/data/raw/ffpp/FaceForensics++_C23/NeuralTextures/673_728.mp4,ffpp_NeuralTextures
NeuralTextures_674_744,train,fake,/workspace/data/raw/ffpp/FaceForensics++_C23/NeuralTextures/674_744.mp4,ffpp_NeuralTextures
NeuralTextures_675_608,test,fake,/workspace/data/raw/ffpp/FaceForensics++_C23/NeuralTextures/675_608.mp4,ffpp_NeuralTextures
NeuralTextures_676_776,train,fake,/workspace/data/raw/ffpp/FaceForensics++_C23/NeuralTextures/676_776.mp4,ffpp_NeuralTextures
NeuralTextures_677_671,train,fake,/workspace/data/raw/ffpp/FaceForensics++_C23/NeuralTextures/677_671.mp4,ffpp_NeuralTextures
NeuralTextures_678_460,train,fake,/workspace/data/raw/ffpp/FaceForensics++_C23/NeuralTextures/678_460.mp4,ffpp_NeuralTextures
NeuralTextures_679_665,train,fake,/workspace/data/raw/ffpp/FaceForensics++_C23/NeuralTextures/679_665.mp4,ffpp_NeuralTextures
NeuralTextures_680_486,train,fake,/workspace/data/raw/ffpp/FaceForensics++_C23/NeuralTextures/680_486.mp4,ffpp_NeuralTextures
NeuralTextures_681_711,train,fake,/workspace/data/raw/ffpp/FaceForensics++_C23/NeuralTextures/681_711.mp4,ffpp_NeuralTextures
NeuralTextures_682_669,test,fake,/workspace/data/raw/ffpp/FaceForensics++_C23/NeuralTextures/682_669.mp4,ffpp_NeuralTextures
NeuralTextures_683_607,test,fake,/workspace/data/raw/ffpp/FaceForensics++_C23/NeuralTextures/683_607.mp4,ffpp_NeuralTextures
NeuralTextures_684_717,train,fake,/workspace/data/raw/ffpp/FaceForensics++_C23/NeuralTextures/684_717.mp4,ffpp_NeuralTextures
NeuralTextures_685_613,train,fake,/workspace/data/raw/ffpp/FaceForensics++_C23/NeuralTextures/685_613.mp4,ffpp_NeuralTextures
NeuralTextures_686_696,train,fake,/workspace/data/raw/ffpp/FaceForensics++_C23/NeuralTextures/686_696.mp4,ffpp_NeuralTextures
NeuralTextures_687_615,train,fake,/workspace/data/raw/ffpp/FaceForensics++_C23/NeuralTextures/687_615.mp4,ffpp_NeuralTextures
NeuralTextures_688_645,train,fake,/workspace/data/raw/ffpp/FaceForensics++_C23/NeuralTextures/688_645.mp4,ffpp_NeuralTextures
NeuralTextures_689_690,train,fake,/workspace/data/raw/ffpp/FaceForensics++_C23/NeuralTextures/689_690.mp4,ffpp_NeuralTextures
NeuralTextures_690_689,train,fake,/workspace/data/raw/ffpp/FaceForensics++_C23/NeuralTextures/690_689.mp4,ffpp_NeuralTextures
NeuralTextures_691_732,test,fake,/workspace/data/raw/ffpp/FaceForensics++_C23/NeuralTextures/691_732.mp4,ffpp_NeuralTextures
NeuralTextures_692_610,train,fake,/workspace/data/raw/ffpp/FaceForensics++_C23/NeuralTextures/692_610.mp4,ffpp_NeuralTextures
NeuralTextures_693_698,train,fake,/workspace/data/raw/ffpp/FaceForensics++_C23/NeuralTextures/693_698.mp4,ffpp_NeuralTextures
NeuralTextures_694_767,train,fake,/workspace/data/raw/ffpp/FaceForensics++_C23/NeuralTextures/694_767.mp4,ffpp_NeuralTextures
NeuralTextures_695_422,test,fake,/workspace/data/raw/ffpp/FaceForensics++_C23/NeuralTextures/695_422.mp4,ffpp_NeuralTextures
NeuralTextures_696_686,train,fake,/workspace/data/raw/ffpp/FaceForensics++_C23/NeuralTextures/696_686.mp4,ffpp_NeuralTextures
NeuralTextures_697_581,train,fake,/workspace/data/raw/ffpp/FaceForensics++_C23/NeuralTextures/697_581.mp4,ffpp_NeuralTextures
NeuralTextures_698_693,train,fake,/workspace/data/raw/ffpp/FaceForensics++_C23/NeuralTextures/698_693.mp4,ffpp_NeuralTextures
NeuralTextures_699_734,train,fake,/workspace/data/raw/ffpp/FaceForensics++_C23/NeuralTextures/699_734.mp4,ffpp_NeuralTextures
NeuralTextures_700_813,train,fake,/workspace/data/raw/ffpp/FaceForensics++_C23/NeuralTextures/700_813.mp4,ffpp_NeuralTextures
NeuralTextures_701_579,test,fake,/workspace/data/raw/ffpp/FaceForensics++_C23/NeuralTextures/701_579.mp4,ffpp_NeuralTextures
NeuralTextures_702_612,val,fake,/workspace/data/raw/ffpp/FaceForensics++_C23/NeuralTextures/702_612.mp4,ffpp_NeuralTextures
NeuralTextures_703_604,train,fake,/workspace/data/raw/ffpp/FaceForensics++_C23/NeuralTextures/703_604.mp4,ffpp_NeuralTextures
NeuralTextures_704_723,train,fake,/workspace/data/raw/ffpp/FaceForensics++_C23/NeuralTextures/704_723.mp4,ffpp_NeuralTextures
NeuralTextures_705_707,test,fake,/workspace/data/raw/ffpp/FaceForensics++_C23/NeuralTextures/705_707.mp4,ffpp_NeuralTextures
NeuralTextures_706_479,test,fake,/workspace/data/raw/ffpp/FaceForensics++_C23/NeuralTextures/706_479.mp4,ffpp_NeuralTextures
NeuralTextures_707_705,test,fake,/workspace/data/raw/ffpp/FaceForensics++_C23/NeuralTextures/707_705.mp4,ffpp_NeuralTextures
NeuralTextures_708_772,train,fake,/workspace/data/raw/ffpp/FaceForensics++_C23/NeuralTextures/708_772.mp4,ffpp_NeuralTextures
NeuralTextures_709_390,train,fake,/workspace/data/raw/ffpp/FaceForensics++_C23/NeuralTextures/709_390.mp4,ffpp_NeuralTextures
NeuralTextures_710_788,train,fake,/workspace/data/raw/ffpp/FaceForensics++_C23/NeuralTextures/710_788.mp4,ffpp_NeuralTextures
NeuralTextures_711_681,train,fake,/workspace/data/raw/ffpp/FaceForensics++_C23/NeuralTextures/711_681.mp4,ffpp_NeuralTextures
NeuralTextures_712_716,train,fake,/workspace/data/raw/ffpp/FaceForensics++_C23/NeuralTextures/712_716.mp4,ffpp_NeuralTextures
NeuralTextures_713_726,train,fake,/workspace/data/raw/ffpp/FaceForensics++_C23/NeuralTextures/713_726.mp4,ffpp_NeuralTextures
NeuralTextures_714_842,test,fake,/workspace/data/raw/ffpp/FaceForensics++_C23/NeuralTextures/714_842.mp4,ffpp_NeuralTextures
NeuralTextures_715_721,train,fake,/workspace/data/raw/ffpp/FaceForensics++_C23/NeuralTextures/715_721.mp4,ffpp_NeuralTextures
NeuralTextures_716_712,train,fake,/workspace/data/raw/ffpp/FaceForensics++_C23/NeuralTextures/716_712.mp4,ffpp_NeuralTextures
NeuralTextures_717_684,train,fake,/workspace/data/raw/ffpp/FaceForensics++_C23/NeuralTextures/717_684.mp4,ffpp_NeuralTextures
NeuralTextures_718_972,train,fake,/workspace/data/raw/ffpp/FaceForensics++_C23/NeuralTextures/718_972.mp4,ffpp_NeuralTextures
NeuralTextures_719_737,train,fake,/workspace/data/raw/ffpp/FaceForensics++_C23/NeuralTextures/719_737.mp4,ffpp_NeuralTextures
NeuralTextures_720_672,val,fake,/workspace/data/raw/ffpp/FaceForensics++_C23/NeuralTextures/720_672.mp4,ffpp_NeuralTextures
NeuralTextures_721_715,train,fake,/workspace/data/raw/ffpp/FaceForensics++_C23/NeuralTextures/721_715.mp4,ffpp_NeuralTextures
NeuralTextures_722_458,train,fake,/workspace/data/raw/ffpp/FaceForensics++_C23/NeuralTextures/722_458.mp4,ffpp_NeuralTextures
NeuralTextures_723_704,train,fake,/workspace/data/raw/ffpp/FaceForensics++_C23/NeuralTextures/723_704.mp4,ffpp_NeuralTextures
NeuralTextures_724_725,test,fake,/workspace/data/raw/ffpp/FaceForensics++_C23/NeuralTextures/724_725.mp4,ffpp_NeuralTextures
NeuralTextures_725_724,test,fake,/workspace/data/raw/ffpp/FaceForensics++_C23/NeuralTextures/725_724.mp4,ffpp_NeuralTextures
NeuralTextures_726_713,train,fake,/workspace/data/raw/ffpp/FaceForensics++_C23/NeuralTextures/726_713.mp4,ffpp_NeuralTextures
NeuralTextures_727_729,val,fake,/workspace/data/raw/ffpp/FaceForensics++_C23/NeuralTextures/727_729.mp4,ffpp_NeuralTextures
NeuralTextures_728_673,train,fake,/workspace/data/raw/ffpp/FaceForensics++_C23/NeuralTextures/728_673.mp4,ffpp_NeuralTextures
NeuralTextures_729_727,val,fake,/workspace/data/raw/ffpp/FaceForensics++_C23/NeuralTextures/729_727.mp4,ffpp_NeuralTextures
NeuralTextures_730_815,train,fake,/workspace/data/raw/ffpp/FaceForensics++_C23/NeuralTextures/730_815.mp4,ffpp_NeuralTextures
NeuralTextures_731_741,test,fake,/workspace/data/raw/ffpp/FaceForensics++_C23/NeuralTextures/731_741.mp4,ffpp_NeuralTextures
NeuralTextures_732_691,test,fake,/workspace/data/raw/ffpp/FaceForensics++_C23/NeuralTextures/732_691.mp4,ffpp_NeuralTextures
NeuralTextures_733_935,train,fake,/workspace/data/raw/ffpp/FaceForensics++_C23/NeuralTextures/733_935.mp4,ffpp_NeuralTextures
NeuralTextures_734_699,train,fake,/workspace/data/raw/ffpp/FaceForensics++_C23/NeuralTextures/734_699.mp4,ffpp_NeuralTextures
NeuralTextures_735_774,train,fake,/workspace/data/raw/ffpp/FaceForensics++_C23/NeuralTextures/735_774.mp4,ffpp_NeuralTextures
NeuralTextures_736_785,train,fake,/workspace/data/raw/ffpp/FaceForensics++_C23/NeuralTextures/736_785.mp4,ffpp_NeuralTextures
NeuralTextures_737_719,train,fake,/workspace/data/raw/ffpp/FaceForensics++_C23/NeuralTextures/737_719.mp4,ffpp_NeuralTextures
NeuralTextures_738_804,train,fake,/workspace/data/raw/ffpp/FaceForensics++_C23/NeuralTextures/738_804.mp4,ffpp_NeuralTextures
NeuralTextures_739_865,test,fake,/workspace/data/raw/ffpp/FaceForensics++_C23/NeuralTextures/739_865.mp4,ffpp_NeuralTextures
NeuralTextures_740_796,train,fake,/workspace/data/raw/ffpp/FaceForensics++_C23/NeuralTextures/740_796.mp4,ffpp_NeuralTextures
NeuralTextures_741_731,test,fake,/workspace/data/raw/ffpp/FaceForensics++_C23/NeuralTextures/741_731.mp4,ffpp_NeuralTextures
NeuralTextures_742_775,val,fake,/workspace/data/raw/ffpp/FaceForensics++_C23/NeuralTextures/742_775.mp4,ffpp_NeuralTextures
NeuralTextures_743_750,train,fake,/workspace/data/raw/ffpp/FaceForensics++_C23/NeuralTextures/743_750.mp4,ffpp_NeuralTextures
NeuralTextures_744_674,train,fake,/workspace/data/raw/ffpp/FaceForensics++_C23/NeuralTextures/744_674.mp4,ffpp_NeuralTextures
NeuralTextures_745_777,val,fake,/workspace/data/raw/ffpp/FaceForensics++_C23/NeuralTextures/745_777.mp4,ffpp_NeuralTextures
NeuralTextures_746_571,val,fake,/workspace/data/raw/ffpp/FaceForensics++_C23/NeuralTextures/746_571.mp4,ffpp_NeuralTextures
NeuralTextures_747_854,train,fake,/workspace/data/raw/ffpp/FaceForensics++_C23/NeuralTextures/747_854.mp4,ffpp_NeuralTextures
NeuralTextures_748_355,train,fake,/workspace/data/raw/ffpp/FaceForensics++_C23/NeuralTextures/748_355.mp4,ffpp_NeuralTextures
NeuralTextures_749_659,train,fake,/workspace/data/raw/ffpp/FaceForensics++_C23/NeuralTextures/749_659.mp4,ffpp_NeuralTextures
NeuralTextures_750_743,train,fake,/workspace/data/raw/ffpp/FaceForensics++_C23/NeuralTextures/750_743.mp4,ffpp_NeuralTextures
NeuralTextures_751_752,train,fake,/workspace/data/raw/ffpp/FaceForensics++_C23/NeuralTextures/751_752.mp4,ffpp_NeuralTextures
NeuralTextures_752_751,train,fake,/workspace/data/raw/ffpp/FaceForensics++_C23/NeuralTextures/752_751.mp4,ffpp_NeuralTextures
NeuralTextures_753_789,train,fake,/workspace/data/raw/ffpp/FaceForensics++_C23/NeuralTextures/753_789.mp4,ffpp_NeuralTextures
NeuralTextures_754_758,train,fake,/workspace/data/raw/ffpp/FaceForensics++_C23/NeuralTextures/754_758.mp4,ffpp_NeuralTextures
NeuralTextures_755_759,test,fake,/workspace/data/raw/ffpp/FaceForensics++_C23/NeuralTextures/755_759.mp4,ffpp_NeuralTextures
NeuralTextures_756_503,train,fake,/workspace/data/raw/ffpp/FaceForensics++_C23/NeuralTextures/756_503.mp4,ffpp_NeuralTextures
NeuralTextures_757_573,train,fake,/workspace/data/raw/ffpp/FaceForensics++_C23/NeuralTextures/757_573.mp4,ffpp_NeuralTextures
NeuralTextures_758_754,train,fake,/workspace/data/raw/ffpp/FaceForensics++_C23/NeuralTextures/758_754.mp4,ffpp_NeuralTextures
NeuralTextures_759_755,test,fake,/workspace/data/raw/ffpp/FaceForensics++_C23/NeuralTextures/759_755.mp4,ffpp_NeuralTextures
NeuralTextures_760_611,train,fake,/workspace/data/raw/ffpp/FaceForensics++_C23/NeuralTextures/760_611.mp4,ffpp_NeuralTextures
NeuralTextures_761_766,train,fake,/workspace/data/raw/ffpp/FaceForensics++_C23/NeuralTextures/761_766.mp4,ffpp_NeuralTextures
NeuralTextures_762_832,val,fake,/workspace/data/raw/ffpp/FaceForensics++_C23/NeuralTextures/762_832.mp4,ffpp_NeuralTextures
NeuralTextures_763_930,train,fake,/workspace/data/raw/ffpp/FaceForensics++_C23/NeuralTextures/763_930.mp4,ffpp_NeuralTextures
NeuralTextures_764_850,train,fake,/workspace/data/raw/ffpp/FaceForensics++_C23/NeuralTextures/764_850.mp4,ffpp_NeuralTextures
NeuralTextures_765_867,train,fake,/workspace/data/raw/ffpp/FaceForensics++_C23/NeuralTextures/765_867.mp4,ffpp_NeuralTextures
NeuralTextures_766_761,train,fake,/workspace/data/raw/ffpp/FaceForensics++_C23/NeuralTextures/766_761.mp4,ffpp_NeuralTextures
NeuralTextures_767_694,train,fake,/workspace/data/raw/ffpp/FaceForensics++_C23/NeuralTextures/767_694.mp4,ffpp_NeuralTextures
NeuralTextures_768_793,val,fake,/workspace/data/raw/ffpp/FaceForensics++_C23/NeuralTextures/768_793.mp4,ffpp_NeuralTextures
NeuralTextures_769_784,train,fake,/workspace/data/raw/ffpp/FaceForensics++_C23/NeuralTextures/769_784.mp4,ffpp_NeuralTextures
NeuralTextures_770_791,train,fake,/workspace/data/raw/ffpp/FaceForensics++_C23/NeuralTextures/770_791.mp4,ffpp_NeuralTextures
NeuralTextures_771_849,train,fake,/workspace/data/raw/ffpp/FaceForensics++_C23/NeuralTextures/771_849.mp4,ffpp_NeuralTextures
NeuralTextures_772_708,train,fake,/workspace/data/raw/ffpp/FaceForensics++_C23/NeuralTextures/772_708.mp4,ffpp_NeuralTextures
NeuralTextures_773_652,train,fake,/workspace/data/raw/ffpp/FaceForensics++_C23/NeuralTextures/773_652.mp4,ffpp_NeuralTextures
NeuralTextures_774_735,train,fake,/workspace/data/raw/ffpp/FaceForensics++_C23/NeuralTextures/774_735.mp4,ffpp_NeuralTextures
NeuralTextures_775_742,val,fake,/workspace/data/raw/ffpp/FaceForensics++_C23/NeuralTextures/775_742.mp4,ffpp_NeuralTextures
NeuralTextures_776_676,train,fake,/workspace/data/raw/ffpp/FaceForensics++_C23/NeuralTextures/776_676.mp4,ffpp_NeuralTextures
NeuralTextures_777_745,val,fake,/workspace/data/raw/ffpp/FaceForensics++_C23/NeuralTextures/777_745.mp4,ffpp_NeuralTextures
NeuralTextures_778_798,train,fake,/workspace/data/raw/ffpp/FaceForensics++_C23/NeuralTextures/778_798.mp4,ffpp_NeuralTextures
NeuralTextures_779_794,val,fake,/workspace/data/raw/ffpp/FaceForensics++_C23/NeuralTextures/779_794.mp4,ffpp_NeuralTextures
NeuralTextures_780_869,train,fake,/workspace/data/raw/ffpp/FaceForensics++_C23/NeuralTextures/780_869.mp4,ffpp_NeuralTextures
NeuralTextures_781_806,train,fake,/workspace/data/raw/ffpp/FaceForensics++_C23/NeuralTextures/781_806.mp4,ffpp_NeuralTextures
NeuralTextures_782_787,train,fake,/workspace/data/raw/ffpp/FaceForensics++_C23/NeuralTextures/782_787.mp4,ffpp_NeuralTextures
NeuralTextures_783_916,train,fake,/workspace/data/raw/ffpp/FaceForensics++_C23/NeuralTextures/783_916.mp4,ffpp_NeuralTextures
NeuralTextures_784_769,train,fake,/workspace/data/raw/ffpp/FaceForensics++_C23/NeuralTextures/784_769.mp4,ffpp_NeuralTextures
NeuralTextures_785_736,train,fake,/workspace/data/raw/ffpp/FaceForensics++_C23/NeuralTextures/785_736.mp4,ffpp_NeuralTextures
NeuralTextures_786_819,train,fake,/workspace/data/raw/ffpp/FaceForensics++_C23/NeuralTextures/786_819.mp4,ffpp_NeuralTextures
NeuralTextures_787_782,train,fake,/workspace/data/raw/ffpp/FaceForensics++_C23/NeuralTextures/787_782.mp4,ffpp_NeuralTextures
NeuralTextures_788_710,train,fake,/workspace/data/raw/ffpp/FaceForensics++_C23/NeuralTextures/788_710.mp4,ffpp_NeuralTextures
NeuralTextures_789_753,train,fake,/workspace/data/raw/ffpp/FaceForensics++_C23/NeuralTextures/789_753.mp4,ffpp_NeuralTextures
NeuralTextures_790_014,train,fake,/workspace/data/raw/ffpp/FaceForensics++_C23/NeuralTextures/790_014.mp4,ffpp_NeuralTextures
NeuralTextures_791_770,train,fake,/workspace/data/raw/ffpp/FaceForensics++_C23/NeuralTextures/791_770.mp4,ffpp_NeuralTextures
NeuralTextures_792_903,train,fake,/workspace/data/raw/ffpp/FaceForensics++_C23/NeuralTextures/792_903.mp4,ffpp_NeuralTextures
NeuralTextures_793_768,val,fake,/workspace/data/raw/ffpp/FaceForensics++_C23/NeuralTextures/793_768.mp4,ffpp_NeuralTextures
NeuralTextures_794_779,val,fake,/workspace/data/raw/ffpp/FaceForensics++_C23/NeuralTextures/794_779.mp4,ffpp_NeuralTextures
NeuralTextures_795_907,train,fake,/workspace/data/raw/ffpp/FaceForensics++_C23/NeuralTextures/795_907.mp4,ffpp_NeuralTextures
NeuralTextures_796_740,train,fake,/workspace/data/raw/ffpp/FaceForensics++_C23/NeuralTextures/796_740.mp4,ffpp_NeuralTextures
NeuralTextures_797_844,train,fake,/workspace/data/raw/ffpp/FaceForensics++_C23/NeuralTextures/797_844.mp4,ffpp_NeuralTextures
NeuralTextures_798_778,train,fake,/workspace/data/raw/ffpp/FaceForensics++_C23/NeuralTextures/798_778.mp4,ffpp_NeuralTextures
NeuralTextures_799_809,train,fake,/workspace/data/raw/ffpp/FaceForensics++_C23/NeuralTextures/799_809.mp4,ffpp_NeuralTextures
NeuralTextures_800_840,train,fake,/workspace/data/raw/ffpp/FaceForensics++_C23/NeuralTextures/800_840.mp4,ffpp_NeuralTextures
NeuralTextures_801_855,test,fake,/workspace/data/raw/ffpp/FaceForensics++_C23/NeuralTextures/801_855.mp4,ffpp_NeuralTextures
NeuralTextures_802_885,train,fake,/workspace/data/raw/ffpp/FaceForensics++_C23/NeuralTextures/802_885.mp4,ffpp_NeuralTextures
NeuralTextures_803_017,train,fake,/workspace/data/raw/ffpp/FaceForensics++_C23/NeuralTextures/803_017.mp4,ffpp_NeuralTextures
NeuralTextures_804_738,train,fake,/workspace/data/raw/ffpp/FaceForensics++_C23/NeuralTextures/804_738.mp4,ffpp_NeuralTextures
NeuralTextures_805_011,train,fake,/workspace/data/raw/ffpp/FaceForensics++_C23/NeuralTextures/805_011.mp4,ffpp_NeuralTextures
NeuralTextures_806_781,train,fake,/workspace/data/raw/ffpp/FaceForensics++_C23/NeuralTextures/806_781.mp4,ffpp_NeuralTextures
NeuralTextures_807_273,val,fake,/workspace/data/raw/ffpp/FaceForensics++_C23/NeuralTextures/807_273.mp4,ffpp_NeuralTextures
NeuralTextures_808_829,train,fake,/workspace/data/raw/ffpp/FaceForensics++_C23/NeuralTextures/808_829.mp4,ffpp_NeuralTextures
NeuralTextures_809_799,train,fake,/workspace/data/raw/ffpp/FaceForensics++_C23/NeuralTextures/809_799.mp4,ffpp_NeuralTextures
NeuralTextures_810_838,train,fake,/workspace/data/raw/ffpp/FaceForensics++_C23/NeuralTextures/810_838.mp4,ffpp_NeuralTextures
NeuralTextures_811_920,train,fake,/workspace/data/raw/ffpp/FaceForensics++_C23/NeuralTextures/811_920.mp4,ffpp_NeuralTextures
NeuralTextures_812_821,test,fake,/workspace/data/raw/ffpp/FaceForensics++_C23/NeuralTextures/812_821.mp4,ffpp_NeuralTextures
NeuralTextures_813_700,train,fake,/workspace/data/raw/ffpp/FaceForensics++_C23/NeuralTextures/813_700.mp4,ffpp_NeuralTextures
NeuralTextures_814_871,train,fake,/workspace/data/raw/ffpp/FaceForensics++_C23/NeuralTextures/814_871.mp4,ffpp_NeuralTextures
NeuralTextures_815_730,train,fake,/workspace/data/raw/ffpp/FaceForensics++_C23/NeuralTextures/815_730.mp4,ffpp_NeuralTextures
NeuralTextures_816_649,val,fake,/workspace/data/raw/ffpp/FaceForensics++_C23/NeuralTextures/816_649.mp4,ffpp_NeuralTextures
NeuralTextures_817_827,val,fake,/workspace/data/raw/ffpp/FaceForensics++_C23/NeuralTextures/817_827.mp4,ffpp_NeuralTextures
NeuralTextures_818_820,val,fake,/workspace/data/raw/ffpp/FaceForensics++_C23/NeuralTextures/818_820.mp4,ffpp_NeuralTextures
NeuralTextures_819_786,train,fake,/workspace/data/raw/ffpp/FaceForensics++_C23/NeuralTextures/819_786.mp4,ffpp_NeuralTextures
NeuralTextures_820_818,val,fake,/workspace/data/raw/ffpp/FaceForensics++_C23/NeuralTextures/820_818.mp4,ffpp_NeuralTextures
NeuralTextures_821_812,test,fake,/workspace/data/raw/ffpp/FaceForensics++_C23/NeuralTextures/821_812.mp4,ffpp_NeuralTextures
NeuralTextures_822_244,train,fake,/workspace/data/raw/ffpp/FaceForensics++_C23/NeuralTextures/822_244.mp4,ffpp_NeuralTextures
NeuralTextures_823_584,val,fake,/workspace/data/raw/ffpp/FaceForensics++_C23/NeuralTextures/823_584.mp4,ffpp_NeuralTextures
NeuralTextures_824_419,val,fake,/workspace/data/raw/ffpp/FaceForensics++_C23/NeuralTextures/824_419.mp4,ffpp_NeuralTextures
NeuralTextures_825_074,train,fake,/workspace/data/raw/ffpp/FaceForensics++_C23/NeuralTextures/825_074.mp4,ffpp_NeuralTextures
NeuralTextures_826_833,train,fake,/workspace/data/raw/ffpp/FaceForensics++_C23/NeuralTextures/826_833.mp4,ffpp_NeuralTextures
NeuralTextures_827_817,val,fake,/workspace/data/raw/ffpp/FaceForensics++_C23/NeuralTextures/827_817.mp4,ffpp_NeuralTextures
NeuralTextures_828_830,train,fake,/workspace/data/raw/ffpp/FaceForensics++_C23/NeuralTextures/828_830.mp4,ffpp_NeuralTextures
NeuralTextures_829_808,train,fake,/workspace/data/raw/ffpp/FaceForensics++_C23/NeuralTextures/829_808.mp4,ffpp_NeuralTextures
NeuralTextures_830_828,train,fake,/workspace/data/raw/ffpp/FaceForensics++_C23/NeuralTextures/830_828.mp4,ffpp_NeuralTextures
NeuralTextures_831_508,train,fake,/workspace/data/raw/ffpp/FaceForensics++_C23/NeuralTextures/831_508.mp4,ffpp_NeuralTextures
NeuralTextures_832_762,val,fake,/workspace/data/raw/ffpp/FaceForensics++_C23/NeuralTextures/832_762.mp4,ffpp_NeuralTextures
NeuralTextures_833_826,train,fake,/workspace/data/raw/ffpp/FaceForensics++_C23/NeuralTextures/833_826.mp4,ffpp_NeuralTextures
NeuralTextures_834_852,val,fake,/workspace/data/raw/ffpp/FaceForensics++_C23/NeuralTextures/834_852.mp4,ffpp_NeuralTextures
NeuralTextures_835_651,train,fake,/workspace/data/raw/ffpp/FaceForensics++_C23/NeuralTextures/835_651.mp4,ffpp_NeuralTextures
NeuralTextures_836_950,train,fake,/workspace/data/raw/ffpp/FaceForensics++_C23/NeuralTextures/836_950.mp4,ffpp_NeuralTextures
NeuralTextures_837_890,val,fake,/workspace/data/raw/ffpp/FaceForensics++_C23/NeuralTextures/837_890.mp4,ffpp_NeuralTextures
NeuralTextures_838_810,train,fake,/workspace/data/raw/ffpp/FaceForensics++_C23/NeuralTextures/838_810.mp4,ffpp_NeuralTextures
NeuralTextures_839_864,train,fake,/workspace/data/raw/ffpp/FaceForensics++_C23/NeuralTextures/839_864.mp4,ffpp_NeuralTextures
NeuralTextures_840_800,train,fake,/workspace/data/raw/ffpp/FaceForensics++_C23/NeuralTextures/840_800.mp4,ffpp_NeuralTextures
NeuralTextures_841_639,train,fake,/workspace/data/raw/ffpp/FaceForensics++_C23/NeuralTextures/841_639.mp4,ffpp_NeuralTextures
NeuralTextures_842_714,test,fake,/workspace/data/raw/ffpp/FaceForensics++_C23/NeuralTextures/842_714.mp4,ffpp_NeuralTextures
NeuralTextures_843_859,train,fake,/workspace/data/raw/ffpp/FaceForensics++_C23/NeuralTextures/843_859.mp4,ffpp_NeuralTextures
NeuralTextures_844_797,train,fake,/workspace/data/raw/ffpp/FaceForensics++_C23/NeuralTextures/844_797.mp4,ffpp_NeuralTextures
NeuralTextures_845_846,train,fake,/workspace/data/raw/ffpp/FaceForensics++_C23/NeuralTextures/845_846.mp4,ffpp_NeuralTextures
NeuralTextures_846_845,train,fake,/workspace/data/raw/ffpp/FaceForensics++_C23/NeuralTextures/846_845.mp4,ffpp_NeuralTextures
NeuralTextures_847_906,test,fake,/workspace/data/raw/ffpp/FaceForensics++_C23/NeuralTextures/847_906.mp4,ffpp_NeuralTextures
NeuralTextures_848_894,train,fake,/workspace/data/raw/ffpp/FaceForensics++_C23/NeuralTextures/848_894.mp4,ffpp_NeuralTextures
NeuralTextures_849_771,train,fake,/workspace/data/raw/ffpp/FaceForensics++_C23/NeuralTextures/849_771.mp4,ffpp_NeuralTextures
NeuralTextures_850_764,train,fake,/workspace/data/raw/ffpp/FaceForensics++_C23/NeuralTextures/850_764.mp4,ffpp_NeuralTextures
NeuralTextures_851_552,test,fake,/workspace/data/raw/ffpp/FaceForensics++_C23/NeuralTextures/851_552.mp4,ffpp_NeuralTextures
NeuralTextures_852_834,val,fake,/workspace/data/raw/ffpp/FaceForensics++_C23/NeuralTextures/852_834.mp4,ffpp_NeuralTextures
NeuralTextures_853_863,train,fake,/workspace/data/raw/ffpp/FaceForensics++_C23/NeuralTextures/853_863.mp4,ffpp_NeuralTextures
NeuralTextures_854_747,train,fake,/workspace/data/raw/ffpp/FaceForensics++_C23/NeuralTextures/854_747.mp4,ffpp_NeuralTextures
NeuralTextures_855_801,test,fake,/workspace/data/raw/ffpp/FaceForensics++_C23/NeuralTextures/855_801.mp4,ffpp_NeuralTextures
NeuralTextures_856_881,train,fake,/workspace/data/raw/ffpp/FaceForensics++_C23/NeuralTextures/856_881.mp4,ffpp_NeuralTextures
NeuralTextures_857_909,val,fake,/workspace/data/raw/ffpp/FaceForensics++_C23/NeuralTextures/857_909.mp4,ffpp_NeuralTextures
NeuralTextures_858_861,train,fake,/workspace/data/raw/ffpp/FaceForensics++_C23/NeuralTextures/858_861.mp4,ffpp_NeuralTextures
NeuralTextures_859_843,train,fake,/workspace/data/raw/ffpp/FaceForensics++_C23/NeuralTextures/859_843.mp4,ffpp_NeuralTextures
NeuralTextures_860_905,train,fake,/workspace/data/raw/ffpp/FaceForensics++_C23/NeuralTextures/860_905.mp4,ffpp_NeuralTextures
NeuralTextures_861_858,train,fake,/workspace/data/raw/ffpp/FaceForensics++_C23/NeuralTextures/861_858.mp4,ffpp_NeuralTextures
NeuralTextures_862_047,test,fake,/workspace/data/raw/ffpp/FaceForensics++_C23/NeuralTextures/862_047.mp4,ffpp_NeuralTextures
NeuralTextures_863_853,train,fake,/workspace/data/raw/ffpp/FaceForensics++_C23/NeuralTextures/863_853.mp4,ffpp_NeuralTextures
NeuralTextures_864_839,train,fake,/workspace/data/raw/ffpp/FaceForensics++_C23/NeuralTextures/864_839.mp4,ffpp_NeuralTextures
NeuralTextures_865_739,test,fake,/workspace/data/raw/ffpp/FaceForensics++_C23/NeuralTextures/865_739.mp4,ffpp_NeuralTextures
NeuralTextures_866_878,train,fake,/workspace/data/raw/ffpp/FaceForensics++_C23/NeuralTextures/866_878.mp4,ffpp_NeuralTextures
NeuralTextures_867_765,train,fake,/workspace/data/raw/ffpp/FaceForensics++_C23/NeuralTextures/867_765.mp4,ffpp_NeuralTextures
NeuralTextures_868_949,test,fake,/workspace/data/raw/ffpp/FaceForensics++_C23/NeuralTextures/868_949.mp4,ffpp_NeuralTextures
NeuralTextures_869_780,train,fake,/workspace/data/raw/ffpp/FaceForensics++_C23/NeuralTextures/869_780.mp4,ffpp_NeuralTextures
NeuralTextures_870_001,train,fake,/workspace/data/raw/ffpp/FaceForensics++_C23/NeuralTextures/870_001.mp4,ffpp_NeuralTextures
NeuralTextures_871_814,train,fake,/workspace/data/raw/ffpp/FaceForensics++_C23/NeuralTextures/871_814.mp4,ffpp_NeuralTextures
NeuralTextures_872_873,train,fake,/workspace/data/raw/ffpp/FaceForensics++_C23/NeuralTextures/872_873.mp4,ffpp_NeuralTextures
NeuralTextures_873_872,train,fake,/workspace/data/raw/ffpp/FaceForensics++_C23/NeuralTextures/873_872.mp4,ffpp_NeuralTextures
NeuralTextures_874_291,train,fake,/workspace/data/raw/ffpp/FaceForensics++_C23/NeuralTextures/874_291.mp4,ffpp_NeuralTextures
NeuralTextures_875_979,val,fake,/workspace/data/raw/ffpp/FaceForensics++_C23/NeuralTextures/875_979.mp4,ffpp_NeuralTextures
NeuralTextures_876_891,train,fake,/workspace/data/raw/ffpp/FaceForensics++_C23/NeuralTextures/876_891.mp4,ffpp_NeuralTextures
NeuralTextures_877_886,train,fake,/workspace/data/raw/ffpp/FaceForensics++_C23/NeuralTextures/877_886.mp4,ffpp_NeuralTextures
NeuralTextures_878_866,train,fake,/workspace/data/raw/ffpp/FaceForensics++_C23/NeuralTextures/878_866.mp4,ffpp_NeuralTextures
NeuralTextures_879_963,train,fake,/workspace/data/raw/ffpp/FaceForensics++_C23/NeuralTextures/879_963.mp4,ffpp_NeuralTextures
NeuralTextures_880_135,test,fake,/workspace/data/raw/ffpp/FaceForensics++_C23/NeuralTextures/880_135.mp4,ffpp_NeuralTextures
NeuralTextures_881_856,train,fake,/workspace/data/raw/ffpp/FaceForensics++_C23/NeuralTextures/881_856.mp4,ffpp_NeuralTextures
NeuralTextures_882_952,train,fake,/workspace/data/raw/ffpp/FaceForensics++_C23/NeuralTextures/882_952.mp4,ffpp_NeuralTextures
NeuralTextures_883_013,train,fake,/workspace/data/raw/ffpp/FaceForensics++_C23/NeuralTextures/883_013.mp4,ffpp_NeuralTextures
NeuralTextures_884_968,train,fake,/workspace/data/raw/ffpp/FaceForensics++_C23/NeuralTextures/884_968.mp4,ffpp_NeuralTextures
NeuralTextures_885_802,train,fake,/workspace/data/raw/ffpp/FaceForensics++_C23/NeuralTextures/885_802.mp4,ffpp_NeuralTextures
NeuralTextures_886_877,train,fake,/workspace/data/raw/ffpp/FaceForensics++_C23/NeuralTextures/886_877.mp4,ffpp_NeuralTextures
NeuralTextures_887_275,train,fake,/workspace/data/raw/ffpp/FaceForensics++_C23/NeuralTextures/887_275.mp4,ffpp_NeuralTextures
NeuralTextures_888_937,train,fake,/workspace/data/raw/ffpp/FaceForensics++_C23/NeuralTextures/888_937.mp4,ffpp_NeuralTextures
NeuralTextures_889_045,train,fake,/workspace/data/raw/ffpp/FaceForensics++_C23/NeuralTextures/889_045.mp4,ffpp_NeuralTextures
NeuralTextures_890_837,val,fake,/workspace/data/raw/ffpp/FaceForensics++_C23/NeuralTextures/890_837.mp4,ffpp_NeuralTextures
NeuralTextures_891_876,train,fake,/workspace/data/raw/ffpp/FaceForensics++_C23/NeuralTextures/891_876.mp4,ffpp_NeuralTextures
NeuralTextures_892_112,train,fake,/workspace/data/raw/ffpp/FaceForensics++_C23/NeuralTextures/892_112.mp4,ffpp_NeuralTextures
NeuralTextures_893_913,train,fake,/workspace/data/raw/ffpp/FaceForensics++_C23/NeuralTextures/893_913.mp4,ffpp_NeuralTextures
NeuralTextures_894_848,train,fake,/workspace/data/raw/ffpp/FaceForensics++_C23/NeuralTextures/894_848.mp4,ffpp_NeuralTextures
NeuralTextures_895_915,val,fake,/workspace/data/raw/ffpp/FaceForensics++_C23/NeuralTextures/895_915.mp4,ffpp_NeuralTextures
NeuralTextures_896_128,test,fake,/workspace/data/raw/ffpp/FaceForensics++_C23/NeuralTextures/896_128.mp4,ffpp_NeuralTextures
NeuralTextures_897_969,train,fake,/workspace/data/raw/ffpp/FaceForensics++_C23/NeuralTextures/897_969.mp4,ffpp_NeuralTextures
NeuralTextures_898_922,val,fake,/workspace/data/raw/ffpp/FaceForensics++_C23/NeuralTextures/898_922.mp4,ffpp_NeuralTextures
NeuralTextures_899_914,train,fake,/workspace/data/raw/ffpp/FaceForensics++_C23/NeuralTextures/899_914.mp4,ffpp_NeuralTextures
NeuralTextures_900_926,val,fake,/workspace/data/raw/ffpp/FaceForensics++_C23/NeuralTextures/900_926.mp4,ffpp_NeuralTextures
NeuralTextures_901_902,train,fake,/workspace/data/raw/ffpp/FaceForensics++_C23/NeuralTextures/901_902.mp4,ffpp_NeuralTextures
NeuralTextures_902_901,train,fake,/workspace/data/raw/ffpp/FaceForensics++_C23/NeuralTextures/902_901.mp4,ffpp_NeuralTextures
NeuralTextures_903_792,train,fake,/workspace/data/raw/ffpp/FaceForensics++_C23/NeuralTextures/903_792.mp4,ffpp_NeuralTextures
NeuralTextures_904_046,val,fake,/workspace/data/raw/ffpp/FaceForensics++_C23/NeuralTextures/904_046.mp4,ffpp_NeuralTextures
NeuralTextures_905_860,train,fake,/workspace/data/raw/ffpp/FaceForensics++_C23/NeuralTextures/905_860.mp4,ffpp_NeuralTextures
NeuralTextures_906_847,test,fake,/workspace/data/raw/ffpp/FaceForensics++_C23/NeuralTextures/906_847.mp4,ffpp_NeuralTextures
NeuralTextures_907_795,train,fake,/workspace/data/raw/ffpp/FaceForensics++_C23/NeuralTextures/907_795.mp4,ffpp_NeuralTextures
NeuralTextures_908_207,train,fake,/workspace/data/raw/ffpp/FaceForensics++_C23/NeuralTextures/908_207.mp4,ffpp_NeuralTextures
NeuralTextures_909_857,val,fake,/workspace/data/raw/ffpp/FaceForensics++_C23/NeuralTextures/909_857.mp4,ffpp_NeuralTextures
NeuralTextures_910_911,train,fake,/workspace/data/raw/ffpp/FaceForensics++_C23/NeuralTextures/910_911.mp4,ffpp_NeuralTextures
NeuralTextures_911_910,train,fake,/workspace/data/raw/ffpp/FaceForensics++_C23/NeuralTextures/911_910.mp4,ffpp_NeuralTextures
NeuralTextures_912_927,val,fake,/workspace/data/raw/ffpp/FaceForensics++_C23/NeuralTextures/912_927.mp4,ffpp_NeuralTextures
NeuralTextures_913_893,train,fake,/workspace/data/raw/ffpp/FaceForensics++_C23/NeuralTextures/913_893.mp4,ffpp_NeuralTextures
NeuralTextures_914_899,train,fake,/workspace/data/raw/ffpp/FaceForensics++_C23/NeuralTextures/914_899.mp4,ffpp_NeuralTextures
NeuralTextures_915_895,val,fake,/workspace/data/raw/ffpp/FaceForensics++_C23/NeuralTextures/915_895.mp4,ffpp_NeuralTextures
NeuralTextures_916_783,train,fake,/workspace/data/raw/ffpp/FaceForensics++_C23/NeuralTextures/916_783.mp4,ffpp_NeuralTextures
NeuralTextures_917_924,test,fake,/workspace/data/raw/ffpp/FaceForensics++_C23/NeuralTextures/917_924.mp4,ffpp_NeuralTextures
NeuralTextures_918_934,train,fake,/workspace/data/raw/ffpp/FaceForensics++_C23/NeuralTextures/918_934.mp4,ffpp_NeuralTextures
NeuralTextures_919_015,test,fake,/workspace/data/raw/ffpp/FaceForensics++_C23/NeuralTextures/919_015.mp4,ffpp_NeuralTextures
NeuralTextures_920_811,train,fake,/workspace/data/raw/ffpp/FaceForensics++_C23/NeuralTextures/920_811.mp4,ffpp_NeuralTextures
NeuralTextures_921_569,train,fake,/workspace/data/raw/ffpp/FaceForensics++_C23/NeuralTextures/921_569.mp4,ffpp_NeuralTextures
NeuralTextures_922_898,val,fake,/workspace/data/raw/ffpp/FaceForensics++_C23/NeuralTextures/922_898.mp4,ffpp_NeuralTextures
NeuralTextures_923_023,val,fake,/workspace/data/raw/ffpp/FaceForensics++_C23/NeuralTextures/923_023.mp4,ffpp_NeuralTextures
NeuralTextures_924_917,test,fake,/workspace/data/raw/ffpp/FaceForensics++_C23/NeuralTextures/924_917.mp4,ffpp_NeuralTextures
NeuralTextures_925_933,val,fake,/workspace/data/raw/ffpp/FaceForensics++_C23/NeuralTextures/925_933.mp4,ffpp_NeuralTextures
NeuralTextures_926_900,val,fake,/workspace/data/raw/ffpp/FaceForensics++_C23/NeuralTextures/926_900.mp4,ffpp_NeuralTextures
NeuralTextures_927_912,val,fake,/workspace/data/raw/ffpp/FaceForensics++_C23/NeuralTextures/927_912.mp4,ffpp_NeuralTextures
NeuralTextures_928_160,train,fake,/workspace/data/raw/ffpp/FaceForensics++_C23/NeuralTextures/928_160.mp4,ffpp_NeuralTextures
NeuralTextures_929_962,train,fake,/workspace/data/raw/ffpp/FaceForensics++_C23/NeuralTextures/929_962.mp4,ffpp_NeuralTextures
NeuralTextures_930_763,train,fake,/workspace/data/raw/ffpp/FaceForensics++_C23/NeuralTextures/930_763.mp4,ffpp_NeuralTextures
NeuralTextures_931_936,train,fake,/workspace/data/raw/ffpp/FaceForensics++_C23/NeuralTextures/931_936.mp4,ffpp_NeuralTextures
NeuralTextures_932_384,test,fake,/workspace/data/raw/ffpp/FaceForensics++_C23/NeuralTextures/932_384.mp4,ffpp_NeuralTextures
NeuralTextures_933_925,val,fake,/workspace/data/raw/ffpp/FaceForensics++_C23/NeuralTextures/933_925.mp4,ffpp_NeuralTextures
NeuralTextures_934_918,train,fake,/workspace/data/raw/ffpp/FaceForensics++_C23/NeuralTextures/934_918.mp4,ffpp_NeuralTextures
NeuralTextures_935_733,train,fake,/workspace/data/raw/ffpp/FaceForensics++_C23/NeuralTextures/935_733.mp4,ffpp_NeuralTextures
NeuralTextures_936_931,train,fake,/workspace/data/raw/ffpp/FaceForensics++_C23/NeuralTextures/936_931.mp4,ffpp_NeuralTextures
NeuralTextures_937_888,train,fake,/workspace/data/raw/ffpp/FaceForensics++_C23/NeuralTextures/937_888.mp4,ffpp_NeuralTextures
NeuralTextures_938_987,train,fake,/workspace/data/raw/ffpp/FaceForensics++_C23/NeuralTextures/938_987.mp4,ffpp_NeuralTextures
NeuralTextures_939_115,val,fake,/workspace/data/raw/ffpp/FaceForensics++_C23/NeuralTextures/939_115.mp4,ffpp_NeuralTextures
NeuralTextures_940_941,train,fake,/workspace/data/raw/ffpp/FaceForensics++_C23/NeuralTextures/940_941.mp4,ffpp_NeuralTextures
NeuralTextures_941_940,train,fake,/workspace/data/raw/ffpp/FaceForensics++_C23/NeuralTextures/941_940.mp4,ffpp_NeuralTextures
NeuralTextures_942_943,train,fake,/workspace/data/raw/ffpp/FaceForensics++_C23/NeuralTextures/942_943.mp4,ffpp_NeuralTextures
NeuralTextures_943_942,train,fake,/workspace/data/raw/ffpp/FaceForensics++_C23/NeuralTextures/943_942.mp4,ffpp_NeuralTextures
NeuralTextures_944_032,train,fake,/workspace/data/raw/ffpp/FaceForensics++_C23/NeuralTextures/944_032.mp4,ffpp_NeuralTextures
NeuralTextures_945_044,test,fake,/workspace/data/raw/ffpp/FaceForensics++_C23/NeuralTextures/945_044.mp4,ffpp_NeuralTextures
NeuralTextures_946_049,train,fake,/workspace/data/raw/ffpp/FaceForensics++_C23/NeuralTextures/946_049.mp4,ffpp_NeuralTextures
NeuralTextures_947_951,val,fake,/workspace/data/raw/ffpp/FaceForensics++_C23/NeuralTextures/947_951.mp4,ffpp_NeuralTextures
NeuralTextures_948_965,train,fake,/workspace/data/raw/ffpp/FaceForensics++_C23/NeuralTextures/948_965.mp4,ffpp_NeuralTextures
NeuralTextures_949_868,test,fake,/workspace/data/raw/ffpp/FaceForensics++_C23/NeuralTextures/949_868.mp4,ffpp_NeuralTextures
NeuralTextures_950_836,train,fake,/workspace/data/raw/ffpp/FaceForensics++_C23/NeuralTextures/950_836.mp4,ffpp_NeuralTextures
NeuralTextures_951_947,val,fake,/workspace/data/raw/ffpp/FaceForensics++_C23/NeuralTextures/951_947.mp4,ffpp_NeuralTextures
NeuralTextures_952_882,train,fake,/workspace/data/raw/ffpp/FaceForensics++_C23/NeuralTextures/952_882.mp4,ffpp_NeuralTextures
NeuralTextures_953_974,test,fake,/workspace/data/raw/ffpp/FaceForensics++_C23/NeuralTextures/953_974.mp4,ffpp_NeuralTextures
NeuralTextures_954_976,train,fake,/workspace/data/raw/ffpp/FaceForensics++_C23/NeuralTextures/954_976.mp4,ffpp_NeuralTextures
NeuralTextures_955_078,test,fake,/workspace/data/raw/ffpp/FaceForensics++_C23/NeuralTextures/955_078.mp4,ffpp_NeuralTextures
NeuralTextures_956_958,val,fake,/workspace/data/raw/ffpp/FaceForensics++_C23/NeuralTextures/956_958.mp4,ffpp_NeuralTextures
NeuralTextures_957_959,train,fake,/workspace/data/raw/ffpp/FaceForensics++_C23/NeuralTextures/957_959.mp4,ffpp_NeuralTextures
NeuralTextures_958_956,val,fake,/workspace/data/raw/ffpp/FaceForensics++_C23/NeuralTextures/958_956.mp4,ffpp_NeuralTextures
NeuralTextures_959_957,train,fake,/workspace/data/raw/ffpp/FaceForensics++_C23/NeuralTextures/959_957.mp4,ffpp_NeuralTextures
NeuralTextures_960_999,train,fake,/workspace/data/raw/ffpp/FaceForensics++_C23/NeuralTextures/960_999.mp4,ffpp_NeuralTextures
NeuralTextures_961_069,train,fake,/workspace/data/raw/ffpp/FaceForensics++_C23/NeuralTextures/961_069.mp4,ffpp_NeuralTextures
NeuralTextures_962_929,train,fake,/workspace/data/raw/ffpp/FaceForensics++_C23/NeuralTextures/962_929.mp4,ffpp_NeuralTextures
NeuralTextures_963_879,train,fake,/workspace/data/raw/ffpp/FaceForensics++_C23/NeuralTextures/963_879.mp4,ffpp_NeuralTextures
NeuralTextures_964_174,train,fake,/workspace/data/raw/ffpp/FaceForensics++_C23/NeuralTextures/964_174.mp4,ffpp_NeuralTextures
NeuralTextures_965_948,train,fake,/workspace/data/raw/ffpp/FaceForensics++_C23/NeuralTextures/965_948.mp4,ffpp_NeuralTextures
NeuralTextures_966_988,train,fake,/workspace/data/raw/ffpp/FaceForensics++_C23/NeuralTextures/966_988.mp4,ffpp_NeuralTextures
NeuralTextures_967_984,train,fake,/workspace/data/raw/ffpp/FaceForensics++_C23/NeuralTextures/967_984.mp4,ffpp_NeuralTextures
NeuralTextures_968_884,train,fake,/workspace/data/raw/ffpp/FaceForensics++_C23/NeuralTextures/968_884.mp4,ffpp_NeuralTextures
NeuralTextures_969_897,train,fake,/workspace/data/raw/ffpp/FaceForensics++_C23/NeuralTextures/969_897.mp4,ffpp_NeuralTextures
NeuralTextures_970_973,test,fake,/workspace/data/raw/ffpp/FaceForensics++_C23/NeuralTextures/970_973.mp4,ffpp_NeuralTextures
NeuralTextures_971_564,val,fake,/workspace/data/raw/ffpp/FaceForensics++_C23/NeuralTextures/971_564.mp4,ffpp_NeuralTextures
NeuralTextures_972_718,train,fake,/workspace/data/raw/ffpp/FaceForensics++_C23/NeuralTextures/972_718.mp4,ffpp_NeuralTextures
NeuralTextures_973_970,test,fake,/workspace/data/raw/ffpp/FaceForensics++_C23/NeuralTextures/973_970.mp4,ffpp_NeuralTextures
NeuralTextures_974_953,test,fake,/workspace/data/raw/ffpp/FaceForensics++_C23/NeuralTextures/974_953.mp4,ffpp_NeuralTextures
NeuralTextures_975_978,train,fake,/workspace/data/raw/ffpp/FaceForensics++_C23/NeuralTextures/975_978.mp4,ffpp_NeuralTextures
NeuralTextures_976_954,train,fake,/workspace/data/raw/ffpp/FaceForensics++_C23/NeuralTextures/976_954.mp4,ffpp_NeuralTextures
NeuralTextures_977_075,train,fake,/workspace/data/raw/ffpp/FaceForensics++_C23/NeuralTextures/977_075.mp4,ffpp_NeuralTextures
NeuralTextures_978_975,train,fake,/workspace/data/raw/ffpp/FaceForensics++_C23/NeuralTextures/978_975.mp4,ffpp_NeuralTextures
NeuralTextures_979_875,val,fake,/workspace/data/raw/ffpp/FaceForensics++_C23/NeuralTextures/979_875.mp4,ffpp_NeuralTextures
NeuralTextures_980_992,val,fake,/workspace/data/raw/ffpp/FaceForensics++_C23/NeuralTextures/980_992.mp4,ffpp_NeuralTextures
NeuralTextures_981_985,train,fake,/workspace/data/raw/ffpp/FaceForensics++_C23/NeuralTextures/981_985.mp4,ffpp_NeuralTextures
NeuralTextures_982_004,val,fake,/workspace/data/raw/ffpp/FaceForensics++_C23/NeuralTextures/982_004.mp4,ffpp_NeuralTextures
NeuralTextures_983_113,train,fake,/workspace/data/raw/ffpp/FaceForensics++_C23/NeuralTextures/983_113.mp4,ffpp_NeuralTextures
NeuralTextures_984_967,train,fake,/workspace/data/raw/ffpp/FaceForensics++_C23/NeuralTextures/984_967.mp4,ffpp_NeuralTextures
NeuralTextures_985_981,train,fake,/workspace/data/raw/ffpp/FaceForensics++_C23/NeuralTextures/985_981.mp4,ffpp_NeuralTextures
NeuralTextures_986_994,train,fake,/workspace/data/raw/ffpp/FaceForensics++_C23/NeuralTextures/986_994.mp4,ffpp_NeuralTextures
NeuralTextures_987_938,train,fake,/workspace/data/raw/ffpp/FaceForensics++_C23/NeuralTextures/987_938.mp4,ffpp_NeuralTextures
NeuralTextures_988_966,train,fake,/workspace/data/raw/ffpp/FaceForensics++_C23/NeuralTextures/988_966.mp4,ffpp_NeuralTextures
NeuralTextures_989_993,train,fake,/workspace/data/raw/ffpp/FaceForensics++_C23/NeuralTextures/989_993.mp4,ffpp_NeuralTextures
NeuralTextures_990_008,train,fake,/workspace/data/raw/ffpp/FaceForensics++_C23/NeuralTextures/990_008.mp4,ffpp_NeuralTextures
NeuralTextures_991_064,val,fake,/workspace/data/raw/ffpp/FaceForensics++_C23/NeuralTextures/991_064.mp4,ffpp_NeuralTextures
NeuralTextures_992_980,val,fake,/workspace/data/raw/ffpp/FaceForensics++_C23/NeuralTextures/992_980.mp4,ffpp_NeuralTextures
NeuralTextures_993_989,train,fake,/workspace/data/raw/ffpp/FaceForensics++_C23/NeuralTextures/993_989.mp4,ffpp_NeuralTextures
NeuralTextures_994_986,train,fake,/workspace/data/raw/ffpp/FaceForensics++_C23/NeuralTextures/994_986.mp4,ffpp_NeuralTextures
NeuralTextures_995_233,test,fake,/workspace/data/raw/ffpp/FaceForensics++_C23/NeuralTextures/995_233.mp4,ffpp_NeuralTextures
NeuralTextures_996_056,train,fake,/workspace/data/raw/ffpp/FaceForensics++_C23/NeuralTextures/996_056.mp4,ffpp_NeuralTextures
NeuralTextures_997_040,train,fake,/workspace/data/raw/ffpp/FaceForensics++_C23/NeuralTextures/997_040.mp4,ffpp_NeuralTextures
NeuralTextures_998_561,train,fake,/workspace/data/raw/ffpp/FaceForensics++_C23/NeuralTextures/998_561.mp4,ffpp_NeuralTextures
NeuralTextures_999_960,train,fake,/workspace/data/raw/ffpp/FaceForensics++_C23/NeuralTextures/999_960.mp4,ffpp_NeuralTextures
FaceShifter_000_003,test,fake,/workspace/data/raw/ffpp/FaceForensics++_C23/FaceShifter/000_003.mp4,ffpp_FaceShifter
FaceShifter_001_870,train,fake,/workspace/data/raw/ffpp/FaceForensics++_C23/FaceShifter/001_870.mp4,ffpp_FaceShifter
FaceShifter_002_006,train,fake,/workspace/data/raw/ffpp/FaceForensics++_C23/FaceShifter/002_006.mp4,ffpp_FaceShifter
FaceShifter_003_000,test,fake,/workspace/data/raw/ffpp/FaceForensics++_C23/FaceShifter/003_000.mp4,ffpp_FaceShifter
FaceShifter_004_982,val,fake,/workspace/data/raw/ffpp/FaceForensics++_C23/FaceShifter/004_982.mp4,ffpp_FaceShifter
FaceShifter_005_010,train,fake,/workspace/data/raw/ffpp/FaceForensics++_C23/FaceShifter/005_010.mp4,ffpp_FaceShifter
FaceShifter_006_002,train,fake,/workspace/data/raw/ffpp/FaceForensics++_C23/FaceShifter/006_002.mp4,ffpp_FaceShifter
FaceShifter_007_132,train,fake,/workspace/data/raw/ffpp/FaceForensics++_C23/FaceShifter/007_132.mp4,ffpp_FaceShifter
FaceShifter_008_990,train,fake,/workspace/data/raw/ffpp/FaceForensics++_C23/FaceShifter/008_990.mp4,ffpp_FaceShifter
FaceShifter_009_027,train,fake,/workspace/data/raw/ffpp/FaceForensics++_C23/FaceShifter/009_027.mp4,ffpp_FaceShifter
FaceShifter_010_005,train,fake,/workspace/data/raw/ffpp/FaceForensics++_C23/FaceShifter/010_005.mp4,ffpp_FaceShifter
FaceShifter_011_805,train,fake,/workspace/data/raw/ffpp/FaceForensics++_C23/FaceShifter/011_805.mp4,ffpp_FaceShifter
FaceShifter_012_026,test,fake,/workspace/data/raw/ffpp/FaceForensics++_C23/FaceShifter/012_026.mp4,ffpp_FaceShifter
FaceShifter_013_883,train,fake,/workspace/data/raw/ffpp/FaceForensics++_C23/FaceShifter/013_883.mp4,ffpp_FaceShifter
FaceShifter_014_790,train,fake,/workspace/data/raw/ffpp/FaceForensics++_C23/FaceShifter/014_790.mp4,ffpp_FaceShifter
FaceShifter_015_919,test,fake,/workspace/data/raw/ffpp/FaceForensics++_C23/FaceShifter/015_919.mp4,ffpp_FaceShifter
FaceShifter_016_209,train,fake,/workspace/data/raw/ffpp/FaceForensics++_C23/FaceShifter/016_209.mp4,ffpp_FaceShifter
FaceShifter_017_803,train,fake,/workspace/data/raw/ffpp/FaceForensics++_C23/FaceShifter/017_803.mp4,ffpp_FaceShifter
FaceShifter_018_019,train,fake,/workspace/data/raw/ffpp/FaceForensics++_C23/FaceShifter/018_019.mp4,ffpp_FaceShifter
FaceShifter_019_018,train,fake,/workspace/data/raw/ffpp/FaceForensics++_C23/FaceShifter/019_018.mp4,ffpp_FaceShifter
FaceShifter_020_344,train,fake,/workspace/data/raw/ffpp/FaceForensics++_C23/FaceShifter/020_344.mp4,ffpp_FaceShifter
FaceShifter_021_312,train,fake,/workspace/data/raw/ffpp/FaceForensics++_C23/FaceShifter/021_312.mp4,ffpp_FaceShifter
FaceShifter_022_489,train,fake,/workspace/data/raw/ffpp/FaceForensics++_C23/FaceShifter/022_489.mp4,ffpp_FaceShifter
FaceShifter_023_923,val,fake,/workspace/data/raw/ffpp/FaceForensics++_C23/FaceShifter/023_923.mp4,ffpp_FaceShifter
FaceShifter_024_073,test,fake,/workspace/data/raw/ffpp/FaceForensics++_C23/FaceShifter/024_073.mp4,ffpp_FaceShifter
FaceShifter_025_067,train,fake,/workspace/data/raw/ffpp/FaceForensics++_C23/FaceShifter/025_067.mp4,ffpp_FaceShifter
FaceShifter_026_012,test,fake,/workspace/data/raw/ffpp/FaceForensics++_C23/FaceShifter/026_012.mp4,ffpp_FaceShifter
FaceShifter_027_009,train,fake,/workspace/data/raw/ffpp/FaceForensics++_C23/FaceShifter/027_009.mp4,ffpp_FaceShifter
FaceShifter_028_068,train,fake,/workspace/data/raw/ffpp/FaceForensics++_C23/FaceShifter/028_068.mp4,ffpp_FaceShifter
FaceShifter_029_048,test,fake,/workspace/data/raw/ffpp/FaceForensics++_C23/FaceShifter/029_048.mp4,ffpp_FaceShifter
FaceShifter_030_193,train,fake,/workspace/data/raw/ffpp/FaceForensics++_C23/FaceShifter/030_193.mp4,ffpp_FaceShifter
FaceShifter_031_163,train,fake,/workspace/data/raw/ffpp/FaceForensics++_C23/FaceShifter/031_163.mp4,ffpp_FaceShifter
FaceShifter_032_944,train,fake,/workspace/data/raw/ffpp/FaceForensics++_C23/FaceShifter/032_944.mp4,ffpp_FaceShifter
FaceShifter_033_097,train,fake,/workspace/data/raw/ffpp/FaceForensics++_C23/FaceShifter/033_097.mp4,ffpp_FaceShifter
FaceShifter_034_590,train,fake,/workspace/data/raw/ffpp/FaceForensics++_C23/FaceShifter/034_590.mp4,ffpp_FaceShifter
FaceShifter_035_036,test,fake,/workspace/data/raw/ffpp/FaceForensics++_C23/FaceShifter/035_036.mp4,ffpp_FaceShifter
FaceShifter_036_035,test,fake,/workspace/data/raw/ffpp/FaceForensics++_C23/FaceShifter/036_035.mp4,ffpp_FaceShifter
FaceShifter_037_072,train,fake,/workspace/data/raw/ffpp/FaceForensics++_C23/FaceShifter/037_072.mp4,ffpp_FaceShifter
FaceShifter_038_125,train,fake,/workspace/data/raw/ffpp/FaceForensics++_C23/FaceShifter/038_125.mp4,ffpp_FaceShifter
FaceShifter_039_058,train,fake,/workspace/data/raw/ffpp/FaceForensics++_C23/FaceShifter/039_058.mp4,ffpp_FaceShifter
FaceShifter_040_997,train,fake,/workspace/data/raw/ffpp/FaceForensics++_C23/FaceShifter/040_997.mp4,ffpp_FaceShifter
FaceShifter_041_063,train,fake,/workspace/data/raw/ffpp/FaceForensics++_C23/FaceShifter/041_063.mp4,ffpp_FaceShifter
FaceShifter_042_084,val,fake,/workspace/data/raw/ffpp/FaceForensics++_C23/FaceShifter/042_084.mp4,ffpp_FaceShifter
FaceShifter_043_110,train,fake,/workspace/data/raw/ffpp/FaceForensics++_C23/FaceShifter/043_110.mp4,ffpp_FaceShifter
FaceShifter_044_945,test,fake,/workspace/data/raw/ffpp/FaceForensics++_C23/FaceShifter/044_945.mp4,ffpp_FaceShifter
FaceShifter_045_889,train,fake,/workspace/data/raw/ffpp/FaceForensics++_C23/FaceShifter/045_889.mp4,ffpp_FaceShifter
FaceShifter_046_904,val,fake,/workspace/data/raw/ffpp/FaceForensics++_C23/FaceShifter/046_904.mp4,ffpp_FaceShifter
FaceShifter_047_862,test,fake,/workspace/data/raw/ffpp/FaceForensics++_C23/FaceShifter/047_862.mp4,ffpp_FaceShifter
FaceShifter_048_029,test,fake,/workspace/data/raw/ffpp/FaceForensics++_C23/FaceShifter/048_029.mp4,ffpp_FaceShifter
FaceShifter_049_946,train,fake,/workspace/data/raw/ffpp/FaceForensics++_C23/FaceShifter/049_946.mp4,ffpp_FaceShifter
FaceShifter_050_059,train,fake,/workspace/data/raw/ffpp/FaceForensics++_C23/FaceShifter/050_059.mp4,ffpp_FaceShifter
FaceShifter_051_332,train,fake,/workspace/data/raw/ffpp/FaceForensics++_C23/FaceShifter/051_332.mp4,ffpp_FaceShifter
FaceShifter_052_108,train,fake,/workspace/data/raw/ffpp/FaceForensics++_C23/FaceShifter/052_108.mp4,ffpp_FaceShifter
FaceShifter_053_095,train,fake,/workspace/data/raw/ffpp/FaceForensics++_C23/FaceShifter/053_095.mp4,ffpp_FaceShifter
FaceShifter_054_071,train,fake,/workspace/data/raw/ffpp/FaceForensics++_C23/FaceShifter/054_071.mp4,ffpp_FaceShifter
FaceShifter_055_147,train,fake,/workspace/data/raw/ffpp/FaceForensics++_C23/FaceShifter/055_147.mp4,ffpp_FaceShifter
FaceShifter_056_996,train,fake,/workspace/data/raw/ffpp/FaceForensics++_C23/FaceShifter/056_996.mp4,ffpp_FaceShifter
FaceShifter_057_070,train,fake,/workspace/data/raw/ffpp/FaceForensics++_C23/FaceShifter/057_070.mp4,ffpp_FaceShifter
FaceShifter_058_039,train,fake,/workspace/data/raw/ffpp/FaceForensics++_C23/FaceShifter/058_039.mp4,ffpp_FaceShifter
FaceShifter_059_050,train,fake,/workspace/data/raw/ffpp/FaceForensics++_C23/FaceShifter/059_050.mp4,ffpp_FaceShifter
FaceShifter_060_088,train,fake,/workspace/data/raw/ffpp/FaceForensics++_C23/FaceShifter/060_088.mp4,ffpp_FaceShifter
FaceShifter_061_080,train,fake,/workspace/data/raw/ffpp/FaceForensics++_C23/FaceShifter/061_080.mp4,ffpp_FaceShifter
FaceShifter_062_066,train,fake,/workspace/data/raw/ffpp/FaceForensics++_C23/FaceShifter/062_066.mp4,ffpp_FaceShifter
FaceShifter_063_041,train,fake,/workspace/data/raw/ffpp/FaceForensics++_C23/FaceShifter/063_041.mp4,ffpp_FaceShifter
FaceShifter_064_991,val,fake,/workspace/data/raw/ffpp/FaceForensics++_C23/FaceShifter/064_991.mp4,ffpp_FaceShifter
FaceShifter_065_089,train,fake,/workspace/data/raw/ffpp/FaceForensics++_C23/FaceShifter/065_089.mp4,ffpp_FaceShifter
FaceShifter_066_062,train,fake,/workspace/data/raw/ffpp/FaceForensics++_C23/FaceShifter/066_062.mp4,ffpp_FaceShifter
FaceShifter_067_025,train,fake,/workspace/data/raw/ffpp/FaceForensics++_C23/FaceShifter/067_025.mp4,ffpp_FaceShifter
FaceShifter_068_028,train,fake,/workspace/data/raw/ffpp/FaceForensics++_C23/FaceShifter/068_028.mp4,ffpp_FaceShifter
FaceShifter_069_961,train,fake,/workspace/data/raw/ffpp/FaceForensics++_C23/FaceShifter/069_961.mp4,ffpp_FaceShifter
FaceShifter_070_057,train,fake,/workspace/data/raw/ffpp/FaceForensics++_C23/FaceShifter/070_057.mp4,ffpp_FaceShifter
FaceShifter_071_054,train,fake,/workspace/data/raw/ffpp/FaceForensics++_C23/FaceShifter/071_054.mp4,ffpp_FaceShifter
FaceShifter_072_037,train,fake,/workspace/data/raw/ffpp/FaceForensics++_C23/FaceShifter/072_037.mp4,ffpp_FaceShifter
FaceShifter_073_024,test,fake,/workspace/data/raw/ffpp/FaceForensics++_C23/FaceShifter/073_024.mp4,ffpp_FaceShifter
FaceShifter_074_825,train,fake,/workspace/data/raw/ffpp/FaceForensics++_C23/FaceShifter/074_825.mp4,ffpp_FaceShifter
FaceShifter_075_977,train,fake,/workspace/data/raw/ffpp/FaceForensics++_C23/FaceShifter/075_977.mp4,ffpp_FaceShifter
FaceShifter_076_079,train,fake,/workspace/data/raw/ffpp/FaceForensics++_C23/FaceShifter/076_079.mp4,ffpp_FaceShifter
FaceShifter_077_100,train,fake,/workspace/data/raw/ffpp/FaceForensics++_C23/FaceShifter/077_100.mp4,ffpp_FaceShifter
FaceShifter_078_955,test,fake,/workspace/data/raw/ffpp/FaceForensics++_C23/FaceShifter/078_955.mp4,ffpp_FaceShifter
FaceShifter_079_076,train,fake,/workspace/data/raw/ffpp/FaceForensics++_C23/FaceShifter/079_076.mp4,ffpp_FaceShifter
FaceShifter_080_061,train,fake,/workspace/data/raw/ffpp/FaceForensics++_C23/FaceShifter/080_061.mp4,ffpp_FaceShifter
FaceShifter_081_087,train,fake,/workspace/data/raw/ffpp/FaceForensics++_C23/FaceShifter/081_087.mp4,ffpp_FaceShifter
FaceShifter_082_103,train,fake,/workspace/data/raw/ffpp/FaceForensics++_C23/FaceShifter/082_103.mp4,ffpp_FaceShifter
FaceShifter_083_213,train,fake,/workspace/data/raw/ffpp/FaceForensics++_C23/FaceShifter/083_213.mp4,ffpp_FaceShifter
FaceShifter_084_042,val,fake,/workspace/data/raw/ffpp/FaceForensics++_C23/FaceShifter/084_042.mp4,ffpp_FaceShifter
FaceShifter_085_124,train,fake,/workspace/data/raw/ffpp/FaceForensics++_C23/FaceShifter/085_124.mp4,ffpp_FaceShifter
FaceShifter_086_090,train,fake,/workspace/data/raw/ffpp/FaceForensics++_C23/FaceShifter/086_090.mp4,ffpp_FaceShifter
FaceShifter_087_081,train,fake,/workspace/data/raw/ffpp/FaceForensics++_C23/FaceShifter/087_081.mp4,ffpp_FaceShifter
FaceShifter_088_060,train,fake,/workspace/data/raw/ffpp/FaceForensics++_C23/FaceShifter/088_060.mp4,ffpp_FaceShifter
FaceShifter_089_065,train,fake,/workspace/data/raw/ffpp/FaceForensics++_C23/FaceShifter/089_065.mp4,ffpp_FaceShifter
FaceShifter_090_086,train,fake,/workspace/data/raw/ffpp/FaceForensics++_C23/FaceShifter/090_086.mp4,ffpp_FaceShifter
FaceShifter_091_116,val,fake,/workspace/data/raw/ffpp/FaceForensics++_C23/FaceShifter/091_116.mp4,ffpp_FaceShifter
FaceShifter_092_098,train,fake,/workspace/data/raw/ffpp/FaceForensics++_C23/FaceShifter/092_098.mp4,ffpp_FaceShifter
FaceShifter_093_121,train,fake,/workspace/data/raw/ffpp/FaceForensics++_C23/FaceShifter/093_121.mp4,ffpp_FaceShifter
FaceShifter_094_111,train,fake,/workspace/data/raw/ffpp/FaceForensics++_C23/FaceShifter/094_111.mp4,ffpp_FaceShifter
FaceShifter_095_053,train,fake,/workspace/data/raw/ffpp/FaceForensics++_C23/FaceShifter/095_053.mp4,ffpp_FaceShifter
FaceShifter_096_101,train,fake,/workspace/data/raw/ffpp/FaceForensics++_C23/FaceShifter/096_101.mp4,ffpp_FaceShifter
FaceShifter_097_033,train,fake,/workspace/data/raw/ffpp/FaceForensics++_C23/FaceShifter/097_033.mp4,ffpp_FaceShifter
FaceShifter_098_092,train,fake,/workspace/data/raw/ffpp/FaceForensics++_C23/FaceShifter/098_092.mp4,ffpp_FaceShifter
FaceShifter_099_295,train,fake,/workspace/data/raw/ffpp/FaceForensics++_C23/FaceShifter/099_295.mp4,ffpp_FaceShifter
FaceShifter_100_077,train,fake,/workspace/data/raw/ffpp/FaceForensics++_C23/FaceShifter/100_077.mp4,ffpp_FaceShifter
FaceShifter_101_096,train,fake,/workspace/data/raw/ffpp/FaceForensics++_C23/FaceShifter/101_096.mp4,ffpp_FaceShifter
FaceShifter_102_114,test,fake,/workspace/data/raw/ffpp/FaceForensics++_C23/FaceShifter/102_114.mp4,ffpp_FaceShifter
FaceShifter_103_082,train,fake,/workspace/data/raw/ffpp/FaceForensics++_C23/FaceShifter/103_082.mp4,ffpp_FaceShifter
FaceShifter_104_126,val,fake,/workspace/data/raw/ffpp/FaceForensics++_C23/FaceShifter/104_126.mp4,ffpp_FaceShifter
FaceShifter_105_180,train,fake,/workspace/data/raw/ffpp/FaceForensics++_C23/FaceShifter/105_180.mp4,ffpp_FaceShifter
FaceShifter_106_198,val,fake,/workspace/data/raw/ffpp/FaceForensics++_C23/FaceShifter/106_198.mp4,ffpp_FaceShifter
FaceShifter_107_109,train,fake,/workspace/data/raw/ffpp/FaceForensics++_C23/FaceShifter/107_109.mp4,ffpp_FaceShifter
FaceShifter_108_052,train,fake,/workspace/data/raw/ffpp/FaceForensics++_C23/FaceShifter/108_052.mp4,ffpp_FaceShifter
FaceShifter_109_107,train,fake,/workspace/data/raw/ffpp/FaceForensics++_C23/FaceShifter/109_107.mp4,ffpp_FaceShifter
FaceShifter_110_043,train,fake,/workspace/data/raw/ffpp/FaceForensics++_C23/FaceShifter/110_043.mp4,ffpp_FaceShifter
FaceShifter_111_094,train,fake,/workspace/data/raw/ffpp/FaceForensics++_C23/FaceShifter/111_094.mp4,ffpp_FaceShifter
FaceShifter_112_892,train,fake,/workspace/data/raw/ffpp/FaceForensics++_C23/FaceShifter/112_892.mp4,ffpp_FaceShifter
FaceShifter_113_983,train,fake,/workspace/data/raw/ffpp/FaceForensics++_C23/FaceShifter/113_983.mp4,ffpp_FaceShifter
FaceShifter_114_102,test,fake,/workspace/data/raw/ffpp/FaceForensics++_C23/FaceShifter/114_102.mp4,ffpp_FaceShifter
FaceShifter_115_939,val,fake,/workspace/data/raw/ffpp/FaceForensics++_C23/FaceShifter/115_939.mp4,ffpp_FaceShifter
FaceShifter_116_091,val,fake,/workspace/data/raw/ffpp/FaceForensics++_C23/FaceShifter/116_091.mp4,ffpp_FaceShifter
FaceShifter_117_217,train,fake,/workspace/data/raw/ffpp/FaceForensics++_C23/FaceShifter/117_217.mp4,ffpp_FaceShifter
FaceShifter_118_120,train,fake,/workspace/data/raw/ffpp/FaceForensics++_C23/FaceShifter/118_120.mp4,ffpp_FaceShifter
FaceShifter_119_123,train,fake,/workspace/data/raw/ffpp/FaceForensics++_C23/FaceShifter/119_123.mp4,ffpp_FaceShifter
FaceShifter_120_118,train,fake,/workspace/data/raw/ffpp/FaceForensics++_C23/FaceShifter/120_118.mp4,ffpp_FaceShifter
FaceShifter_121_093,train,fake,/workspace/data/raw/ffpp/FaceForensics++_C23/FaceShifter/121_093.mp4,ffpp_FaceShifter
FaceShifter_122_144,train,fake,/workspace/data/raw/ffpp/FaceForensics++_C23/FaceShifter/122_144.mp4,ffpp_FaceShifter
FaceShifter_123_119,train,fake,/workspace/data/raw/ffpp/FaceForensics++_C23/FaceShifter/123_119.mp4,ffpp_FaceShifter
FaceShifter_124_085,train,fake,/workspace/data/raw/ffpp/FaceForensics++_C23/FaceShifter/124_085.mp4,ffpp_FaceShifter
FaceShifter_125_038,train,fake,/workspace/data/raw/ffpp/FaceForensics++_C23/FaceShifter/125_038.mp4,ffpp_FaceShifter
FaceShifter_126_104,val,fake,/workspace/data/raw/ffpp/FaceForensics++_C23/FaceShifter/126_104.mp4,ffpp_FaceShifter
FaceShifter_127_129,train,fake,/workspace/data/raw/ffpp/FaceForensics++_C23/FaceShifter/127_129.mp4,ffpp_FaceShifter
FaceShifter_128_896,test,fake,/workspace/data/raw/ffpp/FaceForensics++_C23/FaceShifter/128_896.mp4,ffpp_FaceShifter
FaceShifter_129_127,train,fake,/workspace/data/raw/ffpp/FaceForensics++_C23/FaceShifter/129_127.mp4,ffpp_FaceShifter
FaceShifter_130_139,train,fake,/workspace/data/raw/ffpp/FaceForensics++_C23/FaceShifter/130_139.mp4,ffpp_FaceShifter
FaceShifter_131_518,train,fake,/workspace/data/raw/ffpp/FaceForensics++_C23/FaceShifter/131_518.mp4,ffpp_FaceShifter
FaceShifter_132_007,train,fake,/workspace/data/raw/ffpp/FaceForensics++_C23/FaceShifter/132_007.mp4,ffpp_FaceShifter
FaceShifter_133_148,train,fake,/workspace/data/raw/ffpp/FaceForensics++_C23/FaceShifter/133_148.mp4,ffpp_FaceShifter
FaceShifter_134_192,val,fake,/workspace/data/raw/ffpp/FaceForensics++_C23/FaceShifter/134_192.mp4,ffpp_FaceShifter
FaceShifter_135_880,test,fake,/workspace/data/raw/ffpp/FaceForensics++_C23/FaceShifter/135_880.mp4,ffpp_FaceShifter
FaceShifter_136_285,train,fake,/workspace/data/raw/ffpp/FaceForensics++_C23/FaceShifter/136_285.mp4,ffpp_FaceShifter
FaceShifter_137_165,train,fake,/workspace/data/raw/ffpp/FaceForensics++_C23/FaceShifter/137_165.mp4,ffpp_FaceShifter
FaceShifter_138_142,test,fake,/workspace/data/raw/ffpp/FaceForensics++_C23/FaceShifter/138_142.mp4,ffpp_FaceShifter
FaceShifter_139_130,train,fake,/workspace/data/raw/ffpp/FaceForensics++_C23/FaceShifter/139_130.mp4,ffpp_FaceShifter
FaceShifter_140_143,train,fake,/workspace/data/raw/ffpp/FaceForensics++_C23/FaceShifter/140_143.mp4,ffpp_FaceShifter
FaceShifter_141_161,test,fake,/workspace/data/raw/ffpp/FaceForensics++_C23/FaceShifter/141_161.mp4,ffpp_FaceShifter
FaceShifter_142_138,test,fake,/workspace/data/raw/ffpp/FaceForensics++_C23/FaceShifter/142_138.mp4,ffpp_FaceShifter
FaceShifter_143_140,train,fake,/workspace/data/raw/ffpp/FaceForensics++_C23/FaceShifter/143_140.mp4,ffpp_FaceShifter
FaceShifter_144_122,train,fake,/workspace/data/raw/ffpp/FaceForensics++_C23/FaceShifter/144_122.mp4,ffpp_FaceShifter
FaceShifter_145_299,val,fake,/workspace/data/raw/ffpp/FaceForensics++_C23/FaceShifter/145_299.mp4,ffpp_FaceShifter
FaceShifter_146_256,train,fake,/workspace/data/raw/ffpp/FaceForensics++_C23/FaceShifter/146_256.mp4,ffpp_FaceShifter
FaceShifter_147_055,train,fake,/workspace/data/raw/ffpp/FaceForensics++_C23/FaceShifter/147_055.mp4,ffpp_FaceShifter
FaceShifter_148_133,train,fake,/workspace/data/raw/ffpp/FaceForensics++_C23/FaceShifter/148_133.mp4,ffpp_FaceShifter
FaceShifter_149_152,train,fake,/workspace/data/raw/ffpp/FaceForensics++_C23/FaceShifter/149_152.mp4,ffpp_FaceShifter
FaceShifter_150_153,train,fake,/workspace/data/raw/ffpp/FaceForensics++_C23/FaceShifter/150_153.mp4,ffpp_FaceShifter
FaceShifter_151_225,train,fake,/workspace/data/raw/ffpp/FaceForensics++_C23/FaceShifter/151_225.mp4,ffpp_FaceShifter
FaceShifter_152_149,train,fake,/workspace/data/raw/ffpp/FaceForensics++_C23/FaceShifter/152_149.mp4,ffpp_FaceShifter
FaceShifter_153_150,train,fake,/workspace/data/raw/ffpp/FaceForensics++_C23/FaceShifter/153_150.mp4,ffpp_FaceShifter
FaceShifter_154_386,test,fake,/workspace/data/raw/ffpp/FaceForensics++_C23/FaceShifter/154_386.mp4,ffpp_FaceShifter
FaceShifter_155_576,train,fake,/workspace/data/raw/ffpp/FaceForensics++_C23/FaceShifter/155_576.mp4,ffpp_FaceShifter
FaceShifter_156_243,train,fake,/workspace/data/raw/ffpp/FaceForensics++_C23/FaceShifter/156_243.mp4,ffpp_FaceShifter
FaceShifter_157_245,val,fake,/workspace/data/raw/ffpp/FaceForensics++_C23/FaceShifter/157_245.mp4,ffpp_FaceShifter
FaceShifter_158_379,test,fake,/workspace/data/raw/ffpp/FaceForensics++_C23/FaceShifter/158_379.mp4,ffpp_FaceShifter
FaceShifter_159_175,val,fake,/workspace/data/raw/ffpp/FaceForensics++_C23/FaceShifter/159_175.mp4,ffpp_FaceShifter
FaceShifter_160_928,train,fake,/workspace/data/raw/ffpp/FaceForensics++_C23/FaceShifter/160_928.mp4,ffpp_FaceShifter
FaceShifter_161_141,test,fake,/workspace/data/raw/ffpp/FaceForensics++_C23/FaceShifter/161_141.mp4,ffpp_FaceShifter
FaceShifter_162_330,train,fake,/workspace/data/raw/ffpp/FaceForensics++_C23/FaceShifter/162_330.mp4,ffpp_FaceShifter
FaceShifter_163_031,train,fake,/workspace/data/raw/ffpp/FaceForensics++_C23/FaceShifter/163_031.mp4,ffpp_FaceShifter
FaceShifter_164_216,train,fake,/workspace/data/raw/ffpp/FaceForensics++_C23/FaceShifter/164_216.mp4,ffpp_FaceShifter
FaceShifter_165_137,train,fake,/workspace/data/raw/ffpp/FaceForensics++_C23/FaceShifter/165_137.mp4,ffpp_FaceShifter
FaceShifter_166_167,train,fake,/workspace/data/raw/ffpp/FaceForensics++_C23/FaceShifter/166_167.mp4,ffpp_FaceShifter
FaceShifter_167_166,train,fake,/workspace/data/raw/ffpp/FaceForensics++_C23/FaceShifter/167_166.mp4,ffpp_FaceShifter
FaceShifter_168_222,train,fake,/workspace/data/raw/ffpp/FaceForensics++_C23/FaceShifter/168_222.mp4,ffpp_FaceShifter
FaceShifter_169_227,test,fake,/workspace/data/raw/ffpp/FaceForensics++_C23/FaceShifter/169_227.mp4,ffpp_FaceShifter
FaceShifter_170_186,test,fake,/workspace/data/raw/ffpp/FaceForensics++_C23/FaceShifter/170_186.mp4,ffpp_FaceShifter
FaceShifter_171_173,train,fake,/workspace/data/raw/ffpp/FaceForensics++_C23/FaceShifter/171_173.mp4,ffpp_FaceShifter
FaceShifter_172_582,train,fake,/workspace/data/raw/ffpp/FaceForensics++_C23/FaceShifter/172_582.mp4,ffpp_FaceShifter
FaceShifter_173_171,train,fake,/workspace/data/raw/ffpp/FaceForensics++_C23/FaceShifter/173_171.mp4,ffpp_FaceShifter
FaceShifter_174_964,train,fake,/workspace/data/raw/ffpp/FaceForensics++_C23/FaceShifter/174_964.mp4,ffpp_FaceShifter
FaceShifter_175_159,val,fake,/workspace/data/raw/ffpp/FaceForensics++_C23/FaceShifter/175_159.mp4,ffpp_FaceShifter
FaceShifter_176_190,test,fake,/workspace/data/raw/ffpp/FaceForensics++_C23/FaceShifter/176_190.mp4,ffpp_FaceShifter
FaceShifter_177_211,train,fake,/workspace/data/raw/ffpp/FaceForensics++_C23/FaceShifter/177_211.mp4,ffpp_FaceShifter
FaceShifter_178_598,train,fake,/workspace/data/raw/ffpp/FaceForensics++_C23/FaceShifter/178_598.mp4,ffpp_FaceShifter
FaceShifter_179_212,train,fake,/workspace/data/raw/ffpp/FaceForensics++_C23/FaceShifter/179_212.mp4,ffpp_FaceShifter
FaceShifter_180_105,train,fake,/workspace/data/raw/ffpp/FaceForensics++_C23/FaceShifter/180_105.mp4,ffpp_FaceShifter
FaceShifter_181_199,train,fake,/workspace/data/raw/ffpp/FaceForensics++_C23/FaceShifter/181_199.mp4,ffpp_FaceShifter
FaceShifter_182_242,train,fake,/workspace/data/raw/ffpp/FaceForensics++_C23/FaceShifter/182_242.mp4,ffpp_FaceShifter
FaceShifter_183_253,train,fake,/workspace/data/raw/ffpp/FaceForensics++_C23/FaceShifter/183_253.mp4,ffpp_FaceShifter
FaceShifter_184_205,train,fake,/workspace/data/raw/ffpp/FaceForensics++_C23/FaceShifter/184_205.mp4,ffpp_FaceShifter
FaceShifter_185_276,train,fake,/workspace/data/raw/ffpp/FaceForensics++_C23/FaceShifter/185_276.mp4,ffpp_FaceShifter
FaceShifter_186_170,test,fake,/workspace/data/raw/ffpp/FaceForensics++_C23/FaceShifter/186_170.mp4,ffpp_FaceShifter
FaceShifter_187_234,train,fake,/workspace/data/raw/ffpp/FaceForensics++_C23/FaceShifter/187_234.mp4,ffpp_FaceShifter
FaceShifter_188_191,train,fake,/workspace/data/raw/ffpp/FaceForensics++_C23/FaceShifter/188_191.mp4,ffpp_FaceShifter
FaceShifter_189_200,train,fake,/workspace/data/raw/ffpp/FaceForensics++_C23/FaceShifter/189_200.mp4,ffpp_FaceShifter
FaceShifter_190_176,test,fake,/workspace/data/raw/ffpp/FaceForensics++_C23/FaceShifter/190_176.mp4,ffpp_FaceShifter
FaceShifter_191_188,train,fake,/workspace/data/raw/ffpp/FaceForensics++_C23/FaceShifter/191_188.mp4,ffpp_FaceShifter
FaceShifter_192_134,val,fake,/workspace/data/raw/ffpp/FaceForensics++_C23/FaceShifter/192_134.mp4,ffpp_FaceShifter
FaceShifter_193_030,train,fake,/workspace/data/raw/ffpp/FaceForensics++_C23/FaceShifter/193_030.mp4,ffpp_FaceShifter
FaceShifter_194_235,train,fake,/workspace/data/raw/ffpp/FaceForensics++_C23/FaceShifter/194_235.mp4,ffpp_FaceShifter
FaceShifter_195_442,train,fake,/workspace/data/raw/ffpp/FaceForensics++_C23/FaceShifter/195_442.mp4,ffpp_FaceShifter
FaceShifter_196_310,train,fake,/workspace/data/raw/ffpp/FaceForensics++_C23/FaceShifter/196_310.mp4,ffpp_FaceShifter
FaceShifter_197_224,train,fake,/workspace/data/raw/ffpp/FaceForensics++_C23/FaceShifter/197_224.mp4,ffpp_FaceShifter
FaceShifter_198_106,val,fake,/workspace/data/raw/ffpp/FaceForensics++_C23/FaceShifter/198_106.mp4,ffpp_FaceShifter
FaceShifter_199_181,train,fake,/workspace/data/raw/ffpp/FaceForensics++_C23/FaceShifter/199_181.mp4,ffpp_FaceShifter
FaceShifter_200_189,train,fake,/workspace/data/raw/ffpp/FaceForensics++_C23/FaceShifter/200_189.mp4,ffpp_FaceShifter
FaceShifter_201_203,train,fake,/workspace/data/raw/ffpp/FaceForensics++_C23/FaceShifter/201_203.mp4,ffpp_FaceShifter
FaceShifter_202_348,train,fake,/workspace/data/raw/ffpp/FaceForensics++_C23/FaceShifter/202_348.mp4,ffpp_FaceShifter
FaceShifter_203_201,train,fake,/workspace/data/raw/ffpp/FaceForensics++_C23/FaceShifter/203_201.mp4,ffpp_FaceShifter
FaceShifter_204_230,train,fake,/workspace/data/raw/ffpp/FaceForensics++_C23/FaceShifter/204_230.mp4,ffpp_FaceShifter
FaceShifter_205_184,train,fake,/workspace/data/raw/ffpp/FaceForensics++_C23/FaceShifter/205_184.mp4,ffpp_FaceShifter
FaceShifter_206_221,train,fake,/workspace/data/raw/ffpp/FaceForensics++_C23/FaceShifter/206_221.mp4,ffpp_FaceShifter
FaceShifter_207_908,train,fake,/workspace/data/raw/ffpp/FaceForensics++_C23/FaceShifter/207_908.mp4,ffpp_FaceShifter
FaceShifter_208_215,train,fake,/workspace/data/raw/ffpp/FaceForensics++_C23/FaceShifter/208_215.mp4,ffpp_FaceShifter
FaceShifter_209_016,train,fake,/workspace/data/raw/ffpp/FaceForensics++_C23/FaceShifter/209_016.mp4,ffpp_FaceShifter
FaceShifter_210_241,train,fake,/workspace/data/raw/ffpp/FaceForensics++_C23/FaceShifter/210_241.mp4,ffpp_FaceShifter
FaceShifter_211_177,train,fake,/workspace/data/raw/ffpp/FaceForensics++_C23/FaceShifter/211_177.mp4,ffpp_FaceShifter
FaceShifter_212_179,train,fake,/workspace/data/raw/ffpp/FaceForensics++_C23/FaceShifter/212_179.mp4,ffpp_FaceShifter
FaceShifter_213_083,train,fake,/workspace/data/raw/ffpp/FaceForensics++_C23/FaceShifter/213_083.mp4,ffpp_FaceShifter
FaceShifter_214_255,test,fake,/workspace/data/raw/ffpp/FaceForensics++_C23/FaceShifter/214_255.mp4,ffpp_FaceShifter
FaceShifter_215_208,train,fake,/workspace/data/raw/ffpp/FaceForensics++_C23/FaceShifter/215_208.mp4,ffpp_FaceShifter
FaceShifter_216_164,train,fake,/workspace/data/raw/ffpp/FaceForensics++_C23/FaceShifter/216_164.mp4,ffpp_FaceShifter
FaceShifter_217_117,train,fake,/workspace/data/raw/ffpp/FaceForensics++_C23/FaceShifter/217_117.mp4,ffpp_FaceShifter
FaceShifter_218_239,train,fake,/workspace/data/raw/ffpp/FaceForensics++_C23/FaceShifter/218_239.mp4,ffpp_FaceShifter
FaceShifter_219_220,test,fake,/workspace/data/raw/ffpp/FaceForensics++_C23/FaceShifter/219_220.mp4,ffpp_FaceShifter
FaceShifter_220_219,test,fake,/workspace/data/raw/ffpp/FaceForensics++_C23/FaceShifter/220_219.mp4,ffpp_FaceShifter
FaceShifter_221_206,train,fake,/workspace/data/raw/ffpp/FaceForensics++_C23/FaceShifter/221_206.mp4,ffpp_FaceShifter
FaceShifter_222_168,train,fake,/workspace/data/raw/ffpp/FaceForensics++_C23/FaceShifter/222_168.mp4,ffpp_FaceShifter
FaceShifter_223_586,val,fake,/workspace/data/raw/ffpp/FaceForensics++_C23/FaceShifter/223_586.mp4,ffpp_FaceShifter
FaceShifter_224_197,train,fake,/workspace/data/raw/ffpp/FaceForensics++_C23/FaceShifter/224_197.mp4,ffpp_FaceShifter
FaceShifter_225_151,train,fake,/workspace/data/raw/ffpp/FaceForensics++_C23/FaceShifter/225_151.mp4,ffpp_FaceShifter
FaceShifter_226_491,train,fake,/workspace/data/raw/ffpp/FaceForensics++_C23/FaceShifter/226_491.mp4,ffpp_FaceShifter
FaceShifter_227_169,test,fake,/workspace/data/raw/ffpp/FaceForensics++_C23/FaceShifter/227_169.mp4,ffpp_FaceShifter
FaceShifter_228_289,train,fake,/workspace/data/raw/ffpp/FaceForensics++_C23/FaceShifter/228_289.mp4,ffpp_FaceShifter
FaceShifter_229_247,train,fake,/workspace/data/raw/ffpp/FaceForensics++_C23/FaceShifter/229_247.mp4,ffpp_FaceShifter
FaceShifter_230_204,train,fake,/workspace/data/raw/ffpp/FaceForensics++_C23/FaceShifter/230_204.mp4,ffpp_FaceShifter
FaceShifter_231_663,train,fake,/workspace/data/raw/ffpp/FaceForensics++_C23/FaceShifter/231_663.mp4,ffpp_FaceShifter
FaceShifter_232_248,train,fake,/workspace/data/raw/ffpp/FaceForensics++_C23/FaceShifter/232_248.mp4,ffpp_FaceShifter
FaceShifter_233_995,test,fake,/workspace/data/raw/ffpp/FaceForensics++_C23/FaceShifter/233_995.mp4,ffpp_FaceShifter
FaceShifter_234_187,train,fake,/workspace/data/raw/ffpp/FaceForensics++_C23/FaceShifter/234_187.mp4,ffpp_FaceShifter
FaceShifter_235_194,train,fake,/workspace/data/raw/ffpp/FaceForensics++_C23/FaceShifter/235_194.mp4,ffpp_FaceShifter
FaceShifter_236_237,train,fake,/workspace/data/raw/ffpp/FaceForensics++_C23/FaceShifter/236_237.mp4,ffpp_FaceShifter
FaceShifter_237_236,train,fake,/workspace/data/raw/ffpp/FaceForensics++_C23/FaceShifter/237_236.mp4,ffpp_FaceShifter
FaceShifter_238_282,train,fake,/workspace/data/raw/ffpp/FaceForensics++_C23/FaceShifter/238_282.mp4,ffpp_FaceShifter
FaceShifter_239_218,train,fake,/workspace/data/raw/ffpp/FaceForensics++_C23/FaceShifter/239_218.mp4,ffpp_FaceShifter
FaceShifter_240_290,train,fake,/workspace/data/raw/ffpp/FaceForensics++_C23/FaceShifter/240_290.mp4,ffpp_FaceShifter
FaceShifter_241_210,train,fake,/workspace/data/raw/ffpp/FaceForensics++_C23/FaceShifter/241_210.mp4,ffpp_FaceShifter
FaceShifter_242_182,train,fake,/workspace/data/raw/ffpp/FaceForensics++_C23/FaceShifter/242_182.mp4,ffpp_FaceShifter
FaceShifter_243_156,train,fake,/workspace/data/raw/ffpp/FaceForensics++_C23/FaceShifter/243_156.mp4,ffpp_FaceShifter
FaceShifter_244_822,train,fake,/workspace/data/raw/ffpp/FaceForensics++_C23/FaceShifter/244_822.mp4,ffpp_FaceShifter
FaceShifter_245_157,val,fake,/workspace/data/raw/ffpp/FaceForensics++_C23/FaceShifter/245_157.mp4,ffpp_FaceShifter
FaceShifter_246_258,train,fake,/workspace/data/raw/ffpp/FaceForensics++_C23/FaceShifter/246_258.mp4,ffpp_FaceShifter
FaceShifter_247_229,train,fake,/workspace/data/raw/ffpp/FaceForensics++_C23/FaceShifter/247_229.mp4,ffpp_FaceShifter
FaceShifter_248_232,train,fake,/workspace/data/raw/ffpp/FaceForensics++_C23/FaceShifter/248_232.mp4,ffpp_FaceShifter
FaceShifter_249_280,test,fake,/workspace/data/raw/ffpp/FaceForensics++_C23/FaceShifter/249_280.mp4,ffpp_FaceShifter
FaceShifter_250_461,train,fake,/workspace/data/raw/ffpp/FaceForensics++_C23/FaceShifter/250_461.mp4,ffpp_FaceShifter
FaceShifter_251_375,train,fake,/workspace/data/raw/ffpp/FaceForensics++_C23/FaceShifter/251_375.mp4,ffpp_FaceShifter
FaceShifter_252_266,train,fake,/workspace/data/raw/ffpp/FaceForensics++_C23/FaceShifter/252_266.mp4,ffpp_FaceShifter
FaceShifter_253_183,train,fake,/workspace/data/raw/ffpp/FaceForensics++_C23/FaceShifter/253_183.mp4,ffpp_FaceShifter
FaceShifter_254_261,val,fake,/workspace/data/raw/ffpp/FaceForensics++_C23/FaceShifter/254_261.mp4,ffpp_FaceShifter
FaceShifter_255_214,test,fake,/workspace/data/raw/ffpp/FaceForensics++_C23/FaceShifter/255_214.mp4,ffpp_FaceShifter
FaceShifter_256_146,train,fake,/workspace/data/raw/ffpp/FaceForensics++_C23/FaceShifter/256_146.mp4,ffpp_FaceShifter
FaceShifter_257_420,test,fake,/workspace/data/raw/ffpp/FaceForensics++_C23/FaceShifter/257_420.mp4,ffpp_FaceShifter
FaceShifter_258_246,train,fake,/workspace/data/raw/ffpp/FaceForensics++_C23/FaceShifter/258_246.mp4,ffpp_FaceShifter
FaceShifter_259_345,train,fake,/workspace/data/raw/ffpp/FaceForensics++_C23/FaceShifter/259_345.mp4,ffpp_FaceShifter
FaceShifter_260_331,train,fake,/workspace/data/raw/ffpp/FaceForensics++_C23/FaceShifter/260_331.mp4,ffpp_FaceShifter
FaceShifter_261_254,val,fake,/workspace/data/raw/ffpp/FaceForensics++_C23/FaceShifter/261_254.mp4,ffpp_FaceShifter
FaceShifter_262_301,train,fake,/workspace/data/raw/ffpp/FaceForensics++_C23/FaceShifter/262_301.mp4,ffpp_FaceShifter
FaceShifter_263_284,val,fake,/workspace/data/raw/ffpp/FaceForensics++_C23/FaceShifter/263_284.mp4,ffpp_FaceShifter
FaceShifter_264_271,train,fake,/workspace/data/raw/ffpp/FaceForensics++_C23/FaceShifter/264_271.mp4,ffpp_FaceShifter
FaceShifter_265_475,train,fake,/workspace/data/raw/ffpp/FaceForensics++_C23/FaceShifter/265_475.mp4,ffpp_FaceShifter
FaceShifter_266_252,train,fake,/workspace/data/raw/ffpp/FaceForensics++_C23/FaceShifter/266_252.mp4,ffpp_FaceShifter
FaceShifter_267_286,train,fake,/workspace/data/raw/ffpp/FaceForensics++_C23/FaceShifter/267_286.mp4,ffpp_FaceShifter
FaceShifter_268_269,train,fake,/workspace/data/raw/ffpp/FaceForensics++_C23/FaceShifter/268_269.mp4,ffpp_FaceShifter
FaceShifter_269_268,train,fake,/workspace/data/raw/ffpp/FaceForensics++_C23/FaceShifter/269_268.mp4,ffpp_FaceShifter
FaceShifter_270_297,train,fake,/workspace/data/raw/ffpp/FaceForensics++_C23/FaceShifter/270_297.mp4,ffpp_FaceShifter
FaceShifter_271_264,train,fake,/workspace/data/raw/ffpp/FaceForensics++_C23/FaceShifter/271_264.mp4,ffpp_FaceShifter
FaceShifter_272_396,train,fake,/workspace/data/raw/ffpp/FaceForensics++_C23/FaceShifter/272_396.mp4,ffpp_FaceShifter
FaceShifter_273_807,val,fake,/workspace/data/raw/ffpp/FaceForensics++_C23/FaceShifter/273_807.mp4,ffpp_FaceShifter
FaceShifter_274_412,train,fake,/workspace/data/raw/ffpp/FaceForensics++_C23/FaceShifter/274_412.mp4,ffpp_FaceShifter
FaceShifter_275_887,train,fake,/workspace/data/raw/ffpp/FaceForensics++_C23/FaceShifter/275_887.mp4,ffpp_FaceShifter
FaceShifter_276_185,train,fake,/workspace/data/raw/ffpp/FaceForensics++_C23/FaceShifter/276_185.mp4,ffpp_FaceShifter
FaceShifter_277_335,train,fake,/workspace/data/raw/ffpp/FaceForensics++_C23/FaceShifter/277_335.mp4,ffpp_FaceShifter
FaceShifter_278_306,test,fake,/workspace/data/raw/ffpp/FaceForensics++_C23/FaceShifter/278_306.mp4,ffpp_FaceShifter
FaceShifter_279_298,train,fake,/workspace/data/raw/ffpp/FaceForensics++_C23/FaceShifter/279_298.mp4,ffpp_FaceShifter
FaceShifter_280_249,test,fake,/workspace/data/raw/ffpp/FaceForensics++_C23/FaceShifter/280_249.mp4,ffpp_FaceShifter
FaceShifter_281_474,train,fake,/workspace/data/raw/ffpp/FaceForensics++_C23/FaceShifter/281_474.mp4,ffpp_FaceShifter
FaceShifter_282_238,train,fake,/workspace/data/raw/ffpp/FaceForensics++_C23/FaceShifter/282_238.mp4,ffpp_FaceShifter
FaceShifter_283_313,train,fake,/workspace/data/raw/ffpp/FaceForensics++_C23/FaceShifter/283_313.mp4,ffpp_FaceShifter
FaceShifter_284_263,val,fake,/workspace/data/raw/ffpp/FaceForensics++_C23/FaceShifter/284_263.mp4,ffpp_FaceShifter
FaceShifter_285_136,train,fake,/workspace/data/raw/ffpp/FaceForensics++_C23/FaceShifter/285_136.mp4,ffpp_FaceShifter
FaceShifter_286_267,train,fake,/workspace/data/raw/ffpp/FaceForensics++_C23/FaceShifter/286_267.mp4,ffpp_FaceShifter
FaceShifter_287_426,train,fake,/workspace/data/raw/ffpp/FaceForensics++_C23/FaceShifter/287_426.mp4,ffpp_FaceShifter
FaceShifter_288_321,test,fake,/workspace/data/raw/ffpp/FaceForensics++_C23/FaceShifter/288_321.mp4,ffpp_FaceShifter
FaceShifter_289_228,train,fake,/workspace/data/raw/ffpp/FaceForensics++_C23/FaceShifter/289_228.mp4,ffpp_FaceShifter
FaceShifter_290_240,train,fake,/workspace/data/raw/ffpp/FaceForensics++_C23/FaceShifter/290_240.mp4,ffpp_FaceShifter
FaceShifter_291_874,train,fake,/workspace/data/raw/ffpp/FaceForensics++_C23/FaceShifter/291_874.mp4,ffpp_FaceShifter
FaceShifter_292_294,train,fake,/workspace/data/raw/ffpp/FaceForensics++_C23/FaceShifter/292_294.mp4,ffpp_FaceShifter
FaceShifter_293_296,train,fake,/workspace/data/raw/ffpp/FaceForensics++_C23/FaceShifter/293_296.mp4,ffpp_FaceShifter
FaceShifter_294_292,train,fake,/workspace/data/raw/ffpp/FaceForensics++_C23/FaceShifter/294_292.mp4,ffpp_FaceShifter
FaceShifter_295_099,train,fake,/workspace/data/raw/ffpp/FaceForensics++_C23/FaceShifter/295_099.mp4,ffpp_FaceShifter
FaceShifter_296_293,train,fake,/workspace/data/raw/ffpp/FaceForensics++_C23/FaceShifter/296_293.mp4,ffpp_FaceShifter
FaceShifter_297_270,train,fake,/workspace/data/raw/ffpp/FaceForensics++_C23/FaceShifter/297_270.mp4,ffpp_FaceShifter
FaceShifter_298_279,train,fake,/workspace/data/raw/ffpp/FaceForensics++_C23/FaceShifter/298_279.mp4,ffpp_FaceShifter
FaceShifter_299_145,val,fake,/workspace/data/raw/ffpp/FaceForensics++_C23/FaceShifter/299_145.mp4,ffpp_FaceShifter
FaceShifter_300_304,train,fake,/workspace/data/raw/ffpp/FaceForensics++_C23/FaceShifter/300_304.mp4,ffpp_FaceShifter
FaceShifter_301_262,train,fake,/workspace/data/raw/ffpp/FaceForensics++_C23/FaceShifter/301_262.mp4,ffpp_FaceShifter
FaceShifter_302_323,train,fake,/workspace/data/raw/ffpp/FaceForensics++_C23/FaceShifter/302_323.mp4,ffpp_FaceShifter
FaceShifter_303_309,train,fake,/workspace/data/raw/ffpp/FaceForensics++_C23/FaceShifter/303_309.mp4,ffpp_FaceShifter
FaceShifter_304_300,train,fake,/workspace/data/raw/ffpp/FaceForensics++_C23/FaceShifter/304_300.mp4,ffpp_FaceShifter
FaceShifter_305_513,train,fake,/workspace/data/raw/ffpp/FaceForensics++_C23/FaceShifter/305_513.mp4,ffpp_FaceShifter
FaceShifter_306_278,test,fake,/workspace/data/raw/ffpp/FaceForensics++_C23/FaceShifter/306_278.mp4,ffpp_FaceShifter
FaceShifter_307_365,train,fake,/workspace/data/raw/ffpp/FaceForensics++_C23/FaceShifter/307_365.mp4,ffpp_FaceShifter
FaceShifter_308_388,test,fake,/workspace/data/raw/ffpp/FaceForensics++_C23/FaceShifter/308_388.mp4,ffpp_FaceShifter
FaceShifter_309_303,train,fake,/workspace/data/raw/ffpp/FaceForensics++_C23/FaceShifter/309_303.mp4,ffpp_FaceShifter
FaceShifter_310_196,train,fake,/workspace/data/raw/ffpp/FaceForensics++_C23/FaceShifter/310_196.mp4,ffpp_FaceShifter
FaceShifter_311_387,train,fake,/workspace/data/raw/ffpp/FaceForensics++_C23/FaceShifter/311_387.mp4,ffpp_FaceShifter
FaceShifter_312_021,train,fake,/workspace/data/raw/ffpp/FaceForensics++_C23/FaceShifter/312_021.mp4,ffpp_FaceShifter
FaceShifter_313_283,train,fake,/workspace/data/raw/ffpp/FaceForensics++_C23/FaceShifter/313_283.mp4,ffpp_FaceShifter
FaceShifter_314_347,test,fake,/workspace/data/raw/ffpp/FaceForensics++_C23/FaceShifter/314_347.mp4,ffpp_FaceShifter
FaceShifter_315_322,train,fake,/workspace/data/raw/ffpp/FaceForensics++_C23/FaceShifter/315_322.mp4,ffpp_FaceShifter
FaceShifter_316_369,val,fake,/workspace/data/raw/ffpp/FaceForensics++_C23/FaceShifter/316_369.mp4,ffpp_FaceShifter
FaceShifter_317_359,train,fake,/workspace/data/raw/ffpp/FaceForensics++_C23/FaceShifter/317_359.mp4,ffpp_FaceShifter
FaceShifter_318_334,train,fake,/workspace/data/raw/ffpp/FaceForensics++_C23/FaceShifter/318_334.mp4,ffpp_FaceShifter
FaceShifter_319_352,test,fake,/workspace/data/raw/ffpp/FaceForensics++_C23/FaceShifter/319_352.mp4,ffpp_FaceShifter
FaceShifter_320_328,train,fake,/workspace/data/raw/ffpp/FaceForensics++_C23/FaceShifter/320_328.mp4,ffpp_FaceShifter
FaceShifter_321_288,test,fake,/workspace/data/raw/ffpp/FaceForensics++_C23/FaceShifter/321_288.mp4,ffpp_FaceShifter
FaceShifter_322_315,train,fake,/workspace/data/raw/ffpp/FaceForensics++_C23/FaceShifter/322_315.mp4,ffpp_FaceShifter
FaceShifter_323_302,train,fake,/workspace/data/raw/ffpp/FaceForensics++_C23/FaceShifter/323_302.mp4,ffpp_FaceShifter
FaceShifter_324_356,train,fake,/workspace/data/raw/ffpp/FaceForensics++_C23/FaceShifter/324_356.mp4,ffpp_FaceShifter
FaceShifter_325_492,val,fake,/workspace/data/raw/ffpp/FaceForensics++_C23/FaceShifter/325_492.mp4,ffpp_FaceShifter
FaceShifter_326_501,train,fake,/workspace/data/raw/ffpp/FaceForensics++_C23/FaceShifter/326_501.mp4,ffpp_FaceShifter
FaceShifter_327_329,train,fake,/workspace/data/raw/ffpp/FaceForensics++_C23/FaceShifter/327_329.mp4,ffpp_FaceShifter
FaceShifter_328_320,train,fake,/workspace/data/raw/ffpp/FaceForensics++_C23/FaceShifter/328_320.mp4,ffpp_FaceShifter
FaceShifter_329_327,train,fake,/workspace/data/raw/ffpp/FaceForensics++_C23/FaceShifter/329_327.mp4,ffpp_FaceShifter
FaceShifter_330_162,train,fake,/workspace/data/raw/ffpp/FaceForensics++_C23/FaceShifter/330_162.mp4,ffpp_FaceShifter
FaceShifter_331_260,train,fake,/workspace/data/raw/ffpp/FaceForensics++_C23/FaceShifter/331_260.mp4,ffpp_FaceShifter
FaceShifter_332_051,train,fake,/workspace/data/raw/ffpp/FaceForensics++_C23/FaceShifter/332_051.mp4,ffpp_FaceShifter
FaceShifter_333_377,train,fake,/workspace/data/raw/ffpp/FaceForensics++_C23/FaceShifter/333_377.mp4,ffpp_FaceShifter
FaceShifter_334_318,train,fake,/workspace/data/raw/ffpp/FaceForensics++_C23/FaceShifter/334_318.mp4,ffpp_FaceShifter
FaceShifter_335_277,train,fake,/workspace/data/raw/ffpp/FaceForensics++_C23/FaceShifter/335_277.mp4,ffpp_FaceShifter
FaceShifter_336_338,train,fake,/workspace/data/raw/ffpp/FaceForensics++_C23/FaceShifter/336_338.mp4,ffpp_FaceShifter
FaceShifter_337_522,train,fake,/workspace/data/raw/ffpp/FaceForensics++_C23/FaceShifter/337_522.mp4,ffpp_FaceShifter
FaceShifter_338_336,train,fake,/workspace/data/raw/ffpp/FaceForensics++_C23/FaceShifter/338_336.mp4,ffpp_FaceShifter
FaceShifter_339_392,train,fake,/workspace/data/raw/ffpp/FaceForensics++_C23/FaceShifter/339_392.mp4,ffpp_FaceShifter
FaceShifter_340_341,train,fake,/workspace/data/raw/ffpp/FaceForensics++_C23/FaceShifter/340_341.mp4,ffpp_FaceShifter
FaceShifter_341_340,train,fake,/workspace/data/raw/ffpp/FaceForensics++_C23/FaceShifter/341_340.mp4,ffpp_FaceShifter
FaceShifter_342_416,val,fake,/workspace/data/raw/ffpp/FaceForensics++_C23/FaceShifter/342_416.mp4,ffpp_FaceShifter
FaceShifter_343_363,train,fake,/workspace/data/raw/ffpp/FaceForensics++_C23/FaceShifter/343_363.mp4,ffpp_FaceShifter
FaceShifter_344_020,train,fake,/workspace/data/raw/ffpp/FaceForensics++_C23/FaceShifter/344_020.mp4,ffpp_FaceShifter
FaceShifter_345_259,train,fake,/workspace/data/raw/ffpp/FaceForensics++_C23/FaceShifter/345_259.mp4,ffpp_FaceShifter
FaceShifter_346_351,train,fake,/workspace/data/raw/ffpp/FaceForensics++_C23/FaceShifter/346_351.mp4,ffpp_FaceShifter
FaceShifter_347_314,test,fake,/workspace/data/raw/ffpp/FaceForensics++_C23/FaceShifter/347_314.mp4,ffpp_FaceShifter
FaceShifter_348_202,train,fake,/workspace/data/raw/ffpp/FaceForensics++_C23/FaceShifter/348_202.mp4,ffpp_FaceShifter
FaceShifter_349_350,val,fake,/workspace/data/raw/ffpp/FaceForensics++_C23/FaceShifter/349_350.mp4,ffpp_FaceShifter
FaceShifter_350_349,val,fake,/workspace/data/raw/ffpp/FaceForensics++_C23/FaceShifter/350_349.mp4,ffpp_FaceShifter
FaceShifter_351_346,train,fake,/workspace/data/raw/ffpp/FaceForensics++_C23/FaceShifter/351_346.mp4,ffpp_FaceShifter
FaceShifter_352_319,test,fake,/workspace/data/raw/ffpp/FaceForensics++_C23/FaceShifter/352_319.mp4,ffpp_FaceShifter
FaceShifter_353_383,train,fake,/workspace/data/raw/ffpp/FaceForensics++_C23/FaceShifter/353_383.mp4,ffpp_FaceShifter
FaceShifter_354_362,val,fake,/workspace/data/raw/ffpp/FaceForensics++_C23/FaceShifter/354_362.mp4,ffpp_FaceShifter
FaceShifter_355_748,train,fake,/workspace/data/raw/ffpp/FaceForensics++_C23/FaceShifter/355_748.mp4,ffpp_FaceShifter
FaceShifter_356_324,train,fake,/workspace/data/raw/ffpp/FaceForensics++_C23/FaceShifter/356_324.mp4,ffpp_FaceShifter
FaceShifter_357_432,train,fake,/workspace/data/raw/ffpp/FaceForensics++_C23/FaceShifter/357_432.mp4,ffpp_FaceShifter
FaceShifter_358_380,test,fake,/workspace/data/raw/ffpp/FaceForensics++_C23/FaceShifter/358_380.mp4,ffpp_FaceShifter
FaceShifter_359_317,train,fake,/workspace/data/raw/ffpp/FaceForensics++_C23/FaceShifter/359_317.mp4,ffpp_FaceShifter
FaceShifter_360_437,train,fake,/workspace/data/raw/ffpp/FaceForensics++_C23/FaceShifter/360_437.mp4,ffpp_FaceShifter
FaceShifter_361_448,train,fake,/workspace/data/raw/ffpp/FaceForensics++_C23/FaceShifter/361_448.mp4,ffpp_FaceShifter
FaceShifter_362_354,val,fake,/workspace/data/raw/ffpp/FaceForensics++_C23/FaceShifter/362_354.mp4,ffpp_FaceShifter
FaceShifter_363_343,train,fake,/workspace/data/raw/ffpp/FaceForensics++_C23/FaceShifter/363_343.mp4,ffpp_FaceShifter
FaceShifter_364_440,val,fake,/workspace/data/raw/ffpp/FaceForensics++_C23/FaceShifter/364_440.mp4,ffpp_FaceShifter
FaceShifter_365_307,train,fake,/workspace/data/raw/ffpp/FaceForensics++_C23/FaceShifter/365_307.mp4,ffpp_FaceShifter
FaceShifter_366_473,train,fake,/workspace/data/raw/ffpp/FaceForensics++_C23/FaceShifter/366_473.mp4,ffpp_FaceShifter
FaceShifter_367_371,test,fake,/workspace/data/raw/ffpp/FaceForensics++_C23/FaceShifter/367_371.mp4,ffpp_FaceShifter
FaceShifter_368_378,train,fake,/workspace/data/raw/ffpp/FaceForensics++_C23/FaceShifter/368_378.mp4,ffpp_FaceShifter
FaceShifter_369_316,val,fake,/workspace/data/raw/ffpp/FaceForensics++_C23/FaceShifter/369_316.mp4,ffpp_FaceShifter
FaceShifter_370_483,val,fake,/workspace/data/raw/ffpp/FaceForensics++_C23/FaceShifter/370_483.mp4,ffpp_FaceShifter
FaceShifter_371_367,test,fake,/workspace/data/raw/ffpp/FaceForensics++_C23/FaceShifter/371_367.mp4,ffpp_FaceShifter
FaceShifter_372_413,train,fake,/workspace/data/raw/ffpp/FaceForensics++_C23/FaceShifter/372_413.mp4,ffpp_FaceShifter
FaceShifter_373_394,train,fake,/workspace/data/raw/ffpp/FaceForensics++_C23/FaceShifter/373_394.mp4,ffpp_FaceShifter
FaceShifter_374_407,train,fake,/workspace/data/raw/ffpp/FaceForensics++_C23/FaceShifter/374_407.mp4,ffpp_FaceShifter
FaceShifter_375_251,train,fake,/workspace/data/raw/ffpp/FaceForensics++_C23/FaceShifter/375_251.mp4,ffpp_FaceShifter
FaceShifter_376_381,test,fake,/workspace/data/raw/ffpp/FaceForensics++_C23/FaceShifter/376_381.mp4,ffpp_FaceShifter
FaceShifter_377_333,train,fake,/workspace/data/raw/ffpp/FaceForensics++_C23/FaceShifter/377_333.mp4,ffpp_FaceShifter
FaceShifter_378_368,train,fake,/workspace/data/raw/ffpp/FaceForensics++_C23/FaceShifter/378_368.mp4,ffpp_FaceShifter
FaceShifter_379_158,test,fake,/workspace/data/raw/ffpp/FaceForensics++_C23/FaceShifter/379_158.mp4,ffpp_FaceShifter
FaceShifter_380_358,test,fake,/workspace/data/raw/ffpp/FaceForensics++_C23/FaceShifter/380_358.mp4,ffpp_FaceShifter
FaceShifter_381_376,test,fake,/workspace/data/raw/ffpp/FaceForensics++_C23/FaceShifter/381_376.mp4,ffpp_FaceShifter
FaceShifter_382_409,train,fake,/workspace/data/raw/ffpp/FaceForensics++_C23/FaceShifter/382_409.mp4,ffpp_FaceShifter
FaceShifter_383_353,train,fake,/workspace/data/raw/ffpp/FaceForensics++_C23/FaceShifter/383_353.mp4,ffpp_FaceShifter
FaceShifter_384_932,test,fake,/workspace/data/raw/ffpp/FaceForensics++_C23/FaceShifter/384_932.mp4,ffpp_FaceShifter
FaceShifter_385_414,train,fake,/workspace/data/raw/ffpp/FaceForensics++_C23/FaceShifter/385_414.mp4,ffpp_FaceShifter
FaceShifter_386_154,test,fake,/workspace/data/raw/ffpp/FaceForensics++_C23/FaceShifter/386_154.mp4,ffpp_FaceShifter
FaceShifter_387_311,train,fake,/workspace/data/raw/ffpp/FaceForensics++_C23/FaceShifter/387_311.mp4,ffpp_FaceShifter
FaceShifter_388_308,test,fake,/workspace/data/raw/ffpp/FaceForensics++_C23/FaceShifter/388_308.mp4,ffpp_FaceShifter
FaceShifter_389_480,test,fake,/workspace/data/raw/ffpp/FaceForensics++_C23/FaceShifter/389_480.mp4,ffpp_FaceShifter
FaceShifter_390_709,train,fake,/workspace/data/raw/ffpp/FaceForensics++_C23/FaceShifter/390_709.mp4,ffpp_FaceShifter
FaceShifter_391_406,train,fake,/workspace/data/raw/ffpp/FaceForensics++_C23/FaceShifter/391_406.mp4,ffpp_FaceShifter
FaceShifter_392_339,train,fake,/workspace/data/raw/ffpp/FaceForensics++_C23/FaceShifter/392_339.mp4,ffpp_FaceShifter
FaceShifter_393_405,train,fake,/workspace/data/raw/ffpp/FaceForensics++_C23/FaceShifter/393_405.mp4,ffpp_FaceShifter
FaceShifter_394_373,train,fake,/workspace/data/raw/ffpp/FaceForensics++_C23/FaceShifter/394_373.mp4,ffpp_FaceShifter
FaceShifter_395_401,train,fake,/workspace/data/raw/ffpp/FaceForensics++_C23/FaceShifter/395_401.mp4,ffpp_FaceShifter
FaceShifter_396_272,train,fake,/workspace/data/raw/ffpp/FaceForensics++_C23/FaceShifter/396_272.mp4,ffpp_FaceShifter
FaceShifter_397_602,train,fake,/workspace/data/raw/ffpp/FaceForensics++_C23/FaceShifter/397_602.mp4,ffpp_FaceShifter
FaceShifter_398_457,train,fake,/workspace/data/raw/ffpp/FaceForensics++_C23/FaceShifter/398_457.mp4,ffpp_FaceShifter
FaceShifter_399_488,test,fake,/workspace/data/raw/ffpp/FaceForensics++_C23/FaceShifter/399_488.mp4,ffpp_FaceShifter
FaceShifter_400_476,train,fake,/workspace/data/raw/ffpp/FaceForensics++_C23/FaceShifter/400_476.mp4,ffpp_FaceShifter
FaceShifter_401_395,train,fake,/workspace/data/raw/ffpp/FaceForensics++_C23/FaceShifter/401_395.mp4,ffpp_FaceShifter
FaceShifter_402_453,val,fake,/workspace/data/raw/ffpp/FaceForensics++_C23/FaceShifter/402_453.mp4,ffpp_FaceShifter
FaceShifter_403_497,train,fake,/workspace/data/raw/ffpp/FaceForensics++_C23/FaceShifter/403_497.mp4,ffpp_FaceShifter
FaceShifter_404_429,test,fake,/workspace/data/raw/ffpp/FaceForensics++_C23/FaceShifter/404_429.mp4,ffpp_FaceShifter
FaceShifter_405_393,train,fake,/workspace/data/raw/ffpp/FaceForensics++_C23/FaceShifter/405_393.mp4,ffpp_FaceShifter
FaceShifter_406_391,train,fake,/workspace/data/raw/ffpp/FaceForensics++_C23/FaceShifter/406_391.mp4,ffpp_FaceShifter
FaceShifter_407_374,train,fake,/workspace/data/raw/ffpp/FaceForensics++_C23/FaceShifter/407_374.mp4,ffpp_FaceShifter
FaceShifter_408_424,train,fake,/workspace/data/raw/ffpp/FaceForensics++_C23/FaceShifter/408_424.mp4,ffpp_FaceShifter
FaceShifter_409_382,train,fake,/workspace/data/raw/ffpp/FaceForensics++_C23/FaceShifter/409_382.mp4,ffpp_FaceShifter
FaceShifter_410_411,train,fake,/workspace/data/raw/ffpp/FaceForensics++_C23/FaceShifter/410_411.mp4,ffpp_FaceShifter
FaceShifter_411_410,train,fake,/workspace/data/raw/ffpp/FaceForensics++_C23/FaceShifter/411_410.mp4,ffpp_FaceShifter
FaceShifter_412_274,train,fake,/workspace/data/raw/ffpp/FaceForensics++_C23/FaceShifter/412_274.mp4,ffpp_FaceShifter
FaceShifter_413_372,train,fake,/workspace/data/raw/ffpp/FaceForensics++_C23/FaceShifter/413_372.mp4,ffpp_FaceShifter
FaceShifter_414_385,train,fake,/workspace/data/raw/ffpp/FaceForensics++_C23/FaceShifter/414_385.mp4,ffpp_FaceShifter
FaceShifter_415_484,train,fake,/workspace/data/raw/ffpp/FaceForensics++_C23/FaceShifter/415_484.mp4,ffpp_FaceShifter
FaceShifter_416_342,val,fake,/workspace/data/raw/ffpp/FaceForensics++_C23/FaceShifter/416_342.mp4,ffpp_FaceShifter
FaceShifter_417_496,train,fake,/workspace/data/raw/ffpp/FaceForensics++_C23/FaceShifter/417_496.mp4,ffpp_FaceShifter
FaceShifter_418_507,test,fake,/workspace/data/raw/ffpp/FaceForensics++_C23/FaceShifter/418_507.mp4,ffpp_FaceShifter
FaceShifter_419_824,val,fake,/workspace/data/raw/ffpp/FaceForensics++_C23/FaceShifter/419_824.mp4,ffpp_FaceShifter
FaceShifter_420_257,test,fake,/workspace/data/raw/ffpp/FaceForensics++_C23/FaceShifter/420_257.mp4,ffpp_FaceShifter
FaceShifter_421_423,test,fake,/workspace/data/raw/ffpp/FaceForensics++_C23/FaceShifter/421_423.mp4,ffpp_FaceShifter
FaceShifter_422_695,test,fake,/workspace/data/raw/ffpp/FaceForensics++_C23/FaceShifter/422_695.mp4,ffpp_FaceShifter
FaceShifter_423_421,test,fake,/workspace/data/raw/ffpp/FaceForensics++_C23/FaceShifter/423_421.mp4,ffpp_FaceShifter
FaceShifter_424_408,train,fake,/workspace/data/raw/ffpp/FaceForensics++_C23/FaceShifter/424_408.mp4,ffpp_FaceShifter
FaceShifter_425_485,test,fake,/workspace/data/raw/ffpp/FaceForensics++_C23/FaceShifter/425_485.mp4,ffpp_FaceShifter
FaceShifter_426_287,train,fake,/workspace/data/raw/ffpp/FaceForensics++_C23/FaceShifter/426_287.mp4,ffpp_FaceShifter
FaceShifter_427_637,train,fake,/workspace/data/raw/ffpp/FaceForensics++_C23/FaceShifter/427_637.mp4,ffpp_FaceShifter
FaceShifter_428_466,train,fake,/workspace/data/raw/ffpp/FaceForensics++_C23/FaceShifter/428_466.mp4,ffpp_FaceShifter
FaceShifter_429_404,test,fake,/workspace/data/raw/ffpp/FaceForensics++_C23/FaceShifter/429_404.mp4,ffpp_FaceShifter
FaceShifter_430_459,train,fake,/workspace/data/raw/ffpp/FaceForensics++_C23/FaceShifter/430_459.mp4,ffpp_FaceShifter
FaceShifter_431_447,train,fake,/workspace/data/raw/ffpp/FaceForensics++_C23/FaceShifter/431_447.mp4,ffpp_FaceShifter
FaceShifter_432_357,train,fake,/workspace/data/raw/ffpp/FaceForensics++_C23/FaceShifter/432_357.mp4,ffpp_FaceShifter
FaceShifter_433_498,train,fake,/workspace/data/raw/ffpp/FaceForensics++_C23/FaceShifter/433_498.mp4,ffpp_FaceShifter
FaceShifter_434_438,train,fake,/workspace/data/raw/ffpp/FaceForensics++_C23/FaceShifter/434_438.mp4,ffpp_FaceShifter
FaceShifter_435_456,train,fake,/workspace/data/raw/ffpp/FaceForensics++_C23/FaceShifter/435_456.mp4,ffpp_FaceShifter
FaceShifter_436_526,train,fake,/workspace/data/raw/ffpp/FaceForensics++_C23/FaceShifter/436_526.mp4,ffpp_FaceShifter
FaceShifter_437_360,train,fake,/workspace/data/raw/ffpp/FaceForensics++_C23/FaceShifter/437_360.mp4,ffpp_FaceShifter
FaceShifter_438_434,train,fake,/workspace/data/raw/ffpp/FaceForensics++_C23/FaceShifter/438_434.mp4,ffpp_FaceShifter
FaceShifter_439_441,train,fake,/workspace/data/raw/ffpp/FaceForensics++_C23/FaceShifter/439_441.mp4,ffpp_FaceShifter
FaceShifter_440_364,val,fake,/workspace/data/raw/ffpp/FaceForensics++_C23/FaceShifter/440_364.mp4,ffpp_FaceShifter
FaceShifter_441_439,train,fake,/workspace/data/raw/ffpp/FaceForensics++_C23/FaceShifter/441_439.mp4,ffpp_FaceShifter
FaceShifter_442_195,train,fake,/workspace/data/raw/ffpp/FaceForensics++_C23/FaceShifter/442_195.mp4,ffpp_FaceShifter
FaceShifter_443_514,val,fake,/workspace/data/raw/ffpp/FaceForensics++_C23/FaceShifter/443_514.mp4,ffpp_FaceShifter
FaceShifter_444_655,train,fake,/workspace/data/raw/ffpp/FaceForensics++_C23/FaceShifter/444_655.mp4,ffpp_FaceShifter
FaceShifter_445_494,test,fake,/workspace/data/raw/ffpp/FaceForensics++_C23/FaceShifter/445_494.mp4,ffpp_FaceShifter
FaceShifter_446_667,train,fake,/workspace/data/raw/ffpp/FaceForensics++_C23/FaceShifter/446_667.mp4,ffpp_FaceShifter
FaceShifter_447_431,train,fake,/workspace/data/raw/ffpp/FaceForensics++_C23/FaceShifter/447_431.mp4,ffpp_FaceShifter
FaceShifter_448_361,train,fake,/workspace/data/raw/ffpp/FaceForensics++_C23/FaceShifter/448_361.mp4,ffpp_FaceShifter
FaceShifter_449_451,train,fake,/workspace/data/raw/ffpp/FaceForensics++_C23/FaceShifter/449_451.mp4,ffpp_FaceShifter
FaceShifter_450_533,train,fake,/workspace/data/raw/ffpp/FaceForensics++_C23/FaceShifter/450_533.mp4,ffpp_FaceShifter
FaceShifter_451_449,train,fake,/workspace/data/raw/ffpp/FaceForensics++_C23/FaceShifter/451_449.mp4,ffpp_FaceShifter
FaceShifter_452_550,test,fake,/workspace/data/raw/ffpp/FaceForensics++_C23/FaceShifter/452_550.mp4,ffpp_FaceShifter
FaceShifter_453_402,val,fake,/workspace/data/raw/ffpp/FaceForensics++_C23/FaceShifter/453_402.mp4,ffpp_FaceShifter
FaceShifter_454_527,test,fake,/workspace/data/raw/ffpp/FaceForensics++_C23/FaceShifter/454_527.mp4,ffpp_FaceShifter
FaceShifter_455_471,val,fake,/workspace/data/raw/ffpp/FaceForensics++_C23/FaceShifter/455_471.mp4,ffpp_FaceShifter
FaceShifter_456_435,train,fake,/workspace/data/raw/ffpp/FaceForensics++_C23/FaceShifter/456_435.mp4,ffpp_FaceShifter
FaceShifter_457_398,train,fake,/workspace/data/raw/ffpp/FaceForensics++_C23/FaceShifter/457_398.mp4,ffpp_FaceShifter
FaceShifter_458_722,train,fake,/workspace/data/raw/ffpp/FaceForensics++_C23/FaceShifter/458_722.mp4,ffpp_FaceShifter
FaceShifter_459_430,train,fake,/workspace/data/raw/ffpp/FaceForensics++_C23/FaceShifter/459_430.mp4,ffpp_FaceShifter
FaceShifter_460_678,train,fake,/workspace/data/raw/ffpp/FaceForensics++_C23/FaceShifter/460_678.mp4,ffpp_FaceShifter
FaceShifter_461_250,train,fake,/workspace/data/raw/ffpp/FaceForensics++_C23/FaceShifter/461_250.mp4,ffpp_FaceShifter
FaceShifter_462_467,test,fake,/workspace/data/raw/ffpp/FaceForensics++_C23/FaceShifter/462_467.mp4,ffpp_FaceShifter
FaceShifter_463_464,train,fake,/workspace/data/raw/ffpp/FaceForensics++_C23/FaceShifter/463_464.mp4,ffpp_FaceShifter
FaceShifter_464_463,train,fake,/workspace/data/raw/ffpp/FaceForensics++_C23/FaceShifter/464_463.mp4,ffpp_FaceShifter
FaceShifter_465_482,val,fake,/workspace/data/raw/ffpp/FaceForensics++_C23/FaceShifter/465_482.mp4,ffpp_FaceShifter
FaceShifter_466_428,train,fake,/workspace/data/raw/ffpp/FaceForensics++_C23/FaceShifter/466_428.mp4,ffpp_FaceShifter
FaceShifter_467_462,test,fake,/workspace/data/raw/ffpp/FaceForensics++_C23/FaceShifter/467_462.mp4,ffpp_FaceShifter
FaceShifter_468_470,val,fake,/workspace/data/raw/ffpp/FaceForensics++_C23/FaceShifter/468_470.mp4,ffpp_FaceShifter
FaceShifter_469_481,train,fake,/workspace/data/raw/ffpp/FaceForensics++_C23/FaceShifter/469_481.mp4,ffpp_FaceShifter
FaceShifter_470_468,val,fake,/workspace/data/raw/ffpp/FaceForensics++_C23/FaceShifter/470_468.mp4,ffpp_FaceShifter
FaceShifter_471_455,val,fake,/workspace/data/raw/ffpp/FaceForensics++_C23/FaceShifter/471_455.mp4,ffpp_FaceShifter
FaceShifter_472_511,val,fake,/workspace/data/raw/ffpp/FaceForensics++_C23/FaceShifter/472_511.mp4,ffpp_FaceShifter
FaceShifter_473_366,train,fake,/workspace/data/raw/ffpp/FaceForensics++_C23/FaceShifter/473_366.mp4,ffpp_FaceShifter
FaceShifter_474_281,train,fake,/workspace/data/raw/ffpp/FaceForensics++_C23/FaceShifter/474_281.mp4,ffpp_FaceShifter
FaceShifter_475_265,train,fake,/workspace/data/raw/ffpp/FaceForensics++_C23/FaceShifter/475_265.mp4,ffpp_FaceShifter
FaceShifter_476_400,train,fake,/workspace/data/raw/ffpp/FaceForensics++_C23/FaceShifter/476_400.mp4,ffpp_FaceShifter
FaceShifter_477_487,train,fake,/workspace/data/raw/ffpp/FaceForensics++_C23/FaceShifter/477_487.mp4,ffpp_FaceShifter
FaceShifter_478_506,train,fake,/workspace/data/raw/ffpp/FaceForensics++_C23/FaceShifter/478_506.mp4,ffpp_FaceShifter
FaceShifter_479_706,test,fake,/workspace/data/raw/ffpp/FaceForensics++_C23/FaceShifter/479_706.mp4,ffpp_FaceShifter
FaceShifter_480_389,test,fake,/workspace/data/raw/ffpp/FaceForensics++_C23/FaceShifter/480_389.mp4,ffpp_FaceShifter
FaceShifter_481_469,train,fake,/workspace/data/raw/ffpp/FaceForensics++_C23/FaceShifter/481_469.mp4,ffpp_FaceShifter
FaceShifter_482_465,val,fake,/workspace/data/raw/ffpp/FaceForensics++_C23/FaceShifter/482_465.mp4,ffpp_FaceShifter
FaceShifter_483_370,val,fake,/workspace/data/raw/ffpp/FaceForensics++_C23/FaceShifter/483_370.mp4,ffpp_FaceShifter
FaceShifter_484_415,train,fake,/workspace/data/raw/ffpp/FaceForensics++_C23/FaceShifter/484_415.mp4,ffpp_FaceShifter
FaceShifter_485_425,test,fake,/workspace/data/raw/ffpp/FaceForensics++_C23/FaceShifter/485_425.mp4,ffpp_FaceShifter
FaceShifter_486_680,train,fake,/workspace/data/raw/ffpp/FaceForensics++_C23/FaceShifter/486_680.mp4,ffpp_FaceShifter
FaceShifter_487_477,train,fake,/workspace/data/raw/ffpp/FaceForensics++_C23/FaceShifter/487_477.mp4,ffpp_FaceShifter
FaceShifter_488_399,test,fake,/workspace/data/raw/ffpp/FaceForensics++_C23/FaceShifter/488_399.mp4,ffpp_FaceShifter
FaceShifter_489_022,train,fake,/workspace/data/raw/ffpp/FaceForensics++_C23/FaceShifter/489_022.mp4,ffpp_FaceShifter
FaceShifter_490_534,train,fake,/workspace/data/raw/ffpp/FaceForensics++_C23/FaceShifter/490_534.mp4,ffpp_FaceShifter
FaceShifter_491_226,train,fake,/workspace/data/raw/ffpp/FaceForensics++_C23/FaceShifter/491_226.mp4,ffpp_FaceShifter
FaceShifter_492_325,val,fake,/workspace/data/raw/ffpp/FaceForensics++_C23/FaceShifter/492_325.mp4,ffpp_FaceShifter
FaceShifter_493_538,val,fake,/workspace/data/raw/ffpp/FaceForensics++_C23/FaceShifter/493_538.mp4,ffpp_FaceShifter
FaceShifter_494_445,test,fake,/workspace/data/raw/ffpp/FaceForensics++_C23/FaceShifter/494_445.mp4,ffpp_FaceShifter
FaceShifter_495_512,train,fake,/workspace/data/raw/ffpp/FaceForensics++_C23/FaceShifter/495_512.mp4,ffpp_FaceShifter
FaceShifter_496_417,train,fake,/workspace/data/raw/ffpp/FaceForensics++_C23/FaceShifter/496_417.mp4,ffpp_FaceShifter
FaceShifter_497_403,train,fake,/workspace/data/raw/ffpp/FaceForensics++_C23/FaceShifter/497_403.mp4,ffpp_FaceShifter
FaceShifter_498_433,train,fake,/workspace/data/raw/ffpp/FaceForensics++_C23/FaceShifter/498_433.mp4,ffpp_FaceShifter
FaceShifter_499_539,train,fake,/workspace/data/raw/ffpp/FaceForensics++_C23/FaceShifter/499_539.mp4,ffpp_FaceShifter
FaceShifter_500_592,train,fake,/workspace/data/raw/ffpp/FaceForensics++_C23/FaceShifter/500_592.mp4,ffpp_FaceShifter
FaceShifter_501_326,train,fake,/workspace/data/raw/ffpp/FaceForensics++_C23/FaceShifter/501_326.mp4,ffpp_FaceShifter
FaceShifter_502_504,train,fake,/workspace/data/raw/ffpp/FaceForensics++_C23/FaceShifter/502_504.mp4,ffpp_FaceShifter
FaceShifter_503_756,train,fake,/workspace/data/raw/ffpp/FaceForensics++_C23/FaceShifter/503_756.mp4,ffpp_FaceShifter
FaceShifter_504_502,train,fake,/workspace/data/raw/ffpp/FaceForensics++_C23/FaceShifter/504_502.mp4,ffpp_FaceShifter
FaceShifter_505_600,train,fake,/workspace/data/raw/ffpp/FaceForensics++_C23/FaceShifter/505_600.mp4,ffpp_FaceShifter
FaceShifter_506_478,train,fake,/workspace/data/raw/ffpp/FaceForensics++_C23/FaceShifter/506_478.mp4,ffpp_FaceShifter
FaceShifter_507_418,test,fake,/workspace/data/raw/ffpp/FaceForensics++_C23/FaceShifter/507_418.mp4,ffpp_FaceShifter
FaceShifter_508_831,train,fake,/workspace/data/raw/ffpp/FaceForensics++_C23/FaceShifter/508_831.mp4,ffpp_FaceShifter
FaceShifter_509_525,train,fake,/workspace/data/raw/ffpp/FaceForensics++_C23/FaceShifter/509_525.mp4,ffpp_FaceShifter
FaceShifter_510_528,train,fake,/workspace/data/raw/ffpp/FaceForensics++_C23/FaceShifter/510_528.mp4,ffpp_FaceShifter
FaceShifter_511_472,val,fake,/workspace/data/raw/ffpp/FaceForensics++_C23/FaceShifter/511_472.mp4,ffpp_FaceShifter
FaceShifter_512_495,train,fake,/workspace/data/raw/ffpp/FaceForensics++_C23/FaceShifter/512_495.mp4,ffpp_FaceShifter
FaceShifter_513_305,train,fake,/workspace/data/raw/ffpp/FaceForensics++_C23/FaceShifter/513_305.mp4,ffpp_FaceShifter
FaceShifter_514_443,val,fake,/workspace/data/raw/ffpp/FaceForensics++_C23/FaceShifter/514_443.mp4,ffpp_FaceShifter
FaceShifter_515_519,train,fake,/workspace/data/raw/ffpp/FaceForensics++_C23/FaceShifter/515_519.mp4,ffpp_FaceShifter
FaceShifter_516_555,train,fake,/workspace/data/raw/ffpp/FaceForensics++_C23/FaceShifter/516_555.mp4,ffpp_FaceShifter
FaceShifter_517_521,test,fake,/workspace/data/raw/ffpp/FaceForensics++_C23/FaceShifter/517_521.mp4,ffpp_FaceShifter
FaceShifter_518_131,train,fake,/workspace/data/raw/ffpp/FaceForensics++_C23/FaceShifter/518_131.mp4,ffpp_FaceShifter
FaceShifter_519_515,train,fake,/workspace/data/raw/ffpp/FaceForensics++_C23/FaceShifter/519_515.mp4,ffpp_FaceShifter
FaceShifter_520_542,train,fake,/workspace/data/raw/ffpp/FaceForensics++_C23/FaceShifter/520_542.mp4,ffpp_FaceShifter
FaceShifter_521_517,test,fake,/workspace/data/raw/ffpp/FaceForensics++_C23/FaceShifter/521_517.mp4,ffpp_FaceShifter
FaceShifter_522_337,train,fake,/workspace/data/raw/ffpp/FaceForensics++_C23/FaceShifter/522_337.mp4,ffpp_FaceShifter
FaceShifter_523_541,train,fake,/workspace/data/raw/ffpp/FaceForensics++_C23/FaceShifter/523_541.mp4,ffpp_FaceShifter
FaceShifter_524_580,train,fake,/workspace/data/raw/ffpp/FaceForensics++_C23/FaceShifter/524_580.mp4,ffpp_FaceShifter
FaceShifter_525_509,train,fake,/workspace/data/raw/ffpp/FaceForensics++_C23/FaceShifter/525_509.mp4,ffpp_FaceShifter
FaceShifter_526_436,train,fake,/workspace/data/raw/ffpp/FaceForensics++_C23/FaceShifter/526_436.mp4,ffpp_FaceShifter
FaceShifter_527_454,test,fake,/workspace/data/raw/ffpp/FaceForensics++_C23/FaceShifter/527_454.mp4,ffpp_FaceShifter
FaceShifter_528_510,train,fake,/workspace/data/raw/ffpp/FaceForensics++_C23/FaceShifter/528_510.mp4,ffpp_FaceShifter
FaceShifter_529_633,test,fake,/workspace/data/raw/ffpp/FaceForensics++_C23/FaceShifter/529_633.mp4,ffpp_FaceShifter
FaceShifter_530_594,train,fake,/workspace/data/raw/ffpp/FaceForensics++_C23/FaceShifter/530_594.mp4,ffpp_FaceShifter
FaceShifter_531_549,train,fake,/workspace/data/raw/ffpp/FaceForensics++_C23/FaceShifter/531_549.mp4,ffpp_FaceShifter
FaceShifter_532_544,train,fake,/workspace/data/raw/ffpp/FaceForensics++_C23/FaceShifter/532_544.mp4,ffpp_FaceShifter
FaceShifter_533_450,train,fake,/workspace/data/raw/ffpp/FaceForensics++_C23/FaceShifter/533_450.mp4,ffpp_FaceShifter
FaceShifter_534_490,train,fake,/workspace/data/raw/ffpp/FaceForensics++_C23/FaceShifter/534_490.mp4,ffpp_FaceShifter
FaceShifter_535_587,train,fake,/workspace/data/raw/ffpp/FaceForensics++_C23/FaceShifter/535_587.mp4,ffpp_FaceShifter
FaceShifter_536_540,train,fake,/workspace/data/raw/ffpp/FaceForensics++_C23/FaceShifter/536_540.mp4,ffpp_FaceShifter
FaceShifter_537_563,train,fake,/workspace/data/raw/ffpp/FaceForensics++_C23/FaceShifter/537_563.mp4,ffpp_FaceShifter
FaceShifter_538_493,val,fake,/workspace/data/raw/ffpp/FaceForensics++_C23/FaceShifter/538_493.mp4,ffpp_FaceShifter
FaceShifter_539_499,train,fake,/workspace/data/raw/ffpp/FaceForensics++_C23/FaceShifter/539_499.mp4,ffpp_FaceShifter
FaceShifter_540_536,train,fake,/workspace/data/raw/ffpp/FaceForensics++_C23/FaceShifter/540_536.mp4,ffpp_FaceShifter
FaceShifter_541_523,train,fake,/workspace/data/raw/ffpp/FaceForensics++_C23/FaceShifter/541_523.mp4,ffpp_FaceShifter
FaceShifter_542_520,train,fake,/workspace/data/raw/ffpp/FaceForensics++_C23/FaceShifter/542_520.mp4,ffpp_FaceShifter
FaceShifter_543_559,train,fake,/workspace/data/raw/ffpp/FaceForensics++_C23/FaceShifter/543_559.mp4,ffpp_FaceShifter
FaceShifter_544_532,train,fake,/workspace/data/raw/ffpp/FaceForensics++_C23/FaceShifter/544_532.mp4,ffpp_FaceShifter
FaceShifter_545_553,train,fake,/workspace/data/raw/ffpp/FaceForensics++_C23/FaceShifter/545_553.mp4,ffpp_FaceShifter
FaceShifter_546_621,train,fake,/workspace/data/raw/ffpp/FaceForensics++_C23/FaceShifter/546_621.mp4,ffpp_FaceShifter
FaceShifter_547_574,train,fake,/workspace/data/raw/ffpp/FaceForensics++_C23/FaceShifter/547_574.mp4,ffpp_FaceShifter
FaceShifter_548_632,val,fake,/workspace/data/raw/ffpp/FaceForensics++_C23/FaceShifter/548_632.mp4,ffpp_FaceShifter
FaceShifter_549_531,train,fake,/workspace/data/raw/ffpp/FaceForensics++_C23/FaceShifter/549_531.mp4,ffpp_FaceShifter
FaceShifter_550_452,test,fake,/workspace/data/raw/ffpp/FaceForensics++_C23/FaceShifter/550_452.mp4,ffpp_FaceShifter
FaceShifter_551_631,train,fake,/workspace/data/raw/ffpp/FaceForensics++_C23/FaceShifter/551_631.mp4,ffpp_FaceShifter
FaceShifter_552_851,test,fake,/workspace/data/raw/ffpp/FaceForensics++_C23/FaceShifter/552_851.mp4,ffpp_FaceShifter
FaceShifter_553_545,train,fake,/workspace/data/raw/ffpp/FaceForensics++_C23/FaceShifter/553_545.mp4,ffpp_FaceShifter
FaceShifter_554_572,train,fake,/workspace/data/raw/ffpp/FaceForensics++_C23/FaceShifter/554_572.mp4,ffpp_FaceShifter
FaceShifter_555_516,train,fake,/workspace/data/raw/ffpp/FaceForensics++_C23/FaceShifter/555_516.mp4,ffpp_FaceShifter
FaceShifter_556_588,train,fake,/workspace/data/raw/ffpp/FaceForensics++_C23/FaceShifter/556_588.mp4,ffpp_FaceShifter
FaceShifter_557_560,val,fake,/workspace/data/raw/ffpp/FaceForensics++_C23/FaceShifter/557_560.mp4,ffpp_FaceShifter
FaceShifter_558_583,val,fake,/workspace/data/raw/ffpp/FaceForensics++_C23/FaceShifter/558_583.mp4,ffpp_FaceShifter
FaceShifter_559_543,train,fake,/workspace/data/raw/ffpp/FaceForensics++_C23/FaceShifter/559_543.mp4,ffpp_FaceShifter
FaceShifter_560_557,val,fake,/workspace/data/raw/ffpp/FaceForensics++_C23/FaceShifter/560_557.mp4,ffpp_FaceShifter
FaceShifter_561_998,train,fake,/workspace/data/raw/ffpp/FaceForensics++_C23/FaceShifter/561_998.mp4,ffpp_FaceShifter
FaceShifter_562_626,train,fake,/workspace/data/raw/ffpp/FaceForensics++_C23/FaceShifter/562_626.mp4,ffpp_FaceShifter
FaceShifter_563_537,train,fake,/workspace/data/raw/ffpp/FaceForensics++_C23/FaceShifter/563_537.mp4,ffpp_FaceShifter
FaceShifter_564_971,val,fake,/workspace/data/raw/ffpp/FaceForensics++_C23/FaceShifter/564_971.mp4,ffpp_FaceShifter
FaceShifter_565_589,val,fake,/workspace/data/raw/ffpp/FaceForensics++_C23/FaceShifter/565_589.mp4,ffpp_FaceShifter
FaceShifter_566_617,val,fake,/workspace/data/raw/ffpp/FaceForensics++_C23/FaceShifter/566_617.mp4,ffpp_FaceShifter
FaceShifter_567_606,val,fake,/workspace/data/raw/ffpp/FaceForensics++_C23/FaceShifter/567_606.mp4,ffpp_FaceShifter
FaceShifter_568_628,train,fake,/workspace/data/raw/ffpp/FaceForensics++_C23/FaceShifter/568_628.mp4,ffpp_FaceShifter
FaceShifter_569_921,train,fake,/workspace/data/raw/ffpp/FaceForensics++_C23/FaceShifter/569_921.mp4,ffpp_FaceShifter
FaceShifter_570_624,train,fake,/workspace/data/raw/ffpp/FaceForensics++_C23/FaceShifter/570_624.mp4,ffpp_FaceShifter
FaceShifter_571_746,val,fake,/workspace/data/raw/ffpp/FaceForensics++_C23/FaceShifter/571_746.mp4,ffpp_FaceShifter
FaceShifter_572_554,train,fake,/workspace/data/raw/ffpp/FaceForensics++_C23/FaceShifter/572_554.mp4,ffpp_FaceShifter
FaceShifter_573_757,train,fake,/workspace/data/raw/ffpp/FaceForensics++_C23/FaceShifter/573_757.mp4,ffpp_FaceShifter
FaceShifter_574_547,train,fake,/workspace/data/raw/ffpp/FaceForensics++_C23/FaceShifter/574_547.mp4,ffpp_FaceShifter
FaceShifter_575_603,train,fake,/workspace/data/raw/ffpp/FaceForensics++_C23/FaceShifter/575_603.mp4,ffpp_FaceShifter
FaceShifter_576_155,train,fake,/workspace/data/raw/ffpp/FaceForensics++_C23/FaceShifter/576_155.mp4,ffpp_FaceShifter
FaceShifter_577_593,train,fake,/workspace/data/raw/ffpp/FaceForensics++_C23/FaceShifter/577_593.mp4,ffpp_FaceShifter
FaceShifter_578_636,train,fake,/workspace/data/raw/ffpp/FaceForensics++_C23/FaceShifter/578_636.mp4,ffpp_FaceShifter
FaceShifter_579_701,test,fake,/workspace/data/raw/ffpp/FaceForensics++_C23/FaceShifter/579_701.mp4,ffpp_FaceShifter
FaceShifter_580_524,train,fake,/workspace/data/raw/ffpp/FaceForensics++_C23/FaceShifter/580_524.mp4,ffpp_FaceShifter
FaceShifter_581_697,train,fake,/workspace/data/raw/ffpp/FaceForensics++_C23/FaceShifter/581_697.mp4,ffpp_FaceShifter
FaceShifter_582_172,train,fake,/workspace/data/raw/ffpp/FaceForensics++_C23/FaceShifter/582_172.mp4,ffpp_FaceShifter
FaceShifter_583_558,val,fake,/workspace/data/raw/ffpp/FaceForensics++_C23/FaceShifter/583_558.mp4,ffpp_FaceShifter
FaceShifter_584_823,val,fake,/workspace/data/raw/ffpp/FaceForensics++_C23/FaceShifter/584_823.mp4,ffpp_FaceShifter
FaceShifter_585_599,val,fake,/workspace/data/raw/ffpp/FaceForensics++_C23/FaceShifter/585_599.mp4,ffpp_FaceShifter
FaceShifter_586_223,val,fake,/workspace/data/raw/ffpp/FaceForensics++_C23/FaceShifter/586_223.mp4,ffpp_FaceShifter
FaceShifter_587_535,train,fake,/workspace/data/raw/ffpp/FaceForensics++_C23/FaceShifter/587_535.mp4,ffpp_FaceShifter
FaceShifter_588_556,train,fake,/workspace/data/raw/ffpp/FaceForensics++_C23/FaceShifter/588_556.mp4,ffpp_FaceShifter
FaceShifter_589_565,val,fake,/workspace/data/raw/ffpp/FaceForensics++_C23/FaceShifter/589_565.mp4,ffpp_FaceShifter
FaceShifter_590_034,train,fake,/workspace/data/raw/ffpp/FaceForensics++_C23/FaceShifter/590_034.mp4,ffpp_FaceShifter
FaceShifter_591_605,train,fake,/workspace/data/raw/ffpp/FaceForensics++_C23/FaceShifter/591_605.mp4,ffpp_FaceShifter
FaceShifter_592_500,train,fake,/workspace/data/raw/ffpp/FaceForensics++_C23/FaceShifter/592_500.mp4,ffpp_FaceShifter
FaceShifter_593_577,train,fake,/workspace/data/raw/ffpp/FaceForensics++_C23/FaceShifter/593_577.mp4,ffpp_FaceShifter
FaceShifter_594_530,train,fake,/workspace/data/raw/ffpp/FaceForensics++_C23/FaceShifter/594_530.mp4,ffpp_FaceShifter
FaceShifter_595_597,val,fake,/workspace/data/raw/ffpp/FaceForensics++_C23/FaceShifter/595_597.mp4,ffpp_FaceShifter
FaceShifter_596_609,train,fake,/workspace/data/raw/ffpp/FaceForensics++_C23/FaceShifter/596_609.mp4,ffpp_FaceShifter
FaceShifter_597_595,val,fake,/workspace/data/raw/ffpp/FaceForensics++_C23/FaceShifter/597_595.mp4,ffpp_FaceShifter
FaceShifter_598_178,train,fake,/workspace/data/raw/ffpp/FaceForensics++_C23/FaceShifter/598_178.mp4,ffpp_FaceShifter
FaceShifter_599_585,val,fake,/workspace/data/raw/ffpp/FaceForensics++_C23/FaceShifter/599_585.mp4,ffpp_FaceShifter
FaceShifter_600_505,train,fake,/workspace/data/raw/ffpp/FaceForensics++_C23/FaceShifter/600_505.mp4,ffpp_FaceShifter
FaceShifter_601_653,train,fake,/workspace/data/raw/ffpp/FaceForensics++_C23/FaceShifter/601_653.mp4,ffpp_FaceShifter
FaceShifter_602_397,train,fake,/workspace/data/raw/ffpp/FaceForensics++_C23/FaceShifter/602_397.mp4,ffpp_FaceShifter
FaceShifter_603_575,train,fake,/workspace/data/raw/ffpp/FaceForensics++_C23/FaceShifter/603_575.mp4,ffpp_FaceShifter
FaceShifter_604_703,train,fake,/workspace/data/raw/ffpp/FaceForensics++_C23/FaceShifter/604_703.mp4,ffpp_FaceShifter
FaceShifter_605_591,train,fake,/workspace/data/raw/ffpp/FaceForensics++_C23/FaceShifter/605_591.mp4,ffpp_FaceShifter
FaceShifter_606_567,val,fake,/workspace/data/raw/ffpp/FaceForensics++_C23/FaceShifter/606_567.mp4,ffpp_FaceShifter
FaceShifter_607_683,test,fake,/workspace/data/raw/ffpp/FaceForensics++_C23/FaceShifter/607_683.mp4,ffpp_FaceShifter
FaceShifter_608_675,test,fake,/workspace/data/raw/ffpp/FaceForensics++_C23/FaceShifter/608_675.mp4,ffpp_FaceShifter
FaceShifter_609_596,train,fake,/workspace/data/raw/ffpp/FaceForensics++_C23/FaceShifter/609_596.mp4,ffpp_FaceShifter
FaceShifter_610_692,train,fake,/workspace/data/raw/ffpp/FaceForensics++_C23/FaceShifter/610_692.mp4,ffpp_FaceShifter
FaceShifter_611_760,train,fake,/workspace/data/raw/ffpp/FaceForensics++_C23/FaceShifter/611_760.mp4,ffpp_FaceShifter
FaceShifter_612_702,val,fake,/workspace/data/raw/ffpp/FaceForensics++_C23/FaceShifter/612_702.mp4,ffpp_FaceShifter
FaceShifter_613_685,train,fake,/workspace/data/raw/ffpp/FaceForensics++_C23/FaceShifter/613_685.mp4,ffpp_FaceShifter
FaceShifter_614_616,train,fake,/workspace/data/raw/ffpp/FaceForensics++_C23/FaceShifter/614_616.mp4,ffpp_FaceShifter
FaceShifter_615_687,train,fake,/workspace/data/raw/ffpp/FaceForensics++_C23/FaceShifter/615_687.mp4,ffpp_FaceShifter
FaceShifter_616_614,train,fake,/workspace/data/raw/ffpp/FaceForensics++_C23/FaceShifter/616_614.mp4,ffpp_FaceShifter
FaceShifter_617_566,val,fake,/workspace/data/raw/ffpp/FaceForensics++_C23/FaceShifter/617_566.mp4,ffpp_FaceShifter
FaceShifter_618_629,train,fake,/workspace/data/raw/ffpp/FaceForensics++_C23/FaceShifter/618_629.mp4,ffpp_FaceShifter
FaceShifter_619_620,train,fake,/workspace/data/raw/ffpp/FaceForensics++_C23/FaceShifter/619_620.mp4,ffpp_FaceShifter
FaceShifter_620_619,train,fake,/workspace/data/raw/ffpp/FaceForensics++_C23/FaceShifter/620_619.mp4,ffpp_FaceShifter
FaceShifter_621_546,train,fake,/workspace/data/raw/ffpp/FaceForensics++_C23/FaceShifter/621_546.mp4,ffpp_FaceShifter
FaceShifter_622_647,val,fake,/workspace/data/raw/ffpp/FaceForensics++_C23/FaceShifter/622_647.mp4,ffpp_FaceShifter
FaceShifter_623_630,test,fake,/workspace/data/raw/ffpp/FaceForensics++_C23/FaceShifter/623_630.mp4,ffpp_FaceShifter
FaceShifter_624_570,train,fake,/workspace/data/raw/ffpp/FaceForensics++_C23/FaceShifter/624_570.mp4,ffpp_FaceShifter
FaceShifter_625_650,test,fake,/workspace/data/raw/ffpp/FaceForensics++_C23/FaceShifter/625_650.mp4,ffpp_FaceShifter
FaceShifter_626_562,train,fake,/workspace/data/raw/ffpp/FaceForensics++_C23/FaceShifter/626_562.mp4,ffpp_FaceShifter
FaceShifter_627_658,train,fake,/workspace/data/raw/ffpp/FaceForensics++_C23/FaceShifter/627_658.mp4,ffpp_FaceShifter
FaceShifter_628_568,train,fake,/workspace/data/raw/ffpp/FaceForensics++_C23/FaceShifter/628_568.mp4,ffpp_FaceShifter
FaceShifter_629_618,train,fake,/workspace/data/raw/ffpp/FaceForensics++_C23/FaceShifter/629_618.mp4,ffpp_FaceShifter
FaceShifter_630_623,test,fake,/workspace/data/raw/ffpp/FaceForensics++_C23/FaceShifter/630_623.mp4,ffpp_FaceShifter
FaceShifter_631_551,train,fake,/workspace/data/raw/ffpp/FaceForensics++_C23/FaceShifter/631_551.mp4,ffpp_FaceShifter
FaceShifter_632_548,val,fake,/workspace/data/raw/ffpp/FaceForensics++_C23/FaceShifter/632_548.mp4,ffpp_FaceShifter
FaceShifter_633_529,test,fake,/workspace/data/raw/ffpp/FaceForensics++_C23/FaceShifter/633_529.mp4,ffpp_FaceShifter
FaceShifter_634_660,test,fake,/workspace/data/raw/ffpp/FaceForensics++_C23/FaceShifter/634_660.mp4,ffpp_FaceShifter
FaceShifter_635_642,train,fake,/workspace/data/raw/ffpp/FaceForensics++_C23/FaceShifter/635_642.mp4,ffpp_FaceShifter
FaceShifter_636_578,train,fake,/workspace/data/raw/ffpp/FaceForensics++_C23/FaceShifter/636_578.mp4,ffpp_FaceShifter
FaceShifter_637_427,train,fake,/workspace/data/raw/ffpp/FaceForensics++_C23/FaceShifter/637_427.mp4,ffpp_FaceShifter
FaceShifter_638_640,val,fake,/workspace/data/raw/ffpp/FaceForensics++_C23/FaceShifter/638_640.mp4,ffpp_FaceShifter
FaceShifter_639_841,train,fake,/workspace/data/raw/ffpp/FaceForensics++_C23/FaceShifter/639_841.mp4,ffpp_FaceShifter
FaceShifter_640_638,val,fake,/workspace/data/raw/ffpp/FaceForensics++_C23/FaceShifter/640_638.mp4,ffpp_FaceShifter
FaceShifter_641_662,train,fake,/workspace/data/raw/ffpp/FaceForensics++_C23/FaceShifter/641_662.mp4,ffpp_FaceShifter
FaceShifter_642_635,train,fake,/workspace/data/raw/ffpp/FaceForensics++_C23/FaceShifter/642_635.mp4,ffpp_FaceShifter
FaceShifter_643_646,train,fake,/workspace/data/raw/ffpp/FaceForensics++_C23/FaceShifter/643_646.mp4,ffpp_FaceShifter
FaceShifter_644_657,train,fake,/workspace/data/raw/ffpp/FaceForensics++_C23/FaceShifter/644_657.mp4,ffpp_FaceShifter
FaceShifter_645_688,train,fake,/workspace/data/raw/ffpp/FaceForensics++_C23/FaceShifter/645_688.mp4,ffpp_FaceShifter
FaceShifter_646_643,train,fake,/workspace/data/raw/ffpp/FaceForensics++_C23/FaceShifter/646_643.mp4,ffpp_FaceShifter
FaceShifter_647_622,val,fake,/workspace/data/raw/ffpp/FaceForensics++_C23/FaceShifter/647_622.mp4,ffpp_FaceShifter
FaceShifter_648_654,train,fake,/workspace/data/raw/ffpp/FaceForensics++_C23/FaceShifter/648_654.mp4,ffpp_FaceShifter
FaceShifter_649_816,val,fake,/workspace/data/raw/ffpp/FaceForensics++_C23/FaceShifter/649_816.mp4,ffpp_FaceShifter
FaceShifter_650_625,test,fake,/workspace/data/raw/ffpp/FaceForensics++_C23/FaceShifter/650_625.mp4,ffpp_FaceShifter
FaceShifter_651_835,train,fake,/workspace/data/raw/ffpp/FaceForensics++_C23/FaceShifter/651_835.mp4,ffpp_FaceShifter
FaceShifter_652_773,train,fake,/workspace/data/raw/ffpp/FaceForensics++_C23/FaceShifter/652_773.mp4,ffpp_FaceShifter
FaceShifter_653_601,train,fake,/workspace/data/raw/ffpp/FaceForensics++_C23/FaceShifter/653_601.mp4,ffpp_FaceShifter
FaceShifter_654_648,train,fake,/workspace/data/raw/ffpp/FaceForensics++_C23/FaceShifter/654_648.mp4,ffpp_FaceShifter
FaceShifter_655_444,train,fake,/workspace/data/raw/ffpp/FaceForensics++_C23/FaceShifter/655_444.mp4,ffpp_FaceShifter
FaceShifter_656_666,val,fake,/workspace/data/raw/ffpp/FaceForensics++_C23/FaceShifter/656_666.mp4,ffpp_FaceShifter
FaceShifter_657_644,train,fake,/workspace/data/raw/ffpp/FaceForensics++_C23/FaceShifter/657_644.mp4,ffpp_FaceShifter
FaceShifter_658_627,train,fake,/workspace/data/raw/ffpp/FaceForensics++_C23/FaceShifter/658_627.mp4,ffpp_FaceShifter
FaceShifter_659_749,train,fake,/workspace/data/raw/ffpp/FaceForensics++_C23/FaceShifter/659_749.mp4,ffpp_FaceShifter
FaceShifter_660_634,test,fake,/workspace/data/raw/ffpp/FaceForensics++_C23/FaceShifter/660_634.mp4,ffpp_FaceShifter
FaceShifter_661_670,test,fake,/workspace/data/raw/ffpp/FaceForensics++_C23/FaceShifter/661_670.mp4,ffpp_FaceShifter
FaceShifter_662_641,train,fake,/workspace/data/raw/ffpp/FaceForensics++_C23/FaceShifter/662_641.mp4,ffpp_FaceShifter
FaceShifter_663_231,train,fake,/workspace/data/raw/ffpp/FaceForensics++_C23/FaceShifter/663_231.mp4,ffpp_FaceShifter
FaceShifter_664_668,val,fake,/workspace/data/raw/ffpp/FaceForensics++_C23/FaceShifter/664_668.mp4,ffpp_FaceShifter
FaceShifter_665_679,train,fake,/workspace/data/raw/ffpp/FaceForensics++_C23/FaceShifter/665_679.mp4,ffpp_FaceShifter
FaceShifter_666_656,val,fake,/workspace/data/raw/ffpp/FaceForensics++_C23/FaceShifter/666_656.mp4,ffpp_FaceShifter
FaceShifter_667_446,train,fake,/workspace/data/raw/ffpp/FaceForensics++_C23/FaceShifter/667_446.mp4,ffpp_FaceShifter
FaceShifter_668_664,val,fake,/workspace/data/raw/ffpp/FaceForensics++_C23/FaceShifter/668_664.mp4,ffpp_FaceShifter
FaceShifter_669_682,test,fake,/workspace/data/raw/ffpp/FaceForensics++_C23/FaceShifter/669_682.mp4,ffpp_FaceShifter
FaceShifter_670_661,test,fake,/workspace/data/raw/ffpp/FaceForensics++_C23/FaceShifter/670_661.mp4,ffpp_FaceShifter
FaceShifter_671_677,train,fake,/workspace/data/raw/ffpp/FaceForensics++_C23/FaceShifter/671_677.mp4,ffpp_FaceShifter
FaceShifter_672_720,val,fake,/workspace/data/raw/ffpp/FaceForensics++_C23/FaceShifter/672_720.mp4,ffpp_FaceShifter
FaceShifter_673_728,train,fake,/workspace/data/raw/ffpp/FaceForensics++_C23/FaceShifter/673_728.mp4,ffpp_FaceShifter
FaceShifter_674_744,train,fake,/workspace/data/raw/ffpp/FaceForensics++_C23/FaceShifter/674_744.mp4,ffpp_FaceShifter
FaceShifter_675_608,test,fake,/workspace/data/raw/ffpp/FaceForensics++_C23/FaceShifter/675_608.mp4,ffpp_FaceShifter
FaceShifter_676_776,train,fake,/workspace/data/raw/ffpp/FaceForensics++_C23/FaceShifter/676_776.mp4,ffpp_FaceShifter
FaceShifter_677_671,train,fake,/workspace/data/raw/ffpp/FaceForensics++_C23/FaceShifter/677_671.mp4,ffpp_FaceShifter
FaceShifter_678_460,train,fake,/workspace/data/raw/ffpp/FaceForensics++_C23/FaceShifter/678_460.mp4,ffpp_FaceShifter
FaceShifter_679_665,train,fake,/workspace/data/raw/ffpp/FaceForensics++_C23/FaceShifter/679_665.mp4,ffpp_FaceShifter
FaceShifter_680_486,train,fake,/workspace/data/raw/ffpp/FaceForensics++_C23/FaceShifter/680_486.mp4,ffpp_FaceShifter
FaceShifter_681_711,train,fake,/workspace/data/raw/ffpp/FaceForensics++_C23/FaceShifter/681_711.mp4,ffpp_FaceShifter
FaceShifter_682_669,test,fake,/workspace/data/raw/ffpp/FaceForensics++_C23/FaceShifter/682_669.mp4,ffpp_FaceShifter
FaceShifter_683_607,test,fake,/workspace/data/raw/ffpp/FaceForensics++_C23/FaceShifter/683_607.mp4,ffpp_FaceShifter
FaceShifter_684_717,train,fake,/workspace/data/raw/ffpp/FaceForensics++_C23/FaceShifter/684_717.mp4,ffpp_FaceShifter
FaceShifter_685_613,train,fake,/workspace/data/raw/ffpp/FaceForensics++_C23/FaceShifter/685_613.mp4,ffpp_FaceShifter
FaceShifter_686_696,train,fake,/workspace/data/raw/ffpp/FaceForensics++_C23/FaceShifter/686_696.mp4,ffpp_FaceShifter
FaceShifter_687_615,train,fake,/workspace/data/raw/ffpp/FaceForensics++_C23/FaceShifter/687_615.mp4,ffpp_FaceShifter
FaceShifter_688_645,train,fake,/workspace/data/raw/ffpp/FaceForensics++_C23/FaceShifter/688_645.mp4,ffpp_FaceShifter
FaceShifter_689_690,train,fake,/workspace/data/raw/ffpp/FaceForensics++_C23/FaceShifter/689_690.mp4,ffpp_FaceShifter
FaceShifter_690_689,train,fake,/workspace/data/raw/ffpp/FaceForensics++_C23/FaceShifter/690_689.mp4,ffpp_FaceShifter
FaceShifter_691_732,test,fake,/workspace/data/raw/ffpp/FaceForensics++_C23/FaceShifter/691_732.mp4,ffpp_FaceShifter
FaceShifter_692_610,train,fake,/workspace/data/raw/ffpp/FaceForensics++_C23/FaceShifter/692_610.mp4,ffpp_FaceShifter
FaceShifter_693_698,train,fake,/workspace/data/raw/ffpp/FaceForensics++_C23/FaceShifter/693_698.mp4,ffpp_FaceShifter
FaceShifter_694_767,train,fake,/workspace/data/raw/ffpp/FaceForensics++_C23/FaceShifter/694_767.mp4,ffpp_FaceShifter
FaceShifter_695_422,test,fake,/workspace/data/raw/ffpp/FaceForensics++_C23/FaceShifter/695_422.mp4,ffpp_FaceShifter
FaceShifter_696_686,train,fake,/workspace/data/raw/ffpp/FaceForensics++_C23/FaceShifter/696_686.mp4,ffpp_FaceShifter
FaceShifter_697_581,train,fake,/workspace/data/raw/ffpp/FaceForensics++_C23/FaceShifter/697_581.mp4,ffpp_FaceShifter
FaceShifter_698_693,train,fake,/workspace/data/raw/ffpp/FaceForensics++_C23/FaceShifter/698_693.mp4,ffpp_FaceShifter
FaceShifter_699_734,train,fake,/workspace/data/raw/ffpp/FaceForensics++_C23/FaceShifter/699_734.mp4,ffpp_FaceShifter
FaceShifter_700_813,train,fake,/workspace/data/raw/ffpp/FaceForensics++_C23/FaceShifter/700_813.mp4,ffpp_FaceShifter
FaceShifter_701_579,test,fake,/workspace/data/raw/ffpp/FaceForensics++_C23/FaceShifter/701_579.mp4,ffpp_FaceShifter
FaceShifter_702_612,val,fake,/workspace/data/raw/ffpp/FaceForensics++_C23/FaceShifter/702_612.mp4,ffpp_FaceShifter
FaceShifter_703_604,train,fake,/workspace/data/raw/ffpp/FaceForensics++_C23/FaceShifter/703_604.mp4,ffpp_FaceShifter
FaceShifter_704_723,train,fake,/workspace/data/raw/ffpp/FaceForensics++_C23/FaceShifter/704_723.mp4,ffpp_FaceShifter
FaceShifter_705_707,test,fake,/workspace/data/raw/ffpp/FaceForensics++_C23/FaceShifter/705_707.mp4,ffpp_FaceShifter
FaceShifter_706_479,test,fake,/workspace/data/raw/ffpp/FaceForensics++_C23/FaceShifter/706_479.mp4,ffpp_FaceShifter
FaceShifter_707_705,test,fake,/workspace/data/raw/ffpp/FaceForensics++_C23/FaceShifter/707_705.mp4,ffpp_FaceShifter
FaceShifter_708_772,train,fake,/workspace/data/raw/ffpp/FaceForensics++_C23/FaceShifter/708_772.mp4,ffpp_FaceShifter
FaceShifter_709_390,train,fake,/workspace/data/raw/ffpp/FaceForensics++_C23/FaceShifter/709_390.mp4,ffpp_FaceShifter
FaceShifter_710_788,train,fake,/workspace/data/raw/ffpp/FaceForensics++_C23/FaceShifter/710_788.mp4,ffpp_FaceShifter
FaceShifter_711_681,train,fake,/workspace/data/raw/ffpp/FaceForensics++_C23/FaceShifter/711_681.mp4,ffpp_FaceShifter
FaceShifter_712_716,train,fake,/workspace/data/raw/ffpp/FaceForensics++_C23/FaceShifter/712_716.mp4,ffpp_FaceShifter
FaceShifter_713_726,train,fake,/workspace/data/raw/ffpp/FaceForensics++_C23/FaceShifter/713_726.mp4,ffpp_FaceShifter
FaceShifter_714_842,test,fake,/workspace/data/raw/ffpp/FaceForensics++_C23/FaceShifter/714_842.mp4,ffpp_FaceShifter
FaceShifter_715_721,train,fake,/workspace/data/raw/ffpp/FaceForensics++_C23/FaceShifter/715_721.mp4,ffpp_FaceShifter
FaceShifter_716_712,train,fake,/workspace/data/raw/ffpp/FaceForensics++_C23/FaceShifter/716_712.mp4,ffpp_FaceShifter
FaceShifter_717_684,train,fake,/workspace/data/raw/ffpp/FaceForensics++_C23/FaceShifter/717_684.mp4,ffpp_FaceShifter
FaceShifter_718_972,train,fake,/workspace/data/raw/ffpp/FaceForensics++_C23/FaceShifter/718_972.mp4,ffpp_FaceShifter
FaceShifter_719_737,train,fake,/workspace/data/raw/ffpp/FaceForensics++_C23/FaceShifter/719_737.mp4,ffpp_FaceShifter
FaceShifter_720_672,val,fake,/workspace/data/raw/ffpp/FaceForensics++_C23/FaceShifter/720_672.mp4,ffpp_FaceShifter
FaceShifter_721_715,train,fake,/workspace/data/raw/ffpp/FaceForensics++_C23/FaceShifter/721_715.mp4,ffpp_FaceShifter
FaceShifter_722_458,train,fake,/workspace/data/raw/ffpp/FaceForensics++_C23/FaceShifter/722_458.mp4,ffpp_FaceShifter
FaceShifter_723_704,train,fake,/workspace/data/raw/ffpp/FaceForensics++_C23/FaceShifter/723_704.mp4,ffpp_FaceShifter
FaceShifter_724_725,test,fake,/workspace/data/raw/ffpp/FaceForensics++_C23/FaceShifter/724_725.mp4,ffpp_FaceShifter
FaceShifter_725_724,test,fake,/workspace/data/raw/ffpp/FaceForensics++_C23/FaceShifter/725_724.mp4,ffpp_FaceShifter
FaceShifter_726_713,train,fake,/workspace/data/raw/ffpp/FaceForensics++_C23/FaceShifter/726_713.mp4,ffpp_FaceShifter
FaceShifter_727_729,val,fake,/workspace/data/raw/ffpp/FaceForensics++_C23/FaceShifter/727_729.mp4,ffpp_FaceShifter
FaceShifter_728_673,train,fake,/workspace/data/raw/ffpp/FaceForensics++_C23/FaceShifter/728_673.mp4,ffpp_FaceShifter
FaceShifter_729_727,val,fake,/workspace/data/raw/ffpp/FaceForensics++_C23/FaceShifter/729_727.mp4,ffpp_FaceShifter
FaceShifter_730_815,train,fake,/workspace/data/raw/ffpp/FaceForensics++_C23/FaceShifter/730_815.mp4,ffpp_FaceShifter
FaceShifter_731_741,test,fake,/workspace/data/raw/ffpp/FaceForensics++_C23/FaceShifter/731_741.mp4,ffpp_FaceShifter
FaceShifter_732_691,test,fake,/workspace/data/raw/ffpp/FaceForensics++_C23/FaceShifter/732_691.mp4,ffpp_FaceShifter
FaceShifter_733_935,train,fake,/workspace/data/raw/ffpp/FaceForensics++_C23/FaceShifter/733_935.mp4,ffpp_FaceShifter
FaceShifter_734_699,train,fake,/workspace/data/raw/ffpp/FaceForensics++_C23/FaceShifter/734_699.mp4,ffpp_FaceShifter
FaceShifter_735_774,train,fake,/workspace/data/raw/ffpp/FaceForensics++_C23/FaceShifter/735_774.mp4,ffpp_FaceShifter
FaceShifter_736_785,train,fake,/workspace/data/raw/ffpp/FaceForensics++_C23/FaceShifter/736_785.mp4,ffpp_FaceShifter
FaceShifter_737_719,train,fake,/workspace/data/raw/ffpp/FaceForensics++_C23/FaceShifter/737_719.mp4,ffpp_FaceShifter
FaceShifter_738_804,train,fake,/workspace/data/raw/ffpp/FaceForensics++_C23/FaceShifter/738_804.mp4,ffpp_FaceShifter
FaceShifter_739_865,test,fake,/workspace/data/raw/ffpp/FaceForensics++_C23/FaceShifter/739_865.mp4,ffpp_FaceShifter
FaceShifter_740_796,train,fake,/workspace/data/raw/ffpp/FaceForensics++_C23/FaceShifter/740_796.mp4,ffpp_FaceShifter
FaceShifter_741_731,test,fake,/workspace/data/raw/ffpp/FaceForensics++_C23/FaceShifter/741_731.mp4,ffpp_FaceShifter
FaceShifter_742_775,val,fake,/workspace/data/raw/ffpp/FaceForensics++_C23/FaceShifter/742_775.mp4,ffpp_FaceShifter
FaceShifter_743_750,train,fake,/workspace/data/raw/ffpp/FaceForensics++_C23/FaceShifter/743_750.mp4,ffpp_FaceShifter
FaceShifter_744_674,train,fake,/workspace/data/raw/ffpp/FaceForensics++_C23/FaceShifter/744_674.mp4,ffpp_FaceShifter
FaceShifter_745_777,val,fake,/workspace/data/raw/ffpp/FaceForensics++_C23/FaceShifter/745_777.mp4,ffpp_FaceShifter
FaceShifter_746_571,val,fake,/workspace/data/raw/ffpp/FaceForensics++_C23/FaceShifter/746_571.mp4,ffpp_FaceShifter
FaceShifter_747_854,train,fake,/workspace/data/raw/ffpp/FaceForensics++_C23/FaceShifter/747_854.mp4,ffpp_FaceShifter
FaceShifter_748_355,train,fake,/workspace/data/raw/ffpp/FaceForensics++_C23/FaceShifter/748_355.mp4,ffpp_FaceShifter
FaceShifter_749_659,train,fake,/workspace/data/raw/ffpp/FaceForensics++_C23/FaceShifter/749_659.mp4,ffpp_FaceShifter
FaceShifter_750_743,train,fake,/workspace/data/raw/ffpp/FaceForensics++_C23/FaceShifter/750_743.mp4,ffpp_FaceShifter
FaceShifter_751_752,train,fake,/workspace/data/raw/ffpp/FaceForensics++_C23/FaceShifter/751_752.mp4,ffpp_FaceShifter
FaceShifter_752_751,train,fake,/workspace/data/raw/ffpp/FaceForensics++_C23/FaceShifter/752_751.mp4,ffpp_FaceShifter
FaceShifter_753_789,train,fake,/workspace/data/raw/ffpp/FaceForensics++_C23/FaceShifter/753_789.mp4,ffpp_FaceShifter
FaceShifter_754_758,train,fake,/workspace/data/raw/ffpp/FaceForensics++_C23/FaceShifter/754_758.mp4,ffpp_FaceShifter
FaceShifter_755_759,test,fake,/workspace/data/raw/ffpp/FaceForensics++_C23/FaceShifter/755_759.mp4,ffpp_FaceShifter
FaceShifter_756_503,train,fake,/workspace/data/raw/ffpp/FaceForensics++_C23/FaceShifter/756_503.mp4,ffpp_FaceShifter
FaceShifter_757_573,train,fake,/workspace/data/raw/ffpp/FaceForensics++_C23/FaceShifter/757_573.mp4,ffpp_FaceShifter
FaceShifter_758_754,train,fake,/workspace/data/raw/ffpp/FaceForensics++_C23/FaceShifter/758_754.mp4,ffpp_FaceShifter
FaceShifter_759_755,test,fake,/workspace/data/raw/ffpp/FaceForensics++_C23/FaceShifter/759_755.mp4,ffpp_FaceShifter
FaceShifter_760_611,train,fake,/workspace/data/raw/ffpp/FaceForensics++_C23/FaceShifter/760_611.mp4,ffpp_FaceShifter
FaceShifter_761_766,train,fake,/workspace/data/raw/ffpp/FaceForensics++_C23/FaceShifter/761_766.mp4,ffpp_FaceShifter
FaceShifter_762_832,val,fake,/workspace/data/raw/ffpp/FaceForensics++_C23/FaceShifter/762_832.mp4,ffpp_FaceShifter
FaceShifter_763_930,train,fake,/workspace/data/raw/ffpp/FaceForensics++_C23/FaceShifter/763_930.mp4,ffpp_FaceShifter
FaceShifter_764_850,train,fake,/workspace/data/raw/ffpp/FaceForensics++_C23/FaceShifter/764_850.mp4,ffpp_FaceShifter
FaceShifter_765_867,train,fake,/workspace/data/raw/ffpp/FaceForensics++_C23/FaceShifter/765_867.mp4,ffpp_FaceShifter
FaceShifter_766_761,train,fake,/workspace/data/raw/ffpp/FaceForensics++_C23/FaceShifter/766_761.mp4,ffpp_FaceShifter
FaceShifter_767_694,train,fake,/workspace/data/raw/ffpp/FaceForensics++_C23/FaceShifter/767_694.mp4,ffpp_FaceShifter
FaceShifter_768_793,val,fake,/workspace/data/raw/ffpp/FaceForensics++_C23/FaceShifter/768_793.mp4,ffpp_FaceShifter
FaceShifter_769_784,train,fake,/workspace/data/raw/ffpp/FaceForensics++_C23/FaceShifter/769_784.mp4,ffpp_FaceShifter
FaceShifter_770_791,train,fake,/workspace/data/raw/ffpp/FaceForensics++_C23/FaceShifter/770_791.mp4,ffpp_FaceShifter
FaceShifter_771_849,train,fake,/workspace/data/raw/ffpp/FaceForensics++_C23/FaceShifter/771_849.mp4,ffpp_FaceShifter
FaceShifter_772_708,train,fake,/workspace/data/raw/ffpp/FaceForensics++_C23/FaceShifter/772_708.mp4,ffpp_FaceShifter
FaceShifter_773_652,train,fake,/workspace/data/raw/ffpp/FaceForensics++_C23/FaceShifter/773_652.mp4,ffpp_FaceShifter
FaceShifter_774_735,train,fake,/workspace/data/raw/ffpp/FaceForensics++_C23/FaceShifter/774_735.mp4,ffpp_FaceShifter
FaceShifter_775_742,val,fake,/workspace/data/raw/ffpp/FaceForensics++_C23/FaceShifter/775_742.mp4,ffpp_FaceShifter
FaceShifter_776_676,train,fake,/workspace/data/raw/ffpp/FaceForensics++_C23/FaceShifter/776_676.mp4,ffpp_FaceShifter
FaceShifter_777_745,val,fake,/workspace/data/raw/ffpp/FaceForensics++_C23/FaceShifter/777_745.mp4,ffpp_FaceShifter
FaceShifter_778_798,train,fake,/workspace/data/raw/ffpp/FaceForensics++_C23/FaceShifter/778_798.mp4,ffpp_FaceShifter
FaceShifter_779_794,val,fake,/workspace/data/raw/ffpp/FaceForensics++_C23/FaceShifter/779_794.mp4,ffpp_FaceShifter
FaceShifter_780_869,train,fake,/workspace/data/raw/ffpp/FaceForensics++_C23/FaceShifter/780_869.mp4,ffpp_FaceShifter
FaceShifter_781_806,train,fake,/workspace/data/raw/ffpp/FaceForensics++_C23/FaceShifter/781_806.mp4,ffpp_FaceShifter
FaceShifter_782_787,train,fake,/workspace/data/raw/ffpp/FaceForensics++_C23/FaceShifter/782_787.mp4,ffpp_FaceShifter
FaceShifter_783_916,train,fake,/workspace/data/raw/ffpp/FaceForensics++_C23/FaceShifter/783_916.mp4,ffpp_FaceShifter
FaceShifter_784_769,train,fake,/workspace/data/raw/ffpp/FaceForensics++_C23/FaceShifter/784_769.mp4,ffpp_FaceShifter
FaceShifter_785_736,train,fake,/workspace/data/raw/ffpp/FaceForensics++_C23/FaceShifter/785_736.mp4,ffpp_FaceShifter
FaceShifter_786_819,train,fake,/workspace/data/raw/ffpp/FaceForensics++_C23/FaceShifter/786_819.mp4,ffpp_FaceShifter
FaceShifter_787_782,train,fake,/workspace/data/raw/ffpp/FaceForensics++_C23/FaceShifter/787_782.mp4,ffpp_FaceShifter
FaceShifter_788_710,train,fake,/workspace/data/raw/ffpp/FaceForensics++_C23/FaceShifter/788_710.mp4,ffpp_FaceShifter
FaceShifter_789_753,train,fake,/workspace/data/raw/ffpp/FaceForensics++_C23/FaceShifter/789_753.mp4,ffpp_FaceShifter
FaceShifter_790_014,train,fake,/workspace/data/raw/ffpp/FaceForensics++_C23/FaceShifter/790_014.mp4,ffpp_FaceShifter
FaceShifter_791_770,train,fake,/workspace/data/raw/ffpp/FaceForensics++_C23/FaceShifter/791_770.mp4,ffpp_FaceShifter
FaceShifter_792_903,train,fake,/workspace/data/raw/ffpp/FaceForensics++_C23/FaceShifter/792_903.mp4,ffpp_FaceShifter
FaceShifter_793_768,val,fake,/workspace/data/raw/ffpp/FaceForensics++_C23/FaceShifter/793_768.mp4,ffpp_FaceShifter
FaceShifter_794_779,val,fake,/workspace/data/raw/ffpp/FaceForensics++_C23/FaceShifter/794_779.mp4,ffpp_FaceShifter
FaceShifter_795_907,train,fake,/workspace/data/raw/ffpp/FaceForensics++_C23/FaceShifter/795_907.mp4,ffpp_FaceShifter
FaceShifter_796_740,train,fake,/workspace/data/raw/ffpp/FaceForensics++_C23/FaceShifter/796_740.mp4,ffpp_FaceShifter
FaceShifter_797_844,train,fake,/workspace/data/raw/ffpp/FaceForensics++_C23/FaceShifter/797_844.mp4,ffpp_FaceShifter
FaceShifter_798_778,train,fake,/workspace/data/raw/ffpp/FaceForensics++_C23/FaceShifter/798_778.mp4,ffpp_FaceShifter
FaceShifter_799_809,train,fake,/workspace/data/raw/ffpp/FaceForensics++_C23/FaceShifter/799_809.mp4,ffpp_FaceShifter
FaceShifter_800_840,train,fake,/workspace/data/raw/ffpp/FaceForensics++_C23/FaceShifter/800_840.mp4,ffpp_FaceShifter
FaceShifter_801_855,test,fake,/workspace/data/raw/ffpp/FaceForensics++_C23/FaceShifter/801_855.mp4,ffpp_FaceShifter
FaceShifter_802_885,train,fake,/workspace/data/raw/ffpp/FaceForensics++_C23/FaceShifter/802_885.mp4,ffpp_FaceShifter
FaceShifter_803_017,train,fake,/workspace/data/raw/ffpp/FaceForensics++_C23/FaceShifter/803_017.mp4,ffpp_FaceShifter
FaceShifter_804_738,train,fake,/workspace/data/raw/ffpp/FaceForensics++_C23/FaceShifter/804_738.mp4,ffpp_FaceShifter
FaceShifter_805_011,train,fake,/workspace/data/raw/ffpp/FaceForensics++_C23/FaceShifter/805_011.mp4,ffpp_FaceShifter
FaceShifter_806_781,train,fake,/workspace/data/raw/ffpp/FaceForensics++_C23/FaceShifter/806_781.mp4,ffpp_FaceShifter
FaceShifter_807_273,val,fake,/workspace/data/raw/ffpp/FaceForensics++_C23/FaceShifter/807_273.mp4,ffpp_FaceShifter
FaceShifter_808_829,train,fake,/workspace/data/raw/ffpp/FaceForensics++_C23/FaceShifter/808_829.mp4,ffpp_FaceShifter
FaceShifter_809_799,train,fake,/workspace/data/raw/ffpp/FaceForensics++_C23/FaceShifter/809_799.mp4,ffpp_FaceShifter
FaceShifter_810_838,train,fake,/workspace/data/raw/ffpp/FaceForensics++_C23/FaceShifter/810_838.mp4,ffpp_FaceShifter
FaceShifter_811_920,train,fake,/workspace/data/raw/ffpp/FaceForensics++_C23/FaceShifter/811_920.mp4,ffpp_FaceShifter
FaceShifter_812_821,test,fake,/workspace/data/raw/ffpp/FaceForensics++_C23/FaceShifter/812_821.mp4,ffpp_FaceShifter
FaceShifter_813_700,train,fake,/workspace/data/raw/ffpp/FaceForensics++_C23/FaceShifter/813_700.mp4,ffpp_FaceShifter
FaceShifter_814_871,train,fake,/workspace/data/raw/ffpp/FaceForensics++_C23/FaceShifter/814_871.mp4,ffpp_FaceShifter
FaceShifter_815_730,train,fake,/workspace/data/raw/ffpp/FaceForensics++_C23/FaceShifter/815_730.mp4,ffpp_FaceShifter
FaceShifter_816_649,val,fake,/workspace/data/raw/ffpp/FaceForensics++_C23/FaceShifter/816_649.mp4,ffpp_FaceShifter
FaceShifter_817_827,val,fake,/workspace/data/raw/ffpp/FaceForensics++_C23/FaceShifter/817_827.mp4,ffpp_FaceShifter
FaceShifter_818_820,val,fake,/workspace/data/raw/ffpp/FaceForensics++_C23/FaceShifter/818_820.mp4,ffpp_FaceShifter
FaceShifter_819_786,train,fake,/workspace/data/raw/ffpp/FaceForensics++_C23/FaceShifter/819_786.mp4,ffpp_FaceShifter
FaceShifter_820_818,val,fake,/workspace/data/raw/ffpp/FaceForensics++_C23/FaceShifter/820_818.mp4,ffpp_FaceShifter
FaceShifter_821_812,test,fake,/workspace/data/raw/ffpp/FaceForensics++_C23/FaceShifter/821_812.mp4,ffpp_FaceShifter
FaceShifter_822_244,train,fake,/workspace/data/raw/ffpp/FaceForensics++_C23/FaceShifter/822_244.mp4,ffpp_FaceShifter
FaceShifter_823_584,val,fake,/workspace/data/raw/ffpp/FaceForensics++_C23/FaceShifter/823_584.mp4,ffpp_FaceShifter
FaceShifter_824_419,val,fake,/workspace/data/raw/ffpp/FaceForensics++_C23/FaceShifter/824_419.mp4,ffpp_FaceShifter
FaceShifter_825_074,train,fake,/workspace/data/raw/ffpp/FaceForensics++_C23/FaceShifter/825_074.mp4,ffpp_FaceShifter
FaceShifter_826_833,train,fake,/workspace/data/raw/ffpp/FaceForensics++_C23/FaceShifter/826_833.mp4,ffpp_FaceShifter
FaceShifter_827_817,val,fake,/workspace/data/raw/ffpp/FaceForensics++_C23/FaceShifter/827_817.mp4,ffpp_FaceShifter
FaceShifter_828_830,train,fake,/workspace/data/raw/ffpp/FaceForensics++_C23/FaceShifter/828_830.mp4,ffpp_FaceShifter
FaceShifter_829_808,train,fake,/workspace/data/raw/ffpp/FaceForensics++_C23/FaceShifter/829_808.mp4,ffpp_FaceShifter
FaceShifter_830_828,train,fake,/workspace/data/raw/ffpp/FaceForensics++_C23/FaceShifter/830_828.mp4,ffpp_FaceShifter
FaceShifter_831_508,train,fake,/workspace/data/raw/ffpp/FaceForensics++_C23/FaceShifter/831_508.mp4,ffpp_FaceShifter
FaceShifter_832_762,val,fake,/workspace/data/raw/ffpp/FaceForensics++_C23/FaceShifter/832_762.mp4,ffpp_FaceShifter
FaceShifter_833_826,train,fake,/workspace/data/raw/ffpp/FaceForensics++_C23/FaceShifter/833_826.mp4,ffpp_FaceShifter
FaceShifter_834_852,val,fake,/workspace/data/raw/ffpp/FaceForensics++_C23/FaceShifter/834_852.mp4,ffpp_FaceShifter
FaceShifter_835_651,train,fake,/workspace/data/raw/ffpp/FaceForensics++_C23/FaceShifter/835_651.mp4,ffpp_FaceShifter
FaceShifter_836_950,train,fake,/workspace/data/raw/ffpp/FaceForensics++_C23/FaceShifter/836_950.mp4,ffpp_FaceShifter
FaceShifter_837_890,val,fake,/workspace/data/raw/ffpp/FaceForensics++_C23/FaceShifter/837_890.mp4,ffpp_FaceShifter
FaceShifter_838_810,train,fake,/workspace/data/raw/ffpp/FaceForensics++_C23/FaceShifter/838_810.mp4,ffpp_FaceShifter
FaceShifter_839_864,train,fake,/workspace/data/raw/ffpp/FaceForensics++_C23/FaceShifter/839_864.mp4,ffpp_FaceShifter
FaceShifter_840_800,train,fake,/workspace/data/raw/ffpp/FaceForensics++_C23/FaceShifter/840_800.mp4,ffpp_FaceShifter
FaceShifter_841_639,train,fake,/workspace/data/raw/ffpp/FaceForensics++_C23/FaceShifter/841_639.mp4,ffpp_FaceShifter
FaceShifter_842_714,test,fake,/workspace/data/raw/ffpp/FaceForensics++_C23/FaceShifter/842_714.mp4,ffpp_FaceShifter
FaceShifter_843_859,train,fake,/workspace/data/raw/ffpp/FaceForensics++_C23/FaceShifter/843_859.mp4,ffpp_FaceShifter
FaceShifter_844_797,train,fake,/workspace/data/raw/ffpp/FaceForensics++_C23/FaceShifter/844_797.mp4,ffpp_FaceShifter
FaceShifter_845_846,train,fake,/workspace/data/raw/ffpp/FaceForensics++_C23/FaceShifter/845_846.mp4,ffpp_FaceShifter
FaceShifter_846_845,train,fake,/workspace/data/raw/ffpp/FaceForensics++_C23/FaceShifter/846_845.mp4,ffpp_FaceShifter
FaceShifter_847_906,test,fake,/workspace/data/raw/ffpp/FaceForensics++_C23/FaceShifter/847_906.mp4,ffpp_FaceShifter
FaceShifter_848_894,train,fake,/workspace/data/raw/ffpp/FaceForensics++_C23/FaceShifter/848_894.mp4,ffpp_FaceShifter
FaceShifter_849_771,train,fake,/workspace/data/raw/ffpp/FaceForensics++_C23/FaceShifter/849_771.mp4,ffpp_FaceShifter
FaceShifter_850_764,train,fake,/workspace/data/raw/ffpp/FaceForensics++_C23/FaceShifter/850_764.mp4,ffpp_FaceShifter
FaceShifter_851_552,test,fake,/workspace/data/raw/ffpp/FaceForensics++_C23/FaceShifter/851_552.mp4,ffpp_FaceShifter
FaceShifter_852_834,val,fake,/workspace/data/raw/ffpp/FaceForensics++_C23/FaceShifter/852_834.mp4,ffpp_FaceShifter
FaceShifter_853_863,train,fake,/workspace/data/raw/ffpp/FaceForensics++_C23/FaceShifter/853_863.mp4,ffpp_FaceShifter
FaceShifter_854_747,train,fake,/workspace/data/raw/ffpp/FaceForensics++_C23/FaceShifter/854_747.mp4,ffpp_FaceShifter
FaceShifter_855_801,test,fake,/workspace/data/raw/ffpp/FaceForensics++_C23/FaceShifter/855_801.mp4,ffpp_FaceShifter
FaceShifter_856_881,train,fake,/workspace/data/raw/ffpp/FaceForensics++_C23/FaceShifter/856_881.mp4,ffpp_FaceShifter
FaceShifter_857_909,val,fake,/workspace/data/raw/ffpp/FaceForensics++_C23/FaceShifter/857_909.mp4,ffpp_FaceShifter
FaceShifter_858_861,train,fake,/workspace/data/raw/ffpp/FaceForensics++_C23/FaceShifter/858_861.mp4,ffpp_FaceShifter
FaceShifter_859_843,train,fake,/workspace/data/raw/ffpp/FaceForensics++_C23/FaceShifter/859_843.mp4,ffpp_FaceShifter
FaceShifter_860_905,train,fake,/workspace/data/raw/ffpp/FaceForensics++_C23/FaceShifter/860_905.mp4,ffpp_FaceShifter
FaceShifter_861_858,train,fake,/workspace/data/raw/ffpp/FaceForensics++_C23/FaceShifter/861_858.mp4,ffpp_FaceShifter
FaceShifter_862_047,test,fake,/workspace/data/raw/ffpp/FaceForensics++_C23/FaceShifter/862_047.mp4,ffpp_FaceShifter
FaceShifter_863_853,train,fake,/workspace/data/raw/ffpp/FaceForensics++_C23/FaceShifter/863_853.mp4,ffpp_FaceShifter
FaceShifter_864_839,train,fake,/workspace/data/raw/ffpp/FaceForensics++_C23/FaceShifter/864_839.mp4,ffpp_FaceShifter
FaceShifter_865_739,test,fake,/workspace/data/raw/ffpp/FaceForensics++_C23/FaceShifter/865_739.mp4,ffpp_FaceShifter
FaceShifter_866_878,train,fake,/workspace/data/raw/ffpp/FaceForensics++_C23/FaceShifter/866_878.mp4,ffpp_FaceShifter
FaceShifter_867_765,train,fake,/workspace/data/raw/ffpp/FaceForensics++_C23/FaceShifter/867_765.mp4,ffpp_FaceShifter
FaceShifter_868_949,test,fake,/workspace/data/raw/ffpp/FaceForensics++_C23/FaceShifter/868_949.mp4,ffpp_FaceShifter
FaceShifter_869_780,train,fake,/workspace/data/raw/ffpp/FaceForensics++_C23/FaceShifter/869_780.mp4,ffpp_FaceShifter
FaceShifter_870_001,train,fake,/workspace/data/raw/ffpp/FaceForensics++_C23/FaceShifter/870_001.mp4,ffpp_FaceShifter
FaceShifter_871_814,train,fake,/workspace/data/raw/ffpp/FaceForensics++_C23/FaceShifter/871_814.mp4,ffpp_FaceShifter
FaceShifter_872_873,train,fake,/workspace/data/raw/ffpp/FaceForensics++_C23/FaceShifter/872_873.mp4,ffpp_FaceShifter
FaceShifter_873_872,train,fake,/workspace/data/raw/ffpp/FaceForensics++_C23/FaceShifter/873_872.mp4,ffpp_FaceShifter
FaceShifter_874_291,train,fake,/workspace/data/raw/ffpp/FaceForensics++_C23/FaceShifter/874_291.mp4,ffpp_FaceShifter
FaceShifter_875_979,val,fake,/workspace/data/raw/ffpp/FaceForensics++_C23/FaceShifter/875_979.mp4,ffpp_FaceShifter
FaceShifter_876_891,train,fake,/workspace/data/raw/ffpp/FaceForensics++_C23/FaceShifter/876_891.mp4,ffpp_FaceShifter
FaceShifter_877_886,train,fake,/workspace/data/raw/ffpp/FaceForensics++_C23/FaceShifter/877_886.mp4,ffpp_FaceShifter
FaceShifter_878_866,train,fake,/workspace/data/raw/ffpp/FaceForensics++_C23/FaceShifter/878_866.mp4,ffpp_FaceShifter
FaceShifter_879_963,train,fake,/workspace/data/raw/ffpp/FaceForensics++_C23/FaceShifter/879_963.mp4,ffpp_FaceShifter
FaceShifter_880_135,test,fake,/workspace/data/raw/ffpp/FaceForensics++_C23/FaceShifter/880_135.mp4,ffpp_FaceShifter
FaceShifter_881_856,train,fake,/workspace/data/raw/ffpp/FaceForensics++_C23/FaceShifter/881_856.mp4,ffpp_FaceShifter
FaceShifter_882_952,train,fake,/workspace/data/raw/ffpp/FaceForensics++_C23/FaceShifter/882_952.mp4,ffpp_FaceShifter
FaceShifter_883_013,train,fake,/workspace/data/raw/ffpp/FaceForensics++_C23/FaceShifter/883_013.mp4,ffpp_FaceShifter
FaceShifter_884_968,train,fake,/workspace/data/raw/ffpp/FaceForensics++_C23/FaceShifter/884_968.mp4,ffpp_FaceShifter
FaceShifter_885_802,train,fake,/workspace/data/raw/ffpp/FaceForensics++_C23/FaceShifter/885_802.mp4,ffpp_FaceShifter
FaceShifter_886_877,train,fake,/workspace/data/raw/ffpp/FaceForensics++_C23/FaceShifter/886_877.mp4,ffpp_FaceShifter
FaceShifter_887_275,train,fake,/workspace/data/raw/ffpp/FaceForensics++_C23/FaceShifter/887_275.mp4,ffpp_FaceShifter
FaceShifter_888_937,train,fake,/workspace/data/raw/ffpp/FaceForensics++_C23/FaceShifter/888_937.mp4,ffpp_FaceShifter
FaceShifter_889_045,train,fake,/workspace/data/raw/ffpp/FaceForensics++_C23/FaceShifter/889_045.mp4,ffpp_FaceShifter
FaceShifter_890_837,val,fake,/workspace/data/raw/ffpp/FaceForensics++_C23/FaceShifter/890_837.mp4,ffpp_FaceShifter
FaceShifter_891_876,train,fake,/workspace/data/raw/ffpp/FaceForensics++_C23/FaceShifter/891_876.mp4,ffpp_FaceShifter
FaceShifter_892_112,train,fake,/workspace/data/raw/ffpp/FaceForensics++_C23/FaceShifter/892_112.mp4,ffpp_FaceShifter
FaceShifter_893_913,train,fake,/workspace/data/raw/ffpp/FaceForensics++_C23/FaceShifter/893_913.mp4,ffpp_FaceShifter
FaceShifter_894_848,train,fake,/workspace/data/raw/ffpp/FaceForensics++_C23/FaceShifter/894_848.mp4,ffpp_FaceShifter
FaceShifter_895_915,val,fake,/workspace/data/raw/ffpp/FaceForensics++_C23/FaceShifter/895_915.mp4,ffpp_FaceShifter
FaceShifter_896_128,test,fake,/workspace/data/raw/ffpp/FaceForensics++_C23/FaceShifter/896_128.mp4,ffpp_FaceShifter
FaceShifter_897_969,train,fake,/workspace/data/raw/ffpp/FaceForensics++_C23/FaceShifter/897_969.mp4,ffpp_FaceShifter
FaceShifter_898_922,val,fake,/workspace/data/raw/ffpp/FaceForensics++_C23/FaceShifter/898_922.mp4,ffpp_FaceShifter
FaceShifter_899_914,train,fake,/workspace/data/raw/ffpp/FaceForensics++_C23/FaceShifter/899_914.mp4,ffpp_FaceShifter
FaceShifter_900_926,val,fake,/workspace/data/raw/ffpp/FaceForensics++_C23/FaceShifter/900_926.mp4,ffpp_FaceShifter
FaceShifter_901_902,train,fake,/workspace/data/raw/ffpp/FaceForensics++_C23/FaceShifter/901_902.mp4,ffpp_FaceShifter
FaceShifter_902_901,train,fake,/workspace/data/raw/ffpp/FaceForensics++_C23/FaceShifter/902_901.mp4,ffpp_FaceShifter
FaceShifter_903_792,train,fake,/workspace/data/raw/ffpp/FaceForensics++_C23/FaceShifter/903_792.mp4,ffpp_FaceShifter
FaceShifter_904_046,val,fake,/workspace/data/raw/ffpp/FaceForensics++_C23/FaceShifter/904_046.mp4,ffpp_FaceShifter
FaceShifter_905_860,train,fake,/workspace/data/raw/ffpp/FaceForensics++_C23/FaceShifter/905_860.mp4,ffpp_FaceShifter
FaceShifter_906_847,test,fake,/workspace/data/raw/ffpp/FaceForensics++_C23/FaceShifter/906_847.mp4,ffpp_FaceShifter
FaceShifter_907_795,train,fake,/workspace/data/raw/ffpp/FaceForensics++_C23/FaceShifter/907_795.mp4,ffpp_FaceShifter
FaceShifter_908_207,train,fake,/workspace/data/raw/ffpp/FaceForensics++_C23/FaceShifter/908_207.mp4,ffpp_FaceShifter
FaceShifter_909_857,val,fake,/workspace/data/raw/ffpp/FaceForensics++_C23/FaceShifter/909_857.mp4,ffpp_FaceShifter
FaceShifter_910_911,train,fake,/workspace/data/raw/ffpp/FaceForensics++_C23/FaceShifter/910_911.mp4,ffpp_FaceShifter
FaceShifter_911_910,train,fake,/workspace/data/raw/ffpp/FaceForensics++_C23/FaceShifter/911_910.mp4,ffpp_FaceShifter
FaceShifter_912_927,val,fake,/workspace/data/raw/ffpp/FaceForensics++_C23/FaceShifter/912_927.mp4,ffpp_FaceShifter
FaceShifter_913_893,train,fake,/workspace/data/raw/ffpp/FaceForensics++_C23/FaceShifter/913_893.mp4,ffpp_FaceShifter
FaceShifter_914_899,train,fake,/workspace/data/raw/ffpp/FaceForensics++_C23/FaceShifter/914_899.mp4,ffpp_FaceShifter
FaceShifter_915_895,val,fake,/workspace/data/raw/ffpp/FaceForensics++_C23/FaceShifter/915_895.mp4,ffpp_FaceShifter
FaceShifter_916_783,train,fake,/workspace/data/raw/ffpp/FaceForensics++_C23/FaceShifter/916_783.mp4,ffpp_FaceShifter
FaceShifter_917_924,test,fake,/workspace/data/raw/ffpp/FaceForensics++_C23/FaceShifter/917_924.mp4,ffpp_FaceShifter
FaceShifter_918_934,train,fake,/workspace/data/raw/ffpp/FaceForensics++_C23/FaceShifter/918_934.mp4,ffpp_FaceShifter
FaceShifter_919_015,test,fake,/workspace/data/raw/ffpp/FaceForensics++_C23/FaceShifter/919_015.mp4,ffpp_FaceShifter
FaceShifter_920_811,train,fake,/workspace/data/raw/ffpp/FaceForensics++_C23/FaceShifter/920_811.mp4,ffpp_FaceShifter
FaceShifter_921_569,train,fake,/workspace/data/raw/ffpp/FaceForensics++_C23/FaceShifter/921_569.mp4,ffpp_FaceShifter
FaceShifter_922_898,val,fake,/workspace/data/raw/ffpp/FaceForensics++_C23/FaceShifter/922_898.mp4,ffpp_FaceShifter
FaceShifter_923_023,val,fake,/workspace/data/raw/ffpp/FaceForensics++_C23/FaceShifter/923_023.mp4,ffpp_FaceShifter
FaceShifter_924_917,test,fake,/workspace/data/raw/ffpp/FaceForensics++_C23/FaceShifter/924_917.mp4,ffpp_FaceShifter
FaceShifter_925_933,val,fake,/workspace/data/raw/ffpp/FaceForensics++_C23/FaceShifter/925_933.mp4,ffpp_FaceShifter
FaceShifter_926_900,val,fake,/workspace/data/raw/ffpp/FaceForensics++_C23/FaceShifter/926_900.mp4,ffpp_FaceShifter
FaceShifter_927_912,val,fake,/workspace/data/raw/ffpp/FaceForensics++_C23/FaceShifter/927_912.mp4,ffpp_FaceShifter
FaceShifter_928_160,train,fake,/workspace/data/raw/ffpp/FaceForensics++_C23/FaceShifter/928_160.mp4,ffpp_FaceShifter
FaceShifter_929_962,train,fake,/workspace/data/raw/ffpp/FaceForensics++_C23/FaceShifter/929_962.mp4,ffpp_FaceShifter
FaceShifter_930_763,train,fake,/workspace/data/raw/ffpp/FaceForensics++_C23/FaceShifter/930_763.mp4,ffpp_FaceShifter
FaceShifter_931_936,train,fake,/workspace/data/raw/ffpp/FaceForensics++_C23/FaceShifter/931_936.mp4,ffpp_FaceShifter
FaceShifter_932_384,test,fake,/workspace/data/raw/ffpp/FaceForensics++_C23/FaceShifter/932_384.mp4,ffpp_FaceShifter
FaceShifter_933_925,val,fake,/workspace/data/raw/ffpp/FaceForensics++_C23/FaceShifter/933_925.mp4,ffpp_FaceShifter
FaceShifter_934_918,train,fake,/workspace/data/raw/ffpp/FaceForensics++_C23/FaceShifter/934_918.mp4,ffpp_FaceShifter
FaceShifter_935_733,train,fake,/workspace/data/raw/ffpp/FaceForensics++_C23/FaceShifter/935_733.mp4,ffpp_FaceShifter
FaceShifter_936_931,train,fake,/workspace/data/raw/ffpp/FaceForensics++_C23/FaceShifter/936_931.mp4,ffpp_FaceShifter
FaceShifter_937_888,train,fake,/workspace/data/raw/ffpp/FaceForensics++_C23/FaceShifter/937_888.mp4,ffpp_FaceShifter
FaceShifter_938_987,train,fake,/workspace/data/raw/ffpp/FaceForensics++_C23/FaceShifter/938_987.mp4,ffpp_FaceShifter
FaceShifter_939_115,val,fake,/workspace/data/raw/ffpp/FaceForensics++_C23/FaceShifter/939_115.mp4,ffpp_FaceShifter
FaceShifter_940_941,train,fake,/workspace/data/raw/ffpp/FaceForensics++_C23/FaceShifter/940_941.mp4,ffpp_FaceShifter
FaceShifter_941_940,train,fake,/workspace/data/raw/ffpp/FaceForensics++_C23/FaceShifter/941_940.mp4,ffpp_FaceShifter
FaceShifter_942_943,train,fake,/workspace/data/raw/ffpp/FaceForensics++_C23/FaceShifter/942_943.mp4,ffpp_FaceShifter
FaceShifter_943_942,train,fake,/workspace/data/raw/ffpp/FaceForensics++_C23/FaceShifter/943_942.mp4,ffpp_FaceShifter
FaceShifter_944_032,train,fake,/workspace/data/raw/ffpp/FaceForensics++_C23/FaceShifter/944_032.mp4,ffpp_FaceShifter
FaceShifter_945_044,test,fake,/workspace/data/raw/ffpp/FaceForensics++_C23/FaceShifter/945_044.mp4,ffpp_FaceShifter
FaceShifter_946_049,train,fake,/workspace/data/raw/ffpp/FaceForensics++_C23/FaceShifter/946_049.mp4,ffpp_FaceShifter
FaceShifter_947_951,val,fake,/workspace/data/raw/ffpp/FaceForensics++_C23/FaceShifter/947_951.mp4,ffpp_FaceShifter
FaceShifter_948_965,train,fake,/workspace/data/raw/ffpp/FaceForensics++_C23/FaceShifter/948_965.mp4,ffpp_FaceShifter
FaceShifter_949_868,test,fake,/workspace/data/raw/ffpp/FaceForensics++_C23/FaceShifter/949_868.mp4,ffpp_FaceShifter
FaceShifter_950_836,train,fake,/workspace/data/raw/ffpp/FaceForensics++_C23/FaceShifter/950_836.mp4,ffpp_FaceShifter
FaceShifter_951_947,val,fake,/workspace/data/raw/ffpp/FaceForensics++_C23/FaceShifter/951_947.mp4,ffpp_FaceShifter
FaceShifter_952_882,train,fake,/workspace/data/raw/ffpp/FaceForensics++_C23/FaceShifter/952_882.mp4,ffpp_FaceShifter
FaceShifter_953_974,test,fake,/workspace/data/raw/ffpp/FaceForensics++_C23/FaceShifter/953_974.mp4,ffpp_FaceShifter
FaceShifter_954_976,train,fake,/workspace/data/raw/ffpp/FaceForensics++_C23/FaceShifter/954_976.mp4,ffpp_FaceShifter
FaceShifter_955_078,test,fake,/workspace/data/raw/ffpp/FaceForensics++_C23/FaceShifter/955_078.mp4,ffpp_FaceShifter
FaceShifter_956_958,val,fake,/workspace/data/raw/ffpp/FaceForensics++_C23/FaceShifter/956_958.mp4,ffpp_FaceShifter
FaceShifter_957_959,train,fake,/workspace/data/raw/ffpp/FaceForensics++_C23/FaceShifter/957_959.mp4,ffpp_FaceShifter
FaceShifter_958_956,val,fake,/workspace/data/raw/ffpp/FaceForensics++_C23/FaceShifter/958_956.mp4,ffpp_FaceShifter
FaceShifter_959_957,train,fake,/workspace/data/raw/ffpp/FaceForensics++_C23/FaceShifter/959_957.mp4,ffpp_FaceShifter
FaceShifter_960_999,train,fake,/workspace/data/raw/ffpp/FaceForensics++_C23/FaceShifter/960_999.mp4,ffpp_FaceShifter
FaceShifter_961_069,train,fake,/workspace/data/raw/ffpp/FaceForensics++_C23/FaceShifter/961_069.mp4,ffpp_FaceShifter
FaceShifter_962_929,train,fake,/workspace/data/raw/ffpp/FaceForensics++_C23/FaceShifter/962_929.mp4,ffpp_FaceShifter
FaceShifter_963_879,train,fake,/workspace/data/raw/ffpp/FaceForensics++_C23/FaceShifter/963_879.mp4,ffpp_FaceShifter
FaceShifter_964_174,train,fake,/workspace/data/raw/ffpp/FaceForensics++_C23/FaceShifter/964_174.mp4,ffpp_FaceShifter
FaceShifter_965_948,train,fake,/workspace/data/raw/ffpp/FaceForensics++_C23/FaceShifter/965_948.mp4,ffpp_FaceShifter
FaceShifter_966_988,train,fake,/workspace/data/raw/ffpp/FaceForensics++_C23/FaceShifter/966_988.mp4,ffpp_FaceShifter
FaceShifter_967_984,train,fake,/workspace/data/raw/ffpp/FaceForensics++_C23/FaceShifter/967_984.mp4,ffpp_FaceShifter
FaceShifter_968_884,train,fake,/workspace/data/raw/ffpp/FaceForensics++_C23/FaceShifter/968_884.mp4,ffpp_FaceShifter
FaceShifter_969_897,train,fake,/workspace/data/raw/ffpp/FaceForensics++_C23/FaceShifter/969_897.mp4,ffpp_FaceShifter
FaceShifter_970_973,test,fake,/workspace/data/raw/ffpp/FaceForensics++_C23/FaceShifter/970_973.mp4,ffpp_FaceShifter
FaceShifter_971_564,val,fake,/workspace/data/raw/ffpp/FaceForensics++_C23/FaceShifter/971_564.mp4,ffpp_FaceShifter
FaceShifter_972_718,train,fake,/workspace/data/raw/ffpp/FaceForensics++_C23/FaceShifter/972_718.mp4,ffpp_FaceShifter
FaceShifter_973_970,test,fake,/workspace/data/raw/ffpp/FaceForensics++_C23/FaceShifter/973_970.mp4,ffpp_FaceShifter
FaceShifter_974_953,test,fake,/workspace/data/raw/ffpp/FaceForensics++_C23/FaceShifter/974_953.mp4,ffpp_FaceShifter
FaceShifter_975_978,train,fake,/workspace/data/raw/ffpp/FaceForensics++_C23/FaceShifter/975_978.mp4,ffpp_FaceShifter
FaceShifter_976_954,train,fake,/workspace/data/raw/ffpp/FaceForensics++_C23/FaceShifter/976_954.mp4,ffpp_FaceShifter
FaceShifter_977_075,train,fake,/workspace/data/raw/ffpp/FaceForensics++_C23/FaceShifter/977_075.mp4,ffpp_FaceShifter
FaceShifter_978_975,train,fake,/workspace/data/raw/ffpp/FaceForensics++_C23/FaceShifter/978_975.mp4,ffpp_FaceShifter
FaceShifter_979_875,val,fake,/workspace/data/raw/ffpp/FaceForensics++_C23/FaceShifter/979_875.mp4,ffpp_FaceShifter
FaceShifter_980_992,val,fake,/workspace/data/raw/ffpp/FaceForensics++_C23/FaceShifter/980_992.mp4,ffpp_FaceShifter
FaceShifter_981_985,train,fake,/workspace/data/raw/ffpp/FaceForensics++_C23/FaceShifter/981_985.mp4,ffpp_FaceShifter
FaceShifter_982_004,val,fake,/workspace/data/raw/ffpp/FaceForensics++_C23/FaceShifter/982_004.mp4,ffpp_FaceShifter
FaceShifter_983_113,train,fake,/workspace/data/raw/ffpp/FaceForensics++_C23/FaceShifter/983_113.mp4,ffpp_FaceShifter
FaceShifter_984_967,train,fake,/workspace/data/raw/ffpp/FaceForensics++_C23/FaceShifter/984_967.mp4,ffpp_FaceShifter
FaceShifter_985_981,train,fake,/workspace/data/raw/ffpp/FaceForensics++_C23/FaceShifter/985_981.mp4,ffpp_FaceShifter
FaceShifter_986_994,train,fake,/workspace/data/raw/ffpp/FaceForensics++_C23/FaceShifter/986_994.mp4,ffpp_FaceShifter
FaceShifter_987_938,train,fake,/workspace/data/raw/ffpp/FaceForensics++_C23/FaceShifter/987_938.mp4,ffpp_FaceShifter
FaceShifter_988_966,train,fake,/workspace/data/raw/ffpp/FaceForensics++_C23/FaceShifter/988_966.mp4,ffpp_FaceShifter
FaceShifter_989_993,train,fake,/workspace/data/raw/ffpp/FaceForensics++_C23/FaceShifter/989_993.mp4,ffpp_FaceShifter
FaceShifter_990_008,train,fake,/workspace/data/raw/ffpp/FaceForensics++_C23/FaceShifter/990_008.mp4,ffpp_FaceShifter
FaceShifter_991_064,val,fake,/workspace/data/raw/ffpp/FaceForensics++_C23/FaceShifter/991_064.mp4,ffpp_FaceShifter
FaceShifter_992_980,val,fake,/workspace/data/raw/ffpp/FaceForensics++_C23/FaceShifter/992_980.mp4,ffpp_FaceShifter
FaceShifter_993_989,train,fake,/workspace/data/raw/ffpp/FaceForensics++_C23/FaceShifter/993_989.mp4,ffpp_FaceShifter
FaceShifter_994_986,train,fake,/workspace/data/raw/ffpp/FaceForensics++_C23/FaceShifter/994_986.mp4,ffpp_FaceShifter
FaceShifter_995_233,test,fake,/workspace/data/raw/ffpp/FaceForensics++_C23/FaceShifter/995_233.mp4,ffpp_FaceShifter
FaceShifter_996_056,train,fake,/workspace/data/raw/ffpp/FaceForensics++_C23/FaceShifter/996_056.mp4,ffpp_FaceShifter
FaceShifter_997_040,train,fake,/workspace/data/raw/ffpp/FaceForensics++_C23/FaceShifter/997_040.mp4,ffpp_FaceShifter
FaceShifter_998_561,train,fake,/workspace/data/raw/ffpp/FaceForensics++_C23/FaceShifter/998_561.mp4,ffpp_FaceShifter
FaceShifter_999_960,train,fake,/workspace/data/raw/ffpp/FaceForensics++_C23/FaceShifter/999_960.mp4,ffpp_FaceShifter
